# Blender 5.2.0 LTS
# www.blender.org
o Gumbo_LOD1_7
v 13.778425 6.000000 0.000000
v 13.756466 5.756472 -0.122939
v 14.000000 5.778426 0.000000
v 14.000000 6.000000 0.000000
v 13.741827 5.185043 -0.204899
v 14.000000 5.206997 0.000000
v 13.734507 4.416874 -0.245879
v 14.000000 4.425656 0.000000
v 13.734508 3.583125 -0.245879
v 14.000000 3.574344 0.000000
v 13.741826 2.814956 -0.204899
v 14.000000 2.793003 0.000000
v 13.756466 2.243528 -0.122939
v 13.999999 2.221574 0.000000
v 13.778425 2.000000 0.000000
v 14.000000 2.000000 0.000000
v 13.206998 6.000000 0.000000
v 13.185034 5.741836 -0.204899
v 13.170391 5.170407 -0.341498
v 13.163071 4.411020 -0.409798
v 13.163071 3.588979 -0.409798
v 13.170391 2.829592 -0.341498
v 13.185035 2.258163 -0.204899
v 13.206998 2.000000 0.000000
v 12.416862 5.734518 -0.245878
v 12.410999 5.163089 -0.409798
v 12.408069 4.408092 -0.491757
v 12.408069 3.591906 -0.491757
v 12.410999 2.836909 -0.409798
v 12.416862 2.265481 -0.245879
v 12.425657 2.000000 0.000000
v 11.574345 6.000000 0.000000
v 11.583113 5.734518 -0.245878
v 11.588957 5.163089 -0.409798
v 11.591879 4.408092 -0.491757
v 11.591880 3.591906 -0.491757
v 11.588957 2.836909 -0.409798
v 11.583113 2.265481 -0.245879
v 11.574345 2.000000 0.000000
v 10.814944 5.741835 -0.204899
v 10.829572 5.170406 -0.341498
v 10.836885 4.411019 -0.409798
v 10.836886 3.588979 -0.409798
v 10.829573 2.829591 -0.341498
v 10.814945 2.258163 -0.204899
v 10.793003 2.000000 0.000000
v 10.243520 5.756472 -0.122939
v 10.258151 5.185043 -0.204899
v 10.265466 4.416873 -0.245879
v 10.265467 3.583124 -0.245879
v 10.258151 2.814956 -0.204899
v 10.243520 2.243528 -0.122939
v 10.221574 2.000000 0.000000
v 10.000000 6.000000 0.000000
v 10.000000 5.778426 0.000000
v 10.000000 5.206997 0.000000
v 10.000001 4.425656 0.000000
v 10.000001 3.574344 0.000000
v 10.000000 2.221574 0.000000
v 10.000000 2.000000 0.000000
v 13.855129 2.289723 6.591098
v 13.284046 1.996731 6.621960
v 13.384776 1.749001 7.926324
v 14.000000 2.000000 8.000000
v 12.706643 1.742450 6.660425
v 12.766304 1.545346 7.897672
v 12.133016 1.554735 6.699383
v 12.155289 1.410830 7.901765
v 11.573259 1.461443 6.731721
v 11.562443 1.367244 7.926324
v 11.037471 1.490430 6.750332
v 10.998472 1.436382 7.959069
v 10.535747 1.669551 6.748103
v 10.474088 1.640036 7.987720
v 10.078182 2.026663 6.717924
v 10.000000 2.000000 8.000000
v 13.798790 2.402393 5.072671
v 13.279068 2.065680 5.230814
v 12.723356 1.777866 5.350607
v 12.151758 1.566516 5.428465
v 11.584379 1.459194 5.460801
v 11.041322 1.483463 5.444029
v 10.542689 1.666888 5.374564
v 10.108586 2.037032 5.248818
v 13.806839 2.386297 3.563641
v 13.343782 2.020741 3.839361
v 12.795141 1.722177 4.033563
v 12.199088 1.513500 4.144846
v 11.593798 1.417605 4.171807
v 11.017444 1.457385 4.113045
v 10.508201 1.655736 3.967158
v 10.104243 2.035551 3.732743
v 13.855129 2.289723 2.182935
v 13.452134 1.926809 2.534078
v 12.900699 1.645964 2.774637
v 12.262573 1.463014 2.904357
v 11.599508 1.393783 2.922985
v 10.973254 1.454098 2.830265
v 10.445562 1.659782 2.625942
v 10.078182 2.026663 2.309761
v 13.919517 2.160958 1.049477
v 13.578064 1.848779 1.401439
v 13.018728 1.619809 1.639172
v 12.329782 1.482383 1.762832
v 11.599506 1.444836 1.772580
v 10.916172 1.515502 1.668574
v 10.368056 1.702716 1.450973
v 10.043435 2.014813 1.119935
v 13.975854 2.048287 0.282190
v 13.695513 1.851544 0.527921
v 13.127926 1.714294 0.692511
v 12.388288 1.638937 0.776102
v 11.591785 1.627873 0.778837
v 10.853617 1.683503 0.700857
v 10.288966 1.808226 0.542307
v 10.013030 2.004444 0.303328
v 13.554744 5.554743 6.666343
v 13.982320 4.920110 6.445904
v 14.422983 5.204065 7.601419
v 14.000000 6.000000 8.000000
v 14.349911 4.395248 6.263433
v 14.777377 4.557637 7.303987
v 14.616573 3.947936 6.138085
v 15.019735 4.015912 7.126730
v 14.741368 3.545949 6.089020
v 15.106617 3.534088 7.088676
v 14.683352 3.157067 6.135395
v 14.994583 3.067363 7.208852
v 14.401586 2.749066 6.296369
v 14.640191 2.570934 7.506284
v 13.381590 5.381589 5.177176
v 13.817461 4.865777 5.151999
v 14.185745 4.397281 5.102095
v 14.451742 3.965755 5.044347
v 14.580747 3.560850 4.995646
v 14.538058 3.172220 4.972874
v 14.288972 2.789517 4.992920
v 13.406326 5.406325 3.663967
v 13.838968 4.976493 3.816659
v 14.190183 4.516112 3.891869
v 14.433737 4.043194 3.902681
v 14.543407 3.575744 3.862181
v 14.492967 3.131773 3.783451
v 14.256186 2.729288 3.679577
v 13.554745 5.554744 2.258179
v 13.957413 5.187687 2.536834
v 14.268524 4.704122 2.704650
v 14.471062 4.154078 2.770250
v 14.548010 3.587586 2.742255
v 14.482347 3.054677 2.629290
v 14.257060 2.605379 2.439975
v 13.752636 5.752635 1.091279
v 14.083355 5.434788 1.409481
v 14.326073 4.913686 1.612336
v 14.472214 4.272233 1.704217
v 14.513205 3.593330 1.689498
v 14.440468 2.959882 1.572552
v 14.245431 2.454790 1.357754
v 13.925790 5.925791 0.294731
v 14.127361 5.653225 0.531552
v 14.268131 5.097186 0.686820
v 14.345694 4.371484 0.761746
v 14.357649 3.589931 0.757536
v 14.301596 2.866340 0.675401
v 14.175132 2.314522 0.516550
v 10.194117 5.858816 6.624034
v 10.676196 6.348732 6.487938
v 10.565317 6.547815 7.734641
v 10.000000 6.000000 8.000000
v 11.126282 6.597241 6.395486
v 11.092811 6.849656 7.542643
v 11.563171 6.642516 6.348919
v 11.606398 6.943543 7.433063
v 12.005663 6.522730 6.350480
v 12.129995 6.867499 7.414954
v 12.472557 6.276056 6.402410
v 12.982651 5.940670 6.506950
v 10.269607 5.803911 5.118414
v 10.691253 6.262617 5.142163
v 11.116587 6.492294 5.163369
v 11.547977 6.526551 5.180487
v 11.987803 6.398999 5.191971
v 12.438431 6.143248 5.196277
v 12.902236 5.792908 5.191861
v 10.258822 5.811755 3.607555
v 10.635983 6.245853 3.785110
v 11.074363 6.472540 3.911195
v 11.551728 6.517858 3.982792
v 12.045842 6.407851 3.996885
v 12.534472 6.168564 3.950457
v 12.995378 5.826041 3.840490
v 10.194118 5.858816 2.215871
v 10.535883 6.254826 2.504573
v 11.010254 6.475707 2.703868
v 11.565331 6.538646 2.810867
v 12.149217 6.460832 2.822685
v 12.710014 6.259451 2.736435
v 13.195822 5.951693 2.549228
v 10.107843 5.921564 1.067774
v 10.416451 6.245918 1.388346
v 10.934896 6.439522 1.606290
v 11.579695 6.511127 1.719740
v 12.267356 6.469487 1.726831
v 12.914392 6.323356 1.625694
v 13.437314 6.081488 1.414466
v 10.032352 5.976470 0.287679
v 10.303181 6.175515 0.524224
v 10.858933 6.301710 0.683367
v 11.585728 6.357508 0.764442
v 12.369692 6.345361 0.766782
v 13.096942 6.267724 0.689721
v 13.653600 6.127050 0.532593
v 10.221575 6.000000 0.000000
v 10.793003 6.000000 0.000000
v 12.425657 6.000000 0.000000
v 9.688355 2.492427 6.743640
v 9.609655 2.475953 7.982794
v 9.447505 2.997403 6.735903
v 9.352703 2.987087 7.942645
v 9.347524 3.534401 6.706959
v 9.380302 4.096231 6.669054
v 9.537732 4.675704 6.634433
v 9.362537 4.711437 7.856612
v 9.811707 5.265628 6.615345
v 9.619490 5.343160 7.896761
v 9.708519 2.481561 5.370826
v 9.466583 2.991441 5.432192
v 9.372515 3.546180 5.441174
v 9.416048 4.125288 5.406029
v 9.586916 4.708273 5.335016
v 9.874859 5.274645 5.236392
v 9.700680 2.449198 3.964298
v 9.454906 2.971360 4.104108
v 9.357374 3.562090 4.157334
v 9.398543 4.181443 4.129133
v 9.568870 4.789468 4.024664
v 9.858810 5.346221 3.849085
v 9.695374 2.401177 2.624003
v 9.457439 2.939317 2.824251
v 9.357328 3.577496 2.913369
v 9.387990 4.252125 2.894225
v 9.542376 4.899614 2.769683
v 9.813435 5.456374 2.542610
v 9.723137 2.343338 1.449891
v 9.519156 2.897472 1.665215
v 9.427601 3.587764 1.767206
v 9.444583 4.324768 1.757161
v 9.566211 5.019034 1.636375
v 9.788595 5.581116 1.406148
v 9.814500 2.281524 0.541907
v 9.685019 2.847981 0.699599
v 9.623416 3.588258 0.776774
v 9.628520 4.386801 0.773800
v 9.699159 5.128055 0.691047
v 9.834160 5.696463 0.528883
v 10.000000 2.793003 0.000000
v 21.756466 5.756472 -0.122939
v 22.000000 5.778426 0.000000
v 22.000000 6.000000 0.000000
v 21.741827 5.185042 -0.204899
v 22.000000 5.206997 0.000000
v 21.734509 4.416873 -0.245879
v 22.000000 4.425656 0.000000
v 21.734507 3.583124 -0.245879
v 22.000002 3.574344 0.000000
v 21.741827 2.814956 -0.204899
v 22.000000 2.793003 0.000000
v 21.756466 2.243528 -0.122939
v 22.000000 2.221574 0.000000
v 21.778425 2.000000 0.000000
v 22.000000 2.000000 0.000000
v 21.206997 6.000000 0.000000
v 21.185034 5.741836 -0.204899
v 21.170391 5.170406 -0.341499
v 21.163071 4.411018 -0.409798
v 21.163071 3.588978 -0.409798
v 21.170391 2.829591 -0.341498
v 21.185034 2.258163 -0.204899
v 21.206997 2.000000 0.000000
v 20.425655 6.000000 0.000000
v 20.416861 5.734518 -0.245879
v 20.410997 5.163089 -0.409798
v 20.408066 4.408092 -0.491758
v 20.408068 3.591905 -0.491758
v 20.410997 2.836909 -0.409798
v 20.416861 2.265481 -0.245879
v 20.425655 2.000000 0.000000
v 19.574345 6.000000 0.000000
v 19.583113 5.734518 -0.245879
v 19.588957 5.163089 -0.409798
v 19.591879 4.408092 -0.491758
v 19.591881 3.591906 -0.491758
v 19.588957 2.836909 -0.409798
v 19.583111 2.265481 -0.245879
v 19.574345 2.000000 0.000000
v 18.814943 5.741836 -0.204899
v 18.829571 5.170407 -0.341498
v 18.836885 4.411020 -0.409798
v 18.836884 3.588979 -0.409798
v 18.829571 2.829592 -0.341498
v 18.814945 2.258163 -0.204899
v 18.793003 2.000000 0.000000
v 18.243521 5.756473 -0.122939
v 18.258152 5.185044 -0.204899
v 18.265467 4.416874 -0.245879
v 18.265467 3.583125 -0.245879
v 18.258154 2.814956 -0.204899
v 18.243521 2.243528 -0.122939
v 18.221575 2.000000 0.000000
v 18.000000 6.000000 0.000000
v 18.000000 5.778426 0.000000
v 18.000000 5.206997 0.000000
v 18.000000 4.425656 0.000000
v 18.000000 2.793003 0.000000
v 18.000000 2.000000 0.000000
v 22.016720 2.086658 6.717672
v 21.558643 1.730526 6.746290
v 21.530415 1.639966 7.983995
v 22.000000 2.000000 8.000000
v 21.056572 1.555679 6.744823
v 21.018127 1.437712 7.946651
v 20.519262 1.533116 6.722023
v 20.468395 1.370577 7.903972
v 19.955475 1.633836 6.686651
v 19.886463 1.415899 7.871962
v 19.373968 1.828836 6.647463
v 19.277584 1.551018 7.866627
v 18.783497 2.089117 6.613212
v 18.647017 1.753272 7.903972
v 18.192825 2.385676 6.592657
v 18.000000 2.000000 8.000000
v 22.023222 2.120358 5.248468
v 21.586124 1.751591 5.374028
v 21.080837 1.573380 5.442830
v 20.528400 1.557009 5.458857
v 19.949846 1.673767 5.426088
v 19.366205 1.894938 5.348508
v 18.798517 2.191807 5.230096
v 18.267815 2.535661 5.074835
v 22.022293 2.115544 3.732407
v 21.614746 1.737033 3.967370
v 21.097145 1.543445 4.114092
v 20.509455 1.510920 4.173763
v 19.891642 1.615597 4.147573
v 19.283669 1.833616 4.036708
v 18.725500 2.141116 3.842361
v 18.257101 2.514235 3.565720
v 22.016722 2.086658 2.309509
v 21.646400 1.720723 2.626476
v 21.111704 1.518507 2.832023
v 20.476065 1.463511 2.926037
v 19.802925 1.539232 2.908405
v 19.155714 1.729167 2.779012
v 18.597868 2.016816 2.537746
v 18.192827 2.385677 2.184494
v 22.009289 2.048144 1.119795
v 21.682970 1.736533 1.451509
v 21.130720 1.551200 1.670041
v 20.441872 1.483446 1.774972
v 19.705757 1.524574 1.765886
v 19.011707 1.665885 1.642364
v 18.449053 1.898681 1.403989
v 18.107124 2.214265 1.050342
v 22.002787 2.014443 0.303286
v 21.726349 1.818335 0.542630
v 21.160416 1.694153 0.701561
v 20.420523 1.639388 0.779862
v 19.622211 1.651529 0.777318
v 18.881016 1.728065 0.693711
v 18.312479 1.866485 0.528827
v 18.032139 2.064280 0.282450
v 21.823391 5.899084 6.619790
v 22.158981 5.297095 6.641398
v 22.320637 5.339713 7.933607
v 22.000000 6.000000 8.000000
v 22.422361 4.704362 6.672768
v 22.552420 4.704771 7.907787
v 22.595264 4.126803 6.706515
v 22.684536 4.097736 7.911476
v 22.659422 3.570337 6.735260
v 22.706167 3.521177 7.933607
v 22.596563 3.040879 6.751622
v 22.606499 2.977658 7.963115
v 22.388418 2.544347 6.748219
v 22.374714 2.469743 7.988935
v 21.754709 5.859840 5.112520
v 22.115044 5.320168 5.254051
v 22.401146 4.751556 5.362553
v 22.593159 4.172462 5.433419
v 22.671225 3.601339 5.462048
v 22.615496 3.056643 5.443834
v 22.406115 2.556831 5.374176
v 21.764523 5.865446 3.601896
v 22.141365 5.390575 3.860416
v 22.433689 4.832223 4.043327
v 22.624207 4.228312 4.148020
v 22.695620 3.616764 4.171884
v 22.630636 3.035505 4.112309
v 22.411957 2.522458 3.966687
v 21.823391 5.899085 2.211626
v 22.190481 5.489962 2.549343
v 22.464926 4.932231 2.781276
v 22.634418 4.287955 2.906148
v 22.686651 3.619196 2.922683
v 22.609318 2.988019 2.829607
v 22.390110 2.456486 2.625640
v 21.901884 5.943936 1.065416
v 22.214931 5.599969 1.409682
v 22.439772 5.037449 1.642581
v 22.569784 4.344992 1.763633
v 22.598360 3.611216 1.772360
v 22.518881 2.924737 1.668282
v 22.324728 2.374174 1.450920
v 21.970566 5.983181 0.286972
v 22.167259 5.702243 0.530284
v 22.303156 5.133748 0.693428
v 22.376314 4.393026 0.776307
v 22.384796 3.595405 0.778827
v 22.326664 2.856214 0.700894
v 22.199972 2.290784 0.542412
v 18.445761 5.554240 6.665336
v 19.035404 5.953978 6.498219
v 18.000000 6.000000 8.000000
v 19.570045 6.313317 6.383515
v 19.357939 6.694095 7.478631
v 20.061262 6.586402 6.321899
v 19.941061 6.924276 7.386634
v 20.520630 6.727378 6.314044
v 20.959723 6.690387 6.360626
v 20.993919 6.922501 7.509323
v 21.390120 6.429574 6.462316
v 18.619110 5.380889 5.175777
v 19.113144 5.804732 5.184026
v 19.597578 6.177407 5.179739
v 20.068953 6.458530 5.166983
v 20.523815 6.607718 5.149819
v 20.958698 6.584588 5.132312
v 21.370150 6.348756 5.118524
v 18.594347 5.405654 3.662624
v 19.016293 5.835274 3.834390
v 19.492720 6.195768 3.937848
v 19.997126 6.455824 3.977895
v 20.503010 6.584132 3.959426
v 20.983871 6.549379 3.887339
v 21.413210 6.320254 3.766531
v 18.445761 5.554240 2.257172
v 18.811779 5.957837 2.545241
v 19.307650 6.277804 2.728384
v 19.878759 6.493453 2.810643
v 20.470501 6.584094 2.796057
v 21.028263 6.529038 2.688665
v 21.497429 6.307598 2.492508
v 18.247644 5.752356 1.090719
v 18.566534 6.084656 1.412507
v 19.094553 6.332919 1.621893
v 19.746851 6.486580 1.721238
v 20.438581 6.535076 1.712902
v 21.084898 6.467843 1.599246
v 21.600948 6.274318 1.382630
v 18.074295 5.925707 0.294563
v 18.347490 6.127966 0.532117
v 18.905609 6.270516 0.688917
v 19.634382 6.350374 0.765687
v 20.419538 6.364554 0.763153
v 21.146801 6.310072 0.682038
v 21.701900 6.183942 0.523070
v 18.221575 6.000000 0.000000
v 18.793003 6.000000 0.000000
v 21.778427 6.000000 0.000000
v 17.713886 2.861649 6.262376
v 17.450928 2.609271 7.450945
v 17.453365 3.266072 6.088171
v 17.132816 3.122306 7.132841
v 17.383228 3.637209 6.044528
v 17.016907 3.589278 7.016929
v 17.475435 4.013327 6.105936
v 17.074432 4.060360 7.074448
v 17.701950 4.432694 6.246881
v 17.276632 4.585726 7.276639
v 18.034739 4.933576 6.441852
v 17.594744 5.215548 7.594743
v 17.824911 2.926320 4.973957
v 17.586821 3.295578 4.946086
v 17.529270 3.659436 4.970476
v 17.627995 4.033895 5.026385
v 17.858723 4.434956 5.093067
v 18.197184 4.878621 5.149780
v 17.838255 2.854355 3.670428
v 17.606100 3.241219 3.770174
v 17.542023 3.661369 3.849761
v 17.627417 4.101346 3.893994
v 17.843676 4.547692 3.887679
v 18.172190 4.986947 3.815621
v 17.808182 2.696826 2.436528
v 17.584133 3.133389 2.624021
v 17.508482 3.648417 2.737368
v 17.569021 4.194964 2.766962
v 17.753550 4.726083 2.703197
v 18.049864 5.194824 2.536469
v 17.788940 2.504805 1.356997
v 17.593843 3.002480 1.571216
v 17.515635 3.625990 1.688285
v 17.548111 4.294033 1.703486
v 17.685072 4.925310 1.612103
v 17.920317 5.438517 1.409419
v 17.834797 2.329363 0.516574
v 17.708158 2.878887 0.675347
v 17.650478 3.599496 0.757500
v 17.660002 4.377836 0.761766
v 17.734980 5.100554 0.686877
v 17.873661 5.654295 0.531565
v 18.000000 2.221574 0.000000
v 18.000000 3.574344 0.000000
v 21.756466 11.756468 -0.122939
v 22.000000 11.778425 0.000001
v 22.000000 12.000000 0.000001
v 21.741827 11.185038 -0.204899
v 22.000000 11.206997 0.000000
v 21.734509 10.416868 -0.245879
v 22.000000 10.425656 0.000000
v 21.734507 9.583120 -0.245879
v 22.000002 9.574345 0.000000
v 21.741827 8.814953 -0.204899
v 22.000000 8.793003 0.000000
v 21.756466 8.243526 -0.122939
v 22.000000 8.221575 0.000000
v 21.778425 8.000000 0.000000
v 22.000000 8.000000 0.000000
v 21.206997 12.000000 0.000001
v 21.185034 11.741829 -0.204899
v 21.170391 11.170397 -0.341498
v 21.163071 10.411009 -0.409798
v 21.163071 9.588970 -0.409798
v 21.170391 8.829586 -0.341498
v 21.185034 8.258161 -0.204899
v 21.206997 8.000000 0.000000
v 20.425655 12.000000 0.000001
v 20.416861 11.734509 -0.245879
v 20.410997 11.163076 -0.409798
v 20.408066 10.408079 -0.491758
v 20.408068 9.591896 -0.491758
v 20.410997 8.836903 -0.409798
v 20.416861 8.265478 -0.245879
v 20.425655 8.000000 0.000000
v 19.574345 12.000000 0.000001
v 19.583113 11.734509 -0.245879
v 19.588957 11.163076 -0.409798
v 19.591879 10.408080 -0.491758
v 19.591881 9.591897 -0.491758
v 19.588957 8.836904 -0.409798
v 19.583111 8.265479 -0.245879
v 19.574345 8.000000 0.000000
v 18.814943 11.741829 -0.204899
v 18.829571 11.170397 -0.341498
v 18.836885 10.411009 -0.409798
v 18.836884 9.588972 -0.409798
v 18.829571 8.829587 -0.341498
v 18.814945 8.258162 -0.204899
v 18.793003 8.000000 0.000000
v 18.243521 11.756468 -0.122939
v 18.258152 11.185038 -0.204899
v 18.265467 10.416868 -0.245879
v 18.265467 9.583121 -0.245879
v 18.258154 8.814954 -0.204899
v 18.243521 8.243527 -0.122939
v 18.221575 8.000000 0.000000
v 18.000000 12.000000 0.000001
v 18.000000 11.778425 0.000001
v 18.000000 11.206997 0.000000
v 18.000000 10.425656 0.000000
v 18.000000 8.793003 0.000000
v 18.000000 8.000000 0.000000
v 21.823391 8.100912 6.619790
v 21.390118 7.570419 6.462315
v 21.494976 7.400815 7.711732
v 22.000000 8.000000 8.000000
v 20.959723 7.309605 6.360624
v 20.993919 7.077493 7.509323
v 20.520626 7.272614 6.314043
v 20.481167 6.984354 7.398911
v 20.061256 7.413589 6.321898
v 19.941061 7.075716 7.386634
v 19.570034 7.686675 6.383514
v 19.357939 7.305898 7.478631
v 19.035383 8.046017 6.498219
v 18.716139 7.629220 7.681040
v 18.445728 8.445757 6.665336
v 18.000000 8.000000 8.000000
v 21.754709 8.140156 5.112520
v 21.370150 7.651238 5.118523
v 20.958698 7.415405 5.132310
v 20.523811 7.392274 5.149817
v 20.068945 7.541462 5.166982
v 19.597561 7.822586 5.179739
v 19.113117 8.195261 5.184026
v 18.619068 8.619106 5.175778
v 21.764523 8.134549 3.601896
v 21.413208 7.679740 3.766529
v 20.983871 7.450614 3.887337
v 20.503006 7.415860 3.959424
v 19.997116 7.544168 3.977893
v 19.492704 7.804226 3.937847
v 19.016266 8.164721 3.834390
v 18.594305 8.594342 3.662624
v 21.823391 8.100913 2.211626
v 21.497429 7.692397 2.492507
v 21.028261 7.470956 2.688663
v 20.470497 7.415900 2.796055
v 19.878754 7.506541 2.810642
v 19.307638 7.722190 2.728384
v 18.811756 8.042158 2.545241
v 18.445728 8.445757 2.257172
v 21.901884 8.056063 1.065416
v 21.600948 7.725679 1.382630
v 21.084898 7.532153 1.599245
v 20.438581 7.464919 1.712901
v 19.746849 7.513415 1.721237
v 19.094547 7.667078 1.621893
v 18.566525 7.915341 1.412507
v 18.247627 8.247643 1.090719
v 21.970566 8.016819 0.286972
v 21.701900 7.816056 0.523070
v 21.146801 7.689926 0.682038
v 20.419537 7.635444 0.763152
v 19.634382 7.649624 0.765687
v 18.905609 7.729482 0.688917
v 18.347486 7.872033 0.532117
v 18.074289 8.074293 0.294563
v 22.016720 11.913317 6.717673
v 22.388418 11.455622 6.748220
v 22.374714 11.530237 7.988935
v 22.000000 12.000000 8.000001
v 22.596561 10.959089 6.751623
v 22.606499 11.022314 7.963115
v 22.659422 10.429634 6.735260
v 22.706165 10.478794 7.933608
v 22.595266 9.873174 6.706515
v 22.684536 9.902241 7.911477
v 22.422361 9.295623 6.672768
v 22.552418 9.295215 7.907788
v 22.158981 8.702898 6.641399
v 22.320637 8.660280 7.933608
v 22.023222 11.879606 5.248468
v 22.406113 11.443132 5.374176
v 22.615494 10.943323 5.443835
v 22.671225 10.398633 5.462048
v 22.593157 9.827517 5.433420
v 22.401146 9.248429 5.362554
v 22.115044 8.679825 5.254052
v 22.022293 11.884422 3.732407
v 22.411957 11.477509 3.966688
v 22.630634 10.964464 4.112310
v 22.695618 10.383209 4.171885
v 22.624208 9.771669 4.148021
v 22.433689 9.167764 4.043328
v 22.141365 8.609417 3.860417
v 22.016722 11.913317 2.309510
v 22.390110 11.543488 2.625641
v 22.609318 11.011955 2.829607
v 22.686651 10.380781 2.922684
v 22.634418 9.712029 2.906148
v 22.464926 9.067759 2.781276
v 22.190481 8.510033 2.549343
v 22.009289 11.951842 1.119796
v 22.324728 11.625807 1.450920
v 22.518879 11.075244 1.668282
v 22.598360 10.388767 1.772360
v 22.569786 9.654994 1.763633
v 22.439772 8.962542 1.642581
v 22.214931 8.400026 1.409682
v 22.002787 11.985554 0.303286
v 22.199972 11.709208 0.542412
v 22.326664 11.143776 0.700894
v 22.384796 10.404587 0.778828
v 22.376314 9.606967 0.776307
v 22.303154 8.866247 0.693428
v 22.167259 8.297755 0.530285
v 18.192825 11.614317 6.592658
v 18.783676 11.910941 6.613177
v 18.647299 12.246831 7.903915
v 18.000000 12.000000 8.000001
v 19.374216 12.171240 6.647414
v 19.277979 12.449118 7.866549
v 19.955715 12.366225 6.686604
v 19.886841 12.584219 7.871887
v 20.519442 12.466913 6.721989
v 20.468679 12.629498 7.903916
v 21.056669 12.444317 6.744802
v 21.018288 12.562312 7.946620
v 21.558672 12.269445 6.746284
v 21.530460 12.360027 7.983986
v 18.267815 11.464330 5.074836
v 18.798622 11.808218 5.230076
v 19.366350 12.105095 5.348480
v 19.949984 12.326253 5.426061
v 20.528505 12.442988 5.458837
v 21.080894 12.426596 5.442819
v 21.586140 12.248369 5.374025
v 18.257101 11.485756 3.565720
v 18.725552 11.858889 3.842351
v 19.283741 12.166388 4.036694
v 19.891710 12.384395 4.147559
v 20.509508 12.489057 4.173753
v 21.097176 12.456520 4.114087
v 21.614756 12.262927 3.967368
v 18.192827 11.614318 2.184494
v 18.597893 11.983177 2.537742
v 19.155745 12.270820 2.779006
v 19.802956 12.460745 2.908399
v 20.476089 12.536457 2.926033
v 21.111715 12.481456 2.832021
v 21.646402 12.279242 2.626476
v 18.107124 11.785731 1.050343
v 18.449059 12.101309 1.403988
v 19.011717 12.334097 1.642363
v 19.705769 12.475401 1.765885
v 20.441879 12.516523 1.774971
v 21.130722 12.448770 1.670040
v 21.682970 12.263440 1.451509
v 18.032139 11.935720 0.282450
v 18.312481 12.133509 0.528828
v 18.881018 12.271923 0.693712
v 19.622211 12.348455 0.777318
v 20.420523 12.360593 0.779862
v 21.160416 12.305828 0.701561
v 21.726351 12.181651 0.542631
v 18.221575 12.000000 0.000001
v 18.793003 12.000000 0.000001
v 21.778427 12.000000 0.000001
v 18.034735 9.066452 6.441889
v 17.594770 8.784502 7.594802
v 17.702034 9.567411 6.247005
v 17.276781 9.414449 7.276835
v 17.475620 9.986867 6.106158
v 17.074738 9.939960 7.074801
v 17.383497 10.363052 6.044825
v 17.017338 10.411152 7.017399
v 17.453659 10.734200 6.088480
v 17.714100 11.138544 6.262599
v 17.451269 11.391053 7.451298
v 18.197166 9.121393 5.149802
v 17.858759 9.565101 5.093140
v 17.628096 9.966210 5.026514
v 17.529423 10.340706 4.970648
v 17.586987 10.704570 4.946265
v 17.825035 11.073783 4.974086
v 18.172169 9.013058 3.815632
v 17.843689 9.452333 3.887716
v 17.627468 9.898702 3.894060
v 17.542101 10.338696 3.849849
v 17.606186 10.758848 3.770265
v 17.838318 11.145692 3.670494
v 18.049847 8.805176 2.536474
v 17.753550 9.273924 2.703213
v 17.569040 9.805051 2.766989
v 17.508514 10.351604 2.737405
v 17.584171 10.866634 2.624060
v 17.808208 11.303188 2.436556
v 17.920307 8.561481 1.409421
v 17.685070 9.074690 1.612107
v 17.548115 9.705967 1.703494
v 17.515642 10.374012 1.688296
v 17.593853 10.997522 1.571228
v 17.788948 11.495197 1.357005
v 17.873657 8.345703 0.531565
v 17.734978 8.899445 0.686877
v 17.660002 9.622162 0.761767
v 17.650480 10.400502 0.757502
v 17.708160 11.121112 0.675349
v 17.834797 11.670635 0.516576
v 18.000000 8.221575 0.000000
v 18.000000 9.574345 0.000000
v 13.778425 12.000000 0.000001
v 13.756466 11.756468 -0.122939
v 14.000000 11.778425 0.000001
v 14.000000 12.000000 0.000001
v 13.741827 11.185038 -0.204899
v 14.000000 11.206997 0.000000
v 13.734507 10.416868 -0.245878
v 14.000000 10.425656 0.000000
v 13.734508 9.583120 -0.245878
v 14.000000 9.574345 0.000000
v 13.741826 8.814953 -0.204899
v 14.000000 8.793003 0.000000
v 13.756466 8.243526 -0.122939
v 13.999999 8.221575 0.000000
v 13.778425 8.000000 0.000000
v 14.000000 8.000000 0.000000
v 13.206998 12.000000 0.000001
v 13.185034 11.741829 -0.204899
v 13.170391 11.170397 -0.341498
v 13.163071 10.411009 -0.409798
v 13.163071 9.588970 -0.409798
v 13.170391 8.829586 -0.341498
v 13.185035 8.258161 -0.204899
v 13.206998 8.000000 0.000000
v 12.416862 11.734509 -0.245878
v 12.410999 11.163076 -0.409798
v 12.408069 10.408079 -0.491757
v 12.408069 9.591896 -0.491757
v 12.410999 8.836903 -0.409798
v 12.416862 8.265478 -0.245879
v 12.425657 8.000000 0.000000
v 11.574345 12.000000 0.000001
v 11.583113 11.734509 -0.245878
v 11.588957 11.163076 -0.409797
v 11.591879 10.408080 -0.491757
v 11.591880 9.591897 -0.491757
v 11.588957 8.836904 -0.409798
v 11.583113 8.265479 -0.245879
v 11.574345 8.000000 0.000000
v 10.814944 11.741829 -0.204898
v 10.829572 11.170397 -0.341498
v 10.836885 10.411009 -0.409798
v 10.836886 9.588972 -0.409798
v 10.829573 8.829587 -0.341498
v 10.814945 8.258162 -0.204899
v 10.793003 8.000000 0.000000
v 10.243520 11.756468 -0.122939
v 10.258151 11.185038 -0.204898
v 10.265466 10.416868 -0.245878
v 10.265467 9.583121 -0.245878
v 10.258151 8.814954 -0.204899
v 10.243520 8.243527 -0.122939
v 10.221574 8.000000 0.000000
v 10.000000 12.000000 0.000001
v 10.000000 11.206997 0.000000
v 10.000001 10.425656 0.000000
v 10.000001 9.574345 0.000000
v 10.000000 8.221575 0.000000
v 10.000000 8.000000 0.000000
v 13.555374 8.444604 6.667637
v 12.983048 8.058916 6.507765
v 13.302879 7.642291 7.689368
v 14.000000 8.000000 8.000000
v 12.472787 7.723699 6.402882
v 12.687516 7.340447 7.497370
v 12.005780 7.477140 6.350722
v 12.129995 7.132493 7.414953
v 11.563221 7.357425 6.349021
v 11.606398 7.056449 7.433063
v 11.126296 7.402736 6.395516
v 11.092811 7.150337 7.542643
v 10.676198 7.651259 6.487942
v 10.565316 7.452180 7.734641
v 10.194117 8.141181 6.624034
v 10.000000 8.000000 8.000000
v 13.382464 8.617506 5.178975
v 12.902786 8.206519 5.192993
v 12.438749 7.856417 5.196932
v 11.987966 7.600825 5.192306
v 11.548047 7.473370 5.180628
v 11.116607 7.507678 5.163411
v 10.691255 7.737375 5.142169
v 10.269607 8.196085 5.118414
v 13.407166 8.592806 3.665693
v 12.995906 8.173409 3.841576
v 12.534777 7.831114 3.951086
v 12.046000 7.591980 3.997207
v 11.551794 7.482067 3.982928
v 11.074383 7.527433 3.911235
v 10.635985 7.754138 3.785115
v 10.258822 8.188241 3.607555
v 13.555374 8.444605 2.259474
v 13.196219 8.047894 2.550043
v 12.710243 7.740307 2.736906
v 12.149335 7.539041 2.822927
v 11.565382 7.461297 2.810969
v 11.010269 7.524272 2.703898
v 10.535885 7.745168 2.504577
v 10.194118 8.141181 2.215871
v 13.752986 8.247003 1.091998
v 13.437535 7.918282 1.414919
v 12.914520 7.676508 1.625956
v 12.267422 7.530441 1.726965
v 11.579722 7.488841 1.719797
v 10.934904 7.560466 1.606307
v 10.416451 7.754077 1.388348
v 10.107843 8.078434 1.067774
v 13.925895 8.074101 0.294947
v 13.653666 7.872881 0.532729
v 13.096979 7.732235 0.689800
v 12.369711 7.654617 0.766822
v 11.585737 7.642482 0.764459
v 10.858935 7.698286 0.683372
v 10.303181 7.824483 0.524225
v 10.032352 8.023531 0.287679
v 13.807175 11.614380 6.592827
v 14.285867 11.138580 6.262712
v 14.548696 11.391053 7.451298
v 14.000000 12.000000 8.000001
v 14.546309 10.734196 6.088595
v 14.866660 10.878143 7.133331
v 14.616518 10.362972 6.045038
v 14.982592 10.411151 7.017399
v 14.524513 9.986656 6.106602
v 14.925190 9.939960 7.074801
v 14.298308 9.566993 6.247848
v 14.723158 9.414449 7.276835
v 13.965924 9.065726 6.443339
v 14.405194 8.784502 7.594802
v 13.732187 11.464417 5.075072
v 14.174934 11.073833 4.974245
v 14.412991 10.704564 4.946425
v 14.470628 10.340597 4.970944
v 14.372120 9.965919 5.027129
v 14.141741 9.564519 5.094310
v 13.803764 9.120387 5.151816
v 13.742899 11.485840 3.565947
v 14.161652 11.145740 3.670646
v 14.393793 10.758842 3.770419
v 14.457950 10.338591 3.850132
v 14.372740 9.898421 3.894651
v 14.156791 9.451775 3.888840
v 13.828726 9.012090 3.817565
v 13.807175 11.614381 2.184664
v 14.191769 11.303225 2.436670
v 14.415810 10.866631 2.624176
v 14.491516 10.351525 2.737618
v 14.431110 9.804840 2.767432
v 14.246804 9.273506 2.704056
v 13.950820 8.804451 2.537924
v 13.892875 11.785767 1.050437
v 14.211031 11.495216 1.357069
v 14.406122 10.997520 1.571293
v 14.484359 10.373969 1.688415
v 14.451954 9.705852 1.703740
v 14.315115 9.074458 1.612576
v 14.080057 8.561078 1.410226
v 13.967862 11.935731 0.282479
v 14.165192 11.670642 0.516595
v 14.291822 11.121111 0.675368
v 14.349510 10.400490 0.757537
v 14.340007 9.622127 0.761841
v 14.265066 8.899374 0.687018
v 14.126446 8.345582 0.531807
v 10.078182 11.973331 6.717925
v 10.530478 12.325473 6.746504
v 10.468988 12.359349 7.984007
v 10.000000 12.000000 8.000001
v 11.018944 12.491419 6.745028
v 10.981163 12.561279 7.946694
v 11.537963 12.502204 6.722239
v 11.531102 12.628373 7.904053
v 12.081917 12.388859 6.686881
v 12.113380 12.583210 7.872073
v 12.645183 12.182420 6.647697
v 12.722572 12.448374 7.866744
v 13.222143 11.913915 6.613431
v 13.353253 12.246443 7.904057
v 10.108586 11.962959 5.248818
v 10.537973 12.326511 5.374240
v 11.024425 12.492517 5.442984
v 11.551353 12.492551 5.459007
v 12.102179 12.358183 5.426270
v 12.660316 12.120990 5.348729
v 13.209179 11.812544 5.230344
v 10.104243 11.964441 3.732743
v 10.504508 12.338026 3.967457
v 11.004053 12.519936 4.114073
v 11.567219 12.536784 4.173742
v 12.158346 12.415185 4.147614
v 12.741774 12.181752 4.036839
v 13.281845 11.863099 3.842567
v 10.078182 11.973331 2.309762
v 10.443108 12.335572 2.626398
v 10.964277 12.529032 2.831808
v 11.581504 12.572275 2.925826
v 12.234598 12.483866 2.908287
v 12.863367 12.282371 2.779023
v 13.407623 11.986354 2.537871
v 10.043435 11.985183 1.119936
v 10.366798 12.294711 1.451307
v 10.911545 12.475168 1.669700
v 11.590158 12.536393 1.774642
v 12.315114 12.488228 1.765660
v 12.998899 12.340508 1.642280
v 13.553992 12.103075 1.404030
v 10.013030 11.995556 0.303328
v 10.288611 12.191002 0.542427
v 10.852304 12.313704 0.701261
v 11.589121 12.366512 0.779573
v 12.384072 12.352272 0.777107
v 13.122173 12.273829 0.693607
v 13.688432 12.134034 0.528816
v 10.221575 12.000000 0.000001
v 10.793003 12.000000 0.000001
v 12.425657 12.000000 0.000001
v 9.811707 8.734364 6.615345
v 9.619490 8.656834 7.896761
v 9.537732 9.324282 6.634433
v 9.362537 9.288550 7.856613
v 9.380302 9.903748 6.669054
v 9.347524 10.465573 6.706959
v 9.447505 11.002570 6.735903
v 9.352703 11.012890 7.942646
v 9.688355 11.507553 6.743640
v 9.609655 11.524031 7.982794
v 9.874859 8.725348 5.236392
v 9.586917 9.291713 5.335016
v 9.416047 9.874692 5.406030
v 9.372514 10.453794 5.441174
v 9.466583 11.008532 5.432192
v 9.708519 11.518416 5.370826
v 9.858811 8.653771 3.849085
v 9.568871 9.210519 4.024664
v 9.398543 9.818539 4.129134
v 9.357373 10.437886 4.157334
v 9.454906 11.028616 4.104109
v 9.700680 11.550783 3.964298
v 9.813435 8.543620 2.542610
v 9.542376 9.100376 2.769683
v 9.387990 9.747860 2.894225
v 9.357328 10.422485 2.913369
v 9.457439 11.060664 2.824251
v 9.695374 11.598809 2.624004
v 9.788595 8.418880 1.406148
v 9.566212 8.980958 1.636376
v 9.444583 9.675221 1.757161
v 9.427600 10.412223 1.767207
v 9.519156 11.102515 1.665216
v 9.723136 11.656651 1.449891
v 9.834160 8.303536 0.528883
v 9.699159 8.871943 0.691047
v 9.628521 9.613194 0.773800
v 9.623417 10.411736 0.776774
v 9.685019 11.152013 0.699600
v 9.814500 11.718472 0.541907
v 10.000000 8.793003 0.000000
v 10.000000 11.778425 0.000001
v 17.463894 5.779841 8.220159
v 17.143913 5.094476 7.865739
v 16.890800 4.528900 7.578209
v 16.724276 4.047974 7.385702
v 16.664055 3.616558 7.316346
v 16.729866 3.199510 7.398273
v 16.941422 2.761691 7.659611
v 17.318445 2.267960 8.128490
v 16.892452 5.633070 8.366931
v 16.690025 5.013037 8.046513
v 16.531414 4.489831 7.780117
v 16.427113 4.038634 7.594942
v 16.387615 3.634625 7.518190
v 16.423420 3.252988 7.577062
v 16.545021 2.868903 7.798758
v 16.762911 2.457551 8.210478
v 16.299812 5.559683 8.440317
v 16.234461 4.971337 8.137192
v 16.188368 4.468427 7.882626
v 16.162476 4.031718 7.702619
v 16.157728 3.641975 7.623171
v 16.175074 3.279965 7.670280
v 16.215452 2.926452 7.869944
v 16.279808 2.562203 8.248164
v 15.700113 5.559683 8.440317
v 15.778597 4.969484 8.137897
v 15.851550 4.464597 7.886002
v 15.909891 4.026608 7.709185
v 15.944540 3.637103 7.631999
v 15.946422 3.277666 7.678998
v 15.906453 2.929885 7.874732
v 15.815556 2.575345 8.243756
v 15.107487 5.633070 8.366931
v 15.323812 5.007584 8.048754
v 15.510852 4.478250 7.790511
v 15.648888 4.022684 7.615092
v 15.718198 3.618500 7.545387
v 15.699061 3.243316 7.604286
v 15.571755 2.874746 7.814680
v 15.316561 2.490405 8.199458
v 14.536069 5.779841 8.220159
v 14.871481 5.085742 7.869887
v 15.156164 4.509294 7.596417
v 15.358994 4.019325 7.420790
v 15.448840 3.584664 7.364042
v 15.394583 3.174140 7.447213
v 15.165090 2.756580 7.691343
v 14.729237 2.300814 8.117471
v 17.463894 8.220156 8.220156
v 17.561768 7.927722 8.330235
v 18.110058 7.731956 8.110079
v 17.627018 7.579107 8.403622
v 18.183430 7.446242 8.183465
v 17.659641 7.196781 8.440315
v 18.220116 7.149925 8.220158
v 17.659641 6.803217 8.440316
v 18.220114 6.850074 8.220159
v 17.627018 6.420892 8.403624
v 18.183428 6.553757 8.183466
v 17.561768 6.072275 8.330238
v 18.110060 6.268043 8.110080
v 16.892452 8.366926 8.366926
v 16.958881 8.058233 8.477005
v 17.003166 7.667683 8.550392
v 17.025309 7.228017 8.587086
v 17.025309 6.771980 8.587088
v 17.003166 6.332314 8.550395
v 16.958879 5.941764 8.477010
v 16.299812 8.440312 8.440312
v 16.323236 8.123489 8.550392
v 16.338854 7.711970 8.623779
v 16.346661 7.243635 8.660473
v 16.346661 6.756360 8.660474
v 16.338852 6.288024 8.623781
v 16.323236 5.876506 8.550396
v 15.700113 8.440314 8.440314
v 15.676680 8.123490 8.550393
v 15.661057 7.711971 8.623780
v 15.653246 7.243635 8.660474
v 15.653246 6.756359 8.660475
v 15.661057 6.288023 8.623781
v 15.676679 5.876505 8.550396
v 15.107487 8.366929 8.366929
v 15.041045 8.058235 8.477009
v 14.996750 7.667683 8.550394
v 14.974603 7.228016 8.587088
v 14.974603 6.771978 8.587089
v 14.996751 6.332312 8.550396
v 15.041045 5.941762 8.477010
v 14.536069 8.220159 8.220159
v 14.438173 7.927724 8.330237
v 14.372908 7.579106 8.403624
v 14.340276 7.196779 8.440316
v 14.340276 6.803215 8.440317
v 14.372908 6.420888 8.403624
v 14.438173 6.072273 8.330238
v 13.889906 7.731956 8.110079
v 13.816511 7.446240 8.183465
v 13.779812 7.149922 8.220158
v 13.779812 6.850070 8.220159
v 13.816510 6.553752 8.183466
v 13.889906 6.268039 8.110080
v 17.312054 11.738800 8.130593
v 16.934917 11.242444 7.660124
v 16.724039 10.802689 7.397962
v 17.133280 10.878143 7.133331
v 16.659428 10.384312 7.315773
v 16.721100 9.952093 7.385228
v 16.889061 9.470809 7.577997
v 17.143322 8.905236 7.865749
v 16.740685 11.564642 8.217665
v 16.520302 11.143355 7.799349
v 16.400257 10.752377 7.574385
v 16.368761 10.366415 7.514690
v 16.414022 9.960180 7.592179
v 16.524254 9.508381 7.778770
v 16.687660 8.985726 8.046380
v 16.239254 11.477539 8.261210
v 16.166721 11.093796 7.868968
v 16.127748 10.727212 7.662601
v 16.118437 10.357462 7.614151
v 16.134884 9.964221 7.695656
v 16.173195 9.527165 7.879158
v 16.229471 9.025971 8.136697
v 15.761114 11.477507 8.261225
v 15.833474 11.093775 7.868977
v 15.872324 10.727200 7.662606
v 15.881556 10.357456 7.614153
v 15.865059 9.964218 7.695657
v 15.826726 9.527166 7.879159
v 15.770446 9.025972 8.136698
v 15.479855 11.143306 7.799371
v 15.599793 10.752348 7.574398
v 15.631220 10.366400 7.514696
v 15.585918 9.960175 7.592183
v 15.475672 9.508380 7.778772
v 15.312268 8.985728 8.046382
v 14.688131 11.738722 8.130627
v 15.065165 11.242394 7.660146
v 15.275969 10.802660 7.397974
v 15.340530 10.384297 7.315779
v 15.278837 9.952087 7.385231
v 15.110872 9.470807 7.577999
v 14.856621 8.905238 7.865751
v 13.253691 7.439547 7.827260
v 13.220899 7.256033 7.919188
v 13.204502 7.084059 7.965151
v 13.204502 6.915931 7.965152
v 13.220898 6.743958 7.919188
v 13.253690 6.560446 7.827260
v 13.302879 6.357706 7.689368
v 12.679495 7.191743 7.646832
v 12.674147 7.094471 7.746473
v 12.671473 7.028059 7.796294
v 12.671473 6.971932 7.796294
v 12.674146 6.905521 7.746473
v 12.679495 6.808250 7.646832
v 12.687517 6.659546 7.497370
v 12.153297 7.017090 7.563035
v 12.168831 6.979233 7.661757
v 12.176599 6.987905 7.711118
v 12.176599 7.012085 7.711118
v 12.168831 7.020758 7.661757
v 12.153297 6.982901 7.563035
v 11.661076 6.944133 7.570109
v 11.697527 6.928004 7.661474
v 11.715753 6.969586 7.707155
v 11.715753 7.030405 7.707155
v 11.697528 7.071988 7.661473
v 11.661076 7.055858 7.570109
v 11.188811 7.001418 7.662290
v 11.252812 6.958463 7.742055
v 11.284812 6.979087 7.781938
v 11.284812 7.020904 7.781938
v 11.252812 7.041528 7.742056
v 11.188811 6.998574 7.662291
v 10.722483 7.217490 7.833819
v 10.827260 7.088294 7.899938
v 10.879648 7.022396 7.932997
v 10.879649 6.977596 7.932997
v 10.827260 6.911698 7.899938
v 10.722483 6.782504 7.833819
v 10.248070 7.620894 8.078932
v 10.413449 7.335178 8.131554
v 10.496139 7.105497 8.157864
v 10.496139 6.894495 8.157865
v 10.413449 6.664815 8.131554
v 10.248070 6.379102 8.078933
v 21.326126 7.119246 7.800260
v 21.733232 7.534916 8.066689
v 21.213562 7.004726 7.859278
v 21.555389 7.249201 8.111147
v 21.157278 6.990436 7.888787
v 21.466465 7.071106 8.133376
v 21.157278 7.009556 7.888788
v 21.466467 6.928886 8.133376
v 21.213560 6.995266 7.859278
v 21.555387 6.750792 8.111147
v 21.326128 6.880748 7.800260
v 21.733232 6.465079 8.066689
v 21.494976 6.599182 7.711732
v 20.891232 6.907497 7.620425
v 20.822775 6.885355 7.694492
v 20.788544 6.951925 7.731526
v 20.788544 7.048065 7.731527
v 20.822775 7.114636 7.694492
v 20.891232 7.092495 7.620425
v 20.423122 6.866082 7.529752
v 20.384426 6.870552 7.616980
v 20.365078 6.948665 7.660594
v 20.365078 7.051326 7.660594
v 20.384426 7.129440 7.616980
v 20.423120 7.133909 7.529752
v 20.481167 7.015638 7.398911
v 19.916374 6.961410 7.530813
v 19.899916 6.939776 7.626932
v 19.891685 6.973744 7.674991
v 19.891685 7.026248 7.674991
v 19.899916 7.060216 7.626932
v 19.916372 7.038582 7.530813
v 19.365562 7.159891 7.626174
v 19.370644 7.072490 7.724536
v 19.373186 7.020254 7.773717
v 19.373188 6.979739 7.773717
v 19.370646 6.927503 7.724536
v 19.365562 6.840102 7.626174
v 18.765266 7.427936 7.818407
v 18.798018 7.248158 7.909984
v 18.814392 7.081284 7.955773
v 18.814392 6.918711 7.955773
v 18.798016 6.751837 7.909984
v 18.765265 6.572059 7.818406
v 18.716139 6.370776 7.681040
v 14.003258 1.030743 11.402335
v 13.291221 1.078342 11.394388
v 13.279822 1.061120 11.995114
v 14.000000 0.999999 12.000000
v 12.575735 1.054932 11.380575
v 12.554627 1.040001 11.983715
v 11.862813 1.007786 11.360291
v 11.828602 0.988049 11.970686
v 11.158464 0.984174 11.332937
v 11.105938 0.956668 11.960915
v 10.468701 1.031368 11.297911
v 10.390821 0.997263 11.959287
v 9.799536 1.196638 11.254610
v 9.687447 1.161239 11.970687
v 9.156977 1.527256 11.202435
v 9.000000 1.500000 12.000000
v 14.010863 1.116084 10.820913
v 13.316610 1.124267 10.804178
v 12.616218 1.084535 10.788191
v 11.918373 1.037657 10.768049
v 11.231762 1.024399 10.738856
v 10.565072 1.085531 10.695709
v 9.926990 1.261820 10.633708
v 9.326200 1.594033 10.547955
v 14.019554 1.245685 10.251237
v 13.348314 1.197882 10.222069
v 12.666275 1.131458 10.203994
v 11.984965 1.079712 10.188895
v 11.315907 1.075941 10.168656
v 10.670626 1.153443 10.135160
v 10.060648 1.345514 10.080292
v 9.497497 1.685452 9.995934
v 14.026072 1.409213 9.688806
v 13.378656 1.298175 9.645644
v 12.716110 1.198352 9.625414
v 12.052270 1.136006 9.617758
v 11.400972 1.137399 9.612319
v 10.776053 1.228793 9.598743
v 10.191350 1.436452 9.566673
v 9.660698 1.786636 9.505753
v 14.027158 1.596332 9.129121
v 13.399965 1.424134 9.072488
v 12.755926 1.287865 9.049879
v 12.109973 1.208588 9.049568
v 11.477034 1.207370 9.059830
v 10.872043 1.305273 9.068936
v 10.309932 1.523364 9.065163
v 9.805629 1.882707 9.036784
v 14.019553 1.796706 8.567686
v 13.404564 1.574747 8.500187
v 12.775923 1.402647 8.474823
v 12.147751 1.299513 8.479261
v 11.534166 1.284452 8.501170
v 10.949287 1.376573 8.528219
v 10.407232 1.594982 8.548075
v 9.922121 1.958788 8.548408
v 18.000000 0.074959 11.369400
v 17.417484 0.127426 11.376389
v 17.416176 0.043516 12.000000
v 18.000000 -0.000001 12.000000
v 16.844315 0.245185 11.384310
v 16.842432 0.158659 12.000000
v 16.277197 0.405876 11.392147
v 16.275200 0.322321 12.000000
v 15.712831 0.587138 11.398884
v 15.710913 0.511394 12.000000
v 15.147917 0.766610 11.403506
v 15.145998 0.702770 11.999999
v 14.579159 0.921932 11.404994
v 14.576882 0.873341 12.000001
v 18.000000 0.277076 10.778234
v 17.419209 0.353481 10.799559
v 16.847628 0.478357 10.817491
v 16.281916 0.631312 10.831019
v 15.718729 0.791955 10.839136
v 15.154720 0.939892 10.840830
v 14.586546 1.054732 10.835093
v 18.000000 0.572208 10.214673
v 17.418045 0.683168 10.255549
v 16.848864 0.818565 10.285088
v 16.287457 0.960787 10.302959
v 15.728825 1.092222 10.308837
v 15.167963 1.195258 10.302395
v 14.599874 1.252283 10.283303
v 18.000002 0.926209 9.666895
v 17.410692 1.077972 9.730398
v 16.844517 1.226198 9.772640
v 16.291920 1.356456 9.794303
v 15.743337 1.454317 9.796068
v 15.189208 1.505350 9.778618
v 14.619972 1.495125 9.742637
v 18.000000 1.304937 9.123073
v 17.393841 1.499382 9.210146
v 16.831078 1.661647 9.265694
v 16.293400 1.780478 9.291391
v 15.762484 1.844617 9.288911
v 15.220015 1.842811 9.259923
v 14.647679 1.763801 9.206102
v 18.000002 1.674248 8.571383
v 17.364195 1.908882 8.680830
v 16.805046 2.085301 8.749792
v 16.289995 2.195008 8.780566
v 15.786484 2.229501 8.775447
v 15.261947 2.180282 8.736731
v 14.683823 2.038849 8.666711
v 22.056629 1.044684 11.420725
v 21.587902 0.670587 11.417094
v 21.535168 0.626341 12.000000
v 22.000000 0.999999 12.000000
v 21.058922 0.404400 11.407925
v 21.014999 0.359714 12.000000
v 20.483683 0.228490 11.395800
v 20.451370 0.182060 12.000000
v 19.876177 0.125225 11.383302
v 19.856173 0.075320 12.000000
v 19.250399 0.076970 11.373013
v 19.241287 0.021436 11.999999
v 18.620342 0.066092 11.367519
v 18.618605 0.002349 12.000001
v 22.075867 1.168950 10.849884
v 21.604239 0.793661 10.843073
v 21.070940 0.528463 10.826204
v 20.490843 0.356878 10.804628
v 19.878826 0.262425 10.783694
v 19.249763 0.228627 10.768750
v 18.618530 0.239004 10.765147
v 22.068821 1.344683 10.283986
v 21.595333 0.968378 10.274443
v 21.061499 0.706140 10.251230
v 20.481970 0.542720 10.222479
v 19.871401 0.462866 10.196319
v 19.244448 0.451329 10.180878
v 18.615761 0.492860 10.184286
v 22.046602 1.543769 9.719542
v 21.572342 1.167553 9.707713
v 21.041046 0.911667 9.679397
v 20.466171 0.761513 9.645347
v 19.861176 0.702490 9.616317
v 19.239510 0.719998 9.603063
v 18.614635 0.799438 9.616337
v 22.020317 1.738093 9.153056
v 21.546419 1.363999 9.139390
v 21.020035 1.119281 9.107094
v 20.452568 0.988756 9.069221
v 19.855425 0.957241 9.038830
v 19.240013 1.009555 9.028970
v 18.617737 1.130514 9.052700
v 22.001081 1.899542 8.581039
v 21.528727 1.530532 8.565981
v 21.008913 1.303217 8.530714
v 20.450272 1.199944 8.490099
v 19.861429 1.203063 8.458997
v 19.251020 1.294921 8.452271
v 18.627666 1.457866 8.484779
v 22.932070 4.942583 11.403889
v 22.896334 4.338887 11.401785
v 22.941841 4.388909 12.000031
v 23.000000 5.000000 12.000000
v 22.878582 3.733596 11.403012
v 22.899979 3.768078 12.000044
v 22.850157 3.137039 11.406474
v 22.847698 3.151284 12.000042
v 22.782406 2.559541 11.411074
v 22.758276 2.552303 12.000032
v 22.646673 2.011431 11.415712
v 22.605001 1.984911 12.000017
v 22.414297 1.503036 11.419295
v 22.361145 1.462884 12.000006
v 22.833981 5.014663 10.823888
v 22.845345 4.417243 10.814207
v 22.860863 3.821442 10.813601
v 22.854105 3.235894 10.819304
v 22.798647 2.669235 10.828547
v 22.668074 2.130101 10.838570
v 22.435955 1.627128 10.846604
v 22.708841 5.178597 10.255267
v 22.783516 4.584123 10.234362
v 22.838959 3.991879 10.229721
v 22.853491 3.409881 10.236586
v 22.805424 2.846146 10.250202
v 22.673079 2.308691 10.265813
v 22.434771 1.805531 10.278659
v 22.559763 5.396741 9.693298
v 22.705490 4.799666 9.659315
v 22.805023 4.205167 9.649286
v 22.842272 3.621028 9.656385
v 22.801144 3.055034 9.673787
v 22.665550 2.514970 9.694664
v 22.419399 2.008620 9.712191
v 22.389856 5.631452 9.133250
v 22.605907 5.024018 9.086130
v 22.751190 4.421571 9.070210
v 22.814404 3.831367 9.076760
v 22.784229 3.260662 9.097050
v 22.649366 2.716711 9.122350
v 22.398497 2.206769 9.143928
v 22.202232 5.845086 8.570394
v 22.479408 5.217319 8.511872
v 22.669611 4.601351 8.490406
v 22.763840 4.002926 8.495770
v 22.753099 3.427789 8.517741
v 22.628391 2.881683 8.546092
v 22.380718 2.370352 8.570599
v 22.932070 9.057412 11.403889
v 22.982445 8.490688 11.405638
v 23.060978 8.429931 11.999928
v 23.000000 8.999999 12.000000
v 23.016026 7.902856 11.406804
v 23.032818 7.302358 11.407387
v 23.121960 7.286258 11.999853
v 23.032818 6.697638 11.407387
v 23.016027 6.097140 11.406804
v 23.101635 6.141497 11.999878
v 22.982445 5.509306 11.405638
v 22.833981 8.985330 10.823888
v 22.855148 8.449160 10.830775
v 22.869259 7.881921 10.835367
v 22.876316 7.296043 10.837662
v 22.876314 6.703950 10.837662
v 22.869259 6.118072 10.835366
v 22.855150 5.550833 10.830774
v 22.708841 8.821395 10.255267
v 22.686119 8.328992 10.270162
v 22.670971 7.808592 10.280092
v 22.663397 7.271394 10.285056
v 22.663397 6.728598 10.285057
v 22.670971 6.191400 10.280092
v 22.686117 5.671000 10.270162
v 22.559763 8.603251 9.693298
v 22.482388 8.153835 9.718623
v 22.430801 7.695762 9.735506
v 22.405008 7.232494 9.743948
v 22.405008 6.767496 9.743947
v 22.430801 6.304229 9.735506
v 22.482386 5.846158 9.718623
v 22.389856 8.368541 9.133250
v 22.250973 7.947336 9.170981
v 22.158386 7.556324 9.196136
v 22.112095 7.183425 9.208713
v 22.112093 6.816566 9.208713
v 22.158388 6.443668 9.196136
v 22.250975 6.052656 9.170981
v 22.202232 8.154910 8.570394
v 21.998915 7.733148 8.622062
v 21.863369 7.403172 8.656507
v 21.795597 7.128269 8.673729
v 21.795597 6.871722 8.673730
v 21.863369 6.596819 8.656507
v 21.998915 6.266846 8.622061
v 22.056629 12.955296 11.420726
v 22.414299 12.496930 11.419287
v 22.361147 12.537099 12.000007
v 22.000000 12.999999 12.000001
v 22.646671 11.988531 11.415700
v 22.605000 12.015067 12.000018
v 22.782406 11.440425 11.411061
v 22.758278 11.447676 12.000032
v 22.850159 10.862935 11.406466
v 22.847698 10.848700 12.000042
v 22.878582 10.266387 11.403007
v 22.899979 10.231913 12.000043
v 22.896332 9.661103 11.401783
v 22.941841 9.611088 12.000031
v 22.075867 12.831015 10.849885
v 22.435955 12.372828 10.846591
v 22.668074 11.869854 10.838552
v 22.798647 11.330725 10.828531
v 22.854103 10.764075 10.819289
v 22.860861 10.178537 10.813593
v 22.845346 9.582745 10.814205
v 22.068821 12.655272 10.283987
v 22.434771 12.194419 10.278646
v 22.673077 11.691261 10.265795
v 22.805424 11.153813 10.250185
v 22.853491 10.590087 10.236573
v 22.838961 10.008101 10.229713
v 22.783518 9.415864 10.234360
v 22.046602 12.456182 9.719543
v 22.419399 11.991330 9.712182
v 22.665550 11.484984 9.694652
v 22.801144 10.944927 9.673775
v 22.842272 10.378942 9.656376
v 22.805023 9.794813 9.649281
v 22.705490 9.200322 9.659313
v 22.020317 12.261864 9.153057
v 22.398497 11.793186 9.143924
v 22.649364 11.283248 9.122343
v 22.784231 10.739304 9.097043
v 22.814402 10.168607 9.076756
v 22.751192 9.578410 9.070207
v 22.605907 8.975970 9.086130
v 22.001081 12.100430 8.581040
v 22.380718 11.629612 8.570600
v 22.628391 11.118282 8.546090
v 22.753099 10.572180 8.517738
v 22.763838 9.997048 8.495769
v 22.669611 9.398633 8.490405
v 22.479408 8.782672 8.511872
v 18.000000 13.925317 11.366212
v 18.612877 13.881434 11.364507
v 18.610701 13.941824 12.000001
v 18.000000 13.999999 12.000001
v 19.241129 13.848909 11.370457
v 19.231476 13.899865 12.000001
v 19.868858 13.801990 11.381368
v 19.848427 13.847457 12.000001
v 20.480173 13.714922 11.394546
v 20.447657 13.757932 12.000001
v 21.059170 13.561952 11.407294
v 21.015261 13.604624 12.000000
v 21.589954 13.317328 11.416918
v 21.537342 13.360868 12.000002
v 18.000000 13.723848 10.774886
v 18.612202 13.717110 10.761984
v 19.241905 13.709011 10.766065
v 19.872625 13.676208 10.781662
v 20.487871 13.595353 10.803309
v 21.071154 13.443100 10.825541
v 21.605982 13.196102 10.842888
v 18.000000 13.429459 10.213019
v 18.610992 13.474860 10.182719
v 19.238525 13.502277 10.179544
v 19.866734 13.491301 10.195309
v 20.479738 13.421522 10.221824
v 21.061670 13.272529 10.250900
v 21.596655 13.023916 10.274350
v 18.000002 13.076012 9.667603
v 18.611576 13.180696 9.616994
v 19.235722 13.250813 9.603614
v 19.858196 13.268457 9.616731
v 20.464766 13.215722 9.645614
v 21.041178 13.074703 9.679531
v 21.573208 12.827491 9.707751
v 18.000000 12.697375 9.125632
v 18.616272 12.860630 9.055096
v 19.238211 12.976727 9.030993
v 19.854027 13.028870 9.040352
v 20.451937 13.000255 9.070207
v 21.020144 12.874083 9.107590
v 21.546867 12.633553 9.139529
v 18.000002 12.327416 8.574100
v 18.627407 12.540671 8.487309
v 19.250723 12.702127 8.454398
v 19.861238 12.793727 8.460597
v 20.450245 12.797414 8.491132
v 21.009026 12.695131 8.531233
v 21.528877 12.468822 8.566127
v 14.000000 13.925422 11.365006
v 14.567757 13.988602 11.370360
v 14.568066 14.078086 12.000001
v 14.000000 13.999999 12.000001
v 15.138272 14.026241 11.374059
v 15.138528 14.125413 12.000001
v 15.710625 14.041026 11.376056
v 15.710619 14.144818 12.000001
v 16.283894 14.035640 11.376312
v 16.283577 14.139140 12.000001
v 16.857161 14.012770 11.374785
v 16.856636 14.111218 12.000000
v 17.429504 13.975101 11.371433
v 17.429033 14.063891 12.000002
v 14.000000 13.724198 10.773627
v 14.568667 13.747977 10.793099
v 15.139322 13.760000 10.806213
v 15.711325 13.762554 10.812926
v 16.284033 13.757928 10.813194
v 16.856808 13.748410 10.806972
v 17.429012 13.736288 10.794218
v 14.000000 13.430088 10.212405
v 14.573558 13.397953 10.252162
v 15.144405 13.373597 10.278729
v 15.713741 13.358759 10.292089
v 16.282768 13.355185 10.292219
v 16.852686 13.364614 10.279098
v 17.424698 13.388792 10.252705
v 14.000000 13.076851 9.667887
v 14.585190 12.980274 9.731497
v 15.156250 12.913942 9.773871
v 15.718904 12.879001 9.795022
v 16.278881 12.876593 9.794959
v 16.841904 12.907863 9.773693
v 17.413704 12.973955 9.731238
v 14.000000 12.698251 9.126616
v 14.606323 12.536680 9.215055
v 15.177583 12.427945 9.273904
v 15.727839 12.372634 9.303204
v 16.271149 12.371333 9.302989
v 16.821571 12.424631 9.273298
v 17.393171 12.533116 9.214167
v 13.999999 12.328046 8.575140
v 14.639717 12.108914 8.686782
v 15.211130 11.962515 8.761092
v 15.741565 11.889015 8.798112
v 16.258347 11.888587 8.797882
v 16.788795 11.961398 8.760444
v 17.360241 12.107617 8.685837
v 15.259621 11.564564 8.217698
v 9.096011 12.525420 11.240663
v 9.703526 12.946047 11.305646
v 9.625932 12.933534 12.003528
v 9.000000 12.499999 12.000001
v 10.358706 13.254463 11.344474
v 10.297691 13.254399 12.004899
v 11.051564 13.473870 11.363395
v 11.005451 13.486346 12.004703
v 11.772113 13.627467 11.368659
v 11.739388 13.653130 12.003528
v 12.510359 13.738459 11.366517
v 12.489676 13.778498 12.001960
v 13.256318 13.830043 11.363217
v 13.246489 13.886204 12.000589
v 9.241543 12.479120 10.600860
v 9.824554 12.888994 10.687572
v 10.458069 13.186657 10.736735
v 11.131136 13.393031 10.758473
v 11.832809 13.529046 10.762908
v 12.552143 13.615628 10.760163
v 13.278188 13.673703 10.760363
v 9.416251 12.384758 10.046453
v 9.971527 12.785206 10.126155
v 10.580094 13.071880 10.166209
v 11.229886 13.262826 10.179206
v 11.908836 13.376079 10.177734
v 12.604884 13.429681 10.174384
v 13.305959 13.441670 10.181745
v 9.599794 12.266001 9.543303
v 10.126950 12.657514 9.598243
v 10.709100 12.931049 9.617419
v 11.333536 13.102259 9.614863
v 11.987553 13.186793 9.604601
v 12.658440 13.200300 9.600666
v 13.333491 13.158438 9.617085
v 9.771829 12.146513 9.057271
v 10.273329 12.528752 9.080683
v 10.829402 12.785066 9.074888
v 11.427808 12.930326 9.054710
v 12.056310 12.979405 9.034972
v 12.702670 12.947170 9.030495
v 13.354644 12.848495 9.056104
v 9.912012 12.049958 8.554216
v 10.393173 12.421753 8.550322
v 10.925318 12.654840 8.523139
v 11.498424 12.766031 8.488018
v 12.102467 12.772136 8.460308
v 12.727427 12.689966 8.455359
v 13.363278 12.536333 8.488521
v 14.000000 1.626069 15.534948
v 13.405100 1.631543 15.532803
v 13.416132 2.000127 15.999895
v 14.000000 1.999999 16.000000
v 12.788306 1.635066 15.526380
v 12.816394 2.000424 15.999651
v 12.161703 1.637128 15.515690
v 12.212795 2.000764 15.999371
v 11.537380 1.638218 15.500750
v 11.617346 2.001019 15.999161
v 10.927419 1.638825 15.481575
v 11.042055 2.001062 15.999125
v 10.343907 1.639440 15.458177
v 10.498937 2.000764 15.999371
v 9.798931 1.640553 15.430574
v 10.000000 1.999999 16.000000
v 14.000000 1.359337 15.014814
v 13.383936 1.373593 15.011328
v 12.744616 1.373893 15.000833
v 12.093702 1.367535 14.983286
v 11.442863 1.361815 14.958638
v 10.803767 1.364032 14.926846
v 10.188081 1.381482 14.887860
v 9.607471 1.421462 14.841636
v 14.000000 1.181698 14.451371
v 13.357033 1.206783 14.447090
v 12.692822 1.200024 14.434288
v 12.018177 1.179351 14.413021
v 11.343908 1.162694 14.383348
v 10.680831 1.167983 14.345332
v 10.039756 1.213147 14.299026
v 9.431496 1.316118 14.244492
v 14.000000 1.075049 13.856394
v 13.328779 1.111623 13.851723
v 12.640426 1.096581 13.838024
v 11.944515 1.059944 13.815763
v 11.250626 1.031736 13.785406
v 10.568339 1.041979 13.747425
v 9.907232 1.120696 13.702283
v 9.276884 1.297910 13.650448
v 14.000000 1.021285 13.241656
v 13.303566 1.068621 13.236853
v 12.594928 1.046682 13.223322
v 11.882107 0.996681 13.202377
v 11.173130 0.959825 13.175338
v 10.476021 0.977324 13.143520
v 9.798806 1.090388 13.108240
v 9.149511 1.340227 13.070813
v 13.999999 1.002304 12.618934
v 13.285784 1.058283 12.614107
v 12.563828 1.033449 12.601459
v 11.840339 0.976927 12.583730
v 11.121529 0.937841 12.563666
v 10.413606 0.965318 12.544010
v 9.722779 1.108483 12.527505
v 9.055259 1.416461 12.516895
v 18.051607 1.507860 15.550650
v 17.480522 1.517471 15.608829
v 17.432690 2.003938 16.062502
v 18.000000 1.999999 16.000000
v 16.903305 1.534270 15.629551
v 16.863071 2.005470 16.086807
v 16.322092 1.555399 15.623201
v 16.291710 2.005251 16.083334
v 15.739017 1.578001 15.600178
v 15.719162 2.003938 16.062502
v 15.156220 1.599219 15.570867
v 15.145988 2.002188 16.034723
v 14.575834 1.616194 15.545659
v 14.572747 2.000656 16.010418
v 18.071676 1.073842 15.050805
v 17.497122 1.090460 15.098936
v 16.916447 1.126979 15.113287
v 16.331903 1.176292 15.103473
v 15.745739 1.231291 15.079105
v 15.160200 1.284869 15.049796
v 14.577538 1.329921 15.025162
v 18.068810 0.704357 14.506347
v 17.491186 0.728513 14.541216
v 16.910116 0.786726 14.548108
v 16.326939 0.867369 14.535263
v 15.742997 0.958814 14.510923
v 15.159633 1.049436 14.483335
v 14.578187 1.127606 14.460735
v 18.051607 0.405819 13.923157
v 17.471422 0.437238 13.944068
v 16.891932 0.516639 13.944101
v 16.312996 0.628070 13.929692
v 15.734472 0.755579 13.907281
v 15.156225 0.883213 13.883302
v 14.578114 0.995021 13.864194
v 18.028669 0.184638 13.307114
v 17.446531 0.222242 13.315884
v 16.869511 0.319847 13.311355
v 16.295862 0.457836 13.297878
v 15.723834 0.616592 13.279817
v 15.151681 0.776497 13.261521
v 14.577651 0.917934 13.247349
v 18.008602 0.047228 12.664102
v 17.425215 0.089132 12.665064
v 16.850471 0.199477 12.659958
v 16.281332 0.356106 12.650943
v 15.714756 0.536861 12.640175
v 15.147701 0.719585 12.629813
v 14.577130 0.882118 12.622013
v 21.197327 1.704777 14.669069
v 20.830776 1.480425 14.813740
v 20.644501 1.792702 15.156849
v 21.000000 1.999999 15.000000
v 20.417299 1.368316 14.961517
v 20.250937 1.711056 15.322825
v 19.968485 1.340347 15.106792
v 19.827534 1.721132 15.489653
v 19.495920 1.368419 15.243954
v 19.382515 1.788995 15.649057
v 19.011194 1.424429 15.367391
v 18.924105 1.880716 15.792768
v 18.525894 1.480276 15.471493
v 18.460526 1.962361 15.912506
v 21.379684 1.469542 14.292490
v 20.996443 1.218327 14.415838
v 20.562107 1.071802 14.542704
v 20.089462 1.006091 14.667974
v 19.591309 0.997316 14.786533
v 19.080431 1.021601 14.893266
v 18.569624 1.055069 14.983062
v 21.545164 1.288775 13.878122
v 21.142061 1.005430 13.974446
v 20.686848 0.823717 14.078213
v 20.192085 0.722629 14.183640
v 19.670340 0.681157 14.284946
v 19.134172 0.678293 14.376353
v 18.596140 0.693029 14.452080
v 21.691849 1.156956 13.433828
v 21.268185 0.840759 13.500866
v 20.793015 0.626264 13.579868
v 20.277969 0.494228 13.664232
v 19.734678 0.425408 13.747348
v 19.174768 0.400562 13.822613
v 18.609869 0.400447 13.883417
v 21.817825 1.068567 12.967470
v 21.375374 0.723338 13.006397
v 20.882103 0.481644 13.059503
v 20.348736 0.325155 13.120194
v 19.785990 0.235540 13.181890
v 19.204584 0.194470 13.237999
v 18.615238 0.183613 13.281936
v 21.921179 1.018088 12.486906
v 21.464180 0.652190 12.502342
v 20.955599 0.392060 12.528936
v 20.405994 0.219677 12.561970
v 19.825933 0.117021 12.596723
v 19.225971 0.066075 12.628475
v 18.616674 0.048817 12.652507
v 22.634804 6.605021 14.264725
v 22.464409 5.918546 14.489749
v 22.320980 6.306501 14.742201
v 22.500000 7.000000 14.500000
v 22.352730 5.166764 14.571052
v 22.199940 5.540331 14.838549
v 22.257545 4.386149 14.561415
v 22.095036 4.740936 14.842400
v 22.136633 3.613171 14.513616
v 21.964432 3.947759 14.807112
v 21.947775 2.884302 14.480440
v 21.766285 3.200247 14.786043
v 21.648746 2.236013 14.514664
v 21.458755 2.537846 14.832554
v 22.757296 6.233286 13.980085
v 22.603531 5.558230 14.169380
v 22.501511 4.826304 14.233994
v 22.411587 4.070533 14.219798
v 22.294098 3.323944 14.172674
v 22.109388 2.619565 14.138495
v 21.817801 1.990422 14.163143
v 22.729977 5.231774 13.793988
v 22.638130 4.523163 13.841508
v 22.551243 3.796124 13.828917
v 22.433903 3.079910 13.791248
v 22.250715 2.403777 13.763537
v 21.966270 1.796980 13.780817
v 22.944183 5.591170 13.283689
v 22.835392 4.945395 13.376465
v 22.754436 4.261557 13.407733
v 22.670597 3.564958 13.400133
v 22.553141 2.880898 13.376306
v 22.371347 2.234677 13.358886
v 22.094492 1.651597 13.370514
v 22.998013 5.336605 12.882425
v 22.911415 4.705311 12.929703
v 22.842281 4.045698 12.946806
v 22.763735 3.379072 12.944818
v 22.648891 2.726739 12.934813
v 22.470879 2.110006 12.927867
v 22.202814 1.550180 12.935061
v 22.949684 4.517744 12.466593
v 22.893511 3.879801 12.472864
v 22.824739 3.240502 12.474331
v 22.718243 2.617264 12.473731
v 22.548897 2.027504 12.473802
v 22.291584 1.488640 12.477282
v 23.018379 5.136912 12.452782
v 23.082254 5.685487 12.443331
v 23.060978 5.570068 11.999928
v 23.124838 6.217797 12.437029
v 23.146130 6.740349 12.433878
v 23.121960 6.713742 11.999853
v 23.146130 7.259647 12.433879
v 23.124836 7.782198 12.437029
v 23.101635 7.858503 11.999878
v 23.082254 8.314508 12.443330
v 23.018379 8.863083 12.452782
v 23.067791 5.843556 12.851068
v 23.114307 6.318811 12.830166
v 23.137568 6.775049 12.819713
v 23.137568 7.224946 12.819714
v 23.114307 7.681184 12.830166
v 23.067789 8.156438 12.851069
v 22.998013 8.663388 12.882425
v 23.018747 6.036457 13.227297
v 23.068455 6.438979 13.189701
v 23.093311 6.815842 13.170902
v 23.093311 7.184152 13.170903
v 23.068457 7.561016 13.189701
v 23.018747 7.963536 13.227296
v 22.944183 8.408822 13.283689
v 22.862183 5.892700 13.651325
v 22.936287 6.256369 13.576156
v 22.985689 6.572740 13.526042
v 23.010391 6.860732 13.500986
v 23.010389 7.139263 13.500986
v 22.985689 7.427255 13.526042
v 22.936287 7.743625 13.576156
v 22.862183 8.107292 13.651325
v 22.821571 6.495476 13.901794
v 22.864420 6.714537 13.849600
v 22.885845 6.907720 13.823503
v 22.885845 7.092277 13.823502
v 22.864420 7.285460 13.849600
v 22.821569 7.504519 13.901793
v 22.757296 7.766708 13.980085
v 22.675753 6.745959 14.208359
v 22.703053 6.858810 14.170782
v 22.716702 6.954808 14.151993
v 22.716702 7.045189 14.151993
v 22.703053 7.141188 14.170781
v 22.675753 7.254037 14.208359
v 21.197327 12.295207 14.669070
v 21.648746 11.763966 14.514665
v 21.458755 11.462146 14.832555
v 21.000000 11.999999 15.000001
v 21.947775 11.115676 14.480441
v 21.766285 10.799741 14.786044
v 22.136635 10.386808 14.513617
v 21.964434 10.052228 14.807112
v 22.257545 9.613833 14.561414
v 22.095036 9.259053 14.842400
v 22.352732 8.833223 14.571052
v 22.199940 8.459660 14.838549
v 22.464411 8.081446 14.489749
v 22.320978 7.693493 14.742201
v 22.634804 7.394973 14.264725
v 21.379684 12.530427 14.292491
v 21.817802 12.009545 14.163144
v 22.109386 11.380404 14.138497
v 22.294098 10.676029 14.172674
v 22.411587 9.929446 14.219798
v 22.501513 9.173679 14.233992
v 22.603531 8.441758 14.169380
v 21.545164 12.711183 13.878123
v 21.966270 12.202979 13.780818
v 22.250715 11.596188 13.763538
v 22.433903 10.920060 13.791249
v 22.551241 10.203852 13.828917
v 22.638132 9.476818 13.841507
v 22.729979 8.768213 13.793988
v 21.691849 12.842996 13.433829
v 22.094492 12.348359 13.370515
v 22.371347 11.765285 13.358886
v 22.553139 11.119069 13.376306
v 22.670595 10.435017 13.400132
v 22.754436 9.738424 13.407733
v 22.835392 9.054592 13.376464
v 21.817825 12.931387 12.967471
v 22.202816 12.449777 12.935061
v 22.470879 11.889956 12.927868
v 22.648891 11.273231 12.934813
v 22.763733 10.620904 12.944817
v 22.842283 9.954285 12.946807
v 22.911415 9.294676 12.929703
v 21.921179 12.981881 12.486907
v 22.291584 12.511327 12.477283
v 22.548897 11.972463 12.473803
v 22.718239 11.382708 12.473731
v 22.824739 10.759476 12.474330
v 22.893513 10.120185 12.472863
v 22.949684 9.482247 12.466592
v 18.051514 12.491620 15.550950
v 18.525377 12.516120 15.471777
v 18.460526 12.037605 15.912507
v 18.000000 11.999999 16.000000
v 19.010590 12.570762 15.367633
v 18.924105 12.119229 15.792768
v 19.495449 12.626946 15.244137
v 19.382515 12.210940 15.649059
v 19.968252 12.656079 15.106910
v 19.827534 12.278806 15.489654
v 20.417301 12.629565 14.961578
v 20.250935 12.288892 15.322826
v 20.830893 12.518806 14.813757
v 20.644501 12.207267 15.156850
v 18.071545 12.925437 15.051007
v 18.567945 12.933170 14.983253
v 19.078400 12.962197 14.893429
v 19.589710 12.986907 14.786654
v 20.088686 12.981693 14.668055
v 20.562140 12.920948 14.542745
v 20.996868 12.779061 14.415850
v 18.068684 13.294950 14.506232
v 18.592922 13.284339 14.451973
v 19.130224 13.290164 14.376263
v 19.667233 13.288007 14.284878
v 20.190588 13.253449 14.183594
v 20.686934 13.162071 14.078190
v 21.142912 12.989456 13.974442
v 18.051514 13.593661 13.922685
v 18.604996 13.565206 13.882970
v 19.168756 13.551288 13.822234
v 19.729939 13.527429 13.747062
v 20.275690 13.469148 13.664046
v 20.793161 13.351970 13.579777
v 21.269499 13.151411 13.500841
v 18.028618 13.815072 13.306423
v 18.608858 13.771354 13.281284
v 19.196682 13.742195 13.237445
v 19.779755 13.702354 13.181471
v 20.345741 13.626594 13.119924
v 20.882305 13.489673 13.059367
v 21.377111 13.266350 13.006361
v 18.008587 13.952683 12.663510
v 18.609196 13.898365 12.651950
v 19.216692 13.859510 12.628001
v 19.818609 13.809968 12.596364
v 20.402481 13.723586 12.561737
v 20.955843 13.574211 12.528820
v 21.466234 13.335693 12.502310
v 13.998394 12.484033 15.540250
v 14.571095 12.537023 15.551061
v 14.569856 12.051071 16.010805
v 14.000000 11.999999 16.000000
v 15.150606 12.558280 15.575719
v 15.141861 12.069646 16.035282
v 15.734104 12.556458 15.604059
v 15.715038 12.065009 16.063068
v 16.318768 12.540224 15.625916
v 16.288416 12.046443 16.083797
v 16.901772 12.518234 15.631128
v 16.861019 12.023230 16.087105
v 17.480295 12.499146 15.609527
v 17.431871 12.004655 16.062628
v 13.997770 12.914897 15.035543
v 14.571360 12.971910 15.045079
v 15.153603 12.997697 15.066924
v 15.740983 12.999890 15.092227
v 16.329983 12.986127 15.112137
v 16.917088 12.964040 15.117805
v 17.498779 12.941265 15.100379
v 13.997860 13.284831 14.490520
v 14.570936 13.347098 14.497958
v 15.152456 13.378442 14.515058
v 15.739047 13.385249 14.534981
v 16.327337 13.373913 14.550895
v 16.913954 13.350825 14.555965
v 17.495527 13.322372 14.543356
v 13.998394 13.586073 13.909818
v 14.570108 13.653951 13.914794
v 15.148769 13.691049 13.926274
v 15.731669 13.702477 13.939728
v 16.316101 13.693344 13.950624
v 16.899357 13.668758 13.954437
v 17.478729 13.633828 13.946631
v 13.999108 13.810857 13.298071
v 14.569166 13.883822 13.300683
v 15.144151 13.926054 13.306733
v 15.722224 13.941518 13.313875
v 16.301548 13.934184 13.319763
v 16.880280 13.908019 13.322047
v 17.456583 13.866993 13.318383
v 13.999732 13.951419 12.659921
v 14.568390 14.028081 12.660720
v 15.140202 14.073997 12.662591
v 15.714083 14.092317 12.664831
v 16.288950 14.086194 12.666743
v 16.863712 14.058780 12.667627
v 17.437286 14.013227 12.666782
v 9.791409 11.462979 15.363399
v 10.355316 11.535769 15.367402
v 10.520899 11.081196 15.954150
v 10.000000 10.999999 16.000000
v 10.943271 11.669962 15.390290
v 11.069160 11.216792 15.936188
v 11.548263 11.843332 15.424988
v 11.638473 11.386479 15.938549
v 12.163282 12.033650 15.464411
v 12.222525 11.569952 15.953673
v 12.781318 12.218691 15.501482
v 12.815004 11.746900 15.973998
v 13.395359 12.376228 15.529122
v 13.409598 11.897017 15.991961
v 9.585308 11.819367 14.767406
v 10.177526 11.930700 14.804403
v 10.795897 12.087144 14.851216
v 11.432353 12.270668 14.902221
v 12.078834 12.463239 14.951785
v 12.727271 12.646821 14.994279
v 13.369605 12.803386 15.024076
v 9.393348 12.083379 14.200693
v 10.002401 12.263783 14.255378
v 10.643064 12.457515 14.311728
v 11.306118 12.654824 14.366089
v 11.982342 12.845962 14.414804
v 12.662519 13.021174 14.454219
v 13.337432 13.170714 14.480677
v 9.227184 12.269233 13.651929
v 9.844810 12.532815 13.710554
v 10.500801 12.770251 13.764590
v 11.184933 12.982136 13.812432
v 11.886982 13.169066 13.852478
v 12.596725 13.331636 13.883129
v 13.303936 13.470441 13.902775
v 9.098468 12.391142 13.109779
v 9.719621 12.735587 13.160153
v 10.385132 13.014525 13.202563
v 11.084175 13.238936 13.237089
v 11.805922 13.419800 13.263820
v 12.539545 13.568088 13.282836
v 13.274217 13.694782 13.294226
v 9.018857 12.463326 12.562914
v 9.641706 12.869895 12.594403
v 10.312088 13.179517 12.618411
v 11.019224 13.411562 12.635900
v 11.752335 13.585405 12.647832
v 12.500643 13.720413 12.655171
v 13.253367 13.835961 12.658879
v 14.000000 6.204659 17.958464
v 13.425659 6.203777 17.960026
v 13.425941 6.999999 18.000992
v 14.000000 6.999999 18.000000
v 12.848694 6.201655 17.930943
v 12.849761 6.999999 17.968285
v 12.271069 6.199076 17.890022
v 11.694746 6.196823 17.856075
v 11.698235 6.999999 17.881861
v 11.121694 6.195681 17.847908
v 11.126484 6.999999 17.868183
v 10.553874 6.196430 17.884335
v 10.559807 6.999999 17.900890
v 9.993253 6.199858 17.984161
v 10.000000 6.999999 18.000000
v 14.000000 5.423440 17.834332
v 13.425614 5.421469 17.837023
v 12.848419 5.416889 17.816345
v 12.270433 5.411699 17.788134
v 11.693678 5.407902 17.768223
v 11.120173 5.407496 17.772444
v 10.551939 5.412482 17.816633
v 9.990996 5.424861 17.916628
v 14.000000 4.664081 17.628328
v 13.425442 4.661116 17.632225
v 12.847723 4.654376 17.622070
v 12.269135 4.647090 17.609688
v 11.691965 4.642488 17.606909
v 11.118506 4.643802 17.625553
v 10.551050 4.654260 17.677456
v 14.000000 3.934319 17.341173
v 13.424773 3.930763 17.345873
v 12.845388 3.922796 17.345688
v 12.264944 3.914470 17.348137
v 11.686541 3.909839 17.360741
v 11.113277 3.912955 17.391012
v 10.548257 3.927870 17.446472
v 9.994576 3.958637 17.534639
v 14.000000 3.241893 16.973585
v 13.423243 3.238452 16.978207
v 12.840199 3.230825 16.984776
v 12.255640 3.223062 16.996935
v 11.674339 3.219208 17.018322
v 11.101070 3.223312 17.052582
v 10.540606 3.239420 17.103350
v 13.999999 2.594540 16.526289
v 13.420485 2.592225 16.529469
v 12.830939 2.587142 16.536907
v 12.238997 2.582086 16.549528
v 11.652296 2.579850 16.568260
v 11.078467 2.583229 16.594028
v 10.525150 2.595016 16.627760
v 17.045298 6.217473 17.666502
v 16.613739 6.216981 17.742685
v 16.575811 6.999999 17.776482
v 17.000000 6.999999 17.700001
v 16.180939 6.215236 17.803576
v 16.149506 6.999999 17.838219
v 15.746941 6.212720 17.851456
v 15.721476 6.999999 17.887337
v 15.311799 6.209920 17.888605
v 14.875563 6.207320 17.917303
v 14.438279 6.205405 17.939829
v 17.164595 5.451654 17.565208
v 16.713896 5.450873 17.640507
v 16.263987 5.447146 17.698912
v 15.814116 5.441592 17.743191
v 15.363533 5.435327 17.776106
v 14.911487 5.429468 17.800423
v 14.457225 5.425133 17.818913
v 17.333006 4.706167 17.394924
v 16.855843 4.705387 17.468763
v 16.381784 4.699978 17.523129
v 15.909175 4.691671 17.561602
v 15.436353 4.682197 17.587774
v 14.961657 4.673286 17.605228
v 14.483425 4.666671 17.617550
v 17.525639 3.984635 17.154457
v 17.019133 3.984238 17.226276
v 16.517462 3.977979 17.275126
v 16.018291 3.968018 17.305759
v 15.519292 3.956513 17.322927
v 15.018131 3.945622 17.331387
v 14.512477 3.937505 17.335882
v 17.717609 3.290681 16.842609
v 17.183334 3.291138 16.911856
v 16.654148 3.285397 16.953804
v 16.127638 3.275692 16.974724
v 15.601384 3.264255 16.980890
v 15.072971 3.253320 16.978573
v 14.539982 3.245122 16.974047
v 17.884026 2.627928 16.458189
v 17.327999 2.629800 16.524326
v 16.774975 2.626478 16.558065
v 16.223387 2.619750 16.567560
v 15.671662 2.611403 16.560974
v 15.118237 2.603227 16.546461
v 14.561540 2.597010 16.532179
v 19.068783 6.790307 16.952045
v 18.999180 6.579971 16.977943
v 18.925915 6.999999 17.031435
v 19.000000 6.999999 17.000000
v 18.800064 6.428623 17.060299
v 18.725843 6.999999 17.114304
v 18.505251 6.326571 17.180473
v 18.433046 6.999999 17.231461
v 18.148552 6.264122 17.319820
v 18.080799 6.999999 17.365757
v 17.763786 6.231584 17.459703
v 17.702362 6.999999 17.500044
v 17.384760 6.219265 17.581478
v 17.331005 6.999999 17.617176
v 19.256491 6.232999 16.812939
v 19.157927 5.916506 16.851665
v 18.944572 5.698433 16.943306
v 18.645247 5.560701 17.069855
v 18.288769 5.485235 17.213320
v 17.903954 5.453957 17.355700
v 17.519623 5.448789 17.478994
v 19.535151 5.435725 16.589821
v 19.385311 5.090893 16.653414
v 19.145922 4.867881 16.760729
v 18.837761 4.741718 16.895817
v 18.481609 4.687434 17.042730
v 18.098248 4.680062 17.185518
v 17.708452 4.694629 17.308231
v 19.876801 4.506137 16.289829
v 19.664503 4.184418 16.383995
v 19.390676 3.995416 16.509983
v 19.067524 3.908943 16.654570
v 18.707241 3.894815 16.804533
v 18.322033 3.922844 16.946650
v 17.924097 3.962847 17.067699
v 20.253471 3.551885 15.920103
v 19.978657 3.278370 16.044222
v 19.665392 3.139490 16.188477
v 19.319256 3.101704 16.342318
v 18.945829 3.131471 16.495201
v 18.550690 3.195250 16.636578
v 18.139423 3.259500 16.755892
v 20.637192 2.680623 15.487780
v 20.310934 2.454036 15.634903
v 19.956625 2.358554 15.793620
v 19.577682 2.359325 15.955278
v 19.177530 2.421500 16.111217
v 18.759588 2.510226 16.252787
v 18.327280 2.590652 16.371330
v 21.108631 10.798985 15.300644
v 20.637192 11.319369 15.487781
v 20.739620 9.980422 15.702909
v 20.364792 9.098850 16.045782
v 19.876801 9.493854 16.289829
v 19.997221 8.246660 16.335701
v 19.535151 8.564267 16.589821
v 19.649982 7.516245 16.579096
v 19.336142 6.999997 16.782398
v 19.068783 7.209690 16.952045
v 21.441793 10.140564 15.219061
v 21.106253 9.352030 15.575007
v 20.759480 8.513108 15.871434
v 20.401297 7.702774 16.125893
v 20.031525 6.999997 16.355928
v 19.649982 6.483747 16.579094
v 21.673468 9.387781 15.195824
v 21.383463 8.612667 15.495359
v 21.082626 7.794275 15.732419
v 20.759169 6.999994 15.933696
v 20.401295 6.297216 16.125893
v 19.997219 5.753330 16.335699
v 21.840435 8.584311 15.183726
v 21.601341 7.812077 15.422930
v 21.355991 6.999996 15.594372
v 21.082626 6.205714 15.732418
v 20.759480 5.486880 15.871434
v 20.364792 4.901139 16.045782
v 21.979486 7.773824 15.135561
v 21.789986 6.999996 15.316676
v 21.601341 6.187914 15.422930
v 21.383461 5.387321 15.495359
v 21.106253 4.647959 15.575006
v 20.739620 4.019566 15.702910
v 22.127403 6.999997 15.004122
v 21.979485 6.226167 15.135561
v 21.840435 5.415679 15.183726
v 21.673468 4.612206 15.195824
v 21.441793 3.859423 15.219061
v 21.108631 3.201004 15.300643
v 17.045298 7.782518 17.666502
v 17.384762 7.780725 17.581478
v 17.763784 7.768407 17.459703
v 18.148552 7.735869 17.319820
v 18.505251 7.673420 17.180473
v 18.800064 7.571370 17.060299
v 18.999180 7.420023 16.977943
v 17.164595 8.548326 17.565208
v 17.519623 8.551191 17.478994
v 17.903954 8.546023 17.355700
v 18.288767 8.514745 17.213320
v 18.645247 8.439280 17.069855
v 18.944572 8.301551 16.943306
v 19.157927 8.083482 16.851667
v 19.256489 7.766996 16.812939
v 17.333006 9.293801 17.394924
v 17.708452 9.305339 17.308231
v 18.098248 9.319905 17.185518
v 18.481609 9.312532 17.042730
v 18.837763 9.258249 16.895817
v 19.145922 9.132092 16.760729
v 19.385311 8.909086 16.653414
v 17.525639 10.015326 17.154457
v 17.924099 10.037112 17.067698
v 18.322033 10.077111 16.946650
v 18.707241 10.105140 16.804533
v 19.067524 10.091012 16.654570
v 19.390678 10.004545 16.509983
v 19.664505 9.815555 16.383995
v 17.717609 10.709281 16.842609
v 18.139423 10.740452 16.755894
v 18.550690 10.804695 16.636576
v 18.945827 10.868472 16.495201
v 19.319256 10.898240 16.342319
v 19.665390 10.860461 16.188477
v 19.978657 10.721597 16.044224
v 20.253471 10.448104 15.920103
v 17.884026 11.372045 16.458189
v 18.327280 11.409301 16.371328
v 18.759588 11.489717 16.252787
v 19.177530 11.578436 16.111217
v 19.577682 11.640613 15.955278
v 19.956625 11.641393 15.793621
v 20.310934 11.545930 15.634904
v 14.000315 7.786957 17.952560
v 14.438416 7.789540 17.934275
v 14.430984 6.999999 17.980165
v 14.875586 7.789936 17.912601
v 14.861822 6.999999 17.956188
v 15.311761 7.788813 17.885056
v 15.292117 6.999999 17.925953
v 15.746881 7.786840 17.849157
v 16.180885 7.784687 17.802422
v 16.613712 7.783023 17.742365
v 14.001050 8.555940 17.814653
v 14.457644 8.565643 17.800400
v 14.911510 8.568240 17.784758
v 15.363353 8.565837 17.764284
v 15.813875 8.560537 17.735537
v 16.263788 8.554448 17.695070
v 16.713791 8.549676 17.639442
v 14.001890 9.303198 17.592907
v 14.484073 9.322780 17.584244
v 14.961546 9.328753 17.577049
v 15.435875 9.325096 17.566517
v 15.908623 9.315792 17.547842
v 16.381351 9.304821 17.516222
v 16.855623 9.296164 17.466850
v 14.002520 10.024981 17.293943
v 14.513103 10.055420 17.291506
v 15.017647 10.065310 17.293859
v 15.518318 10.060618 17.294632
v 16.017284 10.047309 17.287451
v 16.516714 10.031347 17.265942
v 17.018776 10.018697 17.223736
v 14.002624 10.717543 16.924387
v 14.540142 10.758035 16.927885
v 15.071766 10.771752 16.939577
v 15.599669 10.766426 16.951509
v 16.126028 10.749786 16.955730
v 16.653021 10.729564 16.944288
v 17.182823 10.713484 16.909233
v 14.001888 11.377132 16.490866
v 14.560592 11.425096 16.499084
v 15.115852 11.441918 16.518589
v 15.668914 11.436547 16.540028
v 16.221018 11.417932 16.554054
v 16.773409 11.395011 16.551323
v 17.327328 11.376733 16.522484
v 10.005852 7.660610 17.959377
v 10.566234 7.670993 17.860353
v 11.132281 7.689400 17.826523
v 11.702646 7.712550 17.838381
v 12.275981 7.737163 17.876419
v 12.273260 6.999999 17.921902
v 12.850936 7.759956 17.921133
v 13.426163 7.777648 17.953016
v 10.008362 8.293116 17.840193
v 10.570154 8.319304 17.741924
v 11.136065 8.357944 17.705263
v 11.705343 8.403836 17.712170
v 12.277233 8.451781 17.744602
v 12.850983 8.496580 17.784523
v 13.425840 8.533033 17.813887
v 10.008366 8.896541 17.640568
v 10.570676 8.940948 17.544823
v 11.136249 9.000745 17.505295
v 11.704765 9.069432 17.506039
v 12.275905 9.140518 17.531115
v 12.849352 9.207504 17.564581
v 13.424787 9.263896 17.590492
v 10.006697 9.469915 17.358618
v 10.566905 9.531944 17.268272
v 11.131240 9.612917 17.227509
v 11.699349 9.704918 17.222799
v 12.270883 9.800038 17.240616
v 12.845490 9.890365 17.267431
v 13.422819 9.967982 17.289717
v 10.004189 10.012265 16.992460
v 10.557947 10.088306 16.911495
v 11.119449 10.189572 16.872799
v 11.687536 10.305870 16.865263
v 12.261055 10.427007 16.877768
v 12.838846 10.542794 16.899202
v 13.419756 10.643036 16.918446
v 10.001680 10.522616 16.540216
v 10.542912 10.606051 16.473713
v 11.099287 10.725826 16.442062
v 11.667765 10.867864 16.436243
v 12.245306 11.018090 16.447233
v 12.828869 11.162428 16.466017
v 13.415409 11.286800 16.483564
v 6.000000 3.140365 18.110788
v 6.276497 3.185275 18.135443
v 6.109715 2.982237 17.937504
v 6.000000 2.999999 18.000000
v 6.680930 3.192688 18.040857
v 6.420139 2.927185 17.764467
v 7.195521 3.161196 17.852491
v 6.903189 2.832199 17.502571
v 7.802498 3.089390 17.595800
v 7.530783 2.694634 17.173496
v 8.484083 2.975862 17.296247
v 8.274837 2.511842 16.798922
v 9.222501 2.819204 16.979286
v 9.107270 2.281179 16.400530
v 9.999977 2.618006 16.670378
v 6.000000 3.522308 18.396502
v 6.402718 3.591782 18.451530
v 6.875715 3.625104 18.379257
v 7.410502 3.622906 18.210133
v 7.998588 3.585821 17.974617
v 8.631479 3.514483 17.703165
v 9.300687 3.409525 17.426231
v 9.997721 3.271580 17.174271
v 6.000000 4.087093 18.787172
v 6.493837 4.153862 18.831600
v 7.014034 4.187550 18.741541
v 7.560139 4.190981 18.553011
v 8.131699 4.166980 18.302036
v 8.728260 4.118373 18.024635
v 9.349368 4.047983 17.756828
v 6.000000 4.775989 19.212830
v 6.555318 4.823620 19.221481
v 7.105427 4.843145 19.089582
v 7.656443 4.839076 18.858637
v 8.214481 4.815924 18.570147
v 8.785658 4.778201 18.265615
v 9.376086 4.730420 17.986546
v 9.991886 4.677093 17.774439
v 6.000000 5.530260 19.603498
v 6.592620 5.553159 19.566996
v 7.159431 5.555007 19.385252
v 7.711423 5.540842 19.104517
v 8.259586 5.515705 18.771038
v 8.814909 5.484636 18.431065
v 9.388382 5.452674 18.130846
v 6.000000 6.291174 19.889214
v 6.611206 6.294584 19.813980
v 7.185587 6.286251 19.590427
v 7.737090 6.269931 19.268166
v 8.279662 6.249378 18.896801
v 8.827249 6.228344 18.525942
v 9.393796 6.210587 18.205191
v 6.000000 6.999999 20.000000
v 6.616536 6.999999 19.908257
v 7.193434 6.999999 19.666981
v 7.745454 6.999999 19.327095
v 8.287359 6.999999 18.939528
v 8.833910 6.999999 18.555204
v 9.399870 6.999999 18.225054
v 4.597361 3.445596 16.439510
v 4.757719 3.413415 16.773991
v 5.145175 2.970732 16.335445
v 5.000000 2.999999 16.000000
v 4.964803 3.387926 17.126272
v 5.322948 2.959351 16.708527
v 5.198581 3.362831 17.466530
v 5.513295 2.960976 17.086718
v 5.439022 3.331827 17.764936
v 5.696196 2.970732 17.437487
v 5.666092 3.288615 17.991663
v 5.851628 2.983740 17.728310
v 5.859763 3.226895 18.116890
v 5.959570 2.995122 17.926657
v 4.198147 3.929060 16.853062
v 4.382689 3.900248 17.203018
v 4.621734 3.873108 17.553375
v 4.897153 3.840779 17.877998
v 5.190818 3.796397 18.150757
v 5.484601 3.733100 18.345516
v 5.760370 3.644024 18.436142
v 3.823689 4.452837 17.225470
v 4.037282 4.431325 17.601406
v 4.308327 4.410664 17.963001
v 4.621815 4.384195 18.288294
v 4.962736 4.345260 18.555317
v 5.316080 4.287203 18.742113
v 5.666838 4.203367 18.826721
v 3.495316 5.019373 17.541552
v 3.738697 5.006744 17.948034
v 4.039173 4.996363 18.328318
v 4.385373 4.982451 18.664574
v 4.765926 4.959235 18.938978
v 5.169462 4.920936 19.133707
v 5.584610 4.861780 19.230932
v 3.234357 5.631115 17.786123
v 3.504131 5.626599 18.221777
v 3.828859 5.625973 18.622480
v 4.200632 5.624923 18.973999
v 4.611542 5.619138 19.262096
v 5.053679 5.604307 19.472536
v 5.519135 5.576118 19.591084
v 3.062142 6.290507 17.944002
v 3.350780 6.290985 18.401512
v 3.691973 6.295261 18.818659
v 4.080398 6.300981 19.183735
v 4.510734 6.305786 19.485037
v 4.977661 6.307324 19.710854
v 5.475856 6.303239 19.849482
v 3.000000 6.999999 18.000000
v 3.295844 6.999999 18.466118
v 3.643103 6.999999 18.890015
v 4.037474 6.999999 19.260944
v 4.474653 6.999999 19.568159
v 4.950336 6.999999 19.800905
v 5.460219 6.999999 19.948435
v 2.458227 4.098630 10.700371
v 2.498760 3.898175 11.536913
v 3.035765 3.770690 11.409203
v 3.000000 4.000000 10.600000
v 2.695387 3.764411 12.366459
v 3.216254 3.584987 12.188688
v 3.007463 3.678759 13.189875
v 3.504622 3.434016 12.948732
v 3.394342 3.622633 14.008024
v 3.864026 3.308906 13.699610
v 3.815381 3.577453 14.821771
v 4.257620 3.200781 14.451598
v 4.229935 3.524634 15.631977
v 4.648559 3.100770 15.214969
v 2.004907 4.358967 10.787930
v 2.040859 4.195717 11.664587
v 2.235574 4.099950 12.544861
v 2.549267 4.051544 13.424541
v 2.942154 4.030375 14.299414
v 3.374452 4.016321 15.165268
v 3.806378 3.989257 16.017887
v 1.638180 4.749976 10.861719
v 1.663342 4.628052 11.785077
v 1.843769 4.559621 12.713697
v 2.143712 4.528484 13.641571
v 2.527423 4.518437 14.562696
v 2.959155 4.513282 15.471056
v 3.403159 4.496815 16.360651
v 1.356186 5.240620 10.920779
v 1.367490 5.159914 11.891235
v 1.526926 5.111444 12.862768
v 1.804474 5.085689 13.829804
v 2.170109 5.073125 14.786774
v 2.593809 5.064233 15.728102
v 3.045552 5.049489 16.648218
v 1.157065 5.799862 10.964152
v 1.154581 5.756036 11.975914
v 1.292000 5.723435 12.981874
v 1.545228 5.699268 13.978075
v 1.890172 5.680744 14.960558
v 2.302737 5.665072 15.925367
v 2.758830 5.649459 16.868542
v 1.038956 6.396667 10.990878
v 1.025897 6.381153 12.031962
v 1.145945 6.363614 13.060816
v 1.379652 6.345335 14.075223
v 1.707573 6.327600 15.072964
v 2.110259 6.311694 16.051819
v 2.568264 6.298902 17.009571
v 1.000000 7.000000 11.000000
v 0.982718 7.000000 12.052233
v 1.095714 7.000000 13.089397
v 1.321421 7.000000 14.110086
v 1.642271 7.000000 15.112895
v 2.040696 7.000000 16.096420
v 2.499128 6.999999 17.059258
v 4.782609 5.828289 6.782609
v 4.375231 5.628823 7.290817
v 4.617679 5.590559 7.485863
v 5.000000 5.800000 7.000000
v 3.943939 5.383949 7.813996
v 4.235029 5.335766 7.964901
v 3.518147 5.111385 8.353459
v 3.871569 5.053291 8.446893
v 3.127268 4.828852 8.910518
v 3.546818 4.760807 8.941619
v 2.800713 4.554068 9.486481
v 3.280294 4.475982 9.458858
v 2.567895 4.304755 10.082663
v 3.091515 4.216489 10.008393
v 4.576754 5.910624 6.576754
v 4.137386 5.736694 7.113442
v 3.664807 5.516913 7.675305
v 3.193336 5.269244 8.260221
v 2.757292 5.011651 8.866065
v 2.390993 4.762098 9.490713
v 2.128758 4.538548 10.132044
v 4.390418 6.043204 6.390419
v 3.916061 5.905025 6.958234
v 3.409596 5.721703 7.552838
v 2.906525 5.511010 8.172344
v 2.442347 5.290720 8.814870
v 2.052563 5.078602 9.478531
v 1.772674 4.892431 10.161442
v 4.231589 6.222232 6.231590
v 3.723174 6.124668 6.829691
v 3.190272 5.985363 7.450604
v 2.667104 5.820827 8.094999
v 2.187890 5.647574 8.763545
v 1.786852 5.482114 9.456910
v 1.498210 5.340959 10.175765
v 4.108253 6.443906 6.108253
v 3.570643 6.386476 6.732307
v 3.018799 6.294936 7.372615
v 2.484463 6.182836 8.033354
v 1.999379 6.063728 8.718699
v 1.595290 5.951162 9.432830
v 1.303937 5.858690 10.179922
v 4.028394 6.704429 6.028395
v 3.470385 6.681302 6.670580
v 2.907141 6.637467 7.322881
v 2.367993 6.581180 7.992577
v 1.882271 6.520698 8.686945
v 1.479304 6.464281 9.413265
v 1.188423 6.420185 10.178816
v 4.000000 7.000000 6.000000
v 3.434317 7.000000 6.649005
v 2.867263 7.000000 7.305412
v 2.327083 7.000000 7.977835
v 1.842022 7.000000 8.674891
v 1.440325 7.000000 9.405193
v 1.150236 6.999999 10.177357
v 7.000000 6.026324 4.770189
v 6.614630 6.014950 4.924246
v 6.630513 5.988493 5.152224
v 7.000000 6.000000 5.000000
v 6.253520 6.012139 5.153214
v 6.300563 5.986896 5.380143
v 5.915833 6.009370 5.438832
v 6.003182 5.985849 5.665037
v 5.600735 5.998123 5.762842
v 5.731402 5.975996 5.988189
v 5.307389 5.969874 6.106981
v 5.478257 5.947975 6.330879
v 5.034959 5.916103 6.452991
v 5.236779 5.892429 6.674389
v 7.000000 6.101352 4.559502
v 6.593319 6.090444 4.716779
v 6.202532 6.084823 4.944568
v 5.830203 6.078051 5.226741
v 5.478896 6.063684 5.547172
v 5.151176 6.035285 5.889736
v 4.849608 5.986412 6.238305
v 7.000000 6.219168 4.373857
v 6.569450 6.209161 4.535133
v 6.151676 6.200381 4.760267
v 5.750563 6.189066 5.036304
v 5.369995 6.171452 5.350291
v 5.013859 6.143779 5.689274
v 4.686038 6.102284 6.040301
v 7.000000 6.373857 4.219168
v 6.545891 6.365289 4.384614
v 6.105027 6.354245 4.606371
v 5.681185 6.339592 4.875060
v 5.278142 6.320198 5.181304
v 4.899676 6.294927 5.515726
v 4.549566 6.262650 5.868947
v 7.000000 6.559502 4.101352
v 6.525512 6.553014 4.270530
v 6.066661 6.541848 4.488942
v 5.626340 6.526806 4.750551
v 5.207443 6.508688 5.049322
v 4.812868 6.488299 5.379220
v 4.445506 6.466438 5.734209
v 7.000000 6.770188 4.026324
v 6.511181 6.766521 4.198187
v 6.040652 6.758621 4.414039
v 5.590300 6.747883 4.670315
v 5.162012 6.735700 4.963453
v 4.757674 6.723466 5.289888
v 4.379172 6.712577 5.646057
v 7.000000 7.000000 4.000000
v 6.505766 7.000000 4.172894
v 6.031077 7.000000 4.387725
v 5.577338 7.000000 4.641895
v 5.145955 7.000000 4.932806
v 4.738333 7.000000 5.257860
v 4.355880 6.999999 5.614457
v 9.000000 6.055394 5.444607
v 8.878036 6.027844 5.326926
v 8.924308 6.001754 5.462612
v 9.000000 6.000000 5.500000
v 8.656366 6.016826 5.180362
v 8.720480 6.005848 5.368568
v 8.362062 6.017100 5.026514
v 8.423393 6.010526 5.245055
v 8.022200 6.023427 4.886975
v 8.067926 6.014035 5.119256
v 7.663853 6.030565 4.783343
v 7.688953 6.014619 5.018357
v 7.314094 6.033278 4.737216
v 7.321352 6.010526 4.969544
v 9.000000 6.198251 5.301750
v 8.848489 6.141501 5.143898
v 8.615718 6.110412 4.973135
v 8.323602 6.098167 4.807570
v 7.994058 6.097954 4.665314
v 7.648998 6.102957 4.564477
v 7.310340 6.106360 4.523170
v 9.000000 6.393586 5.106414
v 8.834925 6.313489 4.940464
v 8.597412 6.263249 4.767249
v 8.306797 6.235988 4.603388
v 7.982414 6.224828 4.465499
v 7.643598 6.222890 4.370203
v 7.309680 6.223296 4.334115
v 9.000001 6.606414 4.893587
v 8.836606 6.514569 4.743558
v 8.600328 6.451982 4.583067
v 8.310433 6.412821 4.429128
v 7.986187 6.391259 4.298755
v 7.646857 6.381464 4.208961
v 7.311705 6.377607 4.176761
v 9.000000 6.801750 4.698251
v 8.852789 6.715507 4.580114
v 8.623339 6.653255 4.440952
v 8.333292 6.610929 4.299953
v 8.004292 6.584457 4.176306
v 7.657982 6.569775 4.089198
v 7.316003 6.562813 4.057817
v 9.000001 6.944606 4.555394
v 8.882739 6.887062 4.477068
v 8.665325 6.843713 4.361268
v 8.374161 6.812568 4.231026
v 8.035646 6.791634 4.109377
v 7.676181 6.778921 4.019354
v 7.322165 6.772436 3.983992
v 9.000000 7.000000 4.500000
v 8.925713 7.000000 4.461354
v 8.725163 7.000000 4.364375
v 8.431822 7.000000 4.237507
v 8.079165 7.000000 4.109193
v 7.700661 7.000000 4.007875
v 7.329781 7.000000 3.961997
v 9.000000 7.055393 5.972304
v 9.025838 7.000000 5.936182
v 9.000000 6.944605 5.972304
v 9.000000 7.000000 6.000000
v 9.052542 6.864314 5.854689
v 9.000000 6.801749 5.900875
v 9.074427 6.679019 5.747197
v 9.000000 6.606413 5.803207
v 9.085802 6.474797 5.633073
v 9.000001 6.393586 5.696794
v 9.080981 6.282331 5.531688
v 9.000000 6.198250 5.599126
v 9.054277 6.132302 5.462409
v 9.000001 6.055393 5.527698
v 9.052542 7.135685 5.854689
v 9.100608 7.000000 5.762660
v 9.136375 6.819008 5.644413
v 9.152021 6.620523 5.519572
v 9.139722 6.432360 5.407764
v 9.091658 6.282331 5.328615
v 9.000000 7.393586 5.803207
v 9.074427 7.320980 5.747197
v 9.136375 7.180992 5.644413
v 9.178450 7.000000 5.514211
v 9.193248 6.804384 5.375953
v 9.173371 6.620524 5.248995
v 9.111423 6.474798 5.152696
v 9.085803 7.525202 5.633073
v 9.152021 7.379476 5.519572
v 9.193248 7.195616 5.375953
v 9.204070 7.000000 5.221881
v 9.179076 6.819008 5.077020
v 9.112858 6.679019 4.961034
v 9.000000 7.801749 5.599126
v 9.080982 7.717669 5.531687
v 9.139723 7.567640 5.407764
v 9.173371 7.379477 5.248995
v 9.179075 7.180992 5.077019
v 9.153982 7.000000 4.913478
v 9.095243 6.864315 4.780008
v 9.054277 7.867697 5.462409
v 9.091658 7.717669 5.328616
v 9.111423 7.525202 5.152697
v 9.112857 7.320981 4.961034
v 9.095243 7.135685 4.780009
v 9.057864 7.000000 4.636001
v 9.000000 8.000000 5.500000
v 9.000000 7.944607 5.444607
v 9.000000 7.801749 5.301750
v 9.000000 7.606414 5.106414
v 9.000000 7.198251 4.698251
v 8.933819 4.429158 10.125392
v 9.144438 4.518182 9.853508
v 9.220850 5.098568 9.737961
v 9.000000 5.000000 10.000000
v 9.273725 4.645026 9.553364
v 9.383753 5.227872 9.463291
v 9.347945 4.795305 9.232618
v 9.507879 5.378329 9.178835
v 9.393366 4.954640 8.898930
v 9.612398 5.540354 8.887435
v 9.436254 5.108648 8.559952
v 9.716477 5.704364 8.591934
v 9.502872 5.242949 8.223343
v 9.839290 5.860773 8.295175
v 8.778936 3.889949 10.221531
v 8.993019 3.951850 9.940736
v 9.118354 4.064602 9.631584
v 9.182048 4.208786 9.299682
v 9.211206 4.364981 8.950629
v 9.232937 4.513768 8.590033
v 9.274344 4.635726 8.223492
v 8.601810 3.377561 10.338033
v 8.825055 3.405178 10.035369
v 8.965209 3.497894 9.718040
v 9.045456 3.631962 9.384645
v 9.088984 3.783638 9.033780
v 9.118978 3.929173 8.664044
v 9.158624 4.044823 8.274034
v 9.231112 4.106842 7.862348
v 8.468897 2.887182 10.524515
v 8.699008 2.883774 10.173132
v 8.861855 2.956192 9.832819
v 8.973436 3.078026 9.492131
v 9.049757 3.222871 9.139626
v 9.106819 3.364318 8.763858
v 9.160625 3.475959 8.353384
v 9.227178 3.531387 7.896761
v 8.446652 2.414004 10.830592
v 8.673338 2.393248 10.389748
v 8.855856 2.450787 9.996006
v 9.001258 2.560169 9.626760
v 9.116593 2.694941 9.259407
v 9.208911 2.828653 8.871340
v 9.285265 2.934852 8.439955
v 8.601536 1.953213 11.305882
v 8.806508 1.939206 10.720942
v 8.994783 1.992970 10.227689
v 9.164188 2.091580 9.793154
v 9.312551 2.212110 9.384367
v 9.437698 2.331633 8.968359
v 9.537458 2.427222 8.512157
v 7.316670 4.315464 11.144087
v 7.585198 4.363644 10.962230
v 7.354235 4.987587 10.826520
v 7.000000 5.000000 11.000000
v 7.832673 4.382337 10.819795
v 7.681628 4.966211 10.690435
v 8.064225 4.382847 10.700393
v 7.984581 4.943733 10.575432
v 8.284986 4.376479 10.587640
v 8.265494 4.928011 10.465199
v 8.500086 4.374539 10.465146
v 8.526768 4.926908 10.343423
v 8.714653 4.388330 10.316525
v 8.770803 4.948284 10.193794
v 7.524590 3.735955 11.259100
v 7.705898 3.820323 11.060479
v 7.875830 3.864532 10.906595
v 8.040788 3.880204 10.780684
v 8.207174 3.878959 10.665986
v 8.381393 3.872420 10.545735
v 8.569846 3.872210 10.403172
v 7.682817 3.235365 11.362236
v 7.783322 3.334397 11.150130
v 7.883290 3.390898 10.987917
v 7.989200 3.414642 10.858818
v 8.107529 3.415406 10.746058
v 8.244754 3.402963 10.632857
v 8.407355 3.387090 10.502442
v 7.850411 2.787583 11.470695
v 7.884457 2.882632 11.260046
v 7.927246 2.939529 11.100840
v 7.984395 2.965001 10.977305
v 8.061518 2.965776 10.873675
v 8.164232 2.948581 10.774180
v 8.298153 2.920140 10.663050
v 8.086433 2.366501 11.601676
v 8.076290 2.441798 11.419088
v 8.079889 2.488525 11.282442
v 8.101305 2.510122 11.178658
v 8.144614 2.510028 11.094659
v 8.213892 2.491684 11.017365
v 8.313212 2.458530 10.933703
v 8.449944 1.946010 11.772378
v 8.425809 1.988664 11.656118
v 8.413410 2.015982 11.569801
v 8.414863 2.028841 11.505383
v 8.432285 2.028117 11.454826
v 8.467793 2.014687 11.410084
v 8.523504 1.989426 11.363116
v 7.289953 2.496298 14.342194
v 7.438884 2.657955 13.863881
v 7.151041 2.992094 13.528317
v 7.000000 2.799999 14.000000
v 7.470858 2.852343 13.359831
v 7.184387 3.225697 13.049297
v 7.427027 3.079466 12.849771
v 7.140446 3.500341 12.575964
v 7.348541 3.339332 12.353436
v 7.059628 3.815561 12.121344
v 7.276553 3.631949 11.890556
v 6.982341 4.170888 11.698458
v 7.252212 3.957324 11.480863
v 7.547261 2.231871 14.656330
v 7.689032 2.333113 14.180126
v 7.719377 2.480390 13.664066
v 7.676151 2.668807 13.130238
v 7.597207 2.893467 12.600737
v 7.520396 3.149476 12.097651
v 7.483573 3.431937 11.643075
v 7.819236 2.021038 14.947945
v 7.942187 2.040201 14.475883
v 7.964653 2.132119 13.954885
v 7.918437 2.284003 13.406280
v 7.835341 2.483060 12.851389
v 7.747169 2.716500 12.311536
v 7.685728 2.971532 11.808043
v 8.153185 1.878116 15.222578
v 8.239052 1.801854 14.749975
v 8.241392 1.829812 14.225170
v 8.184496 1.940694 13.666811
v 8.092659 2.113206 13.093540
v 7.990170 2.326055 12.524001
v 7.901324 2.557945 11.976838
v 8.596422 1.817423 15.485772
v 8.620330 1.640707 15.001236
v 8.584303 1.595746 14.467804
v 8.504950 1.654517 13.900748
v 8.398878 1.789000 13.315337
v 8.282697 1.971172 12.726841
v 8.173012 2.173014 12.150531
v 9.196258 1.853278 15.743067
v 9.126722 1.579395 15.228493
v 9.028093 1.452203 14.675666
v 8.910411 1.441112 14.097003
v 8.783714 1.515536 13.504925
v 8.658044 1.644886 12.911848
v 8.543441 1.798573 12.330193
v 5.412998 2.745258 16.078533
v 5.255687 2.794129 15.746021
v 5.735505 2.574023 15.821925
v 5.556743 2.658375 15.489744
v 6.087601 2.456023 15.559874
v 6.444190 2.390255 15.286627
v 6.210098 2.570778 14.950421
v 6.780175 2.375714 14.996430
v 7.070462 2.411396 14.683537
v 6.790339 2.684324 14.342289
v 5.601285 2.712749 16.443230
v 5.933189 2.516705 16.176308
v 6.294402 2.369418 15.903162
v 6.660670 2.269090 15.619190
v 7.007740 2.213923 15.319795
v 7.311355 2.202116 15.000374
v 5.794903 2.701933 16.816916
v 6.127357 2.494750 16.538130
v 6.489713 2.333264 16.248602
v 6.861023 2.211313 15.946576
v 7.220344 2.122733 15.630297
v 7.546730 2.061363 15.298005
v 5.968203 2.718143 17.176384
v 6.295574 2.516491 16.892620
v 6.660889 2.354514 16.588726
v 7.046728 2.220951 16.267241
v 7.435671 2.104538 15.930696
v 7.810296 1.994014 15.581632
v 6.095536 2.766709 17.498442
v 6.415401 2.590256 17.225018
v 6.795290 2.440119 16.916075
v 7.219269 2.302031 16.579643
v 7.671406 2.161729 16.223759
v 8.135768 2.004948 15.856458
v 6.151257 2.852963 17.759880
v 6.464402 2.724378 17.520555
v 6.880271 2.597030 17.223177
v 7.380126 2.458583 16.882242
v 7.945233 2.296700 16.512245
v 8.556856 2.099043 16.127691
v 5.185909 6.296976 9.845129
v 5.681551 5.529509 10.380196
v 6.050913 6.055807 10.517052
v 5.500000 7.000000 10.000000
v 5.943714 4.913859 10.988744
v 6.319018 5.305824 11.060930
v 6.059198 4.409210 11.648163
v 6.406673 4.702361 11.626412
v 6.114803 3.974748 12.335840
v 6.416240 4.197733 12.208282
v 6.197328 3.569656 13.029160
v 6.450077 3.744255 12.801315
v 6.393573 3.153120 13.705515
v 6.610543 3.294240 13.400294
v 4.909310 5.657746 9.830671
v 5.315698 5.042630 10.406328
v 5.551344 4.539676 11.063814
v 5.683434 4.117410 11.776809
v 5.779155 3.744357 12.518991
v 5.905693 3.389040 13.264038
v 6.130235 3.019983 13.985627
v 6.519966 2.605713 14.657440
v 4.639096 5.098923 9.920494
v 4.938972 4.611488 10.550518
v 5.138556 4.201832 11.244447
v 5.282934 3.848542 11.981645
v 5.417190 3.530205 12.741478
v 5.586413 3.225407 13.503309
v 5.835687 2.912736 14.246503
v 4.344164 4.637123 10.078469
v 4.536997 4.252404 10.767832
v 4.702003 3.918884 11.488945
v 4.861250 3.624187 12.231962
v 5.036802 3.355939 12.987041
v 5.250726 3.101763 13.744337
v 5.525087 2.849285 14.494004
v 5.881952 2.586128 15.226200
v 3.993407 4.288959 10.268465
v 4.095389 3.981697 11.013340
v 4.238335 3.709389 11.755614
v 4.421935 3.465927 12.497054
v 4.645882 3.245203 13.239423
v 4.909871 3.041108 13.984486
v 5.213594 2.847535 14.734004
v 3.555720 4.071046 10.454352
v 3.599772 3.815686 11.242107
v 3.744201 3.591905 12.002761
v 3.968541 3.395343 12.746214
v 4.252326 3.221644 13.482366
v 4.575090 3.066447 14.221118
v 4.916365 2.925395 14.972370
v 5.970865 6.710710 7.970866
v 5.783961 6.688570 8.271312
v 5.822385 7.000000 8.292465
v 6.000000 7.000000 8.000000
v 5.522950 6.645595 8.542751
v 5.566350 7.000000 8.561567
v 5.247251 6.586891 8.796049
v 5.300184 7.000000 8.819973
v 5.016278 6.517570 9.042070
v 5.092177 7.000000 9.080352
v 4.889452 6.442738 9.291681
v 5.010617 7.000000 9.355371
v 4.926190 6.367504 9.555746
v 5.123795 6.999999 9.657697
v 5.889279 6.452631 7.889280
v 5.679346 6.396368 8.211967
v 5.415008 6.305500 8.498631
v 5.142895 6.189331 8.761816
v 4.909639 6.057167 9.014068
v 4.761869 5.918311 9.267930
v 4.746216 5.782070 9.535950
v 5.763968 6.230608 7.763968
v 5.521517 6.133873 8.118530
v 5.251888 5.994461 8.431103
v 4.987741 5.824991 8.717584
v 4.761730 5.638083 8.993866
v 4.606514 5.446356 9.275848
v 4.554750 5.262429 9.579426
v 5.603659 6.049486 7.603659
v 5.323457 5.911563 7.995102
v 5.042964 5.727222 8.342068
v 4.782409 5.511544 8.663664
v 4.562023 5.279612 8.978995
v 4.402033 5.046509 9.307170
v 4.322670 4.827318 9.667293
v 5.417076 5.914114 7.417076
v 5.098143 5.739922 7.845782
v 4.797599 5.518530 8.233423
v 4.527522 5.266663 8.600368
v 4.299987 5.001046 8.966981
v 4.127072 4.738407 9.353623
v 4.020854 4.495469 9.780663
v 5.212948 5.829336 7.212948
v 4.858557 5.629427 7.674669
v 4.525165 5.383130 8.107068
v 4.223701 5.108021 8.528007
v 3.965096 4.821680 8.955345
v 3.760277 4.541685 9.406942
v 3.620176 4.285614 9.900659
v 7.000000 6.771692 5.973425
v 6.752935 6.768291 6.176925
v 6.758574 7.000000 6.206657
v 7.000000 7.000000 6.000000
v 6.560977 6.761074 6.425356
v 6.570737 7.000000 6.456678
v 6.411071 6.751267 6.708128
v 6.424048 7.000000 6.739855
v 6.290160 6.740100 7.014654
v 6.306069 7.000000 7.045983
v 6.185193 6.728800 7.334345
v 6.204361 7.000000 7.364854
v 6.083113 6.718595 7.656611
v 6.106484 6.999999 7.686263
v 7.000000 6.561592 5.897811
v 6.738035 6.555471 6.093204
v 6.534528 6.545253 6.337624
v 6.375062 6.531507 6.619475
v 6.245221 6.514802 6.927162
v 6.130588 6.495708 7.249089
v 6.016746 6.474795 7.573660
v 7.000000 6.375863 5.779325
v 6.716899 6.367648 5.963707
v 6.495636 6.357514 6.202835
v 6.320413 6.344105 6.483688
v 6.175431 6.326066 6.793248
v 6.044896 6.302040 7.118494
v 5.913007 6.270672 7.446408
v 7.000000 6.220672 5.624134
v 6.692553 6.210930 5.796648
v 6.448547 6.202832 6.030340
v 6.251512 6.192450 6.310558
v 6.084974 6.175854 6.622653
v 5.932467 6.149114 6.951968
v 5.777519 6.108301 7.283855
v 7.000000 6.102187 5.438404
v 6.668023 6.091425 5.600238
v 6.397508 6.086185 5.829492
v 6.172746 6.079931 6.109879
v 5.978029 6.066130 6.425116
v 5.797651 6.038249 6.758919
v 5.615902 5.989755 7.095000
v 7.000000 6.026575 5.228304
v 6.646335 6.015244 5.382693
v 6.346765 6.012547 5.609642
v 6.088506 6.009934 5.891441
v 5.858778 5.998857 6.210382
v 5.644798 5.970763 6.548753
v 5.433782 5.917106 6.888845
v 8.853532 6.890233 5.970447
v 8.918538 7.000000 5.980450
v 8.611583 6.848300 5.932908
v 8.701248 7.000000 5.934833
v 8.303593 6.817277 5.881500
v 8.388777 7.000000 5.882699
v 7.959002 6.795634 5.838036
v 8.021770 7.000000 5.843599
v 7.607246 6.781843 5.824327
v 7.640875 7.000000 5.837082
v 7.277765 6.774371 5.862186
v 7.286736 6.999999 5.882699
v 8.817913 6.720925 5.911063
v 8.563716 6.661035 5.880439
v 8.259949 6.618822 5.831366
v 7.929152 6.591028 5.786205
v 7.593868 6.574396 5.767316
v 7.276637 6.565670 5.797065
v 8.807217 6.521231 5.819133
v 8.551050 6.461478 5.791960
v 8.250945 6.422346 5.743679
v 7.926345 6.399027 5.696283
v 7.596691 6.386712 5.671763
v 7.281428 6.380593 5.692114
v 8.816975 6.320311 5.711491
v 8.566990 6.272906 5.682002
v 8.269685 6.245565 5.629822
v 7.944697 6.232479 5.576449
v 7.611662 6.227840 5.543380
v 7.290217 6.225840 5.552109
v 8.842719 6.147319 5.604967
v 8.604939 6.118593 5.565095
v 8.309271 6.106191 5.501178
v 7.978332 6.104232 5.434882
v 7.634730 6.106833 5.387877
v 7.301082 6.108112 5.381828
v 8.879987 6.031415 5.516397
v 8.658301 6.021816 5.455774
v 8.362807 6.021941 5.369128
v 8.021368 6.027135 5.279758
v 7.661845 6.032743 5.210965
v 7.312101 6.034108 5.186048
v 6.000000 7.709522 19.889214
v 6.614086 7.693798 19.813528
v 7.190898 7.680354 19.586763
v 7.744435 7.669569 19.259567
v 8.288699 7.661823 18.882587
v 8.837690 7.657495 18.506462
v 9.405406 7.656964 18.181843
v 6.000000 8.470710 19.603498
v 6.600905 8.417136 19.565632
v 7.172412 8.369416 19.373596
v 7.726502 8.329679 19.077085
v 8.275160 8.300054 18.725796
v 8.830366 8.282665 18.369417
v 9.404106 8.279644 18.057653
v 6.000000 9.224942 19.212830
v 6.569549 9.127070 19.218691
v 7.126316 9.037698 19.067530
v 7.678585 8.961918 18.807465
v 8.234640 8.904821 18.486618
v 8.802767 8.871498 18.153107
v 9.391246 8.867041 17.855049
v 6.000000 9.913605 18.787172
v 6.512571 9.780663 18.826813
v 7.040951 9.655713 18.708609
v 7.587615 9.547873 18.478523
v 8.155045 9.466259 18.182518
v 8.745716 9.419983 17.866558
v 9.362106 9.418164 17.576603
v 6.000000 10.478080 18.396502
v 6.422529 10.334973 18.444115
v 6.904657 10.193975 18.336884
v 7.440526 10.069133 18.118074
v 8.024273 9.974495 17.830959
v 8.650040 9.924107 17.518805
v 9.311964 9.932014 17.224882
v 6.000000 10.859750 18.110788
v 6.291977 10.747060 18.124718
v 6.705778 10.622995 17.992407
v 7.224246 10.507286 17.753941
v 7.830227 10.419662 17.449404
v 8.506565 10.379856 17.118881
v 9.236100 10.407598 16.802456
v 6.000000 10.999999 18.000000
v 6.113468 10.973985 17.922731
v 6.432650 10.913288 17.715225
v 6.925708 10.843919 17.413935
v 7.560808 10.791892 17.055315
v 8.306114 10.783220 16.675816
v 9.129789 10.843919 16.311895
v 3.062145 7.709485 17.944000
v 3.351145 7.709349 18.401743
v 3.693083 7.705850 18.819191
v 4.082336 7.701034 19.184546
v 4.513279 7.696946 19.486019
v 4.980287 7.695634 19.711815
v 5.477736 7.699143 19.850145
v 3.234362 8.368871 17.786123
v 3.505353 8.374456 18.222584
v 3.832575 8.377479 18.624294
v 4.207110 8.381269 18.976742
v 4.620039 8.389157 19.265404
v 5.062442 8.404472 19.475763
v 5.525403 8.430547 19.593300
v 3.495320 8.980606 17.541552
v 3.740928 8.995126 17.949570
v 4.045908 9.009706 18.331699
v 4.397078 9.028389 18.669621
v 4.781254 9.055213 18.945011
v 5.185255 9.094220 19.139559
v 5.595898 9.149449 19.234938
v 3.823692 9.547138 17.225470
v 4.040329 9.571162 17.603638
v 4.317410 9.597353 17.967768
v 4.637519 9.630075 18.295269
v 4.983246 9.673697 18.563549
v 5.337178 9.732581 18.750019
v 5.681900 9.811095 18.832092
v 4.198149 10.070915 16.853062
v 4.386016 10.102372 17.205730
v 4.631408 10.135241 17.558876
v 4.913717 10.174014 17.885780
v 5.212337 10.223190 18.159718
v 5.506663 10.287264 18.353966
v 5.776085 10.370728 18.441801
v 4.597361 10.554386 16.439512
v 4.760447 10.588560 16.776775
v 4.972231 10.618188 17.131390
v 5.210951 10.647887 17.473242
v 5.454849 10.682274 17.772219
v 5.682163 10.725969 17.998211
v 5.871134 10.783589 18.121105
v 5.000000 10.999999 16.000000
v 5.146082 11.029533 16.337713
v 5.324207 11.041018 16.711678
v 5.514504 11.039378 17.089741
v 5.697103 11.029534 17.439754
v 5.852132 11.016408 17.729568
v 5.959722 11.004922 17.927036
v 1.038956 7.603328 10.990878
v 1.025897 7.618841 12.031962
v 1.145945 7.636379 13.060816
v 1.379653 7.654658 14.075222
v 1.707573 7.672393 15.072962
v 2.110260 7.688299 16.051817
v 2.568267 7.701090 17.009569
v 1.157065 8.200130 10.964151
v 1.154581 8.243953 11.975913
v 1.292000 8.276551 12.981874
v 1.545229 8.300717 13.978075
v 1.890173 8.319242 14.960558
v 2.302739 8.334915 15.925367
v 2.758833 8.350528 16.868542
v 1.356186 8.759372 10.920780
v 1.367490 8.840069 11.891236
v 1.526926 8.888535 12.862769
v 1.804474 8.914289 13.829803
v 2.170110 8.926852 14.786773
v 2.593811 8.935746 15.728101
v 3.045555 8.950491 16.648218
v 1.638180 9.250016 10.861720
v 1.663342 9.371926 11.785078
v 1.843769 9.440351 12.713697
v 2.143712 9.471486 13.641571
v 2.527423 9.481533 14.562696
v 2.959156 9.486691 15.471056
v 3.403161 9.503160 16.360651
v 2.004907 9.641026 10.787930
v 2.040859 9.804260 11.664586
v 2.235574 9.900018 12.544861
v 2.549267 9.948420 13.424541
v 2.942154 9.969588 14.299415
v 3.374453 9.983646 15.165268
v 3.806379 10.010714 16.017887
v 2.458227 9.901366 10.700371
v 2.498760 10.101805 11.536913
v 2.695387 10.235556 12.366459
v 3.007463 10.321201 13.189875
v 3.394342 10.377324 14.008024
v 3.815381 10.422509 14.821771
v 4.229935 10.475334 15.631979
v 3.000000 10.000000 10.600000
v 3.035765 10.229295 11.409203
v 3.216254 10.414985 12.188688
v 3.504622 10.565945 12.948732
v 3.864026 10.691051 13.699610
v 4.257620 10.799178 14.451598
v 4.648559 10.899201 15.214969
v 4.028394 7.295567 6.028394
v 3.470385 7.318693 6.670580
v 2.907141 7.362528 7.322881
v 2.367993 7.418816 7.992577
v 1.882271 7.479297 8.686944
v 1.479304 7.535715 9.413265
v 1.188423 7.579811 10.178816
v 4.108253 7.556089 6.108251
v 3.570643 7.613519 6.732306
v 3.018799 7.705059 7.372615
v 2.484463 7.817158 8.033354
v 1.999379 7.936265 8.718699
v 1.595290 8.048832 9.432830
v 1.303937 8.141304 10.179921
v 4.231589 7.777764 6.231586
v 3.723174 7.875327 6.829689
v 3.190272 8.014631 7.450603
v 2.667104 8.179166 8.094999
v 2.187890 8.352419 8.763545
v 1.786852 8.517879 9.456910
v 1.498210 8.659034 10.175766
v 4.390418 7.956791 6.390415
v 3.916061 8.094970 6.958232
v 3.409596 8.278290 7.552836
v 2.906525 8.488982 8.172343
v 2.442346 8.709271 8.814870
v 2.052563 8.921389 9.478531
v 1.772674 9.107561 10.161443
v 4.576754 8.089375 6.576750
v 4.137386 8.263301 7.113439
v 3.664807 8.483080 7.675303
v 3.193336 8.730748 8.260220
v 2.757292 8.988341 8.866064
v 2.390993 9.237893 9.490713
v 2.128758 9.461445 10.132043
v 4.782609 8.171711 6.782607
v 4.375231 8.371174 7.290815
v 3.943939 8.616046 7.813996
v 3.518147 8.888608 8.353459
v 3.127268 9.171141 8.910518
v 2.800713 9.445925 9.486481
v 2.567895 9.695240 10.082663
v 5.000000 8.200000 7.000000
v 4.617679 8.409437 7.485863
v 4.235029 8.664227 7.964901
v 3.871569 8.946701 8.446893
v 3.546818 9.239186 8.941619
v 3.280294 9.524012 9.458858
v 3.091515 9.783506 10.008393
v 7.000000 7.229809 4.026324
v 6.511181 7.233475 4.198187
v 6.040652 7.241375 4.414039
v 5.590300 7.252114 4.670316
v 5.162011 7.264297 4.963453
v 4.757673 7.276530 5.289888
v 4.379172 7.287417 5.646057
v 7.000000 7.440495 4.101352
v 6.525512 7.446982 4.270530
v 6.066660 7.458147 4.488942
v 5.626339 7.473189 4.750551
v 5.207443 7.491306 5.049322
v 4.812867 7.511696 5.379219
v 4.445505 7.533557 5.734208
v 7.000000 7.626140 4.219168
v 6.545891 7.634706 4.384614
v 6.105027 7.645749 4.606371
v 5.681184 7.660402 4.875060
v 5.278140 7.679797 5.181304
v 4.899674 7.705067 5.515725
v 4.549565 7.737344 5.868945
v 7.000000 7.780829 4.373857
v 6.569449 7.790834 4.535133
v 6.151675 7.799613 4.760267
v 5.750561 7.810927 5.036303
v 5.369993 7.828540 5.350290
v 5.013856 7.856214 5.689272
v 4.686036 7.897710 6.040299
v 7.000000 7.898647 4.559502
v 6.593318 7.909552 4.716779
v 6.202531 7.915171 4.944568
v 5.830201 7.921942 5.226740
v 5.478893 7.936307 5.547172
v 5.151174 7.964708 5.889735
v 4.849606 8.013583 6.238302
v 7.000000 7.973676 4.770188
v 6.614629 7.985047 4.924245
v 6.253518 7.987855 5.153213
v 5.915830 7.990623 5.438832
v 5.600731 8.001870 5.762841
v 5.307385 8.030120 6.106980
v 5.034956 8.083893 6.452989
v 7.000000 8.000000 5.000000
v 6.630513 8.011503 5.152224
v 6.300562 8.013098 5.380143
v 6.003180 8.014143 5.665037
v 5.731399 8.023997 5.988189
v 5.478253 8.052019 6.330879
v 5.236776 8.107567 6.674389
v 9.000000 7.055393 4.555394
v 8.882738 7.112936 4.477068
v 8.665325 7.156285 4.361268
v 8.374161 7.187429 4.231026
v 8.035646 7.208363 4.109377
v 7.676181 7.221076 4.019355
v 7.322165 7.227561 3.983992
v 8.852789 7.284492 4.580114
v 8.623339 7.346742 4.440953
v 8.333292 7.389068 4.299954
v 8.004292 7.415537 4.176307
v 7.657982 7.430221 4.089199
v 7.316003 7.437184 4.057817
v 9.000000 7.393586 4.893587
v 8.836605 7.485428 4.743558
v 8.600327 7.548014 4.583067
v 8.310433 7.587173 4.429129
v 7.986187 7.608735 4.298756
v 7.646856 7.618531 4.208963
v 7.311705 7.622388 4.176762
v 8.834926 7.686508 4.940464
v 8.597414 7.736747 4.767250
v 8.306798 7.764007 4.603389
v 7.982414 7.775167 4.465501
v 7.643598 7.777104 4.370204
v 7.309681 7.776699 4.334116
v 8.848490 7.858497 5.143899
v 8.615718 7.889584 4.973136
v 8.323603 7.901827 4.807572
v 7.994058 7.902040 4.665316
v 7.648999 7.897038 4.564478
v 7.310340 7.893635 4.523171
v 8.878037 7.972154 5.326926
v 8.656366 7.983171 5.180363
v 8.362062 7.982895 5.026515
v 8.022200 7.976569 4.886976
v 7.663853 7.969430 4.783345
v 7.314094 7.966719 4.737216
v 8.924308 7.998245 5.462612
v 8.720480 7.994151 5.368568
v 8.423393 7.989471 5.245055
v 8.067926 7.985961 5.119256
v 7.688953 7.985376 5.018357
v 7.321352 7.989470 4.969544
v 8.531301 11.999319 11.379809
v 8.699720 12.067755 10.804234
v 8.882318 12.040903 10.305476
v 9.067714 11.948670 9.855505
v 9.244525 11.820961 9.426286
v 9.401372 11.687679 8.989783
v 9.526876 11.578735 8.517964
v 8.349105 11.520711 10.933442
v 8.556129 11.590153 10.486091
v 8.742849 11.559456 10.077191
v 8.908717 11.460306 9.687690
v 9.053185 11.324389 9.298536
v 9.175703 11.183390 8.890679
v 9.275725 11.068996 8.445065
v 8.375251 11.051067 10.623500
v 8.596441 11.092566 10.259616
v 8.767189 11.042443 9.902320
v 8.897861 10.930732 9.542527
v 8.998829 10.787460 9.171156
v 9.080459 10.642657 8.779127
v 9.153119 10.526358 8.357356
v 9.227178 10.468588 7.896761
v 8.531576 10.577283 10.412584
v 8.751863 10.574948 10.098186
v 8.899394 10.497537 9.767177
v 8.993751 10.371014 9.419538
v 9.054517 10.221345 9.055253
v 9.101275 10.074500 8.674304
v 9.153613 9.956443 8.276674
v 9.231112 9.893139 7.862348
v 8.739917 10.086247 10.263294
v 8.953602 10.037251 9.975182
v 9.083519 9.932402 9.658081
v 9.154982 9.792218 9.318246
v 9.193302 9.637223 8.961927
v 9.223794 9.487932 8.595382
v 9.271768 9.364868 8.224859
v 8.922113 9.564857 10.138233
v 9.132862 9.479427 9.863979
v 9.263621 9.354708 9.561347
v 9.340158 9.205414 9.238171
v 9.388245 9.046263 8.902288
v 9.433649 8.891972 8.561535
v 9.502142 8.757256 8.223746
v 9.000000 9.000000 10.000000
v 9.220850 8.901428 9.737961
v 9.383753 8.772121 9.463291
v 9.507879 8.621663 9.178835
v 9.612398 8.459639 8.887435
v 9.716477 8.295630 8.591934
v 9.839290 8.139223 8.295175
v 7.354571 9.012415 10.826331
v 7.583840 9.622902 10.966957
v 7.000000 8.999999 11.000000
v 7.690025 10.121927 11.066874
v 7.734744 10.539609 11.138193
v 7.640168 10.675164 11.376783
v 7.779613 10.906069 11.193034
v 7.791627 11.089471 11.489284
v 7.886251 11.251428 11.243507
v 8.116274 11.605804 11.301728
v 7.682096 9.033791 10.690172
v 7.841789 9.590234 10.824036
v 7.892915 10.042711 10.910171
v 7.887733 10.413368 10.957393
v 7.878500 10.724353 10.974517
v 7.917480 10.997808 10.970358
v 8.056928 11.255878 10.953728
v 7.985030 9.056269 10.575180
v 8.087745 9.555483 10.699381
v 8.107226 9.954297 10.775150
v 8.084021 10.270103 10.808086
v 8.058675 10.520291 10.803791
v 8.071734 10.722254 10.767860
v 8.163744 10.893383 10.705896
v 8.265831 9.071988 10.465010
v 8.324126 9.498869 10.573824
v 8.329026 9.831253 10.639219
v 8.308502 10.083472 10.663986
v 8.290524 10.269855 10.650915
v 8.303063 10.404732 10.602798
v 8.374090 10.502431 10.522425
v 8.526955 9.073089 10.343318
v 8.553350 9.400605 10.428188
v 8.554379 9.648145 10.479779
v 8.546065 9.827138 10.498798
v 8.544436 9.949015 10.485952
v 8.565518 10.025205 10.441948
v 8.625337 10.067139 10.367493
v 8.770860 9.051714 10.193763
v 8.777837 9.240911 10.243305
v 8.779349 9.379539 10.274239
v 8.781602 9.474760 10.286233
v 8.790800 9.533740 10.278960
v 8.813148 9.563639 10.252090
v 8.854851 9.571624 10.205290
v 9.243732 11.265040 15.653850
v 9.167603 11.605913 15.111330
v 9.048990 11.836305 14.576388
v 8.904629 11.974158 14.042463
v 8.751256 12.037416 13.502995
v 8.605604 12.044021 12.951423
v 8.484412 12.011915 12.381182
v 8.404415 11.959043 11.785714
v 8.666847 11.453641 15.362748
v 8.685379 11.671000 14.873560
v 8.628569 11.791434 14.368509
v 8.519549 11.831041 13.848031
v 8.381452 11.805919 13.312562
v 8.237406 11.732164 12.762531
v 8.110545 11.625875 12.198378
v 8.024000 11.503148 11.620534
v 8.227254 11.564370 15.105753
v 8.309145 11.663249 14.639472
v 8.293218 11.688461 14.142987
v 8.209338 11.650864 13.624350
v 8.087372 11.561310 13.091610
v 7.957188 11.430656 12.552819
v 7.848651 11.269758 12.016026
v 7.882863 11.595800 14.861924
v 8.003311 11.587672 14.398452
v 8.012108 11.531096 13.899040
v 7.945221 11.430463 13.378370
v 7.838616 11.290162 12.851127
v 7.728262 11.114585 12.331992
v 7.650123 10.908121 11.835649
v 7.591584 11.546500 14.610315
v 7.732287 11.449280 14.139883
v 7.754416 11.323045 13.635884
v 7.698428 11.166675 13.117043
v 7.604784 10.979044 12.602094
v 7.513941 10.759033 12.109758
v 7.466359 10.505519 11.658770
v 7.502496 10.217381 11.267855
v 7.311326 11.415043 14.329988
v 7.460482 11.253083 13.853150
v 7.489313 11.068016 13.352736
v 7.440187 10.856334 12.847322
v 7.355474 10.614527 12.355494
v 7.277539 10.339087 11.895833
v 7.248753 10.026506 11.486913
v 7.311482 9.673274 11.147320
v 7.000000 11.199999 14.000001
v 7.152305 11.004092 13.527641
v 7.185974 10.769715 13.048817
v 7.060285 10.183182 12.122318
v 6.982369 9.829833 11.699919
v 6.167747 11.082840 17.748102
v 6.495708 11.094064 17.474710
v 6.923865 11.070457 17.134373
v 7.432482 11.043887 16.754601
v 8.001823 11.046217 16.362915
v 8.612152 11.109314 15.986826
v 6.117123 11.165893 17.490269
v 6.453693 11.236481 17.187103
v 6.846317 11.258105 16.838631
v 7.279469 11.260699 16.463404
v 7.737625 11.274198 16.079977
v 8.205259 11.328533 15.706908
v 5.989191 11.223516 17.171862
v 6.332029 11.339715 16.865147
v 6.709041 11.401286 16.529795
v 7.103647 11.431382 16.175991
v 7.499270 11.453161 15.813928
v 7.879332 11.489771 15.453786
v 5.811544 11.256078 16.815519
v 6.156137 11.402940 16.521580
v 6.528011 11.494424 16.210947
v 6.906893 11.544991 15.886643
v 7.272510 11.569104 15.551689
v 7.604591 11.581219 15.209108
v 5.611779 11.263951 16.443872
v 5.951440 11.425331 16.169146
v 6.319204 11.531944 15.885173
v 6.691085 11.590580 15.589625
v 7.043099 11.608027 15.280185
v 7.351261 11.591070 14.954521
v 5.417492 11.247507 16.079559
v 5.743360 11.406063 15.820588
v 6.098595 11.508271 15.555553
v 6.458101 11.557202 15.279217
v 6.796787 11.555929 14.986339
v 7.089560 11.507519 14.671677
v 5.256274 11.207115 15.745214
v 5.557318 11.344312 15.488643
v 5.882158 11.417830 15.225172
v 6.209819 11.433916 14.949687
v 6.519329 11.398809 14.657074
v 6.789714 11.318757 14.342216
v 3.555739 9.928885 10.454365
v 3.599357 10.184730 11.241823
v 3.743093 10.410068 12.001991
v 3.966738 10.608557 12.744915
v 4.250086 10.783850 13.480649
v 4.572930 10.939604 14.219245
v 4.915062 11.079473 14.970749
v 3.993470 9.710869 10.268507
v 4.093816 10.019766 11.012423
v 4.234060 10.297399 11.753211
v 4.414876 10.547417 12.493113
v 4.636935 10.773467 13.234365
v 4.900914 10.979201 13.979214
v 5.207483 11.168265 14.729894
v 4.344277 9.362599 10.078544
v 4.533813 9.750475 10.766070
v 4.693326 10.094359 11.484400
v 4.846863 10.401793 12.224590
v 5.018468 10.680318 12.977703
v 5.232188 10.937471 13.734798
v 5.512070 11.180797 14.486935
v 4.639247 8.900729 9.920594
v 4.934020 9.392924 10.547840
v 5.125060 9.818329 11.237606
v 5.260526 10.190955 11.970618
v 5.388577 10.524817 12.727604
v 5.557371 10.833921 13.489292
v 5.815066 11.132284 14.236411
v 4.909468 8.341906 9.830776
v 5.309108 8.963183 10.402807
v 5.533431 9.486689 11.054882
v 5.653696 9.934171 11.762465
v 5.741158 10.327377 12.501014
v 5.867081 10.688056 13.245991
v 6.102718 11.037950 13.972857
v 5.186022 7.702778 9.845204
v 5.673747 8.477321 10.376035
v 5.922606 9.116820 10.978272
v 6.024195 9.650709 11.631393
v 6.070106 10.108418 12.314872
v 6.151933 10.519376 13.008185
v 6.361271 10.913012 13.690810
v 6.042611 7.951406 10.512602
v 6.296759 8.726106 11.049831
v 6.369854 9.359840 11.608676
v 6.369312 9.888353 12.186126
v 6.402546 10.347388 12.779170
v 6.576971 10.772690 13.384798
v 5.212948 8.170664 7.212948
v 4.858557 8.370569 7.674669
v 4.525165 8.616863 8.107068
v 4.223701 8.891967 8.528008
v 3.965098 9.178301 8.955348
v 3.760283 9.458285 9.406947
v 3.620187 9.714338 9.900666
v 5.417076 8.085885 7.417077
v 5.098143 8.260074 7.845782
v 4.797600 8.481461 8.233425
v 4.527525 8.733318 8.600371
v 4.299997 8.998917 8.966989
v 4.127093 9.261526 9.353639
v 4.020892 9.504420 9.780690
v 5.603658 7.950510 7.603659
v 5.323456 8.088429 7.995103
v 5.042965 8.272765 8.342070
v 4.782417 8.488428 8.663670
v 4.562042 8.720331 8.979009
v 4.402073 8.953385 9.307197
v 4.322741 9.172504 9.667338
v 5.763968 7.769388 7.763969
v 5.521518 7.866120 8.118530
v 5.251892 8.005525 8.431106
v 4.987752 8.174976 8.717591
v 4.761756 8.361847 8.993885
v 4.606568 8.553514 9.275885
v 4.554844 8.737350 9.579489
v 5.889279 7.547365 7.889280
v 5.679346 7.603626 8.211967
v 5.415011 7.694486 8.498633
v 5.142907 7.810636 8.761825
v 4.909667 7.942764 9.014087
v 4.761926 8.081558 9.267968
v 4.746315 8.217710 9.536016
v 5.970866 7.289285 7.970866
v 5.783962 7.311424 8.271313
v 5.522953 7.354395 8.542753
v 5.247259 7.413085 8.796056
v 5.016298 7.482380 9.042085
v 4.889493 7.557170 9.291708
v 4.926261 7.632340 9.555793
v 7.000000 7.973425 5.228304
v 6.646334 7.984752 5.382693
v 6.346764 7.987446 5.609642
v 6.088505 7.990058 5.891441
v 5.858776 8.001137 6.210382
v 5.644795 8.029231 6.548753
v 5.433780 8.082890 6.888845
v 7.000000 7.897811 5.438405
v 6.668023 7.908569 5.600238
v 6.397507 7.913808 5.829492
v 6.172745 7.920062 6.109879
v 5.978028 7.933862 6.425116
v 5.797649 7.961744 6.758919
v 5.615901 8.010241 7.095000
v 7.000000 7.779324 5.624134
v 6.692554 7.789063 5.796648
v 6.448547 7.797160 6.030340
v 6.251511 7.807541 6.310559
v 6.084973 7.824138 6.622653
v 5.932467 7.850878 6.951969
v 5.777518 7.891692 7.283855
v 7.000000 7.624133 5.779325
v 6.716899 7.632346 5.963707
v 6.495636 7.642479 6.202835
v 6.320413 7.655887 6.483688
v 6.175431 7.673927 6.793248
v 6.044896 7.697954 7.118495
v 5.913007 7.729321 7.446408
v 7.000000 7.438403 5.897811
v 6.738035 7.444523 6.093204
v 6.534528 7.454741 6.337624
v 6.375062 7.468487 6.619475
v 6.245220 7.485192 6.927163
v 6.130588 7.504286 7.249089
v 6.016746 7.525200 7.573660
v 7.000000 7.228303 5.973426
v 6.752935 7.231705 6.176925
v 6.560977 7.238922 6.425356
v 6.411070 7.248728 6.708128
v 6.290161 7.259894 7.014654
v 6.185193 7.271194 7.334345
v 6.083113 7.281401 7.656611
v 9.000000 7.944606 5.527697
v 8.879985 7.968584 5.516396
v 8.658298 7.978180 5.455773
v 8.362805 7.978055 5.369127
v 8.021367 7.972859 5.279758
v 7.661844 7.967253 5.210965
v 7.312101 7.965889 5.186048
v 8.842718 7.852678 5.604968
v 8.604937 7.881402 5.565095
v 8.309270 7.893802 5.501178
v 7.978330 7.895761 5.434883
v 7.634730 7.893161 5.387876
v 7.301082 7.891883 5.381828
v 9.000000 7.606413 5.696794
v 8.816973 7.679686 5.711491
v 8.566988 7.727088 5.682002
v 8.269684 7.754428 5.629822
v 7.944696 7.767514 5.576449
v 7.611662 7.772153 5.543380
v 7.290217 7.774154 5.552109
v 8.807216 7.478765 5.819133
v 8.551049 7.538516 5.791960
v 8.250944 7.577647 5.743680
v 7.926344 7.600966 5.696283
v 7.596691 7.613282 5.671764
v 7.281428 7.619400 5.692114
v 9.000000 7.198250 5.900875
v 8.817913 7.279072 5.911063
v 8.563715 7.338961 5.880439
v 8.259948 7.381173 5.831366
v 7.929152 7.408966 5.786205
v 7.593868 7.425597 5.767316
v 7.276637 7.434324 5.797065
v 8.853533 7.109764 5.970447
v 8.611584 7.151696 5.932909
v 8.303594 7.182719 5.881501
v 7.959002 7.204361 5.838036
v 7.607246 7.218153 5.824327
v 7.277765 7.225624 5.862186
v 8.999736 8.437119 9.872817
v 9.228983 8.359308 9.620489
v 9.414855 8.268283 9.371285
v 9.573195 8.164213 9.122542
v 9.719846 8.047269 8.871597
v 9.870646 7.917620 8.615788
v 10.041440 7.775439 8.352455
v 8.999559 7.865688 9.788029
v 9.234405 7.816041 9.542175
v 9.435590 7.761961 9.309948
v 9.616739 7.700880 9.085013
v 9.791476 7.630229 8.861039
v 9.973424 7.547440 8.631694
v 10.176208 7.449946 8.390642
v 8.999472 7.289130 9.745635
v 9.237116 7.272087 9.503019
v 9.445957 7.254149 9.279280
v 9.638512 7.234015 9.066249
v 9.827292 7.210384 8.855760
v 10.024814 7.181955 8.639645
v 10.243591 7.147427 8.409735
v 8.999472 6.710863 9.745634
v 9.237116 6.727904 9.503018
v 9.445957 6.745842 9.279280
v 9.638512 6.765975 9.066249
v 9.827291 6.789606 8.855761
v 10.024814 6.818036 8.639646
v 10.243591 6.852565 8.409736
v 8.999558 6.134305 9.788029
v 9.234404 6.183951 9.542175
v 9.435590 6.238031 9.309948
v 9.616739 6.299111 9.085013
v 9.791476 6.369762 8.861039
v 9.973424 6.452552 8.631694
v 10.176208 6.550046 8.390642
v 8.999736 5.562878 9.872818
v 9.228983 5.640686 9.620489
v 9.414855 5.731709 9.371285
v 9.573195 5.835778 9.122542
v 9.719846 5.952722 8.871598
v 9.870646 6.082371 8.615789
v 10.041440 6.224554 8.352455
v 6.854696 8.288828 10.732681
v 7.208722 8.356794 10.605894
v 7.553630 8.415931 10.504969
v 7.885373 8.462178 10.415176
v 8.199903 8.491479 10.321793
v 8.493172 8.499775 10.210090
v 8.761132 8.483008 10.065340
v 6.757827 7.717397 10.554470
v 7.111483 7.781817 10.458941
v 7.467978 7.834846 10.381505
v 7.818927 7.874671 10.308514
v 8.155945 7.899481 10.226319
v 8.470645 7.907462 10.121272
v 8.754645 7.896801 9.979725
v 6.709393 7.229814 10.465364
v 7.062847 7.255227 10.385473
v 7.425130 7.275828 10.319785
v 7.785682 7.291116 10.255194
v 8.133949 7.300590 10.178590
v 8.459374 7.303751 10.076868
v 8.751400 7.300098 9.936919
v 6.709393 6.770178 10.465364
v 7.062811 6.744766 10.385492
v 7.425078 6.724164 10.319813
v 7.785634 6.708877 10.255219
v 8.133913 6.699401 10.178610
v 8.459353 6.696240 10.076879
v 8.751394 6.699894 9.936921
v 6.757827 6.282595 10.554469
v 7.111367 6.218177 10.459005
v 7.467817 6.165148 10.381594
v 7.818772 6.125322 10.308599
v 8.155828 6.100512 10.226383
v 8.470580 6.092531 10.121307
v 8.754625 6.103191 9.979735
v 6.854696 5.711168 10.732681
v 7.208510 5.643203 10.606013
v 7.553335 5.584067 10.505134
v 7.885090 5.537819 10.415335
v 8.199690 5.508517 10.321911
v 8.493052 5.500220 10.210156
v 8.761096 5.516987 10.065360
v 6.778470 8.587605 10.915780
v 6.674748 8.007586 10.694128
v 6.605611 7.553964 10.546370
v 6.571069 7.176161 10.472507
v 6.571133 6.823594 10.472548
v 6.605812 6.445682 10.546495
v 6.675118 5.991844 10.694353
v 6.680186 8.413649 10.879049
v 6.588151 7.885429 10.692308
v 6.526824 7.481481 10.567839
v 6.496233 7.152040 10.505653
v 6.496407 6.847340 10.505769
v 6.527374 6.517616 10.568202
v 6.589162 6.113102 10.692967
v 6.681799 5.584035 10.880081
v 6.632650 8.360404 10.849588
v 6.536178 7.846332 10.691963
v 6.471912 7.457568 10.586915
v 6.439901 7.143896 10.534475
v 6.440192 6.855101 10.534673
v 6.472830 6.540969 10.587535
v 6.537864 6.151284 10.693091
v 6.563362 8.310144 10.787172
v 6.460102 7.814269 10.657821
v 6.391325 7.439844 10.571633
v 6.357093 7.138174 10.528646
v 6.357464 6.860562 10.528901
v 6.392501 6.558311 10.572435
v 6.462261 6.182725 10.659288
v 6.566808 5.685106 10.789502
v 6.399824 8.145142 10.651583
v 6.301198 7.713210 10.554623
v 6.235512 7.385929 10.490027
v 6.202827 7.121321 10.457841
v 6.203204 6.877409 10.458100
v 6.236706 6.612216 10.490849
v 6.303391 6.283765 10.556129
v 6.069536 7.747669 10.402600
v 6.000740 7.467129 10.347104
v 5.954921 7.253440 10.310139
v 5.932123 7.079780 10.291735
v 5.932391 6.919326 10.291920
v 5.955766 6.745255 10.310724
v 6.002292 6.530743 10.348178
v 6.072013 6.248970 10.404310
v 6.409154 5.595651 10.758502
v 6.590127 5.355549 10.918229
v 6.403324 5.850079 10.653980
v 6.654204 5.252929 11.019928
v 6.661757 5.205220 11.087294
v 6.635341 5.635831 10.851372
v 6.673159 5.129853 11.144020
v 6.748781 4.944255 11.213801
v 6.779060 5.411498 10.916126
v 6.948995 4.565857 11.320335
v 6.544796 5.064619 11.149540
v 6.643836 4.942885 11.217621
v 6.665977 4.884756 11.277985
v 6.661057 4.834361 11.343439
v 6.678919 4.735830 11.426797
v 6.769401 4.533296 11.540866
v 6.558924 4.614620 11.587210
v 6.623992 4.574729 11.573819
v 6.642395 4.546188 11.592735
v 6.654645 4.492500 11.650451
v 6.701258 4.377165 11.753462
v 6.822747 4.163685 11.908261
v 6.531523 4.204409 12.081303
v 6.590143 4.213721 12.008492
v 6.623734 4.202828 11.993247
v 6.663927 4.148886 12.038971
v 6.742356 4.029053 12.149066
v 6.890651 3.820486 12.326930
v 6.542578 3.792734 12.641606
v 6.601831 3.822503 12.543301
v 6.650266 3.820275 12.508585
v 6.710310 3.772767 12.539641
v 6.804392 3.666691 12.638656
v 6.954941 3.488762 12.807813
v 6.672075 3.338347 13.277908
v 6.718602 3.363715 13.199915
v 6.762263 3.364132 13.167814
v 6.815198 3.333388 13.183104
v 6.889547 3.265274 13.247284
v 6.997448 3.153579 13.361855
v 6.948700 9.435637 11.321600
v 6.745946 9.060505 11.213717
v 6.667889 8.876127 11.142355
v 6.654373 8.800671 11.084062
v 6.645243 8.752303 11.015389
v 6.580343 8.649191 10.912889
v 6.399517 8.409504 10.753109
v 6.762228 9.480536 11.538809
v 6.666030 9.286262 11.421596
v 6.643848 9.192320 11.335588
v 6.645758 9.144021 11.268098
v 6.621830 9.086679 11.206434
v 6.522139 8.965604 11.137909
v 6.810865 9.859482 11.903296
v 6.679942 9.662574 11.743719
v 6.626576 9.557600 11.637053
v 6.609824 9.509700 11.576753
v 6.588748 9.484013 11.556282
v 6.522405 9.445680 11.569104
v 7.141726 10.496278 12.576164
v 6.875409 10.209121 12.319418
v 6.714961 10.023584 12.135675
v 6.628055 9.918760 12.021339
v 6.582364 9.873737 11.972814
v 6.545561 9.867602 11.986502
v 6.485320 9.879445 12.058804
v 6.939412 10.541230 12.799415
v 6.776421 10.387811 12.624408
v 6.673785 10.298047 12.521336
v 6.608293 10.260532 12.487736
v 6.556732 10.263856 12.521150
v 6.495886 10.296611 12.619114
v 6.986425 10.867597 13.355528
v 6.869655 10.773776 13.236867
v 6.789267 10.717711 13.169927
v 6.732532 10.694486 13.152979
v 6.686723 10.699185 13.184295
v 6.639112 10.726892 13.262145
v 7.531677 -1.056522 18.890385
v 7.421263 -0.825798 18.897877
v 7.472303 -0.833820 19.055393
v 7.500000 -1.000001 19.000000
v 7.286736 -0.367527 18.997684
v 7.400875 -0.405249 19.198252
v 7.148129 0.225537 19.162884
v 7.303207 0.180757 19.393585
v 7.025479 0.860641 19.366549
v 7.196793 0.819241 19.606415
v 6.938821 1.445029 19.581751
v 7.099125 1.405247 19.801750
v 6.908190 1.885948 19.781569
v 7.027697 1.833818 19.944605
v 6.953621 2.090642 19.939072
v 7.000000 1.999999 20.000000
v 7.612392 -1.202009 18.593801
v 7.420635 -0.854335 18.583731
v 7.219357 -0.311781 18.653055
v 7.030321 0.340086 18.789749
v 6.875286 1.015700 18.981783
v 6.776013 1.629494 19.217138
v 6.754263 2.095901 19.483784
v 6.831799 2.329355 19.769697
v 7.720673 -1.400350 18.158638
v 7.452955 -0.905556 18.153143
v 7.185817 -0.244453 18.202820
v 6.942163 0.500406 18.314329
v 6.744901 1.246466 18.494339
v 6.616932 1.911173 18.749508
v 6.581164 2.411972 19.086504
v 6.660502 2.666309 19.511986
v 7.835047 -1.615433 17.633287
v 7.500762 -0.965589 17.646301
v 7.173191 -0.171985 17.685438
v 6.876039 0.682501 17.776787
v 6.633009 1.514989 17.946434
v 6.467808 2.242600 18.220470
v 6.404138 2.782456 18.624977
v 6.465704 3.051677 19.186049
v 7.934041 -1.811144 17.066139
v 7.546594 -1.020558 17.103394
v 7.168558 -0.100819 17.139374
v 6.824330 0.862373 17.217278
v 6.538302 1.783316 17.380299
v 6.334871 2.576308 17.671629
v 6.238430 3.155648 18.134464
v 6.273373 3.435633 18.811998
v 7.996183 -1.951370 16.505577
v 7.572986 -1.056591 16.564598
v 7.158992 -0.037397 16.603079
v 6.779416 1.016026 16.675949
v 6.459466 2.013496 16.838140
v 6.224353 2.864829 17.144583
v 6.099288 3.479841 17.650208
v 6.109482 3.768350 18.409945
v 8.000000 -2.000001 16.000000
v 7.562476 -1.059812 16.070110
v 7.131572 0.011837 16.115017
v 6.733680 1.119462 16.192963
v 6.395186 2.167577 16.362190
v 6.142483 3.060695 16.680943
v 6.001957 3.703331 17.207466
v 6.000000 3.999999 18.000000
v 6.274089 0.612258 11.331629
v 6.501657 0.090004 11.816345
v 6.750768 -0.574306 11.492154
v 6.500000 -0.000000 11.000000
v 6.732574 -0.309544 12.393377
v 7.016904 -1.036494 12.100277
v 6.956128 -0.603333 13.045776
v 7.281889 -1.396116 12.799213
v 7.161608 -0.808307 13.756598
v 7.529210 -1.662726 13.563807
v 7.338301 -0.941415 14.508892
v 7.742346 -1.845875 14.368906
v 7.475494 -1.019601 15.285712
v 7.904781 -1.955116 15.189356
v 6.088876 1.165382 11.809939
v 6.273233 0.759239 12.288798
v 6.456189 0.474494 12.820065
v 6.631503 0.286577 13.399527
v 6.792938 0.170922 14.022966
v 6.934254 0.102959 14.686171
v 7.049212 0.058120 15.384926
v 5.950839 1.686685 12.366310
v 6.080327 1.432511 12.843478
v 6.208572 1.287215 13.328478
v 6.332789 1.220098 13.830507
v 6.450193 1.200463 14.358771
v 6.558000 1.197611 14.922467
v 6.653423 1.180844 15.530798
v 5.866455 2.203484 12.932124
v 5.937768 2.108932 13.414351
v 6.010548 2.100213 13.866748
v 6.084759 2.143714 14.308768
v 6.160366 2.205816 14.759867
v 6.237330 2.252905 15.239500
v 6.315616 2.251364 15.767121
v 5.842203 2.743093 13.438755
v 5.860386 2.787611 13.935379
v 5.882942 2.885084 14.383009
v 5.912190 3.003907 14.804350
v 5.950449 3.112482 15.222111
v 6.000039 3.179205 15.658992
v 6.063277 3.172477 16.137701
v 5.884558 3.332826 13.817588
v 5.863009 3.467664 14.340527
v 5.846577 3.613420 14.825396
v 5.839855 3.747164 15.287304
v 5.847436 3.845960 15.741359
v 5.873918 3.886875 16.202667
v 5.923893 3.846977 16.686333
v 6.000000 3.999999 14.000000
v 5.922279 4.256818 15.142044
v 6.476539 2.092196 11.104130
v 6.394919 2.021437 11.164582
v 6.488935 1.918721 10.980164
v 6.500000 2.000000 11.000000
v 6.318726 1.866684 11.172928
v 6.463113 1.701861 10.933878
v 6.255241 1.650201 11.154840
v 6.433604 1.389881 10.880980
v 6.211750 1.394252 11.135993
v 6.411472 1.023242 10.841307
v 6.195539 1.121103 11.142059
v 6.407783 0.642408 10.834694
v 6.213890 0.853017 11.198713
v 6.433604 0.287840 10.880980
v 6.414993 2.334533 11.387918
v 6.293667 2.214798 11.476950
v 6.191111 2.066078 11.510746
v 6.111010 1.896307 11.516702
v 6.057051 1.713419 11.522205
v 6.032918 1.525347 11.554653
v 6.042298 1.340023 11.641433
v 6.328620 2.675630 11.808458
v 6.194352 2.483338 11.889893
v 6.085850 2.311997 11.927865
v 6.003716 2.159240 11.948105
v 5.948548 2.022697 11.976339
v 5.920947 1.900003 12.038301
v 5.921510 1.788788 12.159713
v 6.230677 3.064105 12.322842
v 6.106151 2.811593 12.376040
v 6.008527 2.616396 12.404818
v 5.936163 2.470037 12.430593
v 5.887417 2.364041 12.474790
v 5.860645 2.289934 12.558830
v 5.854206 2.239240 12.704134
v 6.038241 3.184098 12.908021
v 5.964723 2.991226 12.922133
v 5.911157 2.859737 12.945709
v 5.874832 2.779403 12.993952
v 5.853039 2.740002 13.082070
v 5.843066 2.731307 13.225269
v 6.053110 3.777670 13.461517
v 5.999798 3.585389 13.458464
v 5.960019 3.448443 13.460351
v 5.931500 3.359378 13.474997
v 5.911968 3.310738 13.510224
v 5.899149 3.295069 13.573852
v 5.890770 3.304917 13.673700
v 8.972303 -0.833820 19.055393
v 9.035238 -0.842761 18.942123
v 9.009518 -1.056451 18.891844
v 9.000000 -1.000001 19.000000
v 9.084824 -0.947908 18.734350
v 9.031723 -1.201775 18.598665
v 9.117917 -1.112730 18.446468
v 9.131375 -1.300698 18.092875
v 9.076136 -1.614870 17.644958
v 9.122052 -1.475279 17.687969
v 9.086805 -1.599944 17.246141
v 9.057102 -1.950949 16.514332
v 9.000000 -2.000001 16.000000
v 8.900875 -0.405249 19.198252
v 8.993170 -0.389916 19.063955
v 9.048368 -0.461811 18.892460
v 9.070024 -0.587800 18.678894
v 9.061686 -0.734751 18.418392
v 9.026904 -0.869529 18.106087
v 8.969232 -0.959002 17.737103
v 8.803207 0.180757 19.393585
v 8.902317 0.205775 19.234312
v 8.943146 0.167312 19.065992
v 8.936152 0.090993 18.875502
v 8.891800 0.002444 18.649717
v 8.820549 -0.072710 18.375509
v 8.732862 -0.108844 18.039761
v 8.639196 -0.080333 17.629341
v 8.696794 0.819241 19.606415
v 8.781691 0.848004 19.430170
v 8.789944 0.850258 19.247950
v 8.739037 0.839782 19.047123
v 8.646451 0.830361 18.815056
v 8.529670 0.835775 18.539116
v 8.406174 0.869806 18.206665
v 8.599125 1.405247 19.801750
v 8.650294 1.440462 19.628500
v 8.609552 1.497821 19.431334
v 8.501408 1.574699 19.204592
v 8.350370 1.668474 18.942621
v 8.180947 1.776523 18.639765
v 8.017650 1.896225 18.290367
v 7.884986 2.024956 17.888771
v 8.527698 1.833818 19.944605
v 8.527140 1.886841 19.806274
v 8.422762 2.020797 19.609137
v 8.246000 2.211874 19.358736
v 8.028291 2.436257 19.060619
v 7.801069 2.670134 18.720327
v 7.595770 2.889691 18.343414
v 7.443830 3.071115 17.935417
v 8.500000 1.999999 20.000000
v 8.431231 2.090831 19.940474
v 8.250360 2.329983 19.774368
v 7.995545 2.667439 19.520393
v 7.704946 3.053185 19.197258
v 7.416716 3.437204 18.823675
v 7.169014 3.769480 18.418352
v 7.000000 3.999999 18.000000
v 7.233818 3.334446 13.767403
v 7.204615 3.430200 14.329757
v 7.000000 3.999999 14.000000
v 7.184628 3.480826 14.927710
v 7.180171 3.486725 15.546517
v 6.852748 4.308139 15.730436
v 7.197552 3.448300 16.171434
v 6.827823 4.317128 16.321728
v 7.243082 3.365955 16.787722
v 7.323071 3.240093 17.380629
v 6.888986 4.167552 17.466444
v 7.420840 2.651973 13.470146
v 7.425996 2.637988 14.029358
v 7.450697 2.595478 14.647179
v 7.495448 2.526440 15.302849
v 7.560750 2.432873 15.975604
v 7.647106 2.316771 16.644684
v 7.755016 2.180133 17.289328
v 7.556665 1.981557 13.107830
v 7.604655 1.822448 13.659189
v 7.679768 1.665302 14.295024
v 7.777182 1.511181 14.988584
v 7.892078 1.361150 15.713119
v 8.019635 1.216274 16.441877
v 8.155031 1.077614 17.148115
v 8.293447 0.946236 17.805077
v 7.636893 1.352175 12.680056
v 7.729806 1.037588 13.220003
v 7.855340 0.762350 13.868100
v 8.003976 0.524841 14.592875
v 8.166197 0.323439 15.362857
v 8.332486 0.156524 16.146574
v 8.493325 0.022473 16.912561
v 7.657125 0.792803 12.186426
v 7.790666 0.337412 12.712549
v 7.960917 -0.041324 13.363262
v 8.154433 -0.348686 14.104875
v 8.357768 -0.589956 14.903701
v 8.557474 -0.770417 15.726052
v 8.740106 -0.895350 16.538240
v 8.892217 -0.970037 17.306576
v 7.612961 0.332419 11.626540
v 7.776445 -0.224074 12.137573
v 7.980000 -0.673667 12.777361
v 8.207156 -1.025505 13.513739
v 8.441451 -1.288730 14.314536
v 8.666415 -1.472485 15.147589
v 8.865584 -1.585916 15.980731
v 9.022491 -1.638164 16.781794
v 7.500000 -0.000000 11.000000
v 7.676360 -0.592863 11.495828
v 7.896089 -1.062627 12.107256
v 8.140750 -1.421721 12.808617
v 8.391908 -1.682576 13.574241
v 8.631125 -1.857621 14.378458
v 8.839970 -1.959286 15.195601
v 7.493434 1.918323 10.981013
v 7.519039 2.009726 11.180901
v 7.477055 2.092350 11.104792
v 7.500000 2.000000 11.000000
v 7.505559 2.186176 11.481977
v 7.416715 2.335046 11.390123
v 7.463907 2.418826 11.863163
v 7.331718 2.676552 11.812426
v 7.404994 2.678826 12.303377
v 7.339734 2.937329 12.781542
v 7.138725 3.449860 12.893673
v 7.279038 3.165485 13.276577
v 7.056208 3.778593 13.465485
v 7.478113 1.700533 10.936712
v 7.538540 1.803012 11.219160
v 7.560266 1.939449 11.534189
v 7.552791 2.096158 11.878144
v 7.525610 2.259451 12.247372
v 7.488227 2.415642 12.638218
v 7.450137 2.551046 13.047026
v 7.460604 1.387491 10.886082
v 7.541306 1.503406 11.224063
v 7.585928 1.616637 11.541025
v 7.602721 1.722585 11.845464
v 7.599939 1.816650 12.145870
v 7.585834 1.894233 12.450737
v 7.568658 1.950736 12.768559
v 7.447472 1.020056 10.848107
v 7.533087 1.142105 11.200104
v 7.587639 1.239514 11.496756
v 7.618054 1.312146 11.753215
v 7.631260 1.359864 11.984626
v 7.634183 1.382533 12.206139
v 7.633752 1.380016 12.432899
v 7.445283 0.639089 10.841778
v 7.519631 0.750306 11.151775
v 7.570493 0.829851 11.395649
v 7.603143 0.878877 11.589491
v 7.622856 0.898534 11.749396
v 7.634908 0.889973 11.891459
v 7.644573 0.854346 12.031770
v 7.460604 0.285450 10.886080
v 7.506686 0.359205 11.083576
v 7.539582 0.409422 11.231975
v 7.562341 0.436815 11.342388
v 7.578010 0.442098 11.425937
v 7.589637 0.425985 11.493732
v 7.600272 0.389187 11.556896
v 8.416910 1.999999 20.000000
v 8.289396 2.237571 19.922850
v 8.078583 2.553828 19.755575
v 7.815560 2.915912 19.511908
v 7.531414 3.290965 19.205587
v 7.257234 3.646128 18.850349
v 7.024105 3.948543 18.459930
v 6.863118 4.165351 18.048065
v 8.202624 1.999999 20.000000
v 8.051363 2.317311 19.917006
v 7.835239 2.673023 19.756500
v 7.580301 3.044502 19.528040
v 7.312593 3.409112 19.241184
v 7.058165 3.744221 18.905489
v 6.843061 4.027193 18.530512
v 6.693329 4.235394 18.125809
v 7.909621 1.999999 20.000002
v 7.761000 2.340898 19.919359
v 7.557094 2.705571 19.768940
v 7.320785 3.075411 19.555477
v 7.074957 3.431807 19.285702
v 6.842492 3.756151 18.966345
v 6.646272 4.029832 18.604137
v 6.509181 4.234243 18.205809
v 7.590379 1.999999 20.000002
v 7.462175 2.319178 19.926325
v 7.280910 2.669476 19.784687
v 7.068029 3.030843 19.580906
v 6.844975 3.383231 19.320797
v 6.633194 3.706589 19.010172
v 6.454129 3.980866 18.654850
v 6.329224 4.186014 18.260649
v 7.297377 1.999999 20.000002
v 7.198759 2.262998 19.934322
v 7.043458 2.582739 19.795534
v 6.853053 2.933002 19.591009
v 6.649126 3.287563 19.328115
v 6.453255 3.620202 19.014219
v 6.287023 3.904695 18.656694
v 6.172008 4.114821 18.262907
v 7.083090 1.999999 20.000000
v 7.014617 2.183204 19.939764
v 6.881497 2.463364 19.793274
v 6.706871 2.804089 19.572474
v 6.513877 3.168985 19.289314
v 6.325654 3.521661 18.955746
v 6.165343 3.825722 18.583714
v 6.056084 4.044777 18.185165
v 8.916910 -1.000001 19.000000
v 8.867507 -0.771954 19.163616
v 8.796713 -0.344214 19.355547
v 8.712956 0.203507 19.554653
v 8.624667 0.791499 19.739794
v 8.540277 1.340052 19.889828
v 8.468215 1.769456 19.983608
v 8.702623 -1.000001 19.000000
v 8.647081 -0.736591 19.231503
v 8.581893 -0.316369 19.455700
v 8.509666 0.199610 19.659248
v 8.433016 0.750291 19.828798
v 8.354550 1.274619 19.951006
v 8.276884 1.711540 20.012520
v 8.409621 -1.000001 19.000000
v 8.358509 -0.724203 19.261610
v 8.300787 -0.314007 19.501537
v 8.236357 0.180504 19.709040
v 8.165122 0.709244 19.873379
v 8.086987 1.222130 19.983814
v 8.001852 1.669076 20.029600
v 8.090380 -1.000001 19.000000
v 8.049265 -0.731261 19.256496
v 7.997763 -0.329420 19.495884
v 7.936040 0.157627 19.705700
v 7.864270 0.681987 19.873482
v 7.782623 1.195766 19.986769
v 7.691269 1.651068 20.033096
v 7.797377 -1.000001 19.000000
v 7.766830 -0.754236 19.218718
v 7.717190 -0.354903 19.441568
v 7.651733 0.142419 19.650896
v 7.573743 0.682149 19.829058
v 7.486499 1.208709 19.958395
v 7.393284 1.666519 20.021259
v 7.583090 -1.000001 18.999998
v 7.558683 -0.789599 19.150829
v 7.503437 -0.382748 19.341412
v 7.426450 0.146316 19.546301
v 7.336822 0.723358 19.740049
v 7.243653 1.274142 19.897215
v 7.156043 1.724434 19.992344
v 8.937471 -2.062053 15.817103
v 8.991362 -2.025904 16.329676
v 9.009374 -1.914731 16.892967
v 9.079308 -1.810558 17.078297
v 9.001669 -1.750434 17.464970
v 8.978409 -1.554912 18.003681
v 9.057101 -1.399928 18.167393
v 8.949755 -1.350066 18.467093
v 8.925869 -1.157796 18.813200
v 8.818912 -2.138986 15.739569
v 8.864607 -2.109803 16.247108
v 8.871422 -2.013719 16.802145
v 8.850224 -1.864169 17.367825
v 8.811878 -1.674588 17.907301
v 8.767250 -1.458409 18.383720
v 8.727210 -1.229069 18.760239
v 8.661874 -2.209462 15.740758
v 8.696281 -2.182301 16.242058
v 8.687527 -2.089815 16.785843
v 8.647419 -1.942076 17.339479
v 8.587765 -1.749155 17.870344
v 8.520375 -1.521122 18.345806
v 8.457058 -1.268047 18.733232
v 8.483912 -2.252141 15.794035
v 8.505832 -2.223051 16.289953
v 8.479766 -2.125313 16.824076
v 8.418878 -1.970156 17.365898
v 8.336330 -1.768815 17.884907
v 8.245289 -1.532521 18.350601
v 8.158917 -1.272505 18.732468
v 8.302576 -2.245682 15.872758
v 8.312702 -2.211710 16.366219
v 8.270214 -2.102504 16.896860
v 8.190221 -1.934409 17.433031
v 8.087831 -1.723767 17.943081
v 7.978155 -1.486923 18.395361
v 7.876300 -1.240220 18.758217
v 8.135423 -2.168749 15.950293
v 8.136338 -2.127931 16.446285
v 8.080948 -2.003684 16.984207
v 7.987070 -1.820834 17.526842
v 7.872526 -1.604213 18.036961
v 7.755135 -1.378647 18.477343
v 7.652717 -1.168967 18.810762
v 7.418134 -0.089105 10.829792
v 7.599689 -0.679442 11.324726
v 7.824750 -1.144922 11.934164
v 8.074315 -1.498761 12.632912
v 8.329375 -1.754178 13.395775
v 8.570925 -1.924387 14.197556
v 8.779960 -2.022607 15.013063
v 7.283997 -0.174463 10.745255
v 7.477044 -0.761682 11.240059
v 7.710962 -1.224876 11.850029
v 7.966473 -1.577146 12.549800
v 8.224299 -1.831592 13.314005
v 8.465167 -2.001313 14.117279
v 8.669797 -2.099411 14.934255
v 7.116753 -0.240502 10.729025
v 7.324900 -0.824341 11.224081
v 7.569341 -1.286689 11.835898
v 7.830816 -1.639929 12.538599
v 8.090066 -1.896443 13.306311
v 8.327831 -2.068615 14.113157
v 8.524854 -2.168827 14.933265
v 6.935565 -0.271647 10.763743
v 7.159728 -0.852176 11.259047
v 7.414506 -1.314559 11.872812
v 7.680937 -1.670164 12.578624
v 7.940056 -1.930357 13.350067
v 8.172900 -2.106506 14.160727
v 8.360507 -2.209978 14.984188
v 6.759601 -0.252327 10.832052
v 6.998000 -0.829944 11.327211
v 7.261076 -1.292685 11.941817
v 7.530428 -1.650905 12.649191
v 7.787655 -1.914959 13.422650
v 8.014356 -2.095203 14.235518
v 8.192130 -2.201993 15.061115
v 6.608025 -0.166969 10.916592
v 6.856190 -0.742402 11.410830
v 7.123670 -1.205263 12.023958
v 7.392882 -1.565204 12.729614
v 7.646245 -1.831874 13.501439
v 7.866177 -2.014921 14.313068
v 8.035097 -2.123997 15.138139
v 7.444606 2.000000 11.000000
v 7.438842 1.867302 10.929150
v 7.420137 1.618904 10.843943
v 7.396653 1.291076 10.762299
v 7.376550 0.920090 10.702140
v 7.367988 0.542218 10.681387
v 7.379129 0.193729 10.717965
v 7.301749 2.000000 11.000000
v 7.299658 1.828253 10.894567
v 7.282190 1.554425 10.785421
v 7.258482 1.211986 10.688599
v 7.237671 0.834406 10.620133
v 7.228895 0.455158 10.596064
v 7.241291 0.107711 10.632426
v 7.106414 2.000000 11.000000
v 7.108855 1.804209 10.877244
v 7.094849 1.513170 10.759071
v 7.074069 1.159176 10.659540
v 7.056193 0.774519 10.592710
v 7.050898 0.391491 10.572640
v 7.067859 0.042387 10.613393
v 6.893586 2.000000 11.000001
v 6.899407 1.798202 10.877163
v 6.888691 1.501214 10.762817
v 6.871395 1.141604 10.669687
v 6.857476 0.751943 10.610493
v 6.856893 0.364801 10.597955
v 6.879603 0.012747 10.644799
v 6.698251 2.000000 11.000000
v 6.704289 1.813264 10.894300
v 6.694298 1.524628 10.794584
v 6.678439 1.168226 10.713602
v 6.666877 0.778195 10.664104
v 6.669775 0.388669 10.658845
v 6.697295 0.033783 10.710578
v 6.555394 2.000000 11.000000
v 6.556473 1.852426 10.928642
v 6.542246 1.589486 10.852297
v 6.523182 1.248000 10.785845
v 6.509757 0.864790 10.744168
v 6.512440 0.476677 10.742146
v 6.541706 0.120484 10.794661
v 6.893718 4.168962 14.046464
v 6.949448 3.957917 13.522251
v 7.031873 3.651160 12.974249
v 7.129571 3.286356 12.434532
v 7.234808 3.065335 12.328131
v 7.231116 2.901173 11.935174
v 7.325087 2.533275 11.508251
v 7.400058 2.220329 11.185834
v 6.741960 4.285175 14.068861
v 6.796164 4.080245 13.551365
v 6.876012 3.786431 13.019819
v 6.971271 3.432758 12.498469
v 7.071707 3.048253 12.011564
v 7.167088 2.661941 11.583353
v 7.247179 2.302847 11.238083
v 6.564694 4.346495 14.072336
v 6.616962 4.143883 13.557951
v 6.693222 3.854993 13.035113
v 6.784102 3.505072 12.523990
v 6.880234 3.119365 12.044749
v 6.972244 2.723120 11.617558
v 7.050761 2.341583 11.262587
v 6.381894 4.350780 14.062040
v 6.432448 4.147139 13.547133
v 6.505585 3.856169 13.024863
v 6.592263 3.503831 12.515141
v 6.683443 3.116085 12.037878
v 6.770084 2.718891 11.612992
v 6.843145 2.338209 11.260397
v 6.213531 4.295888 14.043119
v 6.263231 4.088317 13.524038
v 6.335185 3.789278 12.993799
v 6.419949 3.429567 12.475966
v 6.508081 3.039986 11.994105
v 6.590137 2.651331 11.571779
v 6.656674 2.294403 11.232556
v 6.079576 4.179676 14.020724
v 6.129916 3.965726 13.493793
v 6.204103 3.653641 12.946657
v 6.291355 3.282815 12.410519
v 6.380891 2.892642 11.916580
v 6.461930 2.522520 11.496047
v 6.523692 2.211840 11.180119
v 6.134421 3.448578 12.888165
v 6.755793 4.333665 17.513897
v 6.707761 4.438636 16.950840
v 6.835748 4.271763 16.903709
v 6.705784 4.484712 16.368729
v 6.736628 4.476337 15.777400
v 6.787056 4.417957 15.186687
v 6.898061 4.249293 15.139763
v 6.843831 4.314017 14.606431
v 6.951299 4.145081 14.559638
v 6.592141 4.407710 17.587204
v 6.548834 4.519908 17.015982
v 6.550306 4.575017 16.423519
v 6.583457 4.576068 15.821195
v 6.635183 4.526092 15.220391
v 6.692384 4.428117 14.632486
v 6.415400 4.411994 17.661083
v 6.376015 4.533978 17.078569
v 6.378731 4.601311 16.471783
v 6.411252 4.615111 15.854249
v 6.461284 4.576497 15.239483
v 6.516530 4.486586 14.641005
v 6.242940 4.368825 17.710262
v 6.206351 4.499249 17.118050
v 6.208402 4.576863 16.499222
v 6.238037 4.601245 15.868994
v 6.284201 4.571973 15.242579
v 6.335839 4.488626 14.635190
v 6.092132 4.300509 17.709461
v 6.056890 4.434122 17.113861
v 6.056663 4.514941 16.491520
v 6.081831 4.542247 15.857860
v 6.122778 4.515319 15.228293
v 6.169884 4.433439 14.618241
v 5.980347 4.229351 17.633404
v 5.944677 4.356998 17.045444
v 5.940854 4.428814 16.434372
v 5.960654 4.445895 15.813277
v 5.995856 4.409334 15.195245
v 6.038238 4.320230 14.593364
v 5.924953 4.177659 17.456814
v 5.886762 4.286279 16.892242
v 5.878321 4.331750 16.313469
v 5.892528 4.319966 15.727674
v 5.960471 4.148199 14.563757
v 7.531677 15.056520 18.890385
v 7.421263 14.825796 18.897877
v 7.472303 14.833817 19.055393
v 7.500000 14.999999 19.000000
v 7.286736 14.367526 18.997684
v 7.400875 14.405248 19.198252
v 7.148129 13.774461 19.162884
v 7.303207 13.819242 19.393585
v 7.025479 13.139358 19.366549
v 7.196793 13.180757 19.606415
v 6.938821 12.554970 19.581751
v 7.099125 12.594751 19.801750
v 6.908190 12.114052 19.781569
v 7.027697 12.166181 19.944605
v 6.953621 11.909356 19.939072
v 7.000000 11.999999 20.000000
v 7.612392 15.202007 18.593801
v 7.420635 14.854333 18.583731
v 7.219357 14.311780 18.653055
v 7.030321 13.659913 18.789749
v 6.875286 12.984300 18.981783
v 6.776013 12.370504 19.217138
v 6.754263 11.904098 19.483784
v 6.831799 11.670644 19.769697
v 7.720673 15.400350 18.158638
v 7.452955 14.905555 18.153143
v 7.185817 14.244452 18.202820
v 6.942163 13.499593 18.314329
v 6.744901 12.753532 18.494339
v 6.616932 12.088826 18.749508
v 6.581164 11.588027 19.086504
v 6.660502 11.333690 19.511986
v 7.835047 15.615432 17.633287
v 7.500762 14.965589 17.646301
v 7.173191 14.171983 17.685438
v 6.876039 13.317497 17.776787
v 6.633009 12.485010 17.946434
v 6.467808 11.757399 18.220470
v 6.404138 11.217544 18.624977
v 6.465704 10.948321 19.186049
v 7.934041 15.811142 17.066139
v 7.546594 15.020556 17.103394
v 7.168558 14.100818 17.139374
v 6.824330 13.137625 17.217278
v 6.538302 12.216682 17.380299
v 6.334871 11.423692 17.671629
v 6.238430 10.844351 18.134464
v 6.273373 10.564365 18.811998
v 7.996183 15.951369 16.505577
v 7.572986 15.056589 16.564598
v 7.158992 14.037395 16.603079
v 6.779416 12.983973 16.675949
v 6.459466 11.986503 16.838140
v 6.224353 11.135170 17.144583
v 6.099288 10.520158 17.650208
v 6.109482 10.231649 18.409945
v 8.000000 15.999999 16.000000
v 7.562476 15.059811 16.070110
v 7.131572 13.988161 16.115017
v 6.733680 12.880537 16.192963
v 6.395186 11.832421 16.362190
v 6.142483 10.939303 16.680943
v 6.001957 10.296667 17.207466
v 6.000000 9.999999 18.000000
v 6.274089 13.387740 11.331630
v 6.501657 13.909995 11.816346
v 6.750768 14.574305 11.492155
v 6.500000 13.999999 11.000001
v 6.732574 14.309543 12.393378
v 7.016904 15.036492 12.100278
v 6.956128 14.603331 13.045777
v 7.281889 15.396115 12.799214
v 7.161608 14.808306 13.756598
v 7.529210 15.662724 13.563808
v 7.338301 14.941413 14.508893
v 7.742346 15.845874 14.368907
v 7.475494 15.019600 15.285713
v 7.904781 15.955114 15.189357
v 6.088876 12.834617 11.809940
v 6.273233 13.240760 12.288799
v 6.456189 13.525506 12.820066
v 6.631503 13.713421 13.399528
v 6.792938 13.829078 14.022967
v 6.934254 13.897039 14.686172
v 7.049212 13.941878 15.384927
v 5.950839 12.313313 12.366311
v 6.080327 12.567488 12.843479
v 6.208572 12.712785 13.328479
v 6.332789 12.779901 13.830508
v 6.450193 12.799536 14.358772
v 6.558000 12.802388 14.922468
v 6.653423 12.819157 15.530799
v 5.866455 11.796515 12.932125
v 5.937768 11.891068 13.414352
v 6.010548 11.899785 13.866749
v 6.084759 11.856285 14.308769
v 6.160366 11.794183 14.759868
v 6.237330 11.747094 15.239501
v 6.315616 11.748634 15.767122
v 5.842203 11.256907 13.438756
v 5.860386 11.212388 13.935380
v 5.882942 11.114915 14.383010
v 5.912190 10.996092 14.804351
v 5.950449 10.887517 15.222111
v 6.000039 10.820794 15.658992
v 6.063277 10.827521 16.137701
v 5.884558 10.667172 13.817588
v 5.863009 10.532335 14.340527
v 5.846577 10.386579 14.825396
v 5.839855 10.252835 15.287304
v 5.847436 10.154039 15.741359
v 5.873918 10.113124 16.202667
v 5.923893 10.153022 16.686333
v 6.000000 9.999999 14.000000
v 5.922279 9.743181 15.142044
v 5.892528 9.680033 15.727674
v 6.476539 11.907804 11.104131
v 6.394919 11.978561 11.164583
v 6.488935 12.081277 10.980165
v 6.500000 11.999999 11.000001
v 6.318726 12.133315 11.172929
v 6.463113 12.298138 10.933879
v 6.255241 12.349797 11.154841
v 6.433604 12.610119 10.880980
v 6.211750 12.605747 11.135994
v 6.411472 12.976757 10.841308
v 6.195539 12.878897 11.142060
v 6.407783 13.357591 10.834695
v 6.213890 13.146982 11.198714
v 6.433604 13.712159 10.880980
v 6.414993 11.665465 11.387919
v 6.293667 11.785201 11.476951
v 6.191111 11.933921 11.510747
v 6.111010 12.103692 11.516703
v 6.057051 12.286580 11.522206
v 6.032918 12.474651 11.554654
v 6.042298 12.659976 11.641434
v 6.194352 11.516661 11.889894
v 6.085850 11.688003 11.927866
v 6.003716 11.840759 11.948106
v 5.948548 11.977302 11.976340
v 5.920947 12.099997 12.038301
v 5.921510 12.211210 12.159714
v 6.106151 11.188407 12.376041
v 6.008527 11.383604 12.404819
v 5.936163 11.529963 12.430594
v 5.887417 11.635959 12.474791
v 5.860645 11.710066 12.558831
v 5.854206 11.760759 12.704135
v 6.038241 10.815900 12.908021
v 5.964723 11.008773 12.922134
v 5.911157 11.140264 12.945710
v 5.874832 11.220595 12.993953
v 5.853039 11.259997 13.082071
v 5.843066 11.268692 13.225270
v 6.053110 10.222329 13.461517
v 5.999798 10.414610 13.458464
v 5.960019 10.551556 13.460351
v 5.931500 10.640621 13.474997
v 5.911968 10.689260 13.510224
v 5.899149 10.704929 13.573852
v 5.890770 10.695081 13.673700
v 8.972303 14.833817 19.055393
v 9.035238 14.842759 18.942123
v 9.009518 15.056449 18.891844
v 9.000000 14.999999 19.000000
v 9.084824 14.947906 18.734350
v 9.031723 15.201773 18.598665
v 9.117917 15.112728 18.446468
v 9.057101 15.399927 18.167393
v 9.131375 15.300696 18.092875
v 9.122052 15.475279 17.687969
v 9.086805 15.599942 17.246141
v 9.057102 15.950948 16.514332
v 9.000000 15.999999 16.000000
v 8.900875 14.405248 19.198252
v 8.993170 14.389915 19.063955
v 9.048368 14.461810 18.892460
v 9.070024 14.587800 18.678894
v 9.061686 14.734750 18.418392
v 9.026904 14.869528 18.106087
v 8.969232 14.959002 17.737103
v 8.892217 14.970037 17.306576
v 8.803207 13.819242 19.393585
v 8.902317 13.794223 19.234312
v 8.943146 13.832686 19.065992
v 8.936152 13.909005 18.875502
v 8.891800 13.997555 18.649717
v 8.820549 14.072708 18.375509
v 8.732862 14.108842 18.039761
v 8.639196 14.080333 17.629341
v 8.696794 13.180757 19.606415
v 8.781691 13.151994 19.430170
v 8.789944 13.149741 19.247950
v 8.739037 13.160216 19.047123
v 8.646451 13.169639 18.815056
v 8.529670 13.164225 18.539116
v 8.406174 13.130195 18.206665
v 8.293447 13.053763 17.805077
v 8.599125 12.594751 19.801750
v 8.650294 12.559536 19.628500
v 8.609552 12.502177 19.431334
v 8.501408 12.425299 19.204592
v 8.350370 12.331524 18.942621
v 8.180947 12.223475 18.639765
v 8.017650 12.103773 18.290367
v 7.884986 11.975042 17.888771
v 8.527698 12.166181 19.944605
v 8.527140 12.113158 19.806274
v 8.422762 11.979201 19.609137
v 8.246000 11.788125 19.358736
v 8.028291 11.563741 19.060619
v 7.801069 11.329865 18.720327
v 7.595770 11.110307 18.343414
v 7.443830 10.928884 17.935417
v 8.500000 11.999999 20.000000
v 8.431231 11.909167 19.940474
v 8.250360 11.670015 19.774368
v 7.995545 11.332559 19.520393
v 7.704946 10.946815 19.197258
v 7.416716 10.562796 18.823675
v 7.169014 10.230518 18.418352
v 7.000000 9.999999 18.000000
v 7.233818 10.665552 13.767403
v 7.204615 10.569798 14.329757
v 6.951299 9.854918 14.559638
v 7.000000 9.999999 14.000000
v 7.184628 10.519173 14.927710
v 7.180171 10.513274 15.546517
v 6.852748 9.691859 15.730436
v 7.197552 10.551699 16.171434
v 6.827823 9.682872 16.321728
v 7.243082 10.634045 16.787722
v 7.323071 10.759906 17.380629
v 7.420840 11.348025 13.470147
v 7.425996 11.362010 14.029359
v 7.450697 11.404521 14.647180
v 7.495448 11.473558 15.302850
v 7.560750 11.567126 15.975605
v 7.647106 11.683228 16.644684
v 7.755016 11.819865 17.289328
v 7.556665 12.018442 13.107831
v 7.604655 12.177550 13.659190
v 7.679768 12.334697 14.295025
v 7.777182 12.488818 14.988585
v 7.892078 12.638848 15.713120
v 8.019635 12.783726 16.441877
v 8.155031 12.922385 17.148115
v 7.636893 12.647824 12.680057
v 7.729806 12.962411 13.220004
v 7.855340 13.237649 13.868101
v 8.003976 13.475158 14.592875
v 8.166197 13.676560 15.362858
v 8.332486 13.843476 16.146574
v 8.493325 13.977525 16.912561
v 7.657125 13.207195 12.186427
v 7.790666 13.662587 12.712550
v 7.960917 14.041324 13.363263
v 8.154433 14.348684 14.104876
v 8.357768 14.589955 14.903702
v 8.557474 14.770416 15.726053
v 8.740106 14.895349 16.538240
v 7.612961 13.667580 11.626541
v 7.776445 14.224072 12.137574
v 7.980000 14.673666 12.777362
v 8.207156 15.025505 13.513740
v 8.441451 15.288729 14.314537
v 8.666415 15.472485 15.147590
v 8.865584 15.585915 15.980732
v 9.022491 15.638164 16.781794
v 7.500000 13.999999 11.000001
v 7.676360 14.592862 11.495829
v 7.896089 15.062626 12.107257
v 8.140750 15.421721 12.808618
v 8.391908 15.682574 13.574242
v 8.631125 15.857619 14.378459
v 8.839970 15.959285 15.195601
v 7.493434 12.081676 10.981014
v 7.519039 11.990273 11.180902
v 7.477055 11.907649 11.104793
v 7.500000 11.999999 11.000001
v 7.505559 11.813824 11.481978
v 7.416715 11.664952 11.390124
v 7.463907 11.581174 11.863164
v 7.331718 11.323447 11.812427
v 7.404994 11.321173 12.303378
v 7.339734 11.062671 12.781543
v 7.138725 10.550139 12.893673
v 7.279038 10.834514 13.276577
v 7.056208 10.221406 13.465485
v 7.478113 12.299466 10.936713
v 7.538540 12.196987 11.219161
v 7.560266 12.060551 11.534190
v 7.552791 11.903842 11.878145
v 7.525610 11.740548 12.247373
v 7.488227 11.584356 12.638219
v 7.450137 11.448953 13.047027
v 7.460604 12.612509 10.886083
v 7.541306 12.496593 11.224064
v 7.585928 12.383361 11.541026
v 7.602721 12.277414 11.845465
v 7.599939 12.183349 12.145871
v 7.585834 12.105765 12.450738
v 7.568658 12.049263 12.768560
v 7.447472 12.979944 10.848108
v 7.533087 12.857894 11.200105
v 7.587639 12.760486 11.496757
v 7.618054 12.687853 11.753216
v 7.631260 12.640134 11.984627
v 7.634183 12.617465 12.206140
v 7.633752 12.619985 12.432899
v 7.445283 13.360911 10.841779
v 7.519631 13.249694 11.151776
v 7.570493 13.170148 11.395650
v 7.603143 13.121122 11.589492
v 7.622856 13.101466 11.749397
v 7.634908 13.110026 11.891459
v 7.644573 13.145653 12.031771
v 7.460604 13.714549 10.886081
v 7.506686 13.640794 11.083577
v 7.539582 13.590576 11.231976
v 7.562341 13.563184 11.342389
v 7.578010 13.557900 11.425938
v 7.589637 13.574015 11.493733
v 7.600272 13.610811 11.556897
v 8.416910 11.999999 20.000000
v 8.289396 11.762427 19.922850
v 8.078583 11.446171 19.755575
v 7.815560 11.084086 19.511908
v 7.531414 10.709034 19.205587
v 7.257234 10.353870 18.850349
v 7.024105 10.051455 18.459930
v 6.863118 9.834647 18.048065
v 8.202624 11.999999 20.000000
v 8.051363 11.682687 19.917006
v 7.835239 11.326976 19.756500
v 7.580301 10.955497 19.528040
v 7.312593 10.590887 19.241184
v 7.058165 10.255778 18.905489
v 6.843061 9.972807 18.530512
v 6.693329 9.764605 18.125809
v 7.909621 11.999999 20.000002
v 7.761000 11.659101 19.919359
v 7.557094 11.294427 19.768940
v 7.320785 10.924588 19.555477
v 7.074957 10.568192 19.285702
v 6.842492 10.243848 18.966345
v 6.646272 9.970165 18.604137
v 6.509181 9.765755 18.205809
v 7.590379 11.999999 20.000002
v 7.462175 11.680821 19.926325
v 7.280910 11.330523 19.784687
v 7.068029 10.969155 19.580906
v 6.844975 10.616769 19.320797
v 6.633194 10.293411 19.010172
v 6.454129 10.019133 18.654850
v 6.329224 9.813985 18.260649
v 7.297377 11.999998 20.000002
v 7.198759 11.737000 19.934322
v 7.043458 11.417259 19.795534
v 6.853053 11.066997 19.591009
v 6.649126 10.712436 19.328115
v 6.453255 10.379797 19.014219
v 6.287023 10.095304 18.656694
v 6.172008 9.885179 18.262907
v 7.083090 12.000000 20.000000
v 7.014617 11.816794 19.939764
v 6.881497 11.536634 19.793274
v 6.706871 11.195909 19.572474
v 6.513877 10.831014 19.289314
v 6.325654 10.478339 18.955746
v 6.165343 10.174277 18.583714
v 6.056084 9.955222 18.185165
v 8.916910 14.999999 19.000000
v 8.867507 14.771952 19.163616
v 8.796713 14.344213 19.355547
v 8.712956 13.796491 19.554653
v 8.624667 13.208499 19.739794
v 8.540277 12.659946 19.889828
v 8.468215 12.230543 19.983608
v 8.702623 14.999999 19.000000
v 8.647081 14.736589 19.231503
v 8.581893 14.316368 19.455700
v 8.509666 13.800389 19.659248
v 8.433016 13.249707 19.828798
v 8.354550 12.725380 19.951006
v 8.276884 12.288458 20.012520
v 8.409621 14.999999 19.000000
v 8.358509 14.724201 19.261610
v 8.300787 14.314006 19.501537
v 8.236357 13.819494 19.709040
v 8.165122 13.290753 19.873379
v 8.086987 12.777869 19.983814
v 8.001852 12.330922 20.029600
v 8.090380 14.999999 19.000000
v 8.049265 14.731259 19.256496
v 7.997763 14.329418 19.495884
v 7.936040 13.842371 19.705700
v 7.864270 13.318011 19.873482
v 7.782623 12.804233 19.986769
v 7.691269 12.348930 20.033096
v 7.797377 15.000000 19.000000
v 7.766830 14.754235 19.218718
v 7.717190 14.354902 19.441568
v 7.651733 13.857581 19.650896
v 7.573743 13.317850 19.829058
v 7.486499 12.791289 19.958395
v 7.393284 12.333479 20.021259
v 7.583090 14.999999 18.999998
v 7.558683 14.789598 19.150829
v 7.503437 14.382747 19.341412
v 7.426450 13.853683 19.546301
v 7.336822 13.276641 19.740049
v 7.243653 12.725857 19.897215
v 7.156043 12.275565 19.992344
v 8.937471 16.062052 15.817104
v 8.991362 16.025904 16.329676
v 9.009374 15.914730 16.892967
v 9.079308 15.810556 17.078297
v 9.001669 15.750432 17.464970
v 9.076136 15.614869 17.644958
v 8.978409 15.554911 18.003681
v 8.949755 15.350065 18.467093
v 8.925869 15.157793 18.813200
v 8.818912 16.138987 15.739570
v 8.864607 16.109804 16.247108
v 8.871422 16.013720 16.802145
v 8.850224 15.864167 17.367825
v 8.811878 15.674586 17.907301
v 8.767250 15.458407 18.383720
v 8.727210 15.229067 18.760239
v 8.661874 16.209461 15.740759
v 8.696281 16.182301 16.242058
v 8.687527 16.089815 16.785843
v 8.647419 15.942075 17.339479
v 8.587765 15.749153 17.870344
v 8.520375 15.521120 18.345806
v 8.457058 15.268044 18.733232
v 8.483912 16.252140 15.794036
v 8.505832 16.223051 16.289953
v 8.479766 16.125313 16.824076
v 8.418878 15.970155 17.365898
v 8.336330 15.768812 17.884907
v 8.245289 15.532519 18.350601
v 8.158917 15.272503 18.732468
v 8.302576 16.245682 15.872759
v 8.312702 16.211708 16.366219
v 8.270214 16.102505 16.896860
v 8.190221 15.934406 17.433031
v 8.087831 15.723765 17.943081
v 7.978155 15.486921 18.395361
v 7.876300 15.240218 18.758217
v 8.135423 16.168749 15.950294
v 8.136338 16.127932 16.446285
v 8.080948 16.003683 16.984207
v 7.987070 15.820832 17.526842
v 7.872526 15.604211 18.036961
v 7.755135 15.378645 18.477343
v 7.652717 15.168965 18.810762
v 7.418134 14.089105 10.829793
v 7.599689 14.679440 11.324727
v 7.824750 15.144921 11.934165
v 8.074315 15.498760 12.632913
v 8.329375 15.754176 13.395776
v 8.570925 15.924386 14.197557
v 8.779960 16.022606 15.013064
v 7.283997 14.174463 10.745255
v 7.477044 14.761682 11.240060
v 7.710962 15.224875 11.850030
v 7.966473 15.577146 12.549801
v 8.224299 15.831592 13.314006
v 8.465167 16.001312 14.117280
v 8.669797 16.099411 14.934256
v 7.116753 14.240501 10.729026
v 7.324900 14.824340 11.224082
v 7.569341 15.286689 11.835899
v 7.830816 15.639928 12.538600
v 8.090066 15.896442 13.306312
v 8.327831 16.068615 14.113158
v 8.524854 16.168827 14.933266
v 6.935565 14.271648 10.763744
v 7.159728 14.852176 11.259048
v 7.414506 15.314559 11.872813
v 7.680937 15.670163 12.578625
v 7.940056 15.930356 13.350068
v 8.172900 16.106506 14.160728
v 8.360507 16.209978 14.984189
v 6.759601 14.252327 10.832053
v 6.998000 14.829944 11.327212
v 7.261076 15.292684 11.941818
v 7.530428 15.650905 12.649192
v 7.787655 15.914959 13.422651
v 8.014356 16.095203 14.235519
v 8.192130 16.201992 15.061116
v 6.608025 14.166967 10.916593
v 6.856190 14.742400 11.410830
v 7.123670 15.205262 12.023959
v 7.392882 15.565203 12.729615
v 7.646245 15.831873 13.501440
v 7.866177 16.014921 14.313069
v 8.035097 16.123997 15.138140
v 7.444606 11.999999 11.000001
v 7.438842 12.132697 10.929151
v 7.420137 12.381096 10.843944
v 7.396653 12.708923 10.762300
v 7.376550 13.079910 10.702141
v 7.367988 13.457782 10.681388
v 7.379129 13.806272 10.717966
v 7.301749 11.999999 11.000001
v 7.299658 12.171747 10.894567
v 7.282190 12.445576 10.785422
v 7.258482 12.788014 10.688600
v 7.237671 13.165595 10.620134
v 7.228895 13.544843 10.596065
v 7.241291 13.892288 10.632427
v 7.106414 11.999999 11.000001
v 7.108855 12.195790 10.877245
v 7.094849 12.486830 10.759072
v 7.074069 12.840824 10.659541
v 7.056193 13.225481 10.592711
v 7.050898 13.608509 10.572641
v 7.067859 13.957613 10.613394
v 6.893586 11.999999 11.000002
v 6.899407 12.201797 10.877164
v 6.888691 12.498787 10.762818
v 6.871395 12.858396 10.669688
v 6.857476 13.248057 10.610494
v 6.856893 13.635201 10.597956
v 6.879603 13.987253 10.644800
v 6.698251 11.999998 11.000001
v 6.704289 12.186735 10.894301
v 6.694298 12.475371 10.794585
v 6.678439 12.831774 10.713603
v 6.666877 13.221806 10.664105
v 6.669775 13.611331 10.658846
v 6.697295 13.966217 10.710579
v 6.555394 12.000000 11.000001
v 6.556473 12.147573 10.928643
v 6.542246 12.410515 10.852298
v 6.523182 12.752000 10.785846
v 6.509757 13.135210 10.744169
v 6.512440 13.523322 10.742147
v 6.541706 13.879515 10.794662
v 6.893718 9.831037 14.046464
v 6.949448 10.042082 13.522251
v 7.031873 10.348840 12.974249
v 7.129571 10.713643 12.434532
v 7.234808 10.934665 12.328132
v 7.231116 11.098825 11.935175
v 7.325087 11.466724 11.508252
v 7.400058 11.779671 11.185835
v 6.741960 9.714825 14.068861
v 6.796164 9.919755 13.551365
v 6.876012 10.213569 13.019819
v 6.971271 10.567242 12.498469
v 7.071707 10.951746 12.011565
v 7.167088 11.338058 11.583354
v 7.247179 11.697152 11.238084
v 6.564694 9.653503 14.072336
v 6.616962 9.856114 13.557951
v 6.693222 10.145005 13.035113
v 6.784102 10.494925 12.523990
v 6.880234 10.880633 12.044749
v 6.972244 11.276878 11.617559
v 7.050761 11.658416 11.262588
v 6.381894 9.649219 14.062040
v 6.432448 9.852860 13.547133
v 6.505585 10.143830 13.024863
v 6.592263 10.496169 12.515141
v 6.683443 10.883914 12.037878
v 6.770084 11.281108 11.612993
v 6.843145 11.661790 11.260398
v 6.213531 9.704111 14.043119
v 6.263231 9.911682 13.524038
v 6.335185 10.210722 12.993799
v 6.419949 10.570432 12.475966
v 6.508081 10.960013 11.994106
v 6.590137 11.348666 11.571780
v 6.656674 11.705595 11.232557
v 6.079576 9.820324 14.020724
v 6.129916 10.034274 13.493793
v 6.204103 10.346358 12.946657
v 6.291355 10.717184 12.410519
v 6.380891 11.107356 11.916581
v 6.461930 11.477480 11.496048
v 6.523692 11.788158 11.180120
v 6.134421 10.551420 12.888165
v 6.230677 10.935895 12.322843
v 6.328620 11.324369 11.808459
v 6.755793 9.666333 17.513897
v 6.888986 9.832446 17.466444
v 6.707761 9.561362 16.950840
v 6.835748 9.728235 16.903709
v 6.705784 9.515286 16.368729
v 6.736628 9.523661 15.777400
v 6.787056 9.582043 15.186687
v 6.898061 9.750707 15.139763
v 6.843831 9.685983 14.606431
v 6.592141 9.592288 17.587204
v 6.548834 9.480092 17.015982
v 6.550306 9.424982 16.423519
v 6.583457 9.423931 15.821195
v 6.635183 9.473908 15.220391
v 6.692384 9.571882 14.632486
v 6.415400 9.588004 17.661083
v 6.376015 9.466022 17.078569
v 6.378731 9.398687 16.471783
v 6.411252 9.384888 15.854249
v 6.461284 9.423502 15.239483
v 6.516530 9.513413 14.641005
v 6.242940 9.631173 17.710262
v 6.206351 9.500751 17.118050
v 6.208402 9.423137 16.499222
v 6.238037 9.398755 15.868994
v 6.284201 9.428026 15.242579
v 6.335839 9.511374 14.635190
v 6.092132 9.699491 17.709461
v 6.056890 9.565877 17.113861
v 6.056663 9.485059 16.491520
v 6.081831 9.457753 15.857860
v 6.122778 9.484681 15.228293
v 6.169884 9.566561 14.618241
v 5.980347 9.770648 17.633404
v 5.944677 9.643001 17.045444
v 5.940854 9.571185 16.434372
v 5.960654 9.554106 15.813277
v 5.995856 9.590666 15.195245
v 6.038238 9.679770 14.593364
v 5.924953 9.822339 17.456814
v 5.886762 9.713719 16.892242
v 5.878321 9.668248 16.313469
v 5.960471 9.851800 14.563757
v 4.712629 2.644091 9.707289
v 4.791790 2.563530 9.579372
v 4.445747 2.465845 9.255247
v 4.353545 2.542642 9.366026
v 4.874233 2.519608 9.442483
v 4.534596 2.423543 9.131529
v 4.956191 2.511054 9.302240
v 4.617249 2.414814 9.000048
v 5.033895 2.536594 9.164263
v 4.690866 2.438733 8.865977
v 5.103576 2.594956 9.034171
v 4.752604 2.494378 8.734495
v 5.161464 2.684868 8.917584
v 4.799620 2.580825 8.610778
v 5.203792 2.805055 8.820122
v 4.829073 2.697150 8.500000
v 5.094344 2.762197 10.127037
v 5.141126 2.672169 9.961225
v 5.204262 2.622733 9.799475
v 5.278790 2.612211 9.646930
v 5.359748 2.638922 9.508732
v 5.442175 2.701189 9.390024
v 5.521109 2.797332 9.295948
v 5.591586 2.925672 9.231648
v 5.470305 2.885200 10.577528
v 5.479027 2.784201 10.368556
v 5.518935 2.728141 10.179903
v 5.583755 2.714916 10.015625
v 5.667214 2.742423 9.879772
v 5.763037 2.808561 9.776402
v 5.864950 2.911227 9.709563
v 5.966679 3.048316 9.683313
v 5.812129 3.001340 11.011018
v 5.790765 2.892066 10.769116
v 5.812508 2.831054 10.561169
v 5.869799 2.815802 10.389834
v 5.955081 2.843804 10.257774
v 6.060796 2.912558 10.167649
v 6.179386 3.019559 10.122120
v 6.303292 3.162304 10.123850
v 6.091432 3.098857 11.379764
v 6.061612 2.988201 11.130659
v 6.079234 2.926697 10.920670
v 6.135631 2.911501 10.751067
v 6.222137 2.939771 10.623125
v 6.330086 3.008665 10.538116
v 6.450811 3.115339 10.497314
v 6.575645 3.256952 10.501992
v 6.279828 3.165991 11.636022
v 6.276837 3.065048 11.420937
v 6.313365 3.010292 11.235807
v 6.379961 2.998646 11.080833
v 6.467169 3.027031 10.956213
v 6.565541 3.092367 10.862146
v 6.665622 3.191575 10.798834
v 6.757961 3.321575 10.766474
v 6.348934 3.190983 11.732051
v 6.421715 3.115043 11.607700
v 6.509159 3.077063 11.483981
v 6.601499 3.073870 11.360641
v 6.688968 3.102290 11.237426
v 6.761796 3.159149 11.114087
v 6.810216 3.241274 10.990372
v 6.824462 3.345490 10.866026
v 4.394664 3.622686 9.707289
v 4.372550 3.479635 9.778288
v 4.035913 3.356800 9.453490
v 4.044528 3.493697 9.366026
v 4.376611 3.326396 9.825621
v 4.048041 3.210531 9.511799
v 4.404649 3.169732 9.849287
v 4.079018 3.060722 9.540955
v 4.454467 3.016407 9.849287
v 4.126951 2.913199 9.540955
v 4.523868 2.873184 9.825621
v 4.189946 2.773792 9.511800
v 4.610655 2.746824 9.778288
v 4.266109 2.648330 9.453490
v 4.772899 3.751502 10.127037
v 4.718039 3.596943 10.159309
v 4.700595 3.435026 10.180823
v 4.718275 3.272811 10.191581
v 4.768784 3.117360 10.191581
v 4.849829 2.975733 10.180823
v 4.959113 2.854992 10.159308
v 5.149357 3.872975 10.577528
v 5.056149 3.705761 10.564812
v 5.013032 3.535744 10.556335
v 5.017763 3.369825 10.552095
v 5.068099 3.214909 10.552094
v 5.161796 3.077897 10.556334
v 5.296613 2.965693 10.564812
v 5.494164 3.979935 11.011018
v 5.370656 3.803123 10.963058
v 5.306960 3.627870 10.931086
v 5.300976 3.460641 10.915098
v 5.350602 3.307905 10.915098
v 5.453738 3.176132 10.931086
v 5.608281 3.071787 10.963058
v 5.777443 4.065213 11.379764
v 5.645327 3.886065 11.322308
v 5.575414 3.710724 11.284004
v 5.565779 3.545125 11.264852
v 5.614491 3.395204 11.264853
v 5.719623 3.266895 11.284004
v 5.879246 3.166135 11.322308
v 5.969319 4.121637 11.636022
v 5.863935 3.951620 11.610822
v 5.811434 3.783628 11.594023
v 5.810036 3.623145 11.585622
v 5.857958 3.475656 11.585623
v 5.953419 3.346644 11.594022
v 6.094635 3.241595 11.610822
v 6.039917 4.142038 11.732051
v 6.010252 3.996823 11.796862
v 6.008058 3.845901 11.840067
v 6.031613 3.694567 11.861670
v 6.079198 3.548114 11.861670
v 6.149093 3.411836 11.840068
v 6.239579 3.291028 11.796862
v 4.886636 3.781161 8.820122
v 4.781748 3.853514 8.917584
v 4.427855 3.725001 8.610778
v 4.520056 3.648206 8.500000
v 4.682067 3.892226 9.034171
v 4.339006 3.767300 8.734495
v 4.591391 3.898485 9.164263
v 4.256353 3.776029 8.865977
v 4.513514 3.873474 9.302239
v 4.182736 3.752109 9.000048
v 4.452237 3.818381 9.442483
v 4.120998 3.696465 9.131530
v 4.411354 3.734390 9.579372
v 4.073981 3.610020 9.255247
v 5.271265 3.911519 9.231648
v 5.138812 3.973922 9.295949
v 5.018442 4.005307 9.390024
v 4.915158 4.007232 9.508733
v 4.833961 3.981256 9.646930
v 4.779850 3.928937 9.799476
v 4.757829 3.851833 9.961225
v 5.646811 4.032772 9.683313
v 5.483932 4.083885 9.709564
v 5.341138 4.107040 9.776403
v 5.224740 4.104223 9.879774
v 5.141051 4.077422 10.015625
v 5.096383 4.028622 10.179904
v 5.097048 3.959811 10.368556
v 5.986136 4.138410 10.123850
v 5.801991 4.181063 10.122122
v 5.643157 4.197924 10.167650
v 5.517220 4.191409 10.257774
v 5.431765 4.163936 10.389834
v 5.394380 4.117922 10.561169
v 5.412651 4.055783 10.769116
v 6.262107 4.221924 10.501992
v 6.077877 4.263115 10.497314
v 5.917508 4.278457 10.538116
v 5.789680 4.270742 10.623126
v 5.703078 4.242766 10.751069
v 5.666383 4.197323 10.920670
v 5.688277 4.137207 11.130660
v 6.447588 4.276807 10.766474
v 6.296473 4.327704 10.798834
v 6.157193 4.349138 10.862147
v 6.039206 4.344175 10.956213
v 5.951967 4.315878 11.080832
v 5.904935 4.267313 11.235808
v 5.907567 4.201545 11.420937
v 6.515445 4.296547 10.866026
v 6.442664 4.372487 10.990372
v 6.355218 4.410465 11.114087
v 6.262877 4.413658 11.237426
v 6.175409 4.385237 11.360640
v 6.102582 4.328379 11.483981
v 6.054161 4.246254 11.607700
v 5.200371 2.939959 8.718321
v 4.837798 2.834401 8.412167
v 5.179431 3.087320 8.650454
v 4.825805 2.980713 8.353610
v 5.143106 3.240573 8.616519
v 4.794951 3.130372 8.324332
v 5.093531 3.393151 8.616519
v 4.747093 3.277665 8.324332
v 5.032838 3.538486 8.650454
v 4.684086 3.416877 8.353610
v 4.963162 3.670011 8.718321
v 4.607789 3.542296 8.412167
v 5.560987 3.052507 9.097570
v 5.521625 3.195422 9.008184
v 5.475726 3.347568 8.963492
v 5.425516 3.502099 8.963491
v 5.373219 3.652166 9.008185
v 5.321061 3.790922 9.097570
v 5.905914 3.165491 9.513084
v 5.846536 3.301682 9.399599
v 5.790724 3.450171 9.342856
v 5.740664 3.604242 9.342856
v 5.698536 3.757177 9.399599
v 5.666524 3.902259 9.513085
v 6.221424 3.272358 9.928036
v 6.148313 3.402768 9.797494
v 6.086015 3.547198 9.732223
v 6.036590 3.699313 9.732222
v 6.002096 3.852777 9.797494
v 5.984591 4.001254 9.928036
v 6.493783 3.366553 10.305595
v 6.421103 3.495344 10.174664
v 6.359509 3.637463 10.109199
v 6.310907 3.787044 10.109199
v 6.277203 3.938224 10.174664
v 6.260301 4.085138 10.305595
v 6.709261 3.441520 10.608932
v 6.659056 3.576076 10.503904
v 6.609122 3.719779 10.451390
v 6.561233 3.867167 10.451389
v 6.517164 4.012777 10.503903
v 6.478691 4.151145 10.608932
v 6.854127 3.490706 10.801216
v 6.856322 3.641628 10.758009
v 6.832767 3.792963 10.736405
v 6.785181 3.939415 10.736405
v 6.715286 4.075694 10.758009
v 6.624801 4.196502 10.801216
v 1.907105 1.998464 7.915777
v 2.029050 1.996404 7.935682
v 1.818544 1.981835 7.842039
v 1.805373 1.977556 7.866025
v 2.135272 2.003482 7.901710
v 1.852510 1.992872 7.780180
v 2.217893 2.016921 7.829228
v 2.269036 2.033945 7.733608
v 1.949557 2.024404 7.603440
v 2.280822 2.051778 7.630217
v 2.245373 2.067645 7.534423
v 2.029967 2.050531 7.456998
v 2.154812 2.078770 7.461596
v 2.043137 2.054811 7.433012
v 2.179149 2.054938 8.052275
v 2.352634 2.040445 8.079022
v 2.492718 2.039171 8.049173
v 2.592575 2.048611 7.976779
v 2.645384 2.066261 7.875893
v 2.644321 2.089614 7.760567
v 2.582564 2.116167 7.644855
v 2.453290 2.143416 7.542809
v 2.571775 2.137602 8.256377
v 2.754412 2.107190 8.263891
v 2.900115 2.095075 8.221313
v 3.003431 2.099228 8.140441
v 3.058906 2.117617 8.033063
v 3.061087 2.148212 7.910975
v 3.004519 2.188982 7.785971
v 2.883752 2.237895 7.669842
v 3.035257 2.237080 8.508944
v 3.199498 2.189870 8.482117
v 3.332734 2.166329 8.416876
v 3.430894 2.164963 8.322405
v 3.489908 2.184278 8.207888
v 3.505708 2.222779 8.082506
v 3.474221 2.278971 7.955445
v 3.391380 2.351360 7.835886
v 3.519865 2.343997 8.790834
v 3.653006 2.281717 8.725532
v 3.765841 2.248068 8.634604
v 3.855396 2.242011 8.524866
v 3.918699 2.262509 8.403135
v 3.952775 2.308524 8.276226
v 3.954652 2.379019 8.150953
v 3.921356 2.472957 8.034133
v 3.975870 2.448976 9.082908
v 4.080050 2.375965 8.985964
v 4.174706 2.335428 8.873240
v 4.257370 2.326563 8.750016
v 4.325582 2.348572 8.621575
v 4.376877 2.400654 8.493200
v 4.408791 2.482009 8.370173
v 4.418859 2.591837 8.257774
v 1.745458 2.495965 7.915778
v 1.831494 2.491508 7.997058
v 1.659424 2.426743 7.866025
v 1.650865 2.453084 7.866025
v 1.905594 2.437009 8.051245
v 1.681496 2.358810 7.866025
v 1.962330 2.349172 8.078339
v 1.711677 2.265923 7.866025
v 1.996276 2.244697 8.078338
v 1.744561 2.164717 7.866025
v 2.002005 2.140286 8.051244
v 1.774742 2.071830 7.866025
v 1.974090 2.052641 7.997057
v 1.796814 2.003897 7.866025
v 1.998741 2.610181 8.052277
v 2.112672 2.601291 8.175776
v 2.205403 2.543727 8.258109
v 2.272024 2.452607 8.299275
v 2.307621 2.343049 8.299275
v 2.307282 2.230173 8.258108
v 2.266096 2.129096 8.175775
v 2.364973 2.774085 8.256379
v 2.470977 2.742702 8.392717
v 2.558293 2.670547 8.483609
v 2.622842 2.570175 8.529056
v 2.660543 2.454140 8.529056
v 2.667318 2.334996 8.483608
v 2.639089 2.225298 8.392715
v 2.798409 2.966033 8.508945
v 2.874432 2.902350 8.638420
v 2.941633 2.809055 8.724737
v 2.996866 2.695824 8.767895
v 3.036990 2.572334 8.767895
v 3.058859 2.448263 8.724736
v 3.059329 2.333286 8.638417
v 3.253309 3.164381 8.790836
v 3.291059 3.066843 8.903424
v 3.332791 2.950831 8.978483
v 3.376182 2.823499 9.016012
v 3.418908 2.691998 9.016012
v 3.458647 2.563480 8.978481
v 3.493074 2.445095 8.903422
v 3.683930 3.347484 9.082910
v 3.688879 3.222790 9.178268
v 3.709137 3.087463 9.241840
v 3.742872 2.947150 9.273626
v 3.788247 2.807498 9.273626
v 3.843428 2.674154 9.241839
v 3.906581 2.552764 9.178267
v 1.993059 2.576596 7.461596
v 2.059786 2.638826 7.534423
v 1.875458 2.526059 7.456998
v 1.888629 2.530339 7.433012
v 2.079138 2.672499 7.630217
v 1.841492 2.515023 7.518857
v 2.059121 2.679998 7.733608
v 1.795048 2.499932 7.603440
v 2.007740 2.663710 7.829230
v 1.744446 2.483490 7.695597
v 1.932998 2.626018 7.901710
v 1.698002 2.468400 7.780180
v 1.842903 2.569308 7.935682
v 1.664036 2.457363 7.842039
v 2.272530 2.699737 7.542809
v 2.361100 2.797766 7.644855
v 2.395455 2.855548 7.760568
v 2.382588 2.875065 7.875894
v 2.329491 2.858303 7.976779
v 2.243156 2.807245 8.049174
v 2.130576 2.723877 8.079023
v 2.676315 2.876320 7.669842
v 2.745268 2.986877 7.785971
v 2.767068 3.053108 7.910975
v 2.747322 3.076578 8.033064
v 2.691633 3.058848 8.140442
v 2.605609 3.001481 8.221315
v 2.494853 2.906039 8.263893
v 3.153687 3.082902 7.835886
v 3.178160 3.190158 7.955445
v 3.170605 3.254124 8.082506
v 3.135193 3.275985 8.207888
v 3.076097 3.256923 8.322407
v 2.997487 3.198122 8.416878
v 2.903534 3.100764 8.482119
v 3.653920 3.296039 8.034133
v 3.625642 3.391606 8.150953
v 3.582689 3.447534 8.276226
v 3.528075 3.464731 8.403136
v 3.464814 3.444106 8.524868
v 3.395923 3.386567 8.634605
v 3.324416 3.293023 8.725533
v 4.126285 3.492288 8.257774
v 4.053585 3.575221 8.370173
v 3.979948 3.622279 8.493200
v 3.907837 3.634264 8.621576
v 3.839716 3.611976 8.750017
v 3.778049 3.556216 8.873240
v 3.725299 3.467785 8.985966
v 2.256588 2.144737 7.473787
v 2.034578 2.081152 7.433012
v 2.307778 2.239996 7.481915
v 2.313755 2.348001 7.485978
v 2.279896 2.452208 7.485978
v 1.949441 2.343178 7.433012
v 2.211577 2.536072 7.481915
v 1.919260 2.436065 7.433012
v 2.114172 2.583050 7.473787
v 2.600213 2.237812 7.549085
v 2.681481 2.352082 7.553269
v 2.701937 2.471318 7.555362
v 2.666426 2.580610 7.555362
v 2.579792 2.665049 7.553270
v 2.446878 2.709728 7.549085
v 3.028173 2.351487 7.658013
v 3.107882 2.478218 7.650128
v 3.126895 2.605727 7.646185
v 3.089228 2.721653 7.646185
v 2.998898 2.813635 7.650128
v 2.859921 2.869311 7.658014
v 3.503190 2.476872 7.799679
v 3.561248 2.611275 7.775541
v 3.568651 2.745033 7.763472
v 3.528498 2.868610 7.763471
v 3.443888 2.972471 7.775541
v 3.317918 3.047080 7.799679
v 3.987986 2.605079 7.973188
v 4.015846 2.744128 7.932558
v 4.007230 2.883040 7.912243
v 3.964435 3.014750 7.912243
v 3.889754 3.132197 7.932559
v 3.785484 3.228314 7.973188
v 4.445281 2.727219 8.177649
v 4.445942 2.869650 8.124231
v 4.422656 3.013552 8.097523
v 4.377234 3.153345 8.097523
v 4.311489 3.283452 8.124231
v 4.227236 3.398293 8.177649
v 1.872824 2.494205 7.452602
v 1.897188 2.503998 7.433012
v 1.887067 2.423728 7.449672
v 1.913003 2.330587 7.448206
v 1.945445 2.230739 7.448207
v 1.982325 2.241972 7.433012
v 1.979210 2.140142 7.449672
v 2.012506 2.149085 7.433012
v 2.009112 2.074754 7.452602
v 1.832694 2.480191 7.511277
v 1.842637 2.408317 7.506225
v 1.866250 2.315006 7.503698
v 1.898463 2.215863 7.503697
v 1.934207 2.126494 7.506224
v 1.968409 2.062503 7.511277
v 1.996000 2.039495 7.518857
v 1.784337 2.464240 7.594040
v 1.792957 2.391937 7.587772
v 1.815867 2.298540 7.584639
v 1.848024 2.199570 7.584639
v 1.884386 2.110545 7.587773
v 1.919911 2.046983 7.594040
v 1.735291 2.448636 7.685892
v 1.745015 2.376691 7.679422
v 1.768535 2.283294 7.676187
v 1.800770 2.184083 7.676187
v 1.836639 2.094699 7.679422
v 1.871061 2.030779 7.685892
v 1.898954 2.007962 7.695598
v 1.693097 2.435663 7.771838
v 1.705799 2.364686 7.766277
v 1.730937 2.271373 7.763497
v 1.763346 2.171629 7.763497
v 1.797856 2.081362 7.766277
v 1.829300 2.016474 7.771839
v 1.665295 2.427603 7.836882
v 1.682297 2.358023 7.833444
v 1.709757 2.264880 7.831725
v 1.742395 2.164432 7.831725
v 1.774927 2.072937 7.833444
v 1.802070 2.006652 7.836882
v 4.703681 9.828368 9.707289
v 4.720370 9.716663 9.579372
v 4.382998 9.841033 9.255247
v 4.353545 9.957358 9.366026
v 4.761252 9.632671 9.442483
v 4.430014 9.754587 9.131529
v 4.822530 9.577578 9.302240
v 4.491752 9.698942 9.000048
v 4.900406 9.552567 9.164263
v 4.565369 9.675022 8.865977
v 4.991083 9.558825 9.034171
v 4.648023 9.683751 8.734495
v 5.090764 9.597540 8.917584
v 4.736871 9.726052 8.610778
v 5.195652 9.669893 8.820122
v 4.829073 9.802850 8.500000
v 5.081916 9.699553 10.127037
v 5.066846 9.599220 9.961225
v 5.088866 9.522116 9.799475
v 5.142976 9.469795 9.646930
v 5.224174 9.443820 9.508732
v 5.327457 9.445745 9.390024
v 5.447827 9.477130 9.295948
v 5.580281 9.539534 9.231648
v 5.458375 9.578079 10.577528
v 5.406065 9.491243 10.368556
v 5.405400 9.422432 10.179903
v 5.450067 9.373631 10.015625
v 5.533755 9.346830 9.879772
v 5.650152 9.344013 9.776402
v 5.792947 9.367168 9.709563
v 5.955827 9.418282 9.683313
v 5.803181 9.471118 11.011018
v 5.721667 9.395271 10.769116
v 5.703396 9.333133 10.561169
v 5.740780 9.287118 10.389834
v 5.826234 9.259645 10.257774
v 5.952172 9.253130 10.167649
v 6.111007 9.269992 10.122120
v 6.295153 9.312644 10.123850
v 6.086461 9.385841 11.379764
v 5.997294 9.313847 11.130659
v 5.975399 9.253731 10.920670
v 6.012094 9.208288 10.751067
v 6.098695 9.180313 10.623125
v 6.226522 9.172598 10.538116
v 6.386892 9.187939 10.497314
v 6.571123 9.229130 10.501992
v 6.278337 9.329417 11.636022
v 6.216584 9.249509 11.420937
v 6.213952 9.183741 11.235807
v 6.260983 9.135176 11.080833
v 6.348221 9.106878 10.956213
v 6.466208 9.101917 10.862146
v 6.605488 9.123351 10.798834
v 6.756605 9.174249 10.766474
v 6.348934 9.309016 11.732051
v 6.363178 9.204801 11.607700
v 6.411599 9.122675 11.483981
v 6.484426 9.065816 11.360641
v 6.571895 9.037395 11.237426
v 6.664234 9.040588 11.114087
v 6.751679 9.078568 10.990372
v 6.824462 9.154509 10.866026
v 5.021645 10.806964 9.707289
v 4.919671 10.704231 9.778288
v 4.575125 10.802726 9.453490
v 4.662561 10.908415 9.366026
v 4.832884 10.577871 9.825621
v 4.498962 10.677263 9.511799
v 4.763483 10.434648 9.849287
v 4.435968 10.537857 9.540955
v 4.713665 10.281322 9.849287
v 4.388035 10.390333 9.540955
v 4.685627 10.124660 9.825621
v 4.357058 10.240523 9.511800
v 4.681566 9.971421 9.778288
v 4.344930 10.094255 9.453490
v 5.403360 10.688858 10.127037
v 5.268129 10.596064 10.159309
v 5.158845 10.475323 10.180823
v 5.077801 10.333695 10.191581
v 5.027292 10.178245 10.191581
v 5.009611 10.016029 10.180823
v 5.027055 9.854112 10.159308
v 5.779322 10.565855 10.577528
v 5.605629 10.485363 10.564812
v 5.470812 10.373159 10.556335
v 5.377114 10.236147 10.552095
v 5.326779 10.081230 10.552094
v 5.322049 9.915312 10.556334
v 5.365167 9.745294 10.564812
v 6.121146 10.449714 11.011018
v 5.917297 10.379267 10.963058
v 5.762754 10.274922 10.931086
v 5.659619 10.143149 10.915098
v 5.609993 9.990414 10.915098
v 5.615976 9.823184 10.931086
v 5.679672 9.647931 10.963058
v 6.400448 10.352198 11.379764
v 6.188262 10.284920 11.322308
v 6.028640 10.184159 11.284004
v 5.923508 10.055851 11.264852
v 5.874795 9.905931 11.264853
v 5.884431 9.740331 11.284004
v 5.954344 9.564990 11.322308
v 6.588844 10.285064 11.636022
v 6.403652 10.209459 11.610822
v 6.262436 10.104410 11.594023
v 6.166975 9.975398 11.585622
v 6.119053 9.827909 11.585623
v 6.120451 9.667428 11.594022
v 6.172952 9.499434 11.610822
v 6.657951 10.260073 11.732051
v 6.548595 10.160028 11.796862
v 6.458111 10.039219 11.840067
v 6.388215 9.902942 11.861670
v 6.340629 9.756488 11.861670
v 6.317074 9.605153 11.840068
v 6.319269 9.454232 11.796862
v 5.512808 10.645998 8.820122
v 5.470480 10.766184 8.917584
v 5.108636 10.870229 8.610778
v 5.138090 10.753906 8.500000
v 5.412591 10.856095 9.034171
v 5.061620 10.956675 8.734496
v 5.342910 10.914457 9.164264
v 4.999881 11.012318 8.865978
v 5.265207 10.939998 9.302240
v 4.926265 11.036238 9.000049
v 5.183249 10.931445 9.442484
v 4.843611 11.027509 9.131531
v 5.100805 10.887524 9.579372
v 4.754762 10.985209 9.255248
v 5.900602 10.525381 9.231648
v 5.830125 10.653720 9.295949
v 5.751192 10.749863 9.390024
v 5.668765 10.812129 9.508733
v 5.587806 10.838841 9.646930
v 5.513278 10.828321 9.799476
v 5.450142 10.778885 9.961225
v 6.275695 10.402737 9.683313
v 6.173967 10.539825 9.709564
v 6.072055 10.642491 9.776403
v 5.976232 10.708629 9.879774
v 5.892773 10.736137 10.015625
v 5.827952 10.722913 10.179904
v 5.788043 10.666853 10.368556
v 6.612309 10.288749 10.123850
v 6.488403 10.431494 10.122122
v 6.369814 10.538494 10.167650
v 6.264099 10.607248 10.257774
v 6.178817 10.635251 10.389834
v 6.121525 10.620000 10.561169
v 6.099782 10.558989 10.769116
v 6.884662 10.194103 10.501992
v 6.759829 10.335714 10.497314
v 6.639104 10.442389 10.538116
v 6.531155 10.511282 10.623126
v 6.444649 10.539554 10.751069
v 6.388251 10.524357 10.920670
v 6.370629 10.462853 11.130660
v 7.066978 10.129480 10.766474
v 6.974640 10.259480 10.798834
v 6.874559 10.358687 10.862147
v 6.776187 10.424022 10.956213
v 6.688978 10.452407 11.080832
v 6.622383 10.440761 11.235808
v 6.585855 10.386007 11.420937
v 7.133479 10.105565 10.866026
v 7.119233 10.209781 10.990372
v 7.070812 10.291904 11.114087
v 6.997984 10.348763 11.237426
v 6.910516 10.377184 11.360640
v 6.818175 10.373991 11.483981
v 6.730731 10.336012 11.607700
v 5.272179 9.781043 8.718321
v 4.916806 9.908760 8.412167
v 5.341855 9.912569 8.650454
v 4.993104 10.034178 8.353610
v 5.402548 10.057905 8.616519
v 5.056110 10.173390 8.324332
v 5.452123 10.210482 8.616519
v 5.103968 10.320683 8.324332
v 5.488447 10.363735 8.650454
v 5.134822 10.470343 8.353610
v 5.509387 10.511096 8.718321
v 5.146815 10.616654 8.412167
v 5.630077 9.660131 9.097570
v 5.682236 9.798888 9.008184
v 5.734533 9.948956 8.963492
v 5.784743 10.103487 8.963491
v 5.830641 10.255632 9.008185
v 5.870003 10.398547 9.097570
v 5.975541 9.548795 9.513084
v 6.007553 9.693878 9.399599
v 6.049681 9.846813 9.342856
v 6.099741 10.000884 9.342856
v 6.155552 10.149373 9.399599
v 6.214931 10.285562 9.513085
v 6.293608 9.449800 9.928036
v 6.311112 9.598278 9.797494
v 6.345605 9.751742 9.732223
v 6.395031 9.903857 9.732222
v 6.457329 10.048286 9.797494
v 6.530441 10.178695 9.928036
v 6.569317 9.365916 10.305595
v 6.586219 9.512833 10.174664
v 6.619924 9.664012 10.109199
v 6.668526 9.813593 10.109199
v 6.730120 9.955712 10.174664
v 6.802800 10.084503 10.305595
v 6.787707 9.299911 10.608932
v 6.826180 9.438279 10.503904
v 6.870249 9.583888 10.451390
v 6.918138 9.731277 10.451389
v 6.968073 9.874980 10.503903
v 7.018278 10.009535 10.608932
v 6.933817 9.254555 10.801216
v 7.024302 9.375363 10.758009
v 7.094197 9.511641 10.736405
v 7.141783 9.658092 10.736405
v 7.165339 9.809427 10.758009
v 7.163144 9.960349 10.801216
v 2.054474 10.955091 7.915778
v 2.151919 10.881747 7.935683
v 1.959882 10.997972 7.866025
v 2.242014 10.825037 7.901710
v 2.007019 10.982656 7.780180
v 2.316756 10.787346 7.829229
v 2.053463 10.967566 7.695598
v 2.368137 10.771057 7.733609
v 2.104065 10.951124 7.603440
v 2.388155 10.778558 7.630217
v 2.368803 10.812231 7.534424
v 2.184475 10.924997 7.456998
v 2.302076 10.874462 7.461596
v 2.197646 10.920718 7.433012
v 2.307757 10.840875 8.052275
v 2.439591 10.727179 8.079022
v 2.552171 10.643809 8.049173
v 2.638507 10.592752 7.976779
v 2.691604 10.575990 7.875894
v 2.704471 10.595509 7.760568
v 2.670116 10.653291 7.644856
v 2.581547 10.751320 7.542809
v 2.673987 10.676971 8.256377
v 2.803867 10.545016 8.263891
v 2.914623 10.449574 8.221313
v 3.000648 10.392206 8.140441
v 3.056337 10.374476 8.033063
v 3.076084 10.397946 7.910976
v 3.054285 10.464178 7.785971
v 2.985332 10.574737 7.669842
v 3.107423 10.485023 8.508944
v 3.212547 10.350291 8.482117
v 3.306500 10.252933 8.416876
v 3.385111 10.194131 8.322405
v 3.444208 10.175070 8.207888
v 3.479620 10.196931 8.082506
v 3.487176 10.260898 7.955445
v 3.462704 10.368155 7.835886
v 3.562323 10.286675 8.790834
v 3.633430 10.158033 8.725532
v 3.704936 10.064487 8.634604
v 3.773828 10.006948 8.524866
v 3.837089 9.986322 8.403135
v 3.891705 10.003520 8.276226
v 3.934659 10.059448 8.150953
v 3.962937 10.155017 8.034133
v 3.992944 10.103573 9.082908
v 4.034314 9.983271 8.985964
v 4.087064 9.894838 8.873240
v 4.148731 9.839077 8.750016
v 4.216852 9.816789 8.621575
v 4.288964 9.828774 8.493200
v 4.362601 9.875833 8.370173
v 4.435302 9.958768 8.257774
v 2.216122 11.452592 7.915778
v 2.283107 11.398415 7.997058
v 2.105831 11.447159 7.866025
v 2.114390 11.473500 7.866025
v 2.311022 11.310770 8.051246
v 2.083759 11.379227 7.866025
v 2.305293 11.206359 8.078340
v 2.053578 11.286339 7.866025
v 2.271347 11.101884 8.078339
v 2.020694 11.185133 7.866026
v 2.214611 11.014047 8.051245
v 1.990513 11.092246 7.866025
v 2.140511 10.959548 7.997058
v 1.968441 11.024313 7.866025
v 2.488167 11.396118 8.052278
v 2.575114 11.321959 8.175776
v 2.616300 11.220882 8.258110
v 2.616638 11.108006 8.299276
v 2.581041 10.998448 8.299276
v 2.514419 10.907329 8.258108
v 2.421687 10.849764 8.175775
v 2.880795 11.313453 8.256380
v 2.948108 11.225757 8.392718
v 2.976337 11.116058 8.483610
v 2.969560 10.996915 8.529057
v 2.931858 10.880879 8.529056
v 2.867309 10.780508 8.483608
v 2.779992 10.708354 8.392715
v 3.344277 11.213975 8.508946
v 3.368349 11.117769 8.638421
v 3.367877 11.002792 8.724738
v 3.346007 10.878721 8.767895
v 3.305882 10.755231 8.767895
v 3.250647 10.642002 8.724736
v 3.183446 10.548707 8.638417
v 3.828885 11.107059 8.790837
v 3.802093 11.005960 8.903425
v 3.767666 10.887576 8.978483
v 3.727926 10.759058 9.016012
v 3.685198 10.627556 9.016012
v 3.641806 10.500224 8.978481
v 3.600073 10.384214 8.903422
v 4.284889 11.002080 9.082911
v 4.215599 10.898291 9.178268
v 4.152446 10.776901 9.241840
v 4.097264 10.643557 9.273626
v 4.051888 10.503905 9.273626
v 4.018153 10.363593 9.241839
v 3.997894 10.228266 9.178267
v 2.463829 11.372286 7.461596
v 2.554390 11.383411 7.534423
v 2.338984 11.400526 7.456998
v 2.352154 11.396246 7.433012
v 2.589839 11.399278 7.630217
v 2.305017 11.411562 7.518858
v 2.578053 11.417110 7.733609
v 2.258574 11.426653 7.603440
v 2.526910 11.434135 7.829230
v 2.207971 11.443094 7.695598
v 2.444289 11.447573 7.901711
v 2.161527 11.458184 7.780180
v 2.338067 11.454651 7.935683
v 2.127561 11.469221 7.842040
v 2.762306 11.307641 7.542809
v 2.891581 11.334888 7.644856
v 2.953338 11.361441 7.760568
v 2.954401 11.384794 7.875894
v 2.901592 11.402443 7.976779
v 2.801735 11.411882 8.049175
v 2.661652 11.410609 8.079024
v 3.192769 11.213161 7.669842
v 3.313536 11.262074 7.785971
v 3.370103 11.302843 7.910976
v 3.367923 11.333437 8.033065
v 3.312448 11.351826 8.140443
v 3.209133 11.355978 8.221316
v 3.063431 11.343863 8.263894
v 3.700397 11.099697 7.835886
v 3.783238 11.172085 7.955445
v 3.814724 11.228275 8.082507
v 3.798926 11.266775 8.207889
v 3.739911 11.286091 8.322408
v 3.641752 11.284725 8.416879
v 3.508517 11.261185 8.482120
v 4.230372 10.978099 8.034134
v 4.263668 11.072036 8.150954
v 4.261792 11.142529 8.276227
v 4.227715 11.188543 8.403137
v 4.164414 11.209043 8.524869
v 4.074860 11.202985 8.634606
v 3.962025 11.169336 8.725534
v 4.727876 10.859219 8.257774
v 4.717807 10.969046 8.370173
v 4.685893 11.050399 8.493201
v 4.634599 11.102480 8.621577
v 4.566388 11.124489 8.750018
v 4.483723 11.115625 8.873241
v 4.389069 11.075089 8.985967
v 2.423189 10.868008 7.473788
v 2.206205 10.947060 7.433012
v 2.520594 10.914985 7.481915
v 2.588913 10.998850 7.485979
v 2.258458 11.107880 7.433012
v 2.622772 11.103057 7.485979
v 2.291342 11.209085 7.433012
v 2.616795 11.211061 7.481915
v 2.565605 11.306319 7.473787
v 2.343596 11.369905 7.433012
v 2.755895 10.741329 7.549086
v 2.888809 10.786007 7.553270
v 2.975443 10.870447 7.555362
v 3.010954 10.979738 7.555362
v 2.990498 11.098975 7.553270
v 2.909230 11.213245 7.549086
v 3.168939 10.581745 7.658014
v 3.307915 10.637421 7.650129
v 3.398245 10.729403 7.646185
v 3.435911 10.845329 7.646185
v 3.416899 10.972839 7.650129
v 3.337190 11.099570 7.658014
v 3.626935 10.403976 7.799679
v 3.752905 10.478585 7.775541
v 3.837515 10.582446 7.763472
v 3.877668 10.706024 7.763472
v 3.870265 10.839782 7.775541
v 3.812207 10.974184 7.799679
v 4.094501 10.222742 7.973189
v 4.198771 10.318859 7.932559
v 4.273452 10.436305 7.912244
v 4.316247 10.568016 7.912244
v 4.324862 10.706927 7.932559
v 4.297003 10.845977 7.973189
v 4.536253 10.052763 8.177649
v 4.620507 10.167603 8.124231
v 4.686251 10.297710 8.097523
v 4.731672 10.437504 8.097523
v 4.754959 10.581406 8.124231
v 4.754298 10.723838 8.177649
v 2.318129 11.376303 7.452603
v 2.288227 11.310915 7.449672
v 2.321523 11.301971 7.433012
v 2.254462 11.220318 7.448207
v 2.222020 11.120470 7.448207
v 2.196084 11.027328 7.449672
v 2.228277 11.014992 7.433012
v 2.181841 10.956852 7.452602
v 2.277426 11.388554 7.511278
v 2.243224 11.324562 7.506225
v 2.207480 11.235193 7.503698
v 2.175267 11.136049 7.503698
v 2.151654 11.042740 7.506225
v 2.141711 10.970865 7.511278
v 2.150509 10.936034 7.518857
v 2.228928 11.404074 7.594040
v 2.193403 11.340512 7.587773
v 2.157041 11.251487 7.584640
v 2.124884 11.152516 7.584640
v 2.101974 11.059120 7.587773
v 2.093354 10.986816 7.594040
v 2.180078 11.420278 7.685893
v 2.145656 11.356358 7.679423
v 2.109787 11.266973 7.676188
v 2.077552 11.167763 7.676188
v 2.054032 11.074365 7.679423
v 2.044308 11.002419 7.685893
v 2.138317 11.434582 7.771839
v 2.106873 11.369695 7.766278
v 2.072363 11.279427 7.763498
v 2.039955 11.179684 7.763497
v 2.014816 11.086370 7.766278
v 2.002115 11.015393 7.771839
v 2.111088 11.444405 7.836882
v 2.083944 11.378120 7.833444
v 2.051412 11.286625 7.831726
v 2.018775 11.186177 7.831725
v 1.991314 11.093033 7.833445
v 1.974312 11.023452 7.836883
v 1.973053 10.993692 7.842040
vn 0.1600 0.7967 -0.5829
vn 0.2710 0.2710 -0.9237
vn 0.7965 0.1602 -0.5830
vn 0.6314 0.6314 -0.4503
vn 0.4246 0.0862 -0.9012
vn 0.8074 0.0388 -0.5887
vn 0.4841 0.0264 -0.8746
vn 0.8124 0.0135 -0.5829
vn 0.4841 -0.0264 -0.8746
vn 0.8063 -0.0071 -0.5914
vn 0.4246 -0.0862 -0.9012
vn 0.7883 -0.0318 -0.6145
vn 0.2710 -0.2710 -0.9237
vn 0.7570 -0.1386 -0.6385
vn 0.1444 -0.7729 -0.6179
vn 0.5935 -0.6226 -0.5101
vn 0.0387 0.8079 -0.5881
vn 0.0862 0.4247 -0.9012
vn 0.1559 0.1559 -0.9754
vn 0.1890 0.0454 -0.9809
vn 0.1890 -0.0454 -0.9809
vn 0.1559 -0.1559 -0.9754
vn 0.0862 -0.4247 -0.9012
vn 0.0353 -0.7990 -0.6002
vn 0.0264 0.4841 -0.8746
vn 0.0454 0.1890 -0.9809
vn 0.0537 0.0537 -0.9971
vn 0.0537 -0.0537 -0.9971
vn 0.0454 -0.1890 -0.9809
vn 0.0264 -0.4841 -0.8746
vn 0.0121 -0.8087 -0.5880
vn -0.0073 0.8074 -0.5900
vn -0.0264 0.4841 -0.8746
vn -0.0454 0.1890 -0.9809
vn -0.0537 0.0537 -0.9971
vn -0.0537 -0.0537 -0.9971
vn -0.0454 -0.1890 -0.9809
vn -0.0264 -0.4841 -0.8746
vn -0.0078 -0.8047 -0.5937
vn -0.0862 0.4247 -0.9012
vn -0.1559 0.1559 -0.9754
vn -0.1890 0.0454 -0.9809
vn -0.1890 -0.0454 -0.9809
vn -0.1559 -0.1559 -0.9754
vn -0.0862 -0.4247 -0.9012
vn -0.0305 -0.7861 -0.6173
vn -0.2710 0.2710 -0.9236
vn -0.4247 0.0862 -0.9012
vn -0.4841 0.0264 -0.8746
vn -0.4841 -0.0264 -0.8746
vn -0.4247 -0.0862 -0.9012
vn -0.2710 -0.2710 -0.9236
vn -0.1256 -0.7441 -0.6561
vn -0.6065 0.5958 -0.5265
vn -0.7617 0.1382 -0.6330
vn -0.7924 0.0338 -0.6091
vn -0.8046 0.0112 -0.5937
vn -0.8030 -0.0095 -0.5959
vn -0.7478 -0.1284 -0.6514
vn -0.5899 -0.5797 -0.5622
vn 0.5153 -0.8435 -0.1517
vn 0.4248 -0.8975 -0.1185
vn 0.3623 -0.9006 -0.2400
vn 0.4125 -0.8611 -0.2972
vn 0.3470 -0.9329 -0.0965
vn 0.2634 -0.9440 -0.1989
vn 0.2281 -0.9711 -0.0698
vn 0.1395 -0.9784 -0.1525
vn 0.0472 -0.9978 -0.0460
vn -0.0303 -0.9932 -0.1122
vn -0.2017 -0.9790 -0.0294
vn -0.2484 -0.9645 -0.0891
vn -0.4823 -0.8757 -0.0250
vn -0.4894 -0.8675 -0.0894
vn -0.6939 -0.7194 -0.0310
vn -0.6873 -0.7189 -0.1041
vn 0.5846 -0.8110 -0.0221
vn 0.4973 -0.8675 -0.0037
vn 0.4004 -0.9163 0.0125
vn 0.2636 -0.9645 0.0154
vn 0.0699 -0.9974 0.0153
vn -0.1991 -0.9799 0.0141
vn -0.5034 -0.8640 0.0068
vn -0.6979 -0.7162 0.0010
vn 0.6247 -0.7786 0.0591
vn 0.5620 -0.8245 0.0656
vn 0.4126 -0.9085 0.0657
vn 0.2462 -0.9681 0.0465
vn 0.0475 -0.9985 0.0266
vn -0.2212 -0.9751 0.0175
vn -0.5340 -0.8453 0.0157
vn -0.7011 -0.7129 0.0176
vn 0.6515 -0.7514 0.1042
vn 0.5905 -0.8016 0.0937
vn 0.3783 -0.9233 0.0663
vn 0.1937 -0.9808 0.0236
vn 0.0112 -0.9999 -0.0086
vn -0.2289 -0.9734 -0.0131
vn -0.5427 -0.8399 0.0044
vn -0.7036 -0.7103 0.0206
vn 0.6761 -0.7287 0.1089
vn 0.5536 -0.8299 0.0692
vn 0.2886 -0.9574 -0.0049
vn 0.1226 -0.9899 -0.0706
vn -0.0131 -0.9944 -0.1047
vn -0.1931 -0.9767 -0.0936
vn -0.4981 -0.8661 -0.0407
vn -0.7046 -0.7096 0.0001
vn 0.7081 -0.7055 -0.0274
vn 0.3949 -0.9156 -0.0751
vn 0.1411 -0.9683 -0.2061
vn 0.0494 -0.9601 -0.2751
vn -0.0127 -0.9546 -0.2977
vn -0.1002 -0.9574 -0.2707
vn -0.3461 -0.9224 -0.1712
vn -0.6973 -0.7052 -0.1283
vn 0.6637 0.6782 -0.3154
vn 0.7461 0.6078 -0.2718
vn 0.6157 0.5859 -0.5269
vn 0.5519 0.5679 -0.6106
vn 0.7794 0.5759 -0.2468
vn 0.6549 0.5431 -0.5255
vn 0.8732 0.4261 -0.2366
vn 0.7475 0.3578 -0.5596
vn 0.9685 0.0789 -0.2360
vn 0.8111 -0.0479 -0.5830
vn 0.8912 -0.4038 -0.2067
vn 0.6880 -0.5387 -0.4863
vn 0.6840 -0.7105 -0.1654
vn 0.5267 -0.7718 -0.3564
vn 0.7083 0.7047 -0.0421
vn 0.7753 0.6309 -0.0286
vn 0.8202 0.5710 -0.0344
vn 0.9046 0.4225 -0.0570
vn 0.9916 0.1013 -0.0804
vn 0.9386 -0.3366 -0.0759
vn 0.7360 -0.6756 -0.0425
vn 0.7070 0.6985 0.1105
vn 0.7428 0.6613 0.1046
vn 0.8433 0.5306 0.0850
vn 0.9347 0.3536 0.0369
vn 0.9986 0.0528 -0.0053
vn 0.9478 -0.3188 -0.0018
vn 0.7486 -0.6624 0.0310
vn 0.6951 0.6888 0.2059
vn 0.7171 0.6742 0.1768
vn 0.8801 0.4588 0.1223
vn 0.9670 0.2517 0.0387
vn 0.9999 0.0089 -0.0143
vn 0.9557 -0.2944 0.0047
vn 0.7639 -0.6427 0.0583
vn 0.6874 0.6849 0.2418
vn 0.7590 0.6275 0.1737
vn 0.9384 0.3401 0.0616
vn 0.9883 0.1478 -0.0380
vn 0.9961 -0.0122 -0.0878
vn 0.9713 -0.2296 -0.0620
vn 0.8169 -0.5759 0.0312
vn 0.7029 0.7029 0.1094
vn 0.8898 0.4560 0.0178
vn 0.9732 0.1660 -0.1591
vn 0.9656 0.0593 -0.2533
vn 0.9583 -0.0109 -0.2855
vn 0.9616 -0.1134 -0.2501
vn 0.9087 -0.4027 -0.1100
vn -0.7818 0.6131 -0.1138
vn -0.6217 0.7735 -0.1235
vn -0.6713 0.6787 -0.2978
vn -0.8020 0.5550 -0.2209
vn -0.3217 0.9345 -0.1522
vn -0.4282 0.8145 -0.3914
vn 0.0631 0.9791 -0.1935
vn -0.0675 0.8918 -0.4474
vn 0.3687 0.9040 -0.2162
vn 0.2586 0.8367 -0.4828
vn 0.5169 0.8233 -0.2343
vn 0.5774 0.7717 -0.2666
vn -0.7672 0.6412 -0.0134
vn -0.6131 0.7896 -0.0242
vn -0.2838 0.9579 -0.0441
vn 0.0984 0.9940 -0.0487
vn 0.3874 0.9211 -0.0382
vn 0.5445 0.8383 -0.0279
vn 0.6243 0.7807 -0.0281
vn -0.7514 0.6583 0.0457
vn -0.6192 0.7848 0.0272
vn -0.2856 0.9583 0.0089
vn 0.0624 0.9980 0.0041
vn 0.3328 0.9422 0.0388
vn 0.5211 0.8492 0.0859
vn 0.6637 0.7409 0.1025
vn -0.7351 0.6735 0.0776
vn -0.6111 0.7903 0.0433
vn -0.2752 0.9614 0.0060
vn 0.0169 0.9999 0.0029
vn 0.2414 0.9690 0.0520
vn 0.4558 0.8815 0.1231
vn 0.6773 0.7146 0.1751
vn -0.7207 0.6892 0.0747
vn -0.5521 0.8337 0.0120
vn -0.2205 0.9733 -0.0635
vn -0.0114 0.9966 -0.0817
vn 0.1465 0.9887 -0.0329
vn 0.3390 0.9387 0.0631
vn 0.6291 0.7578 0.1732
vn -0.7069 0.7049 -0.0588
vn -0.3853 0.9143 -0.1252
vn -0.1108 0.9621 -0.2493
vn -0.0112 0.9596 -0.2813
vn 0.0588 0.9665 -0.2497
vn 0.1654 0.9736 -0.1573
vn 0.4562 0.8897 0.0182
vn -0.1361 0.7555 -0.6408
vn -0.0317 0.7894 -0.6130
vn 0.0134 0.8132 -0.5819
vn -0.8403 -0.5409 -0.0377
vn -0.8301 -0.5460 -0.1132
vn -0.9481 -0.3140 -0.0492
vn -0.9317 -0.3430 -0.1191
vn -0.9955 -0.0697 -0.0640
vn -0.9852 0.1531 -0.0770
vn -0.9377 0.3363 -0.0868
vn -0.9414 0.2989 -0.1563
vn -0.8712 0.4817 -0.0946
vn -0.8739 0.4548 -0.1717
vn -0.8334 -0.5526 0.0011
vn -0.9534 -0.3017 -0.0016
vn -0.9988 -0.0479 -0.0063
vn -0.9843 0.1763 -0.0043
vn -0.9309 0.3653 0.0001
vn -0.8520 0.5235 -0.0042
vn -0.8221 -0.5692 0.0139
vn -0.9546 -0.2978 0.0086
vn -0.9988 -0.0482 0.0066
vn -0.9853 0.1699 0.0184
vn -0.9279 0.3709 0.0378
vn -0.8233 0.5657 0.0465
vn -0.8248 -0.5654 0.0051
vn -0.9604 -0.2779 -0.0174
vn -0.9983 -0.0523 -0.0268
vn -0.9901 0.1402 -0.0090
vn -0.9396 0.3410 0.0282
vn -0.8111 0.5815 0.0621
vn -0.8585 -0.5114 -0.0374
vn -0.9712 -0.2190 -0.0942
vn -0.9917 -0.0463 -0.1197
vn -0.9903 0.0938 -0.1021
vn -0.9639 0.2621 -0.0465
vn -0.8418 0.5390 0.0298
vn -0.9211 -0.3524 -0.1657
vn -0.9570 -0.1096 -0.2687
vn -0.9515 -0.0242 -0.3067
vn -0.9543 0.0399 -0.2962
vn -0.9629 0.1285 -0.2374
vn -0.9178 0.3813 -0.1110
vn -0.7871 -0.0317 -0.6160
vn 0.7595 0.1359 -0.6361
vn 0.6051 0.5896 -0.5350
vn 0.7918 0.0337 -0.6099
vn 0.8036 0.0115 -0.5950
vn 0.8006 -0.0083 -0.5991
vn 0.7823 -0.0303 -0.6221
vn 0.7391 -0.1234 -0.6622
vn 0.1275 -0.7488 -0.6504
vn 0.5721 -0.5927 -0.5670
vn 0.0311 0.7856 -0.6179
vn 0.0310 -0.7902 -0.6121
vn 0.0066 0.8049 -0.5933
vn 0.0076 -0.8085 -0.5885
vn -0.0137 0.8116 -0.5840
vn -0.0127 -0.8132 -0.5819
vn -0.0368 -0.8053 -0.5918
vn -0.1520 -0.7844 -0.6013
vn -0.6314 0.6314 -0.4501
vn -0.7968 0.1600 -0.5826
vn -0.8083 0.0385 -0.5875
vn -0.8140 0.0132 -0.5807
vn -0.7927 -0.0328 -0.6087
vn -0.5980 -0.6355 -0.4884
vn 0.7007 -0.7132 -0.0191
vn 0.4783 -0.8777 -0.0291
vn 0.4944 -0.8623 -0.1094
vn 0.6996 -0.7097 -0.0824
vn 0.1980 -0.9787 -0.0543
vn 0.2661 -0.9517 -0.1532
vn -0.0542 -0.9946 -0.0882
vn 0.0380 -0.9771 -0.2092
vn -0.2328 -0.9655 -0.1165
vn -0.1335 -0.9547 -0.2659
vn -0.3524 -0.9257 -0.1372
vn -0.2619 -0.9098 -0.3221
vn -0.4136 -0.8963 -0.1600
vn -0.3429 -0.8670 -0.3615
vn -0.5251 -0.8262 -0.2042
vn -0.4121 -0.8165 -0.4043
vn 0.7008 -0.7134 0.0034
vn 0.4971 -0.8677 0.0059
vn 0.1862 -0.9825 0.0089
vn -0.0816 -0.9966 0.0072
vn -0.2721 -0.9623 0.0061
vn -0.4044 -0.9146 0.0036
vn -0.4971 -0.8676 -0.0133
vn -0.6051 -0.7956 -0.0298
vn 0.7021 -0.7119 0.0139
vn 0.5272 -0.8496 0.0167
vn 0.2102 -0.9774 0.0242
vn -0.0592 -0.9975 0.0384
vn -0.2558 -0.9648 0.0619
vn -0.4209 -0.9033 0.0829
vn -0.5697 -0.8178 0.0820
vn -0.6381 -0.7660 0.0779
vn 0.7036 -0.7105 0.0128
vn 0.5371 -0.8435 0.0060
vn 0.2226 -0.9749 0.0008
vn -0.0194 -0.9997 0.0146
vn -0.2032 -0.9777 0.0529
vn -0.3903 -0.9153 0.0992
vn -0.6050 -0.7861 0.1266
vn -0.6552 -0.7422 0.1405
vn 0.7064 -0.7078 -0.0103
vn 0.4945 -0.8684 -0.0370
vn 0.1920 -0.9785 -0.0758
vn 0.0089 -0.9969 -0.0782
vn -0.1303 -0.9908 -0.0375
vn -0.3021 -0.9527 0.0342
vn -0.5729 -0.8120 0.1116
vn -0.6736 -0.7225 0.1559
vn 0.7053 -0.6952 -0.1386
vn 0.3439 -0.9244 -0.1647
vn 0.1015 -0.9615 -0.2553
vn 0.0115 -0.9603 -0.2788
vn -0.0534 -0.9663 -0.2519
vn -0.1503 -0.9728 -0.1761
vn -0.4139 -0.9096 -0.0362
vn -0.7123 -0.7017 0.0181
vn 0.8303 0.5495 -0.0931
vn 0.8922 0.4464 -0.0690
vn 0.9038 0.4009 -0.1500
vn 0.8504 0.4911 -0.1886
vn 0.9383 0.3415 -0.0538
vn 0.9520 0.2804 -0.1226
vn 0.9801 0.1954 -0.0364
vn 0.9878 0.1243 -0.0940
vn 0.9998 -0.0067 -0.0211
vn 0.9948 -0.0742 -0.0694
vn 0.9661 -0.2578 -0.0111
vn 0.9515 -0.3021 -0.0578
vn 0.8579 -0.5137 -0.0105
vn 0.8492 -0.5242 -0.0642
vn 0.8061 0.5917 -0.0111
vn 0.8658 0.5003 0.0054
vn 0.9246 0.3807 0.0161
vn 0.9746 0.2237 0.0150
vn 0.9998 0.0161 0.0125
vn 0.9687 -0.2480 0.0125
vn 0.8494 -0.5277 0.0082
vn 0.7799 0.6247 0.0388
vn 0.8336 0.5505 0.0461
vn 0.9211 0.3870 0.0423
vn 0.9775 0.2098 0.0231
vn 1.0000 0.0048 0.0073
vn 0.9671 -0.2544 0.0047
vn 0.8361 -0.5485 0.0089
vn 0.7543 0.6535 0.0637
vn 0.8198 0.5700 0.0550
vn 0.9355 0.3524 0.0255
vn 0.9859 0.1668 -0.0133
vn 0.9992 -0.0156 -0.0374
vn 0.9687 -0.2462 -0.0328
vn 0.8363 -0.5482 -0.0077
vn 0.7312 0.6799 0.0560
vn 0.8485 0.5289 0.0193
vn 0.9622 0.2671 -0.0523
vn 0.9881 0.1068 -0.1103
vn 0.9905 -0.0257 -0.1351
vn 0.9733 -0.1984 -0.1159
vn 0.8659 -0.4970 -0.0563
vn 0.7079 0.7021 -0.0774
vn 0.9202 0.3725 -0.1204
vn 0.9617 0.1293 -0.2415
vn 0.9523 0.0434 -0.3021
vn 0.9478 -0.0165 -0.3183
vn 0.9526 -0.1000 -0.2874
vn 0.9212 -0.3420 -0.1857
vn -0.6660 0.6758 -0.3159
vn -0.5830 0.7677 -0.2658
vn -0.5523 0.5675 -0.6106
vn -0.5312 0.8150 -0.2315
vn -0.4562 0.7291 -0.5102
vn -0.3885 0.8997 -0.1991
vn -0.2768 0.8244 -0.4936
vn -0.0989 0.9793 -0.1763
vn 0.3327 0.9317 -0.1458
vn 0.4598 0.7868 -0.4117
vn 0.6728 0.7315 -0.1104
vn -0.7094 0.7036 -0.0421
vn -0.6279 0.7778 -0.0277
vn -0.5572 0.8299 -0.0272
vn -0.4107 0.9106 -0.0464
vn -0.1317 0.9894 -0.0616
vn 0.2838 0.9574 -0.0539
vn 0.6527 0.7570 -0.0305
vn -0.7053 0.7002 0.1107
vn -0.6651 0.7396 0.1030
vn -0.5319 0.8425 0.0852
vn -0.3517 0.9353 0.0378
vn -0.0936 0.9956 -0.0042
vn 0.2791 0.9602 -0.0088
vn 0.6441 0.7649 0.0133
vn -0.6923 0.6915 0.2062
vn -0.6778 0.7140 0.1756
vn -0.4645 0.8773 0.1209
vn -0.2579 0.9652 0.0434
vn -0.0375 0.9992 -0.0146
vn 0.2657 0.9639 -0.0176
vn 0.6224 0.7823 0.0230
vn -0.6856 0.6865 0.2422
vn -0.6297 0.7573 0.1730
vn -0.3449 0.9368 0.0593
vn -0.1555 0.9869 -0.0433
vn -0.0007 0.9950 -0.1003
vn 0.2114 0.9734 -0.0883
vn 0.5535 0.8328 -0.0117
vn -0.7030 0.7027 0.1097
vn -0.4570 0.8893 0.0172
vn -0.1679 0.9726 -0.1609
vn -0.0617 0.9643 -0.2575
vn 0.0065 0.9558 -0.2941
vn 0.1056 0.9578 -0.2672
vn 0.3813 0.9130 -0.1453
vn -0.1604 0.7964 -0.5831
vn -0.0390 0.8070 -0.5893
vn 0.1337 0.7494 -0.6485
vn -0.7032 -0.6822 -0.2004
vn -0.5301 -0.7413 -0.4116
vn -0.8853 -0.4097 -0.2201
vn -0.6860 -0.5217 -0.5072
vn -0.9712 0.0369 -0.2355
vn -0.8122 -0.0689 -0.5793
vn -0.8895 0.3920 -0.2348
vn -0.7557 0.3455 -0.5564
vn -0.7918 0.5590 -0.2461
vn -0.6623 0.5367 -0.5228
vn -0.7513 0.6011 -0.2726
vn -0.6176 0.5844 -0.5264
vn -0.7558 -0.6537 -0.0371
vn -0.9326 -0.3557 -0.0604
vn -0.9963 0.0543 -0.0660
vn -0.9234 0.3815 -0.0433
vn -0.8309 0.5558 -0.0250
vn -0.7807 0.6243 -0.0275
vn -0.7526 -0.6561 0.0555
vn -0.9388 -0.3434 0.0266
vn -0.9998 0.0125 0.0168
vn -0.9473 0.3177 0.0419
vn -0.8502 0.5197 0.0845
vn -0.7451 0.6586 0.1052
vn -0.7537 -0.6500 0.0969
vn -0.9472 -0.3180 0.0415
vn -0.9995 -0.0258 0.0200
vn -0.9702 0.2348 0.0596
vn -0.8847 0.4486 0.1267
vn -0.7176 0.6735 0.1774
vn -0.8030 -0.5911 0.0763
vn -0.9686 -0.2472 -0.0251
vn -0.9971 -0.0332 -0.0686
vn -0.9894 0.1418 -0.0299
vn -0.9403 0.3338 0.0668
vn -0.7590 0.6272 0.1747
vn -0.9046 -0.4201 -0.0722
vn -0.9665 -0.1219 -0.2258
vn -0.9627 -0.0170 -0.2702
vn -0.9680 0.0560 -0.2445
vn -0.9743 0.1634 -0.1549
vn -0.8900 0.4556 0.0193
vn -0.7662 -0.1430 -0.6265
vn -0.8090 -0.0079 -0.5877
vn 0.7391 0.1234 -0.6622
vn 0.5721 0.5927 -0.5670
vn 0.7823 0.0303 -0.6221
vn 0.8006 0.0083 -0.5991
vn 0.8036 -0.0115 -0.5950
vn 0.7918 -0.0337 -0.6099
vn 0.2710 -0.2710 -0.9236
vn 0.7595 -0.1359 -0.6361
vn 0.1337 -0.7494 -0.6485
vn 0.6051 -0.5896 -0.5350
vn 0.0309 0.7902 -0.6121
vn 0.0862 0.4246 -0.9012
vn 0.0311 -0.7856 -0.6179
vn 0.0076 0.8085 -0.5885
vn 0.0066 -0.8049 -0.5933
vn -0.0127 0.8132 -0.5819
vn -0.0137 -0.8116 -0.5840
vn -0.0862 0.4246 -0.9012
vn -0.0390 -0.8070 -0.5893
vn -0.1604 -0.7964 -0.5831
vn -0.5980 0.6355 -0.4884
vn -0.7662 0.1430 -0.6265
vn -0.7927 0.0328 -0.6087
vn -0.8090 0.0079 -0.5877
vn -0.8083 -0.0385 -0.5875
vn -0.6314 -0.6314 -0.4501
vn 0.8303 -0.5495 -0.0931
vn 0.6728 -0.7315 -0.1104
vn 0.7341 -0.6220 -0.2725
vn 0.8504 -0.4911 -0.1886
vn 0.3327 -0.9317 -0.1458
vn 0.4598 -0.7868 -0.4117
vn -0.0989 -0.9793 -0.1763
vn 0.0444 -0.8767 -0.4789
vn -0.3885 -0.8997 -0.1991
vn -0.2768 -0.8244 -0.4936
vn -0.5312 -0.8150 -0.2315
vn -0.4562 -0.7291 -0.5102
vn -0.5830 -0.7678 -0.2657
vn -0.5407 -0.6519 -0.5317
vn -0.6660 -0.6757 -0.3159
vn -0.5524 -0.5674 -0.6107
vn 0.8061 -0.5917 -0.0111
vn 0.6527 -0.7570 -0.0305
vn 0.2838 -0.9574 -0.0539
vn -0.1317 -0.9894 -0.0616
vn -0.4107 -0.9106 -0.0464
vn -0.5572 -0.8299 -0.0272
vn -0.6278 -0.7778 -0.0277
vn -0.7094 -0.7035 -0.0421
vn 0.7799 -0.6247 0.0388
vn 0.6441 -0.7649 0.0133
vn 0.2791 -0.9602 -0.0088
vn -0.0936 -0.9956 -0.0042
vn -0.3517 -0.9353 0.0378
vn -0.5319 -0.8425 0.0852
vn -0.6651 -0.7397 0.1030
vn -0.7053 -0.7002 0.1107
vn 0.7543 -0.6535 0.0637
vn 0.6224 -0.7823 0.0230
vn 0.2657 -0.9639 -0.0176
vn -0.0375 -0.9992 -0.0146
vn -0.2579 -0.9652 0.0434
vn -0.4645 -0.8773 0.1209
vn -0.6778 -0.7140 0.1756
vn -0.6923 -0.6915 0.2062
vn 0.7312 -0.6799 0.0560
vn 0.5535 -0.8328 -0.0117
vn 0.2114 -0.9734 -0.0883
vn -0.0007 -0.9950 -0.1003
vn -0.1555 -0.9869 -0.0433
vn -0.3449 -0.9368 0.0593
vn -0.6297 -0.7573 0.1730
vn -0.6856 -0.6865 0.2422
vn 0.7079 -0.7021 -0.0774
vn 0.3813 -0.9130 -0.1453
vn 0.1056 -0.9578 -0.2672
vn 0.0065 -0.9558 -0.2941
vn -0.0617 -0.9643 -0.2575
vn -0.1679 -0.9726 -0.1609
vn -0.4570 -0.8893 0.0172
vn -0.7030 -0.7027 0.1097
vn 0.7007 0.7132 -0.0191
vn 0.8579 0.5137 -0.0105
vn 0.8492 0.5242 -0.0642
vn 0.6997 0.7097 -0.0824
vn 0.9661 0.2578 -0.0111
vn 0.9515 0.3021 -0.0578
vn 0.9998 0.0067 -0.0211
vn 0.9948 0.0742 -0.0694
vn 0.9801 -0.1954 -0.0364
vn 0.9878 -0.1243 -0.0940
vn 0.9383 -0.3415 -0.0538
vn 0.9520 -0.2804 -0.1226
vn 0.8922 -0.4464 -0.0690
vn 0.9038 -0.4009 -0.1500
vn 0.7008 0.7134 0.0034
vn 0.8494 0.5277 0.0082
vn 0.9687 0.2480 0.0125
vn 0.9998 -0.0161 0.0125
vn 0.9745 -0.2237 0.0150
vn 0.9246 -0.3807 0.0161
vn 0.8658 -0.5003 0.0054
vn 0.7021 0.7119 0.0139
vn 0.8361 0.5485 0.0089
vn 0.9671 0.2544 0.0047
vn 1.0000 -0.0048 0.0073
vn 0.9775 -0.2098 0.0231
vn 0.9211 -0.3870 0.0423
vn 0.8336 -0.5505 0.0461
vn 0.7036 0.7105 0.0128
vn 0.8363 0.5482 -0.0077
vn 0.9687 0.2462 -0.0328
vn 0.9992 0.0156 -0.0374
vn 0.9859 -0.1668 -0.0133
vn 0.9355 -0.3524 0.0255
vn 0.8198 -0.5700 0.0550
vn 0.7064 0.7078 -0.0103
vn 0.8659 0.4970 -0.0563
vn 0.9733 0.1984 -0.1159
vn 0.9905 0.0257 -0.1351
vn 0.9881 -0.1068 -0.1103
vn 0.9622 -0.2671 -0.0523
vn 0.8485 -0.5289 0.0193
vn 0.7053 0.6952 -0.1386
vn 0.9212 0.3420 -0.1857
vn 0.9526 0.1000 -0.2874
vn 0.9478 0.0165 -0.3183
vn 0.9523 -0.0434 -0.3021
vn 0.9617 -0.1293 -0.2415
vn 0.9202 -0.3725 -0.1204
vn -0.5251 0.8262 -0.2042
vn -0.4136 0.8963 -0.1600
vn -0.3426 0.8676 -0.3604
vn -0.4077 0.8172 -0.4073
vn -0.3524 0.9257 -0.1372
vn -0.2617 0.9106 -0.3198
vn -0.2328 0.9655 -0.1165
vn -0.1336 0.9555 -0.2631
vn -0.0542 0.9946 -0.0882
vn 0.0378 0.9777 -0.2067
vn 0.1981 0.9787 -0.0543
vn 0.2657 0.9520 -0.1518
vn 0.4783 0.8777 -0.0291
vn 0.4944 0.8624 -0.1091
vn -0.6051 0.7956 -0.0298
vn -0.4971 0.8676 -0.0133
vn -0.4044 0.9146 0.0036
vn -0.2720 0.9623 0.0061
vn -0.0815 0.9966 0.0072
vn 0.1863 0.9825 0.0089
vn 0.4972 0.8676 0.0059
vn -0.6380 0.7660 0.0779
vn -0.5696 0.8178 0.0820
vn -0.4209 0.9033 0.0829
vn -0.2557 0.9648 0.0619
vn -0.0592 0.9975 0.0384
vn 0.2102 0.9774 0.0242
vn 0.5272 0.8496 0.0167
vn -0.6552 0.7423 0.1405
vn -0.6050 0.7861 0.1266
vn -0.3903 0.9153 0.0992
vn -0.2032 0.9777 0.0529
vn -0.0194 0.9997 0.0146
vn 0.2227 0.9749 0.0008
vn 0.5371 0.8435 0.0060
vn -0.6736 0.7225 0.1559
vn -0.5728 0.8120 0.1116
vn -0.3021 0.9527 0.0342
vn -0.1303 0.9908 -0.0374
vn 0.0089 0.9969 -0.0782
vn 0.1920 0.9785 -0.0758
vn 0.4945 0.8684 -0.0370
vn -0.7123 0.7017 0.0181
vn -0.4138 0.9096 -0.0362
vn -0.1503 0.9728 -0.1761
vn -0.0533 0.9663 -0.2518
vn 0.0115 0.9603 -0.2788
vn 0.1015 0.9615 -0.2553
vn 0.3439 0.9244 -0.1647
vn -0.1520 0.7844 -0.6013
vn -0.0368 0.8053 -0.5918
vn 0.1275 0.7488 -0.6504
vn -0.7514 -0.6009 -0.2726
vn -0.6173 -0.5844 -0.5267
vn -0.7920 -0.5588 -0.2461
vn -0.6615 -0.5367 -0.5238
vn -0.8897 -0.3917 -0.2347
vn -0.7539 -0.3459 -0.5586
vn -0.9712 -0.0368 -0.2354
vn -0.8095 0.0689 -0.5830
vn -0.8853 0.4097 -0.2200
vn -0.7032 0.6822 -0.2004
vn -0.5264 0.7415 -0.4160
vn -0.7808 -0.6242 -0.0274
vn -0.8310 -0.5557 -0.0249
vn -0.9234 -0.3813 -0.0433
vn -0.9964 -0.0542 -0.0659
vn -0.9326 0.3557 -0.0603
vn -0.7558 0.6537 -0.0371
vn -0.7452 -0.6585 0.1052
vn -0.8502 -0.5196 0.0845
vn -0.9473 -0.3176 0.0419
vn -0.9998 -0.0125 0.0169
vn -0.9388 0.3434 0.0266
vn -0.7526 0.6561 0.0555
vn -0.7176 -0.6735 0.1774
vn -0.8847 -0.4486 0.1267
vn -0.9702 -0.2348 0.0596
vn -0.9995 0.0258 0.0200
vn -0.9472 0.3180 0.0416
vn -0.7537 0.6500 0.0969
vn -0.7590 -0.6272 0.1747
vn -0.9403 -0.3338 0.0668
vn -0.9894 -0.1418 -0.0299
vn -0.9971 0.0332 -0.0686
vn -0.9686 0.2472 -0.0251
vn -0.8030 0.5911 0.0763
vn -0.8900 -0.4556 0.0193
vn -0.9743 -0.1633 -0.1550
vn -0.9680 -0.0560 -0.2445
vn -0.9627 0.0170 -0.2702
vn -0.9665 0.1219 -0.2258
vn -0.9046 0.4201 -0.0722
vn -0.7968 -0.1600 -0.5826
vn -0.8140 -0.0132 -0.5807
vn 0.1521 0.7841 -0.6017
vn 0.7662 0.1430 -0.6265
vn 0.5980 0.6355 -0.4884
vn 0.7927 0.0328 -0.6087
vn 0.8090 0.0079 -0.5877
vn 0.8140 -0.0132 -0.5807
vn 0.8083 -0.0385 -0.5875
vn 0.7967 -0.1598 -0.5828
vn 0.1599 -0.7966 -0.5830
vn 0.6313 -0.6313 -0.4505
vn 0.0370 0.8046 -0.5926
vn 0.0387 -0.8079 -0.5881
vn 0.0134 -0.8132 -0.5819
vn -0.0070 0.8066 -0.5911
vn -0.0073 -0.8074 -0.5900
vn -0.0317 -0.7894 -0.6130
vn -0.1361 -0.7555 -0.6408
vn -0.5899 0.5797 -0.5622
vn -0.7871 0.0317 -0.6160
vn -0.8030 0.0095 -0.5959
vn -0.8046 -0.0112 -0.5937
vn -0.7617 -0.1382 -0.6330
vn -0.6065 -0.5958 -0.5265
vn 0.6650 -0.6768 -0.3158
vn 0.5772 -0.7719 -0.2664
vn 0.5362 -0.6536 -0.5341
vn 0.5518 -0.5678 -0.6109
vn 0.5168 -0.8235 -0.2342
vn 0.4426 -0.7342 -0.5149
vn 0.3608 -0.9097 -0.2055
vn 0.2501 -0.8345 -0.4910
vn 0.0725 -0.9805 -0.1827
vn -0.0606 -0.8877 -0.4564
vn -0.3217 -0.9345 -0.1522
vn -0.4282 -0.8145 -0.3914
vn -0.6217 -0.7735 -0.1235
vn -0.6713 -0.6787 -0.2978
vn -0.7818 -0.6131 -0.1138
vn -0.8020 -0.5550 -0.2209
vn 0.7095 -0.7034 -0.0418
vn 0.6238 -0.7811 -0.0281
vn 0.5441 -0.8385 -0.0279
vn 0.3871 -0.9212 -0.0382
vn 0.0982 -0.9940 -0.0487
vn -0.2838 -0.9579 -0.0441
vn -0.6132 -0.7896 -0.0242
vn -0.7672 -0.6412 -0.0134
vn 0.7067 -0.6989 0.1105
vn 0.6632 -0.7414 0.1024
vn 0.5207 -0.8494 0.0859
vn 0.3325 -0.9423 0.0388
vn 0.0623 -0.9980 0.0041
vn -0.2857 -0.9583 0.0089
vn -0.6192 -0.7848 0.0272
vn -0.7514 -0.6583 0.0457
vn 0.6940 -0.6900 0.2055
vn 0.6768 -0.7151 0.1749
vn 0.4554 -0.8817 0.1229
vn 0.2412 -0.9691 0.0519
vn 0.0168 -0.9999 0.0029
vn -0.2753 -0.9614 0.0059
vn -0.6111 -0.7903 0.0433
vn -0.7351 -0.6735 0.0776
vn 0.6867 -0.6858 0.2412
vn 0.6287 -0.7582 0.1728
vn 0.3387 -0.9388 0.0629
vn 0.1464 -0.9887 -0.0330
vn -0.0114 -0.9966 -0.0817
vn -0.2205 -0.9733 -0.0635
vn -0.5521 -0.8337 0.0120
vn -0.7207 -0.6892 0.0747
vn 0.7030 -0.7028 0.1088
vn 0.4560 -0.8898 0.0179
vn 0.1653 -0.9736 -0.1574
vn 0.0588 -0.9665 -0.2497
vn -0.0112 -0.9596 -0.2813
vn -0.1108 -0.9621 -0.2493
vn -0.3853 -0.9143 -0.1252
vn -0.7069 -0.7049 -0.0588
vn 0.5282 0.8245 -0.2031
vn 0.7033 0.6821 -0.2004
vn 0.5264 0.7415 -0.4160
vn 0.4076 0.8173 -0.4074
vn 0.8853 0.4097 -0.2200
vn 0.6828 0.5219 -0.5113
vn 0.9712 -0.0366 -0.2353
vn 0.8095 0.0689 -0.5830
vn 0.8898 -0.3914 -0.2346
vn 0.7539 -0.3459 -0.5586
vn 0.7923 -0.5584 -0.2459
vn 0.6616 -0.5367 -0.5237
vn 0.7518 -0.6006 -0.2723
vn 0.6175 -0.5844 -0.5265
vn 0.6101 0.7918 -0.0297
vn 0.7559 0.6537 -0.0371
vn 0.9326 0.3558 -0.0603
vn 0.9964 -0.0539 -0.0659
vn 0.9237 -0.3807 -0.0433
vn 0.8315 -0.5549 -0.0249
vn 0.7815 -0.6233 -0.0274
vn 0.6429 0.7620 0.0776
vn 0.7527 0.6561 0.0555
vn 0.9388 0.3435 0.0266
vn 0.9998 -0.0122 0.0168
vn 0.9475 -0.3170 0.0418
vn 0.8507 -0.5188 0.0844
vn 0.7461 -0.6575 0.1050
vn 0.6589 0.7391 0.1399
vn 0.7538 0.6499 0.0969
vn 0.9472 0.3181 0.0416
vn 0.9995 0.0260 0.0200
vn 0.9703 -0.2344 0.0595
vn 0.8851 -0.4479 0.1264
vn 0.7185 -0.6726 0.1769
vn 0.6757 0.7207 0.1552
vn 0.8030 0.5911 0.0762
vn 0.9686 0.2472 -0.0251
vn 0.9971 0.0332 -0.0686
vn 0.9895 -0.1416 -0.0300
vn 0.9405 -0.3334 0.0665
vn 0.7597 -0.6265 0.1741
vn 0.7129 0.7010 0.0177
vn 0.9046 0.4201 -0.0722
vn 0.9665 0.1219 -0.2258
vn 0.9627 0.0170 -0.2702
vn 0.9680 -0.0560 -0.2446
vn 0.9743 -0.1632 -0.1551
vn 0.8902 -0.4551 0.0187
vn -0.6936 0.7196 -0.0318
vn -0.4758 0.8790 -0.0296
vn -0.4968 0.8608 -0.1107
vn -0.6893 0.7150 -0.1166
vn -0.1807 0.9827 -0.0411
vn -0.2570 0.9580 -0.1273
vn 0.0802 0.9945 -0.0666
vn -0.0358 0.9844 -0.1721
vn 0.2602 0.9604 -0.1002
vn 0.1353 0.9629 -0.2334
vn 0.3687 0.9197 -0.1352
vn 0.2575 0.9201 -0.2951
vn 0.4314 0.8874 -0.1623
vn 0.3484 0.8700 -0.3488
vn -0.6966 0.7175 0.0009
vn -0.4918 0.8707 0.0064
vn -0.1670 0.9859 0.0121
vn 0.1172 0.9930 0.0112
vn 0.3098 0.9508 0.0101
vn 0.4356 0.9001 0.0060
vn 0.5153 0.8569 -0.0126
vn -0.6998 0.7141 0.0176
vn -0.5236 0.8518 0.0161
vn -0.1926 0.9811 0.0200
vn 0.0903 0.9954 0.0330
vn 0.2895 0.9555 0.0576
vn 0.4497 0.8895 0.0806
vn 0.5865 0.8059 0.0808
vn -0.7026 0.7112 0.0206
vn -0.5354 0.8446 0.0054
vn -0.2099 0.9777 -0.0085
vn 0.0409 0.9992 0.0031
vn 0.2255 0.9732 0.0443
vn 0.4106 0.9069 0.0944
vn 0.6172 0.7769 0.1243
vn -0.7039 0.7103 0.0002
vn -0.4940 0.8686 -0.0393
vn -0.1834 0.9791 -0.0881
vn 0.0028 0.9958 -0.0915
vn 0.1407 0.9889 -0.0470
vn 0.3123 0.9496 0.0289
vn 0.5796 0.8076 0.1091
vn -0.6969 0.7056 -0.1282
vn -0.3444 0.9233 -0.1700
vn -0.0972 0.9589 -0.2667
vn -0.0072 0.9575 -0.2883
vn 0.0559 0.9645 -0.2582
vn 0.1529 0.9718 -0.1797
vn 0.4161 0.9085 -0.0377
vn -0.1254 0.7444 -0.6558
vn -0.0302 0.7870 -0.6162
vn 0.0129 0.8121 -0.5834
vn -0.8712 -0.4817 -0.0946
vn -0.8737 -0.4550 -0.1722
vn -0.9377 -0.3363 -0.0868
vn -0.9409 -0.2993 -0.1585
vn -0.9852 -0.1531 -0.0770
vn -0.9955 0.0697 -0.0640
vn -0.9481 0.3140 -0.0492
vn -0.9306 0.3429 -0.1280
vn -0.8403 0.5409 -0.0377
vn -0.8290 0.5456 -0.1232
vn -0.8520 -0.5235 -0.0042
vn -0.9309 -0.3653 0.0001
vn -0.9843 -0.1763 -0.0043
vn -0.9988 0.0479 -0.0063
vn -0.9534 0.3017 -0.0016
vn -0.8335 0.5526 0.0011
vn -0.8233 -0.5657 0.0465
vn -0.9279 -0.3709 0.0378
vn -0.9853 -0.1699 0.0184
vn -0.9988 0.0482 0.0066
vn -0.9546 0.2978 0.0086
vn -0.8221 0.5692 0.0139
vn -0.8111 -0.5815 0.0621
vn -0.9396 -0.3410 0.0282
vn -0.9901 -0.1403 -0.0090
vn -0.9983 0.0523 -0.0268
vn -0.9604 0.2779 -0.0174
vn -0.8248 0.5654 0.0051
vn -0.8418 -0.5390 0.0298
vn -0.9639 -0.2621 -0.0465
vn -0.9903 -0.0938 -0.1021
vn -0.9917 0.0463 -0.1197
vn -0.9712 0.2190 -0.0942
vn -0.8585 0.5114 -0.0374
vn -0.9178 -0.3813 -0.1110
vn -0.9629 -0.1285 -0.2374
vn -0.9543 -0.0399 -0.2962
vn -0.9515 0.0242 -0.3067
vn -0.9570 0.1096 -0.2687
vn -0.9211 0.3523 -0.1657
vn -0.7924 -0.0338 -0.6091
vn -0.7478 0.1284 -0.6514
vn -0.4161 0.5039 -0.7569
vn -0.4602 0.5592 -0.6896
vn -0.5152 0.5084 -0.6900
vn -0.5865 0.3359 -0.7370
vn -0.6159 -0.0139 -0.7877
vn -0.5314 -0.4371 -0.7257
vn -0.4218 -0.6983 -0.5783
vn -0.3751 -0.7848 -0.4934
vn -0.2530 0.4489 -0.8570
vn -0.3062 0.5110 -0.8032
vn -0.3753 0.4664 -0.8010
vn -0.4573 0.3111 -0.8331
vn -0.4993 0.0239 -0.8661
vn -0.4400 -0.3720 -0.8174
vn -0.3387 -0.6597 -0.6709
vn -0.2907 -0.7799 -0.5544
vn -0.0872 0.4057 -0.9099
vn -0.1155 0.4665 -0.8769
vn -0.1568 0.4272 -0.8905
vn -0.2032 0.2937 -0.9340
vn -0.2302 0.0381 -0.9724
vn -0.2080 -0.3299 -0.9208
vn -0.1545 -0.6258 -0.7645
vn -0.1289 -0.7793 -0.6133
vn 0.0868 0.4052 -0.9101
vn 0.1080 0.4657 -0.8783
vn 0.1291 0.4284 -0.8943
vn 0.1484 0.3030 -0.9414
vn 0.1583 0.0450 -0.9864
vn 0.1474 -0.3261 -0.9338
vn 0.1166 -0.6279 -0.7695
vn 0.0954 -0.7897 -0.6060
vn 0.2528 0.4479 -0.8576
vn 0.3011 0.5092 -0.8062
vn 0.3561 0.4681 -0.8087
vn 0.4164 0.3256 -0.8489
vn 0.4494 0.0412 -0.8924
vn 0.4042 -0.3672 -0.8377
vn 0.3160 -0.6702 -0.6715
vn 0.2665 -0.8109 -0.5209
vn 0.4162 0.5031 -0.7574
vn 0.4569 0.5576 -0.6931
vn 0.5024 0.5092 -0.6988
vn 0.5589 0.3398 -0.7564
vn 0.5842 0.0070 -0.8115
vn 0.5167 -0.4406 -0.7341
vn 0.4162 -0.7187 -0.5570
vn 0.3700 -0.8280 -0.4212
vn -0.4161 -0.5040 -0.7569
vn -0.3787 -0.3510 -0.8564
vn -0.4934 -0.4158 -0.7640
vn -0.3328 -0.1914 -0.9233
vn -0.4411 -0.2517 -0.8614
vn -0.3044 -0.0622 -0.9505
vn -0.3993 -0.0868 -0.9127
vn -0.3044 0.0622 -0.9505
vn -0.3993 0.0868 -0.9127
vn -0.3328 0.1914 -0.9233
vn -0.4411 0.2517 -0.8614
vn -0.3787 0.3510 -0.8564
vn -0.4934 0.4158 -0.7640
vn -0.2529 -0.4495 -0.8568
vn -0.2184 -0.2923 -0.9311
vn -0.1873 -0.1505 -0.9707
vn -0.1710 -0.0475 -0.9841
vn -0.1710 0.0475 -0.9841
vn -0.1873 0.1505 -0.9707
vn -0.2184 0.2923 -0.9311
vn -0.0868 -0.4071 -0.9092
vn -0.0722 -0.2597 -0.9630
vn -0.0611 -0.1309 -0.9895
vn -0.0554 -0.0406 -0.9976
vn -0.0554 0.0405 -0.9976
vn -0.0611 0.1309 -0.9895
vn -0.0722 0.2597 -0.9630
vn 0.0868 -0.4071 -0.9092
vn 0.0722 -0.2597 -0.9630
vn 0.0611 -0.1309 -0.9895
vn 0.0554 -0.0406 -0.9976
vn 0.0554 0.0405 -0.9976
vn 0.0611 0.1309 -0.9895
vn 0.0722 0.2597 -0.9630
vn 0.2529 -0.4495 -0.8568
vn 0.2184 -0.2924 -0.9310
vn 0.1873 -0.1505 -0.9707
vn 0.1710 -0.0475 -0.9841
vn 0.1710 0.0475 -0.9841
vn 0.1874 0.1505 -0.9707
vn 0.2184 0.2924 -0.9310
vn 0.4161 -0.5040 -0.7569
vn 0.3787 -0.3510 -0.8564
vn 0.3328 -0.1914 -0.9233
vn 0.3044 -0.0622 -0.9505
vn 0.3044 0.0622 -0.9505
vn 0.3328 0.1914 -0.9233
vn 0.3787 0.3510 -0.8564
vn 0.4925 -0.4157 -0.7646
vn 0.4402 -0.2517 -0.8619
vn 0.3985 -0.0868 -0.9130
vn 0.3985 0.0868 -0.9130
vn 0.4402 0.2517 -0.8619
vn 0.4925 0.4158 -0.7646
vn -0.3581 0.7838 -0.5074
vn -0.4055 0.6967 -0.5917
vn -0.5143 0.4353 -0.7389
vn -0.6828 0.5219 -0.5113
vn -0.6000 0.0120 -0.7999
vn -0.5754 -0.3394 -0.7442
vn -0.5100 -0.5098 -0.6929
vn -0.4586 -0.5598 -0.6901
vn -0.2614 0.7720 -0.5793
vn -0.3100 0.6564 -0.6878
vn -0.4051 0.3691 -0.8365
vn -0.4640 -0.0288 -0.8854
vn -0.4325 -0.3209 -0.8426
vn -0.3641 -0.4711 -0.8034
vn -0.3031 -0.5133 -0.8029
vn -0.1014 0.7605 -0.6413
vn -0.1253 0.6222 -0.7727
vn -0.1668 0.3279 -0.9299
vn -0.1855 -0.0420 -0.9817
vn -0.1698 -0.3047 -0.9372
vn -0.1401 -0.4355 -0.8892
vn -0.1107 -0.4714 -0.8749
vn 0.1013 0.7605 -0.6414
vn 0.1252 0.6222 -0.7728
vn 0.1668 0.3278 -0.9299
vn 0.1855 -0.0420 -0.9817
vn 0.1698 -0.3048 -0.9372
vn 0.1400 -0.4355 -0.8892
vn 0.1107 -0.4714 -0.8749
vn 0.3099 0.6564 -0.6878
vn 0.4050 0.3690 -0.8365
vn 0.4639 -0.0289 -0.8854
vn 0.4325 -0.3209 -0.8426
vn 0.3641 -0.4711 -0.8034
vn 0.3031 -0.5133 -0.8029
vn 0.3580 0.7835 -0.5078
vn 0.4055 0.6967 -0.5918
vn 0.5143 0.4353 -0.7389
vn 0.5999 0.0120 -0.8000
vn 0.5754 -0.3394 -0.7442
vn 0.5100 -0.5098 -0.6929
vn 0.4586 -0.5598 -0.6901
vn 0.4892 -0.5121 -0.7060
vn 0.4306 -0.3717 -0.8224
vn 0.3757 -0.1457 -0.9152
vn 0.3757 0.1457 -0.9152
vn 0.4306 0.3717 -0.8224
vn 0.4892 0.5121 -0.7060
vn 0.5362 0.6536 -0.5342
vn 0.3772 -0.6697 -0.6398
vn 0.2962 -0.6358 -0.7127
vn 0.2545 -0.3116 -0.9155
vn 0.2545 0.3116 -0.9155
vn 0.2962 0.6358 -0.7127
vn 0.3772 0.6697 -0.6398
vn 0.4426 0.7341 -0.5149
vn 0.2236 -0.8349 -0.5029
vn 0.1805 -0.9748 -0.1311
vn 0.0375 -0.6862 0.7264
vn 0.0375 0.6862 0.7264
vn 0.1805 0.9748 -0.1311
vn 0.2236 0.8349 -0.5029
vn -0.0222 -0.9070 -0.4206
vn 0.0697 -0.9736 0.2175
vn 0.0931 -0.4385 0.8939
vn 0.0931 0.4385 0.8939
vn 0.0697 0.9736 0.2175
vn -0.0222 0.9070 -0.4206
vn -0.3358 -0.8287 -0.4477
vn -0.1259 -0.9914 0.0351
vn 0.1688 -0.5505 0.8176
vn 0.1688 0.5505 0.8176
vn -0.1259 0.9914 0.0351
vn -0.3358 0.8287 -0.4477
vn -0.5989 -0.6495 -0.4685
vn -0.5126 -0.6653 -0.5428
vn -0.4730 -0.3695 -0.7998
vn -0.4730 0.3695 -0.7998
vn -0.5126 0.6653 -0.5427
vn -0.5989 0.6495 -0.4685
vn -0.7525 -0.5251 -0.3975
vn -0.7038 -0.4172 -0.5750
vn -0.6362 -0.1752 -0.7514
vn -0.6362 0.1752 -0.7514
vn -0.7038 0.4172 -0.5750
vn -0.7525 0.5251 -0.3975
vn 0.6490 -0.6503 -0.3948
vn 0.8058 -0.5106 -0.3001
vn 0.4559 -0.8678 -0.1976
vn 0.7798 -0.4955 -0.3826
vn -0.1564 -0.7421 0.6518
vn 0.7707 -0.2565 -0.5833
vn -0.1564 0.7420 0.6519
vn 0.7707 0.2565 -0.5833
vn 0.4559 0.8678 -0.1976
vn 0.7798 0.4955 -0.3826
vn 0.6490 0.6503 -0.3948
vn 0.8058 0.5106 -0.3001
vn 0.7341 0.6220 -0.2725
vn 0.3268 -0.8568 -0.3989
vn 0.0105 -0.9332 0.3591
vn -0.2426 -0.3002 0.9225
vn -0.2426 0.3002 0.9225
vn 0.0105 0.9332 0.3591
vn 0.3268 0.8568 -0.3989
vn -0.0179 -0.9341 -0.3566
vn -0.1164 -0.8833 0.4542
vn -0.0829 -0.2775 0.9571
vn -0.0829 0.2775 0.9571
vn -0.1164 0.8833 0.4542
vn -0.0179 0.9341 -0.3566
vn 0.0444 0.8767 -0.4789
vn -0.2570 -0.8559 -0.4488
vn -0.1883 -0.9706 0.1502
vn 0.0128 -0.4969 0.8677
vn 0.0128 0.4969 0.8677
vn -0.1883 0.9706 0.1502
vn -0.2570 0.8559 -0.4488
vn -0.3929 -0.6801 -0.6190
vn -0.3069 -0.6887 -0.6569
vn -0.2687 -0.3628 -0.8923
vn -0.2687 0.3628 -0.8923
vn -0.3069 0.6887 -0.6569
vn -0.3929 0.6801 -0.6190
vn -0.4947 -0.5145 -0.7004
vn -0.4369 -0.3778 -0.8163
vn -0.3813 -0.1495 -0.9123
vn -0.3813 0.1496 -0.9123
vn -0.4369 0.3778 -0.8163
vn -0.4947 0.5145 -0.7004
vn -0.5407 0.6519 -0.5317
vn -0.1070 -0.9890 -0.1019
vn -0.0150 -0.9985 -0.0527
vn -0.0258 -0.9995 -0.0169
vn -0.1428 -0.9894 -0.0261
vn 0.0500 -0.9981 -0.0350
vn 0.0511 -0.9985 -0.0188
vn 0.0496 -0.9980 -0.0388
vn 0.0578 -0.9980 -0.0270
vn -0.0170 -0.9981 -0.0592
vn -0.0067 -0.9991 -0.0417
vn -0.1514 -0.9841 -0.0925
vn -0.1438 -0.9876 -0.0632
vn -0.3414 -0.9302 -0.1348
vn -0.3415 -0.9356 -0.0891
vn -0.5291 -0.8307 -0.1733
vn -0.5272 -0.8421 -0.1136
vn -0.0261 -0.9817 -0.1885
vn 0.0227 -0.9945 -0.1025
vn 0.0610 -0.9962 -0.0623
vn 0.0428 -0.9973 -0.0590
vn -0.0337 -0.9958 -0.0853
vn -0.1694 -0.9764 -0.1343
vn -0.3516 -0.9152 -0.1968
vn -0.5198 -0.8143 -0.2584
vn 0.0840 -0.9637 -0.2533
vn 0.0838 -0.9854 -0.1480
vn 0.0847 -0.9920 -0.0932
vn 0.0401 -0.9957 -0.0830
vn -0.0539 -0.9925 -0.1097
vn -0.1976 -0.9662 -0.1658
vn -0.3758 -0.8948 -0.2409
vn -0.5356 -0.7808 -0.3217
vn 0.1846 -0.9421 -0.2798
vn 0.1597 -0.9688 -0.1895
vn 0.1193 -0.9846 -0.1280
vn 0.0444 -0.9930 -0.1097
vn -0.0719 -0.9890 -0.1289
vn -0.2301 -0.9563 -0.1803
vn -0.4130 -0.8743 -0.2549
vn -0.5735 -0.7455 -0.3397
vn 0.2664 -0.9054 -0.3306
vn 0.2488 -0.9389 -0.2378
vn 0.1626 -0.9724 -0.1674
vn 0.0597 -0.9886 -0.1381
vn -0.0797 -0.9869 -0.1402
vn -0.2571 -0.9509 -0.1726
vn -0.4541 -0.8607 -0.2300
vn -0.6223 -0.7231 -0.2997
vn 0.3394 -0.8828 -0.3248
vn 0.3213 -0.9102 -0.2614
vn 0.2115 -0.9540 -0.2126
vn 0.0903 -0.9815 -0.1687
vn -0.0681 -0.9874 -0.1430
vn -0.2660 -0.9534 -0.1421
vn -0.4836 -0.8592 -0.1671
vn -0.6657 -0.7168 -0.2077
vn -0.0543 -0.9751 -0.2150
vn -0.1487 -0.9587 -0.2426
vn -0.1366 -0.9902 -0.0303
vn -0.0350 -0.9991 -0.0237
vn -0.2347 -0.9387 -0.2524
vn -0.2361 -0.9710 -0.0372
vn -0.2833 -0.9267 -0.2470
vn -0.2951 -0.9546 -0.0415
vn -0.2968 -0.9271 -0.2290
vn -0.3160 -0.9478 -0.0433
vn -0.2754 -0.9404 -0.1993
vn -0.3002 -0.9529 -0.0422
vn -0.2171 -0.9633 -0.1579
vn -0.2468 -0.9683 -0.0375
vn -0.1026 -0.9153 -0.3894
vn -0.1748 -0.8858 -0.4300
vn -0.2280 -0.8658 -0.4455
vn -0.2510 -0.8633 -0.4377
vn -0.2455 -0.8789 -0.4091
vn -0.2094 -0.9097 -0.3587
vn -0.1388 -0.9485 -0.2846
vn -0.1675 -0.8527 -0.4948
vn -0.2129 -0.8138 -0.5408
vn -0.2243 -0.7965 -0.5615
vn -0.2125 -0.8027 -0.5572
vn -0.1773 -0.8309 -0.5274
vn -0.1157 -0.8763 -0.4677
vn -0.0247 -0.9271 -0.3740
vn -0.2391 -0.8067 -0.5404
vn -0.2576 -0.7676 -0.5869
vn -0.2283 -0.7558 -0.6137
vn -0.1773 -0.7676 -0.6159
vn -0.1046 -0.8015 -0.5887
vn 0.0037 -0.8590 -0.5119
vn 0.1045 -0.9137 -0.3928
vn -0.3057 -0.7859 -0.5375
vn -0.3030 -0.7551 -0.5814
vn -0.2410 -0.7510 -0.6148
vn -0.1499 -0.7659 -0.6252
vn -0.0255 -0.8049 -0.5928
vn 0.1115 -0.8446 -0.5237
vn 0.2232 -0.8741 -0.4315
vn -0.3576 -0.7931 -0.4930
vn -0.3428 -0.7765 -0.5288
vn -0.2615 -0.7812 -0.5669
vn -0.1326 -0.7985 -0.5873
vn 0.0456 -0.8229 -0.5664
vn 0.1909 -0.8451 -0.4994
vn 0.3095 -0.8588 -0.4082
vn 0.7087 -0.7033 -0.0567
vn 0.5380 -0.8383 -0.0885
vn 0.5420 -0.8388 0.0512
vn 0.7086 -0.7015 0.0764
vn 0.3720 -0.9212 -0.1140
vn 0.3787 -0.9251 0.0279
vn 0.2307 -0.9638 -0.1336
vn 0.2384 -0.9711 0.0106
vn 0.1248 -0.9811 -0.1476
vn 0.1312 -0.9914 -0.0009
vn 0.0471 -0.9857 -0.1621
vn 0.0576 -0.9983 -0.0090
vn -0.0007 -0.9830 -0.1834
vn 0.0150 -0.9997 -0.0168
vn 0.6990 -0.6936 -0.1741
vn 0.5286 -0.8225 -0.2099
vn 0.3621 -0.9022 -0.2343
vn 0.2210 -0.9424 -0.2511
vn 0.1090 -0.9565 -0.2707
vn 0.0223 -0.9539 -0.2994
vn -0.0393 -0.9401 -0.3387
vn 0.6877 -0.6840 -0.2431
vn 0.5197 -0.8071 -0.2803
vn 0.3516 -0.8847 -0.3059
vn 0.2080 -0.9218 -0.3271
vn 0.0819 -0.9321 -0.3529
vn -0.0173 -0.9212 -0.3888
vn -0.0977 -0.8941 -0.4370
vn 0.6820 -0.6815 -0.2656
vn 0.5142 -0.8022 -0.3033
vn 0.3427 -0.8798 -0.3294
vn 0.1849 -0.9155 -0.3574
vn 0.0460 -0.9182 -0.3935
vn -0.0684 -0.8974 -0.4358
vn -0.1661 -0.8581 -0.4859
vn 0.6841 -0.6878 -0.2428
vn 0.5114 -0.8121 -0.2809
vn 0.3305 -0.8897 -0.3149
vn 0.1506 -0.9233 -0.3532
vn -0.0013 -0.9176 -0.3975
vn -0.1279 -0.8863 -0.4451
vn -0.2353 -0.8380 -0.4923
vn 0.6923 -0.7005 -0.1734
vn 0.5067 -0.8358 -0.2116
vn 0.3069 -0.9169 -0.2553
vn 0.1029 -0.9455 -0.3088
vn -0.0614 -0.9284 -0.3664
vn -0.1916 -0.8873 -0.4195
vn -0.2965 -0.8361 -0.4616
vn 0.9901 -0.0661 -0.1236
vn 0.9969 -0.0406 -0.0681
vn 0.9963 -0.0790 -0.0329
vn 0.9934 -0.1005 -0.0560
vn 0.9989 -0.0391 -0.0239
vn 0.9972 -0.0752 -0.0006
vn 0.9967 -0.0816 0.0023
vn 0.9928 -0.1125 0.0414
vn 0.9826 -0.1854 0.0119
vn 0.9753 -0.2061 0.0793
vn 0.9417 -0.3364 0.0050
vn 0.9337 -0.3445 0.0980
vn 0.8519 -0.5233 -0.0217
vn 0.8472 -0.5225 0.0957
vn 0.9839 0.0031 -0.1789
vn 0.9956 0.0226 -0.0904
vn 0.9994 0.0039 -0.0343
vn 0.9981 -0.0597 -0.0143
vn 0.9846 -0.1728 -0.0272
vn 0.9404 -0.3334 -0.0677
vn 0.8449 -0.5205 -0.1231
vn 0.9759 0.0975 -0.1955
vn 0.9905 0.1058 -0.0883
vn 0.9980 0.0543 -0.0338
vn 0.9991 -0.0351 -0.0256
vn 0.9843 -0.1673 -0.0570
vn 0.9341 -0.3372 -0.1169
vn 0.8331 -0.5208 -0.1862
vn 0.9591 0.2112 -0.1884
vn 0.9768 0.1976 -0.0821
vn 0.9931 0.1101 -0.0391
vn 0.9992 -0.0082 -0.0398
vn 0.9837 -0.1618 -0.0778
vn 0.9289 -0.3423 -0.1412
vn 0.8251 -0.5244 -0.2104
vn 0.9284 0.3273 -0.1758
vn 0.9545 0.2836 -0.0920
vn 0.9838 0.1687 -0.0613
vn 0.9978 0.0254 -0.0606
vn 0.9849 -0.1486 -0.0887
vn 0.9293 -0.3423 -0.1384
vn 0.8257 -0.5294 -0.1948
vn 0.8885 0.4206 -0.1834
vn 0.9257 0.3525 -0.1374
vn 0.9674 0.2272 -0.1119
vn 0.9931 0.0700 -0.0945
vn 0.9885 -0.1199 -0.0921
vn 0.9378 -0.3299 -0.1082
vn 0.8360 -0.5310 -0.1385
vn 0.9901 0.0661 -0.1236
vn 0.9843 0.0686 -0.1629
vn 0.9933 0.0890 -0.0731
vn 0.9934 0.1005 -0.0560
vn 0.9812 0.0397 -0.1889
vn 0.9789 0.0127 -0.2040
vn 0.9947 0.0187 -0.1006
vn 0.9789 -0.0127 -0.2040
vn 0.9812 -0.0397 -0.1889
vn 0.9944 -0.0540 -0.0906
vn 0.9843 -0.0686 -0.1629
vn 0.9839 -0.0031 -0.1789
vn 0.9686 0.0226 -0.2474
vn 0.9574 0.0115 -0.2885
vn 0.9509 0.0020 -0.3094
vn 0.9509 -0.0020 -0.3094
vn 0.9574 -0.0115 -0.2885
vn 0.9686 -0.0226 -0.2474
vn 0.9759 -0.0975 -0.1955
vn 0.9542 -0.0507 -0.2948
vn 0.9331 -0.0314 -0.3582
vn 0.9206 -0.0129 -0.3903
vn 0.9206 0.0129 -0.3903
vn 0.9331 0.0314 -0.3582
vn 0.9542 0.0507 -0.2948
vn 0.9591 -0.2112 -0.1884
vn 0.9391 -0.1547 -0.3070
vn 0.9124 -0.0953 -0.3982
vn 0.8940 -0.0353 -0.4467
vn 0.8940 0.0353 -0.4467
vn 0.9124 0.0953 -0.3982
vn 0.9391 0.1547 -0.3070
vn 0.9284 -0.3273 -0.1758
vn 0.9138 -0.2826 -0.2918
vn 0.8938 -0.1884 -0.4071
vn 0.8750 -0.0709 -0.4790
vn 0.8750 0.0709 -0.4790
vn 0.8938 0.1884 -0.4071
vn 0.9138 0.2826 -0.2918
vn 0.8885 -0.4206 -0.1834
vn 0.8714 -0.4114 -0.2672
vn 0.8661 -0.3191 -0.3848
vn 0.8637 -0.1321 -0.4863
vn 0.8637 0.1321 -0.4863
vn 0.8661 0.3191 -0.3848
vn 0.8714 0.4114 -0.2672
vn 0.7040 0.7079 -0.0573
vn 0.8519 0.5233 -0.0217
vn 0.8473 0.5225 0.0957
vn 0.7035 0.7067 0.0758
vn 0.9417 0.3364 0.0050
vn 0.9337 0.3445 0.0980
vn 0.9826 0.1854 0.0119
vn 0.9753 0.2061 0.0793
vn 0.9967 0.0816 0.0023
vn 0.9928 0.1125 0.0414
vn 0.9989 0.0391 -0.0239
vn 0.9972 0.0752 -0.0006
vn 0.9969 0.0406 -0.0681
vn 0.9963 0.0790 -0.0329
vn 0.6952 0.6972 -0.1746
vn 0.8449 0.5205 -0.1232
vn 0.9404 0.3334 -0.0677
vn 0.9846 0.1728 -0.0272
vn 0.9981 0.0596 -0.0143
vn 0.9994 -0.0039 -0.0343
vn 0.9956 -0.0226 -0.0904
vn 0.6851 0.6866 -0.2434
vn 0.8331 0.5208 -0.1862
vn 0.9341 0.3372 -0.1169
vn 0.9843 0.1673 -0.0570
vn 0.9991 0.0351 -0.0256
vn 0.9980 -0.0543 -0.0338
vn 0.9905 -0.1058 -0.0883
vn 0.6803 0.6830 -0.2657
vn 0.8251 0.5244 -0.2104
vn 0.9289 0.3423 -0.1412
vn 0.9837 0.1618 -0.0778
vn 0.9992 0.0082 -0.0398
vn 0.9931 -0.1101 -0.0391
vn 0.9768 -0.1976 -0.0821
vn 0.6834 0.6885 -0.2428
vn 0.8257 0.5294 -0.1948
vn 0.9293 0.3423 -0.1384
vn 0.9849 0.1486 -0.0887
vn 0.9978 -0.0254 -0.0606
vn 0.9838 -0.1687 -0.0613
vn 0.9545 -0.2836 -0.0920
vn 0.6921 0.7007 -0.1733
vn 0.8360 0.5310 -0.1384
vn 0.9378 0.3299 -0.1082
vn 0.9885 0.1199 -0.0921
vn 0.9931 -0.0700 -0.0945
vn 0.9674 -0.2272 -0.1119
vn 0.9257 -0.3525 -0.1374
vn 0.0702 0.9715 -0.2264
vn 0.0550 0.9811 -0.1856
vn 0.0777 0.9968 -0.0165
vn 0.0995 0.9947 -0.0260
vn 0.0581 0.9864 -0.1540
vn 0.0743 0.9972 -0.0086
vn 0.1103 0.9846 -0.1358
vn 0.1155 0.9933 -0.0013
vn 0.1995 0.9718 -0.1257
vn 0.2045 0.9788 0.0087
vn 0.3390 0.9342 -0.1113
vn 0.3429 0.9390 0.0250
vn 0.5183 0.8505 -0.0890
vn 0.5207 0.8523 0.0490
vn 0.0001 0.9171 -0.3986
vn -0.0049 0.9457 -0.3250
vn 0.0313 0.9608 -0.2755
vn 0.0976 0.9628 -0.2520
vn 0.1948 0.9516 -0.2376
vn 0.3352 0.9142 -0.2277
vn 0.5126 0.8328 -0.2091
vn -0.0930 0.8710 -0.4824
vn -0.0735 0.9067 -0.4153
vn -0.0068 0.9298 -0.3681
vn 0.0742 0.9406 -0.3312
vn 0.1880 0.9318 -0.3106
vn 0.3321 0.8951 -0.2974
vn 0.5082 0.8149 -0.2787
vn -0.1924 0.8135 -0.5489
vn -0.1449 0.8671 -0.4766
vn -0.0618 0.9068 -0.4171
vn 0.0411 0.9270 -0.3729
vn 0.1722 0.9238 -0.3419
vn 0.3293 0.8878 -0.3216
vn 0.5071 0.8076 -0.3011
vn -0.2806 0.7905 -0.5444
vn -0.2251 0.8449 -0.4852
vn -0.1247 0.8940 -0.4304
vn -0.0040 0.9247 -0.3807
vn 0.1444 0.9295 -0.3394
vn 0.3225 0.8953 -0.3072
vn 0.5079 0.8151 -0.2787
vn -0.3461 0.7956 -0.4973
vn -0.2933 0.8394 -0.4576
vn -0.1907 0.8914 -0.4111
vn -0.0624 0.9322 -0.3565
vn 0.1008 0.9485 -0.3003
vn 0.3039 0.9192 -0.2505
vn 0.5056 0.8367 -0.2102
vn -0.1087 0.9682 -0.2255
vn -0.0804 0.9606 -0.2661
vn -0.1069 0.9937 -0.0344
vn -0.1393 0.9900 -0.0245
vn -0.0417 0.9551 -0.2932
vn -0.0572 0.9975 -0.0407
vn -0.0082 0.9522 -0.3054
vn -0.0118 0.9990 -0.0431
vn 0.0241 0.9521 -0.3048
vn 0.0292 0.9987 -0.0427
vn 0.0484 0.9553 -0.2917
vn 0.0641 0.9971 -0.0401
vn 0.0689 0.9618 -0.2650
vn 0.0942 0.9950 -0.0344
vn -0.0369 0.9165 -0.3984
vn -0.0160 0.8855 -0.4643
vn -0.0044 0.8615 -0.5078
vn 0.0022 0.8494 -0.5277
vn 0.0105 0.8499 -0.5268
vn 0.0098 0.8627 -0.5055
vn 0.0069 0.8868 -0.4621
vn 0.0602 0.8741 -0.4820
vn 0.0739 0.8239 -0.5618
vn 0.0493 0.7840 -0.6187
vn 0.0205 0.7612 -0.6481
vn -0.0118 0.7623 -0.6471
vn -0.0452 0.7863 -0.6161
vn -0.0798 0.8251 -0.5593
vn 0.1693 0.8176 -0.5504
vn 0.1681 0.7633 -0.6237
vn 0.1072 0.7290 -0.6761
vn 0.0411 0.7111 -0.7019
vn -0.0361 0.7120 -0.7012
vn -0.1045 0.7312 -0.6741
vn -0.1709 0.7650 -0.6209
vn 0.2676 0.7943 -0.5454
vn 0.2485 0.7506 -0.6122
vn 0.1613 0.7262 -0.6683
vn 0.0595 0.7124 -0.6992
vn -0.0571 0.7131 -0.6987
vn -0.1600 0.7279 -0.6667
vn -0.2498 0.7520 -0.6100
vn 0.3418 0.7974 -0.4974
vn 0.3121 0.7746 -0.5500
vn 0.2129 0.7662 -0.6063
vn 0.0792 0.7613 -0.6436
vn -0.0786 0.7616 -0.6433
vn -0.2126 0.7670 -0.6054
vn -0.3125 0.7754 -0.5487
vn 0.2614 0.7718 -0.5796
vn -0.6182 0.7771 -0.1184
vn -0.4910 0.8646 -0.1070
vn -0.4987 0.8662 0.0315
vn -0.6231 0.7821 0.0039
vn -0.3607 0.9276 -0.0976
vn -0.3723 0.9271 0.0440
vn -0.2536 0.9622 -0.0990
vn -0.2658 0.9631 0.0422
vn -0.1773 0.9778 -0.1116
vn -0.1931 0.9807 0.0319
vn -0.1333 0.9818 -0.1350
vn -0.1526 0.9882 0.0156
vn -0.1088 0.9787 -0.1741
vn -0.1415 0.9899 -0.0056
vn -0.5849 0.7708 -0.2526
vn -0.4720 0.8521 -0.2261
vn -0.3442 0.9155 -0.2084
vn -0.2348 0.9500 -0.2060
vn -0.1520 0.9632 -0.2216
vn -0.0972 0.9615 -0.2571
vn -0.0474 0.9472 -0.3172
vn -0.5726 0.7415 -0.3499
vn -0.4614 0.8323 -0.3073
vn -0.3322 0.9001 -0.2821
vn -0.2144 0.9364 -0.2777
vn -0.1182 0.9475 -0.2972
vn -0.0450 0.9387 -0.3419
vn 0.0212 0.9160 -0.4007
vn -0.5882 0.7102 -0.3869
vn -0.4678 0.8167 -0.3379
vn -0.3266 0.8924 -0.3114
vn -0.1916 0.9309 -0.3109
vn -0.0753 0.9384 -0.3374
vn 0.0206 0.9209 -0.3892
vn 0.1014 0.8805 -0.4631
vn -0.6255 0.6964 -0.3519
vn -0.4867 0.8166 -0.3103
vn -0.3209 0.9006 -0.2931
vn -0.1602 0.9387 -0.3052
vn -0.0206 0.9388 -0.3440
vn 0.0962 0.9104 -0.4024
vn 0.1968 0.8591 -0.4724
vn -0.6674 0.7031 -0.2454
vn -0.5023 0.8355 -0.2228
vn -0.3012 0.9262 -0.2269
vn -0.1100 0.9586 -0.2626
vn 0.0497 0.9459 -0.3206
vn 0.1770 0.9052 -0.3864
vn 0.2813 0.8491 -0.4471
vn -0.0160 -0.8396 0.5430
vn -0.0105 -0.8447 0.5351
vn -0.0000 -0.7290 0.6846
vn -0.0071 -0.7232 0.6906
vn -0.0092 -0.8482 0.5297
vn 0.0002 -0.7369 0.6760
vn -0.0099 -0.8499 0.5268
vn 0.0004 -0.7468 0.6651
vn -0.0127 -0.8528 0.5221
vn 0.0004 -0.7579 0.6524
vn -0.0177 -0.8591 0.5115
vn 0.0002 -0.7695 0.6387
vn -0.0250 -0.8705 0.4915
vn -0.0019 -0.7794 0.6265
vn -0.0384 -0.8867 0.4607
vn 0.0059 -0.7965 0.6046
vn -0.0334 -0.9238 0.3815
vn -0.0175 -0.9297 0.3680
vn -0.0034 -0.9287 0.3707
vn -0.0015 -0.9242 0.3819
vn -0.0112 -0.9207 0.3902
vn -0.0327 -0.9224 0.3848
vn -0.0676 -0.9322 0.3555
vn -0.1000 -0.9522 0.2886
vn -0.0600 -0.9685 0.2416
vn -0.0204 -0.9740 0.2257
vn 0.0129 -0.9724 0.2328
vn 0.0185 -0.9676 0.2520
vn -0.0022 -0.9633 0.2683
vn -0.0500 -0.9624 0.2671
vn -0.1278 -0.9638 0.2341
vn -0.2104 -0.9662 0.1491
vn -0.0892 -0.9868 0.1348
vn -0.0212 -0.9927 0.1184
vn 0.0319 -0.9916 0.1255
vn 0.0408 -0.9886 0.1449
vn 0.0071 -0.9867 0.1622
vn -0.0708 -0.9842 0.1624
vn -0.1952 -0.9720 0.1305
vn -0.3326 -0.9418 0.0489
vn -0.1161 -0.9913 0.0615
vn -0.0216 -0.9987 0.0467
vn 0.0473 -0.9976 0.0503
vn 0.0580 -0.9963 0.0630
vn 0.0115 -0.9972 0.0738
vn -0.0945 -0.9930 0.0705
vn -0.2585 -0.9651 0.0422
vn -0.4319 -0.9017 -0.0199
vn -0.1380 -0.9902 0.0204
vn -0.0230 -0.9997 0.0078
vn 0.0544 -0.9985 0.0054
vn 0.0644 -0.9979 0.0054
vn 0.0071 -1.0000 0.0017
vn -0.1196 -0.9928 -0.0114
vn -0.3081 -0.9507 -0.0355
vn -0.4943 -0.8666 -0.0681
vn 0.0652 -0.7125 0.6986
vn 0.0289 -0.7255 0.6877
vn 0.0548 -0.6341 0.7713
vn 0.0888 -0.6217 0.7782
vn -0.0177 -0.7436 0.6684
vn 0.0122 -0.6511 0.7589
vn -0.0467 -0.7644 0.6431
vn -0.0158 -0.6694 0.7427
vn -0.0552 -0.7889 0.6120
vn -0.0263 -0.6849 0.7282
vn -0.0510 -0.8097 0.5847
vn -0.0300 -0.7006 0.7129
vn -0.0437 -0.8267 0.5610
vn -0.0222 -0.7155 0.6983
vn 0.0385 -0.7926 0.6086
vn -0.0063 -0.8050 0.5932
vn -0.0596 -0.8219 0.5666
vn -0.0918 -0.8422 0.5314
vn -0.1037 -0.8650 0.4909
vn -0.0914 -0.8911 0.4445
vn -0.0756 -0.9112 0.4050
vn 0.0124 -0.8612 0.5081
vn -0.0452 -0.8697 0.4915
vn -0.1082 -0.8807 0.4612
vn -0.1461 -0.8955 0.4204
vn -0.1594 -0.9140 0.3730
vn -0.1491 -0.9345 0.3233
vn -0.1154 -0.9540 0.2768
vn -0.0094 -0.9179 0.3967
vn -0.0819 -0.9205 0.3821
vn -0.1566 -0.9224 0.3530
vn -0.2014 -0.9282 0.3127
vn -0.2172 -0.9393 0.2657
vn -0.1987 -0.9545 0.2223
vn -0.1691 -0.9697 0.1762
vn -0.0236 -0.9611 0.2752
vn -0.1097 -0.9572 0.2677
vn -0.1965 -0.9488 0.2474
vn -0.2487 -0.9441 0.2163
vn -0.2676 -0.9469 0.1785
vn -0.2483 -0.9596 0.1324
vn -0.2161 -0.9723 0.0895
vn -0.0317 -0.9897 0.1400
vn -0.1275 -0.9827 0.1341
vn -0.2242 -0.9671 0.1206
vn -0.2820 -0.9541 0.1011
vn -0.3030 -0.9498 0.0782
vn -0.2885 -0.9559 0.0546
vn -0.2409 -0.9699 0.0364
vn 0.6148 -0.4457 0.6507
vn 0.4889 -0.5635 0.6659
vn 0.4841 -0.4288 0.7627
vn 0.5775 -0.3388 0.7428
vn 0.3386 -0.6554 0.6751
vn 0.3599 -0.5156 0.7775
vn 0.2121 -0.7007 0.6812
vn 0.2460 -0.5721 0.7824
vn 0.1265 -0.7142 0.6884
vn 0.1608 -0.6019 0.7822
vn 0.0811 -0.7135 0.6960
vn 0.1111 -0.6143 0.7812
vn 0.0708 -0.7100 0.7006
vn 0.0967 -0.6176 0.7805
vn 0.6395 -0.5316 0.5553
vn 0.4949 -0.6639 0.5606
vn 0.3366 -0.7510 0.5680
vn 0.2079 -0.7884 0.5790
vn 0.1203 -0.7966 0.5924
vn 0.0704 -0.7933 0.6047
vn 0.0527 -0.7895 0.6115
vn 0.6586 -0.5987 0.4558
vn 0.5047 -0.7340 0.4544
vn 0.3466 -0.8166 0.4616
vn 0.2169 -0.8528 0.4750
vn 0.1249 -0.8625 0.4904
vn 0.0673 -0.8613 0.5037
vn 0.0395 -0.8587 0.5110
vn 0.6750 -0.6450 0.3583
vn 0.5176 -0.7797 0.3525
vn 0.3609 -0.8614 0.3576
vn 0.2291 -0.9009 0.3688
vn 0.1314 -0.9150 0.3815
vn 0.0664 -0.9174 0.3924
vn 0.0300 -0.9166 0.3986
vn 0.6891 -0.6741 0.2659
vn 0.5303 -0.8083 0.2558
vn 0.3733 -0.8921 0.2546
vn 0.2382 -0.9361 0.2587
vn 0.1353 -0.9547 0.2649
vn 0.0647 -0.9605 0.2708
vn 0.0234 -0.9613 0.2747
vn 0.7005 -0.6905 0.1800
vn 0.5390 -0.8264 0.1629
vn 0.3797 -0.9129 0.1500
vn 0.2413 -0.9599 0.1426
vn 0.1350 -0.9809 0.1398
vn 0.0617 -0.9883 0.1398
vn 0.0191 -0.9899 0.1406
vn 0.8623 -0.0494 0.5039
vn 0.8561 -0.0621 0.5131
vn 0.8039 -0.0336 0.5938
vn 0.8306 -0.0000 0.5569
vn 0.8401 -0.0909 0.5348
vn 0.7687 -0.0732 0.6354
vn 0.8145 -0.1346 0.5643
vn 0.7316 -0.1210 0.6710
vn 0.7808 -0.1917 0.5947
vn 0.6965 -0.1719 0.6967
vn 0.7401 -0.2596 0.6204
vn 0.6634 -0.2228 0.7143
vn 0.6912 -0.3403 0.6375
vn 0.6304 -0.2727 0.7268
vn 0.8974 -0.0859 0.4328
vn 0.8973 -0.0862 0.4330
vn 0.8909 -0.1014 0.4426
vn 0.8732 -0.1406 0.4667
vn 0.8430 -0.2034 0.4979
vn 0.7991 -0.2882 0.5277
vn 0.7350 -0.3982 0.5488
vn 0.9297 -0.1027 0.3537
vn 0.9271 -0.1070 0.3591
vn 0.9143 -0.1432 0.3790
vn 0.8885 -0.2115 0.4072
vn 0.8444 -0.3118 0.4356
vn 0.7706 -0.4464 0.4549
vn 0.9579 -0.1245 0.2589
vn 0.9569 -0.1102 0.2686
vn 0.9549 -0.1086 0.2763
vn 0.9444 -0.1444 0.2954
vn 0.9216 -0.2179 0.3211
vn 0.8781 -0.3305 0.3460
vn 0.7979 -0.4825 0.3614
vn 0.9799 -0.1239 0.1566
vn 0.9789 -0.1080 0.1734
vn 0.9766 -0.1054 0.1876
vn 0.9671 -0.1430 0.2102
vn 0.9460 -0.2216 0.2367
vn 0.9025 -0.3433 0.2600
vn 0.8188 -0.5057 0.2718
vn 0.9930 -0.0975 0.0661
vn 0.9916 -0.0954 0.0872
vn 0.9838 -0.1352 0.1181
vn 0.9640 -0.2186 0.1515
vn 0.9205 -0.3477 0.1780
vn 0.8350 -0.5168 0.1888
vn 0.9923 -0.1139 0.0492
vn 0.9947 -0.0991 0.0275
vn 0.9933 -0.0890 -0.0731
vn 0.9981 -0.0623 0.0021
vn 0.9997 -0.0220 -0.0137
vn 0.9947 -0.0187 -0.1006
vn 0.9997 0.0220 -0.0137
vn 0.9981 0.0623 0.0021
vn 0.9944 0.0540 -0.0906
vn 0.9947 0.0991 0.0275
vn 0.9923 0.1139 0.0492
vn 0.9854 -0.1091 0.1305
vn 0.9926 -0.0716 0.0984
vn 0.9967 -0.0261 0.0774
vn 0.9967 0.0261 0.0774
vn 0.9926 0.0716 0.0984
vn 0.9854 0.1091 0.1305
vn 0.9799 0.1239 0.1566
vn 0.9647 -0.1124 0.2383
vn 0.9750 -0.0769 0.2087
vn 0.9817 -0.0286 0.1881
vn 0.9817 0.0286 0.1881
vn 0.9750 0.0769 0.2087
vn 0.9647 0.1124 0.2383
vn 0.9579 0.1245 0.2589
vn 0.9295 -0.1117 0.3516
vn 0.9344 -0.1035 0.3410
vn 0.9446 -0.0733 0.3200
vn 0.9521 -0.0276 0.3044
vn 0.9521 0.0276 0.3044
vn 0.9446 0.0733 0.3200
vn 0.9344 0.1035 0.3410
vn 0.9295 0.1117 0.3516
vn 0.8991 -0.0810 0.4302
vn 0.9061 -0.0590 0.4189
vn 0.9120 -0.0224 0.4096
vn 0.9120 0.0224 0.4096
vn 0.9061 0.0590 0.4189
vn 0.8991 0.0810 0.4302
vn 0.8974 0.0859 0.4328
vn 0.8636 -0.0459 0.5021
vn 0.8670 -0.0346 0.4971
vn 0.8703 -0.0134 0.4923
vn 0.8703 0.0134 0.4923
vn 0.8670 0.0346 0.4971
vn 0.8636 0.0459 0.5021
vn 0.6145 0.4463 0.6505
vn 0.6912 0.3403 0.6375
vn 0.6304 0.2727 0.7268
vn 0.5775 0.3389 0.7428
vn 0.7401 0.2596 0.6204
vn 0.6634 0.2228 0.7143
vn 0.7808 0.1917 0.5946
vn 0.6965 0.1719 0.6967
vn 0.8145 0.1346 0.5643
vn 0.7316 0.1210 0.6709
vn 0.8401 0.0909 0.5348
vn 0.7687 0.0732 0.6354
vn 0.8561 0.0621 0.5131
vn 0.8039 0.0336 0.5938
vn 0.8623 0.0494 0.5039
vn 0.6384 0.5333 0.5551
vn 0.7350 0.3982 0.5488
vn 0.7991 0.2882 0.5277
vn 0.8430 0.2034 0.4979
vn 0.8732 0.1406 0.4667
vn 0.8909 0.1014 0.4426
vn 0.8973 0.0862 0.4330
vn 0.6563 0.6015 0.4555
vn 0.7706 0.4464 0.4549
vn 0.8445 0.3118 0.4356
vn 0.8885 0.2115 0.4072
vn 0.9143 0.1432 0.3790
vn 0.9271 0.1070 0.3591
vn 0.9297 0.1027 0.3537
vn 0.6715 0.6489 0.3577
vn 0.7979 0.4825 0.3614
vn 0.8781 0.3305 0.3460
vn 0.9216 0.2179 0.3211
vn 0.9444 0.1444 0.2954
vn 0.9549 0.1086 0.2763
vn 0.9569 0.1102 0.2686
vn 0.6848 0.6787 0.2653
vn 0.8188 0.5057 0.2718
vn 0.9025 0.3433 0.2600
vn 0.9460 0.2217 0.2367
vn 0.9671 0.1430 0.2102
vn 0.9766 0.1054 0.1876
vn 0.9789 0.1080 0.1734
vn 0.6956 0.6956 0.1794
vn 0.8350 0.5168 0.1888
vn 0.9205 0.3477 0.1780
vn 0.9640 0.2186 0.1515
vn 0.9838 0.1352 0.1181
vn 0.9916 0.0954 0.0872
vn 0.9930 0.0975 0.0661
vn 0.0806 0.7097 0.6999
vn 0.0743 0.7133 0.6969
vn 0.0970 0.6184 0.7798
vn 0.0949 0.6197 0.7791
vn 0.0804 0.7197 0.6897
vn 0.1107 0.6161 0.7799
vn 0.1232 0.7216 0.6812
vn 0.1599 0.6041 0.7807
vn 0.2081 0.7078 0.6750
vn 0.2451 0.5743 0.7811
vn 0.3353 0.6609 0.6714
vn 0.3593 0.5173 0.7767
vn 0.4872 0.5664 0.6647
vn 0.4839 0.4295 0.7625
vn 0.0724 0.7896 0.6094
vn 0.0648 0.7949 0.6032
vn 0.0713 0.8032 0.5914
vn 0.1140 0.8082 0.5777
vn 0.1984 0.7999 0.5665
vn 0.3279 0.7606 0.5603
vn 0.4900 0.6697 0.5580
vn 0.0707 0.8591 0.5069
vn 0.0643 0.8643 0.4988
vn 0.0718 0.8716 0.4849
vn 0.1156 0.8751 0.4700
vn 0.2007 0.8661 0.4577
vn 0.3306 0.8291 0.4509
vn 0.4954 0.7426 0.4507
vn 0.0755 0.9157 0.3947
vn 0.0690 0.9206 0.3844
vn 0.0752 0.9254 0.3714
vn 0.1196 0.9257 0.3589
vn 0.2061 0.9140 0.3496
vn 0.3373 0.8757 0.3455
vn 0.5036 0.7908 0.3480
vn 0.0865 0.9590 0.2700
vn 0.0739 0.9627 0.2602
vn 0.0777 0.9646 0.2520
vn 0.1213 0.9620 0.2447
vn 0.2093 0.9476 0.2413
vn 0.3433 0.9072 0.2433
vn 0.5124 0.8212 0.2513
vn 0.0976 0.9854 0.1391
vn 0.0782 0.9880 0.1330
vn 0.0776 0.9887 0.1282
vn 0.1197 0.9846 0.1273
vn 0.2085 0.9692 0.1312
vn 0.3453 0.9277 0.1418
vn 0.5186 0.8401 0.1592
vn -0.1101 0.7215 0.6836
vn -0.0682 0.7226 0.6878
vn -0.0626 0.6512 0.7564
vn -0.0986 0.6520 0.7518
vn -0.0437 0.7217 0.6908
vn -0.0424 0.6482 0.7603
vn -0.0183 0.7206 0.6931
vn -0.0188 0.6439 0.7649
vn 0.0084 0.7182 0.6958
vn 0.0083 0.6390 0.7691
vn 0.0358 0.7151 0.6981
vn 0.0381 0.6330 0.7732
vn 0.0659 0.7116 0.6995
vn 0.0728 0.6257 0.7767
vn -0.1184 0.7893 0.6025
vn -0.0743 0.7912 0.6070
vn -0.0434 0.7908 0.6105
vn -0.0155 0.7905 0.6122
vn 0.0112 0.7902 0.6127
vn 0.0371 0.7898 0.6123
vn 0.0620 0.7890 0.6113
vn -0.1251 0.8517 0.5089
vn -0.0811 0.8543 0.5135
vn -0.0447 0.8543 0.5179
vn -0.0123 0.8540 0.5201
vn 0.0162 0.8543 0.5195
vn 0.0416 0.8550 0.5170
vn 0.0637 0.8564 0.5123
vn -0.1310 0.9065 0.4013
vn -0.0891 0.9093 0.4065
vn -0.0478 0.9100 0.4118
vn -0.0102 0.9102 0.4140
vn 0.0215 0.9104 0.4132
vn 0.0485 0.9110 0.4095
vn 0.0713 0.9124 0.4030
vn -0.1365 0.9504 0.2794
vn -0.0981 0.9537 0.2842
vn -0.0521 0.9558 0.2893
vn -0.0097 0.9564 0.2919
vn 0.0259 0.9563 0.2914
vn 0.0563 0.9561 0.2877
vn 0.0816 0.9564 0.2805
vn -0.1407 0.9795 0.1442
vn -0.1056 0.9834 0.1474
vn -0.0563 0.9870 0.1508
vn -0.0108 0.9882 0.1526
vn 0.0285 0.9879 0.1527
vn 0.0626 0.9866 0.1504
vn 0.0915 0.9851 0.1455
vn -0.0661 0.8181 0.5713
vn -0.1534 0.7719 0.6170
vn -0.1120 0.7443 0.6584
vn -0.0066 0.7787 0.6273
vn -0.2156 0.7336 0.6445
vn -0.1811 0.7141 0.6762
vn -0.2490 0.7100 0.6587
vn -0.2197 0.6878 0.6919
vn -0.2528 0.7023 0.6655
vn -0.2249 0.6681 0.7093
vn -0.2281 0.7050 0.6715
vn -0.2036 0.6566 0.7263
vn -0.1744 0.7142 0.6779
vn -0.1554 0.6524 0.7418
vn -0.1524 0.8523 0.5004
vn -0.2103 0.7888 0.5776
vn -0.2471 0.7513 0.6119
vn -0.2614 0.7389 0.6210
vn -0.2578 0.7448 0.6154
vn -0.2347 0.7594 0.6068
vn -0.1800 0.7779 0.6021
vn -0.2898 0.8582 0.4236
vn -0.2806 0.8069 0.5197
vn -0.2765 0.7816 0.5591
vn -0.2660 0.7811 0.5649
vn -0.2483 0.7965 0.5513
vn -0.2238 0.8197 0.5272
vn -0.1801 0.8412 0.5098
vn -0.4314 0.8367 0.3372
vn -0.3552 0.8266 0.4365
vn -0.3067 0.8236 0.4771
vn -0.2672 0.8356 0.4799
vn -0.2334 0.8565 0.4604
vn -0.2025 0.8789 0.4318
vn -0.1746 0.8962 0.4077
vn -0.5383 0.8088 0.2369
vn -0.4243 0.8462 0.3224
vn -0.3362 0.8705 0.3594
vn -0.2679 0.8935 0.3603
vn -0.2172 0.9151 0.3397
vn -0.1824 0.9328 0.3109
vn -0.1644 0.9438 0.2867
vn -0.5996 0.7904 0.1254
vn -0.4751 0.8619 0.1773
vn -0.3620 0.9096 0.2037
vn -0.2682 0.9412 0.2054
vn -0.2037 0.9605 0.1896
vn -0.1654 0.9717 0.1684
vn -0.1546 0.9765 0.1503
vn 0.0228 -0.1042 0.9943
vn -0.0238 -0.1029 0.9944
vn -0.0274 0.0051 0.9996
vn 0.0236 0.0042 0.9997
vn -0.0593 -0.0961 0.9936
vn -0.0677 0.0070 0.9977
vn -0.0630 -0.0852 0.9944
vn -0.0347 -0.0730 0.9967
vn -0.0456 0.0134 0.9989
vn 0.0278 -0.0607 0.9978
vn 0.0179 0.0164 0.9997
vn 0.1195 -0.0537 0.9914
vn 0.1168 0.0182 0.9930
vn 0.2597 -0.0549 0.9641
vn 0.2634 0.0176 0.9645
vn 0.0200 -0.2085 0.9778
vn -0.0153 -0.2064 0.9783
vn -0.0402 -0.1953 0.9799
vn -0.0392 -0.1783 0.9832
vn -0.0095 -0.1571 0.9875
vn 0.0427 -0.1412 0.9891
vn 0.1216 -0.1354 0.9833
vn 0.2483 -0.1356 0.9591
vn 0.0161 -0.3131 0.9496
vn -0.0043 -0.3110 0.9504
vn -0.0160 -0.2994 0.9540
vn -0.0101 -0.2819 0.9594
vn 0.0186 -0.2640 0.9644
vn 0.0553 -0.2502 0.9666
vn 0.1170 -0.2449 0.9624
vn 0.0118 -0.4170 0.9088
vn 0.0060 -0.4158 0.9094
vn 0.0060 -0.4072 0.9133
vn 0.0153 -0.3946 0.9187
vn 0.0368 -0.3836 0.9228
vn 0.0610 -0.3775 0.9240
vn 0.0995 -0.3789 0.9201
vn 0.1888 -0.3870 0.9025
vn 0.0071 -0.5188 0.8549
vn 0.0118 -0.5193 0.8545
vn 0.0189 -0.5165 0.8561
vn 0.0283 -0.5129 0.8580
vn 0.0395 -0.5128 0.8576
vn 0.0524 -0.5166 0.8546
vn 0.0685 -0.5247 0.8485
vn 0.0010 -0.6158 0.7879
vn 0.0104 -0.6192 0.7852
vn 0.0172 -0.6236 0.7815
vn 0.0228 -0.6306 0.7757
vn 0.0262 -0.6390 0.7687
vn 0.0298 -0.6488 0.7604
vn 0.0294 -0.6617 0.7492
vn 0.2062 -0.0646 0.9764
vn 0.1553 -0.0737 0.9851
vn 0.1590 0.0004 0.9873
vn 0.2082 0.0001 0.9781
vn 0.1235 -0.0807 0.9891
vn 0.1274 0.0010 0.9919
vn 0.0967 -0.0870 0.9915
vn 0.1006 0.0018 0.9949
vn 0.0749 -0.0926 0.9929
vn 0.0582 -0.0975 0.9935
vn 0.0466 -0.1017 0.9937
vn 0.1969 -0.1380 0.9707
vn 0.1449 -0.1548 0.9773
vn 0.1127 -0.1673 0.9794
vn 0.0857 -0.1785 0.9802
vn 0.0641 -0.1885 0.9800
vn 0.0481 -0.1971 0.9792
vn 0.0376 -0.2042 0.9782
vn 0.1810 -0.2235 0.9577
vn 0.1303 -0.2449 0.9607
vn 0.0973 -0.2609 0.9604
vn 0.0702 -0.2755 0.9587
vn 0.0493 -0.2883 0.9563
vn 0.0345 -0.2992 0.9536
vn 0.0259 -0.3079 0.9511
vn 0.1601 -0.3193 0.9340
vn 0.1133 -0.3415 0.9330
vn 0.0791 -0.3594 0.9298
vn 0.0520 -0.3758 0.9253
vn 0.0321 -0.3902 0.9202
vn 0.0194 -0.4024 0.9153
vn 0.0137 -0.4117 0.9112
vn 0.1360 -0.4213 0.8967
vn 0.0950 -0.4410 0.8925
vn 0.0590 -0.4591 0.8864
vn 0.0318 -0.4762 0.8787
vn 0.0135 -0.4915 0.8707
vn 0.0037 -0.5043 0.8635
vn 0.0020 -0.5137 0.8580
vn 0.1113 -0.5235 0.8447
vn 0.0757 -0.5388 0.8390
vn 0.0371 -0.5561 0.8303
vn 0.0097 -0.5733 0.8193
vn -0.0067 -0.5890 0.8081
vn -0.0109 -0.6005 0.7995
vn -0.0099 -0.6094 0.7928
vn 0.4939 -0.0304 0.8690
vn 0.4443 -0.0499 0.8945
vn 0.3939 -0.0000 0.9191
vn 0.4504 -0.0000 0.8928
vn 0.4042 -0.0515 0.9132
vn 0.3798 -0.0000 0.9251
vn 0.3827 -0.0471 0.9227
vn 0.3675 -0.0000 0.9300
vn 0.3566 -0.0453 0.9332
vn 0.3461 -0.0000 0.9382
vn 0.3243 -0.0471 0.9448
vn 0.3176 -0.0000 0.9482
vn 0.2727 -0.0543 0.9606
vn 0.2705 -0.0000 0.9627
vn 0.5111 -0.0450 0.8584
vn 0.4804 -0.0622 0.8748
vn 0.4360 -0.0748 0.8969
vn 0.4030 -0.0800 0.9117
vn 0.3679 -0.0870 0.9258
vn 0.3266 -0.0983 0.9401
vn 0.2672 -0.1169 0.9565
vn 0.5154 -0.0682 0.8542
vn 0.5006 -0.0834 0.8616
vn 0.4572 -0.1052 0.8831
vn 0.4151 -0.1232 0.9014
vn 0.3691 -0.1427 0.9184
vn 0.3164 -0.1665 0.9339
vn 0.2507 -0.1954 0.9481
vn 0.5179 -0.1020 0.8494
vn 0.5086 -0.1193 0.8527
vn 0.4611 -0.1537 0.8739
vn 0.4091 -0.1869 0.8932
vn 0.3496 -0.2210 0.9105
vn 0.2865 -0.2566 0.9231
vn 0.2213 -0.2906 0.9309
vn 0.5255 -0.1513 0.8372
vn 0.5043 -0.1844 0.8436
vn 0.4459 -0.2348 0.8637
vn 0.3749 -0.2824 0.8830
vn 0.3007 -0.3291 0.8951
vn 0.2335 -0.3688 0.8997
vn 0.1801 -0.3988 0.8992
vn 0.5453 -0.2313 0.8057
vn 0.4931 -0.2869 0.8213
vn 0.4063 -0.3555 0.8417
vn 0.3114 -0.4180 0.8534
vn 0.2275 -0.4641 0.8561
vn 0.1667 -0.4943 0.8532
vn 0.1342 -0.5114 0.8488
vn 0.5651 0.2029 0.7997
vn 0.5453 0.2313 0.8057
vn 0.5224 0.1428 0.8407
vn 0.5081 0.0950 0.8560
vn 0.5179 0.1020 0.8494
vn 0.5111 0.0565 0.8577
vn 0.5154 0.0682 0.8542
vn 0.5222 0.0253 0.8525
vn 0.5346 -0.0000 0.8451
vn 0.4939 0.0304 0.8690
vn 0.5819 0.1725 0.7948
vn 0.5256 0.1197 0.8422
vn 0.5039 0.0723 0.8607
vn 0.5039 0.0324 0.8632
vn 0.5128 -0.0000 0.8585
vn 0.5222 -0.0253 0.8525
vn 0.6033 0.1348 0.7860
vn 0.5343 0.0877 0.8408
vn 0.5030 0.0406 0.8633
vn 0.4981 -0.0000 0.8671
vn 0.5039 -0.0324 0.8632
vn 0.5111 -0.0565 0.8576
vn 0.6361 0.0903 0.7663
vn 0.5582 0.0467 0.8284
vn 0.5157 -0.0000 0.8568
vn 0.5030 -0.0406 0.8633
vn 0.5039 -0.0723 0.8607
vn 0.5081 -0.0950 0.8560
vn 0.6849 0.0426 0.7274
vn 0.6094 -0.0000 0.7929
vn 0.5582 -0.0467 0.8284
vn 0.5343 -0.0877 0.8408
vn 0.5256 -0.1197 0.8422
vn 0.5224 -0.1428 0.8407
vn 0.7444 -0.0000 0.6678
vn 0.6849 -0.0426 0.7274
vn 0.6361 -0.0903 0.7663
vn 0.6033 -0.1348 0.7860
vn 0.5819 -0.1725 0.7948
vn 0.5651 -0.2029 0.7997
vn 0.2057 0.0648 0.9765
vn 0.2727 0.0543 0.9606
vn 0.3243 0.0471 0.9448
vn 0.3566 0.0453 0.9332
vn 0.3827 0.0471 0.9227
vn 0.4042 0.0515 0.9132
vn 0.4443 0.0499 0.8945
vn 0.1957 0.1384 0.9709
vn 0.2672 0.1169 0.9565
vn 0.3266 0.0983 0.9401
vn 0.3679 0.0870 0.9258
vn 0.4030 0.0800 0.9117
vn 0.4360 0.0748 0.8969
vn 0.4804 0.0622 0.8748
vn 0.5111 0.0450 0.8584
vn 0.1795 0.2239 0.9579
vn 0.2507 0.1954 0.9481
vn 0.3164 0.1665 0.9339
vn 0.3691 0.1427 0.9184
vn 0.4151 0.1232 0.9014
vn 0.4572 0.1052 0.8831
vn 0.5006 0.0834 0.8616
vn 0.1589 0.3194 0.9342
vn 0.2213 0.2906 0.9309
vn 0.2865 0.2566 0.9231
vn 0.3496 0.2210 0.9105
vn 0.4091 0.1869 0.8932
vn 0.4611 0.1537 0.8739
vn 0.5085 0.1193 0.8527
vn 0.1360 0.4208 0.8969
vn 0.1801 0.3988 0.8992
vn 0.2335 0.3688 0.8997
vn 0.3007 0.3291 0.8951
vn 0.3749 0.2824 0.8830
vn 0.4459 0.2348 0.8637
vn 0.5043 0.1844 0.8436
vn 0.5255 0.1513 0.8372
vn 0.1136 0.5224 0.8451
vn 0.1343 0.5114 0.8488
vn 0.1667 0.4943 0.8532
vn 0.2275 0.4641 0.8561
vn 0.3114 0.4180 0.8534
vn 0.4063 0.3555 0.8417
vn 0.4931 0.2869 0.8213
vn 0.0195 0.1189 0.9927
vn 0.0443 0.1141 0.9925
vn 0.0501 0.0038 0.9987
vn 0.0552 0.1078 0.9926
vn 0.0619 0.0033 0.9981
vn 0.0716 0.1004 0.9924
vn 0.0788 0.0025 0.9969
vn 0.0935 0.0923 0.9913
vn 0.1209 0.0837 0.9891
vn 0.1537 0.0749 0.9853
vn 0.0074 0.2310 0.9729
vn 0.0286 0.2223 0.9746
vn 0.0384 0.2115 0.9766
vn 0.0545 0.1993 0.9784
vn 0.0769 0.1858 0.9796
vn 0.1057 0.1715 0.9795
vn 0.1408 0.1566 0.9776
vn -0.0117 0.3342 0.9424
vn 0.0068 0.3235 0.9462
vn 0.0168 0.3108 0.9503
vn 0.0332 0.2968 0.9544
vn 0.0566 0.2813 0.9579
vn 0.0871 0.2646 0.9604
vn 0.1247 0.2466 0.9611
vn -0.0350 0.4273 0.9034
vn -0.0164 0.4167 0.9089
vn -0.0049 0.4045 0.9145
vn 0.0130 0.3912 0.9202
vn 0.0376 0.3764 0.9257
vn 0.0694 0.3600 0.9304
vn 0.1084 0.3420 0.9334
vn -0.0592 0.5102 0.8580
vn -0.0374 0.5015 0.8643
vn -0.0230 0.4918 0.8704
vn -0.0031 0.4809 0.8768
vn 0.0227 0.4686 0.8831
vn 0.0550 0.4547 0.8890
vn 0.0939 0.4390 0.8935
vn -0.0812 0.5834 0.8081
vn -0.0532 0.5785 0.8140
vn -0.0356 0.5724 0.8192
vn -0.0137 0.5651 0.8249
vn 0.0129 0.5562 0.8309
vn 0.0447 0.5459 0.8367
vn 0.0821 0.5341 0.8414
vn 0.2579 0.1193 0.9588
vn 0.1126 0.1194 0.9864
vn 0.0147 0.1198 0.9927
vn -0.0482 0.1205 0.9915
vn -0.0761 0.1214 0.9897
vn -0.0738 0.0100 0.9972
vn -0.0700 0.1220 0.9901
vn -0.0299 0.1216 0.9921
vn 0.2399 0.2444 0.9395
vn 0.1001 0.2416 0.9652
vn 0.0068 0.2392 0.9709
vn -0.0535 0.2384 0.9697
vn -0.0805 0.2386 0.9678
vn -0.0752 0.2387 0.9682
vn -0.0374 0.2369 0.9708
vn 0.2082 0.3723 0.9045
vn 0.0756 0.3650 0.9279
vn -0.0100 0.3574 0.9339
vn -0.0654 0.3522 0.9336
vn -0.0904 0.3490 0.9327
vn -0.0856 0.3465 0.9341
vn -0.0512 0.3425 0.9381
vn 0.1639 0.4965 0.8524
vn 0.0386 0.4846 0.8739
vn -0.0383 0.4705 0.8816
vn -0.0871 0.4588 0.8843
vn -0.1085 0.4501 0.8863
vn -0.1031 0.4435 0.8903
vn -0.0713 0.4367 0.8968
vn 0.1112 0.6100 0.7846
vn -0.0088 0.5946 0.8040
vn -0.0789 0.5743 0.8148
vn -0.1210 0.5552 0.8228
vn -0.1373 0.5399 0.8305
vn -0.1291 0.5283 0.8392
vn -0.0967 0.5191 0.8492
vn 0.0565 0.7071 0.7048
vn -0.0616 0.6899 0.7213
vn -0.1310 0.6646 0.7356
vn -0.1682 0.6384 0.7511
vn -0.1783 0.6165 0.7669
vn -0.1641 0.6004 0.7827
vn -0.1260 0.5899 0.7976
vn -0.1685 -0.6584 0.7336
vn 0.1118 -0.6872 0.7178
vn 0.0835 -0.7977 0.5972
vn -0.2733 -0.7636 0.5850
vn 0.1816 -0.7184 0.6715
vn 0.1863 -0.7615 0.6208
vn 0.1949 -0.7215 0.6645
vn 0.1760 -0.7685 0.6152
vn 0.1966 -0.7095 0.6767
vn 0.1465 -0.7863 0.6002
vn 0.1743 -0.6907 0.7018
vn 0.0930 -0.7959 0.5983
vn 0.1380 -0.6770 0.7229
vn 0.0459 -0.7929 0.6076
vn 0.0706 -0.6787 0.7310
vn -0.0975 -0.5975 0.7959
vn 0.0836 -0.6011 0.7948
vn 0.2011 -0.6113 0.7654
vn 0.2570 -0.6016 0.7563
vn 0.2733 -0.5799 0.7675
vn 0.2589 -0.5562 0.7897
vn 0.2186 -0.5375 0.8144
vn 0.1350 -0.5379 0.8321
vn -0.0539 -0.5523 0.8319
vn 0.0916 -0.5390 0.8373
vn 0.2390 -0.5187 0.8209
vn 0.3177 -0.4892 0.8123
vn 0.3459 -0.4552 0.8205
vn 0.3375 -0.4169 0.8440
vn 0.2868 -0.3904 0.8748
vn -0.0228 -0.4933 0.8696
vn 0.1334 -0.4629 0.8763
vn 0.2949 -0.4247 0.8560
vn 0.3862 -0.3832 0.8391
vn 0.4249 -0.3331 0.8418
vn 0.4118 -0.2864 0.8651
vn 0.3431 -0.2553 0.9040
vn 0.2261 -0.2480 0.9420
vn 0.0010 -0.4025 0.9154
vn 0.1911 -0.3689 0.9096
vn 0.3590 -0.3213 0.8763
vn 0.4615 -0.2684 0.8455
vn 0.4987 -0.2170 0.8392
vn 0.4757 -0.1732 0.8624
vn 0.3869 -0.1446 0.9107
vn 0.0206 -0.2439 0.9696
vn 0.2400 -0.2172 0.9462
vn 0.4211 -0.1835 0.8883
vn 0.5223 -0.1440 0.8405
vn 0.5531 -0.1092 0.8260
vn 0.5202 -0.0814 0.8502
vn 0.4161 -0.0628 0.9071
vn 0.0293 -0.0002 0.9996
vn 0.2612 0.0005 0.9653
vn 0.4498 0.0022 0.8931
vn 0.5483 0.0047 0.8362
vn 0.5749 0.0074 0.8182
vn 0.5375 0.0106 0.8432
vn 0.4276 0.0144 0.9039
vn -0.6258 -0.7475 0.2228
vn -0.6107 -0.7470 0.2626
vn -0.5675 -0.7966 0.2084
vn -0.5779 -0.7983 0.1693
vn -0.5856 -0.7454 0.3186
vn -0.5472 -0.7964 0.2575
vn -0.5747 -0.7330 0.3640
vn -0.5370 -0.7917 0.2913
vn -0.5689 -0.7049 0.4236
vn -0.5297 -0.7867 0.3171
vn -0.5662 -0.6568 0.4981
vn -0.5163 -0.7862 0.3397
vn -0.4449 -0.6246 0.6418
vn -0.4406 -0.8015 0.4044
vn -0.6505 -0.7097 0.2705
vn -0.6300 -0.7064 0.3227
vn -0.5963 -0.7007 0.3917
vn -0.5694 -0.6850 0.4546
vn -0.5239 -0.6620 0.5360
vn -0.4681 -0.6299 0.6197
vn -0.3026 -0.6067 0.7350
vn -0.6879 -0.6475 0.3278
vn -0.6570 -0.6434 0.3931
vn -0.6088 -0.6372 0.4726
vn -0.5586 -0.6230 0.5476
vn -0.4826 -0.6038 0.6345
vn -0.3886 -0.5804 0.7157
vn -0.2134 -0.5618 0.7993
vn -0.7385 -0.5510 0.3886
vn -0.6965 -0.5473 0.4640
vn -0.6332 -0.5434 0.5511
vn -0.5605 -0.5342 0.6329
vn -0.4612 -0.5224 0.7172
vn -0.3424 -0.5084 0.7902
vn -0.1697 -0.4973 0.8508
vn -0.7958 -0.4101 0.4456
vn -0.7455 -0.4081 0.5269
vn -0.6709 -0.4084 0.6190
vn -0.5811 -0.4064 0.7051
vn -0.4672 -0.4047 0.7861
vn -0.3301 -0.4017 0.8542
vn -0.1597 -0.4001 0.9025
vn -0.8445 -0.2211 0.4878
vn -0.7905 -0.2211 0.5711
vn -0.7109 -0.2242 0.6665
vn -0.6128 -0.2275 0.7568
vn -0.4916 -0.2303 0.8398
vn -0.3442 -0.2336 0.9094
vn -0.1736 -0.2404 0.9550
vn -0.8641 -0.0000 0.5033
vn -0.8097 0.0001 0.5868
vn -0.7299 0.0003 0.6836
vn -0.6304 0.0003 0.7762
vn -0.5073 0.0001 0.8618
vn -0.3579 -0.0002 0.9338
vn -0.1872 -0.0004 0.9823
vn -0.3832 -0.8820 -0.2743
vn -0.4170 -0.9018 -0.1138
vn -0.1541 -0.9639 -0.2170
vn -0.1041 -0.9438 -0.3138
vn -0.4493 -0.8933 0.0142
vn -0.2321 -0.9634 -0.1341
vn -0.4938 -0.8619 0.1152
vn -0.3054 -0.9506 -0.0557
vn -0.5242 -0.8275 0.2010
vn -0.3741 -0.9264 0.0419
vn -0.5554 -0.7984 0.2325
vn -0.4585 -0.8815 0.1130
vn -0.5983 -0.7691 0.2248
vn -0.5366 -0.8306 0.1493
vn -0.6360 -0.7418 -0.2129
vn -0.6631 -0.7481 -0.0241
vn -0.6520 -0.7482 0.1226
vn -0.6271 -0.7480 0.2175
vn -0.6076 -0.7478 0.2676
vn -0.6059 -0.7439 0.2820
vn -0.6302 -0.7297 0.2653
vn -0.8060 -0.5706 -0.1573
vn -0.8146 -0.5791 0.0319
vn -0.7817 -0.6006 0.1683
vn -0.7356 -0.6275 0.2551
vn -0.6958 -0.6520 0.3012
vn -0.6745 -0.6671 0.3163
vn -0.6809 -0.6648 0.3073
vn -0.9059 -0.4060 -0.1208
vn -0.9057 -0.4205 0.0540
vn -0.8718 -0.4558 0.1795
vn -0.8258 -0.4977 0.2654
vn -0.7826 -0.5354 0.3177
vn -0.7530 -0.5608 0.3442
vn -0.7457 -0.5658 0.3520
vn -0.9603 -0.2594 -0.1025
vn -0.9593 -0.2768 0.0566
vn -0.9335 -0.3128 0.1752
vn -0.8970 -0.3541 0.2646
vn -0.8601 -0.3909 0.3279
vn -0.8307 -0.4157 0.3702
vn -0.8150 -0.4220 0.3971
vn -0.9872 -0.1270 -0.0968
vn -0.9887 -0.1404 0.0521
vn -0.9720 -0.1641 0.1684
vn -0.9459 -0.1898 0.2631
vn -0.9174 -0.2117 0.3370
vn -0.8914 -0.2256 0.3931
vn -0.8714 -0.2283 0.4341
vn -0.9954 -0.0000 -0.0963
vn -0.9988 -0.0000 0.0493
vn -0.9862 -0.0000 0.1658
vn -0.9647 -0.0000 0.2633
vn -0.9397 -0.0000 0.3420
vn -0.9151 -0.0000 0.4032
vn -0.8935 -0.0000 0.4492
vn 0.0258 -0.9581 -0.2854
vn 0.0232 -0.9187 -0.3943
vn 0.2220 -0.9330 -0.2831
vn 0.1899 -0.9629 -0.1919
vn -0.0447 -0.8828 -0.4676
vn 0.1833 -0.9108 -0.3700
vn -0.1276 -0.8428 -0.5229
vn 0.1047 -0.8868 -0.4501
vn -0.2124 -0.8179 -0.5348
vn 0.0170 -0.8732 -0.4871
vn -0.2856 -0.8194 -0.4971
vn -0.0506 -0.8819 -0.4687
vn -0.3420 -0.8470 -0.4070
vn -0.0863 -0.9129 -0.3990
vn -0.1485 -0.9193 -0.3644
vn -0.1864 -0.8611 -0.4730
vn -0.2494 -0.8010 -0.5442
vn -0.3261 -0.7548 -0.5691
vn -0.4089 -0.7196 -0.5612
vn -0.4939 -0.7081 -0.5047
vn -0.5751 -0.7203 -0.3879
vn -0.3247 -0.8374 -0.4397
vn -0.3653 -0.7711 -0.5216
vn -0.4102 -0.6966 -0.5886
vn -0.4875 -0.6409 -0.5929
vn -0.5671 -0.5975 -0.5669
vn -0.6564 -0.5723 -0.4915
vn -0.7458 -0.5657 -0.3519
vn -0.4892 -0.7030 -0.5161
vn -0.5192 -0.6384 -0.5683
vn -0.5502 -0.5662 -0.6138
vn -0.6221 -0.5056 -0.5978
vn -0.6935 -0.4538 -0.5596
vn -0.7774 -0.4203 -0.4680
vn -0.8564 -0.4052 -0.3200
vn -0.6255 -0.5110 -0.5896
vn -0.6385 -0.4674 -0.6115
vn -0.6661 -0.4080 -0.6244
vn -0.7171 -0.3582 -0.5979
vn -0.7751 -0.3201 -0.5448
vn -0.8488 -0.2876 -0.4437
vn -0.9180 -0.2647 -0.2952
vn -0.7147 -0.2679 -0.6461
vn -0.7222 -0.2466 -0.6462
vn -0.7431 -0.2189 -0.6324
vn -0.7760 -0.1916 -0.6009
vn -0.8293 -0.1664 -0.5335
vn -0.8928 -0.1458 -0.4262
vn -0.9524 -0.1304 -0.2757
vn -0.7446 -0.0000 -0.6676
vn -0.7532 -0.0000 -0.6578
vn -0.7685 -0.0000 -0.6398
vn -0.7995 -0.0000 -0.6007
vn -0.8486 -0.0000 -0.5291
vn -0.9077 -0.0000 -0.4197
vn -0.9631 -0.0000 -0.2690
vn -0.0341 -0.9718 -0.2334
vn -0.0936 -0.9702 -0.2234
vn 0.0131 -0.9999 -0.0070
vn 0.0258 -0.9996 -0.0106
vn -0.1293 -0.9729 -0.1916
vn 0.0041 -1.0000 -0.0026
vn -0.1243 -0.9795 -0.1587
vn 0.0177 -0.9998 -0.0053
vn -0.0940 -0.9850 -0.1446
vn 0.0461 -0.9987 -0.0235
vn -0.0536 -0.9857 -0.1599
vn 0.0848 -0.9945 -0.0614
vn -0.0103 -0.9778 -0.2094
vn 0.1349 -0.9835 -0.1209
vn -0.0912 -0.8925 -0.4418
vn -0.1809 -0.8878 -0.4232
vn -0.2306 -0.8989 -0.3726
vn -0.2356 -0.9188 -0.3166
vn -0.2142 -0.9363 -0.2784
vn -0.1851 -0.9447 -0.2706
vn -0.1608 -0.9406 -0.2991
vn -0.1400 -0.7702 -0.6222
vn -0.2491 -0.7636 -0.5957
vn -0.3076 -0.7846 -0.5383
vn -0.3275 -0.8176 -0.4737
vn -0.3247 -0.8465 -0.4220
vn -0.3163 -0.8625 -0.3951
vn -0.3165 -0.8609 -0.3984
vn -0.1796 -0.6130 -0.7694
vn -0.3011 -0.6061 -0.7362
vn -0.3671 -0.6320 -0.6825
vn -0.4056 -0.6705 -0.6212
vn -0.4272 -0.7048 -0.5664
vn -0.4442 -0.7249 -0.5265
vn -0.4677 -0.7252 -0.5053
vn -0.2085 -0.4270 -0.8799
vn -0.3390 -0.4213 -0.8412
vn -0.4121 -0.4435 -0.7959
vn -0.4689 -0.4759 -0.7441
vn -0.5146 -0.5050 -0.6930
vn -0.5554 -0.5228 -0.6467
vn -0.5968 -0.5251 -0.6068
vn -0.2243 -0.2185 -0.9497
vn -0.3630 -0.2156 -0.9065
vn -0.4414 -0.2272 -0.8680
vn -0.5109 -0.2440 -0.8243
vn -0.5730 -0.2591 -0.7776
vn -0.6293 -0.2687 -0.7293
vn -0.6814 -0.2715 -0.6797
vn -0.2265 -0.0000 -0.9740
vn -0.3714 -0.0000 -0.9285
vn -0.4517 -0.0000 -0.8922
vn -0.5253 -0.0000 -0.8509
vn -0.5925 -0.0000 -0.8056
vn -0.6535 -0.0000 -0.7569
vn -0.7090 -0.0000 -0.7052
vn 0.7338 -0.5761 -0.3600
vn 0.4055 -0.8294 -0.3843
vn 0.1495 -0.9858 0.0765
vn 0.4851 -0.8155 0.3157
vn 0.2088 -0.9368 -0.2808
vn 0.0135 -0.9994 0.0305
vn 0.1110 -0.9692 -0.2199
vn -0.0116 -0.9997 0.0209
vn 0.0628 -0.9779 -0.1993
vn -0.0140 -0.9998 0.0168
vn 0.0358 -0.9783 -0.2043
vn -0.0026 -0.9999 0.0121
vn 0.0075 -0.9753 -0.2209
vn 0.0162 -0.9999 -0.0006
vn 0.6826 -0.5377 -0.4949
vn 0.5762 -0.6387 -0.5099
vn 0.3838 -0.7760 -0.5005
vn 0.2514 -0.8485 -0.4657
vn 0.1573 -0.8841 -0.4401
vn 0.0820 -0.8987 -0.4308
vn 0.0023 -0.9001 -0.4357
vn 0.6775 -0.5243 -0.5158
vn 0.6300 -0.5651 -0.5327
vn 0.4658 -0.6624 -0.5867
vn 0.3377 -0.7213 -0.6047
vn 0.2282 -0.7579 -0.6111
vn 0.1217 -0.7780 -0.6163
vn -0.0030 -0.7822 -0.6230
vn 0.6955 -0.4987 -0.5173
vn 0.6401 -0.5314 -0.5548
vn 0.4935 -0.5808 -0.6473
vn 0.3790 -0.6006 -0.7040
vn 0.2702 -0.6137 -0.7419
vn 0.1481 -0.6240 -0.7673
vn -0.0089 -0.6266 -0.7793
vn 0.7273 -0.4601 -0.5093
vn 0.6187 -0.4914 -0.6130
vn 0.4879 -0.4765 -0.7314
vn 0.3906 -0.4493 -0.8035
vn 0.2903 -0.4343 -0.8527
vn 0.1639 -0.4334 -0.8862
vn -0.0134 -0.4365 -0.8996
vn 0.7803 -0.3576 -0.5130
vn 0.5570 -0.4026 -0.7264
vn 0.4586 -0.2989 -0.8368
vn 0.3842 -0.2342 -0.8931
vn 0.2974 -0.2050 -0.9325
vn 0.1760 -0.2029 -0.9633
vn -0.0114 -0.2152 -0.9765
vn 0.7523 -0.0000 -0.6588
vn 0.5425 -0.0000 -0.8401
vn 0.4474 -0.0000 -0.8943
vn 0.3831 -0.0000 -0.9237
vn 0.3058 -0.0000 -0.9521
vn 0.1906 -0.0000 -0.9817
vn -0.0005 -0.0000 -1.0000
vn 0.5124 0.2990 0.8050
vn 0.9083 -0.0000 0.4183
vn 0.5124 -0.2990 0.8050
vn 0.3956 -0.0000 0.9184
vn 0.8695 -0.1553 0.4688
vn 0.5256 -0.3592 0.7712
vn 0.8467 -0.2146 0.4868
vn 0.5191 -0.3784 0.7664
vn 0.8571 -0.2460 0.4526
vn 0.5205 -0.3901 0.7595
vn 0.8984 -0.2793 0.3390
vn 0.5360 -0.4062 0.7400
vn 0.9095 -0.4157 0.0044
vn 0.5787 -0.5283 0.6213
vn 0.8695 0.1553 0.4688
vn 0.9326 -0.0000 0.3610
vn 0.9476 -0.0799 0.3093
vn 0.9645 -0.1397 0.2241
vn 0.9730 -0.2233 0.0586
vn 0.8595 -0.4281 -0.2792
vn 0.5190 0.3784 0.7664
vn 0.8467 0.2146 0.4868
vn 0.9476 0.0799 0.3093
vn 0.9798 -0.0000 0.2001
vn 0.9940 -0.0738 0.0807
vn 0.9779 -0.1879 -0.0919
vn 0.8254 -0.4172 -0.3803
vn 0.8571 0.2460 0.4526
vn 0.9645 0.1397 0.2241
vn 0.9940 0.0738 0.0807
vn 0.9991 -0.0000 -0.0428
vn 0.9745 -0.1261 -0.1857
vn 0.8260 -0.3716 -0.4238
vn 0.5360 0.4062 0.7400
vn 0.8984 0.2793 0.3390
vn 0.9730 0.2233 0.0586
vn 0.9779 0.1879 -0.0919
vn 0.9745 0.1261 -0.1857
vn 0.9589 -0.0000 -0.2837
vn 0.8632 -0.2636 -0.4306
vn 0.9095 0.4157 0.0044
vn 0.8595 0.4281 -0.2792
vn 0.8254 0.4172 -0.3803
vn 0.8260 0.3716 -0.4238
vn 0.8632 0.2636 -0.4306
vn 0.8981 -0.0000 -0.4397
vn 0.4851 0.8155 0.3157
vn 0.7338 0.5761 -0.3600
vn 0.6826 0.5377 -0.4949
vn 0.6775 0.5243 -0.5158
vn 0.7273 0.4601 -0.5093
vn -0.7318 0.0141 -0.6814
vn -0.8726 0.0876 -0.4804
vn -0.8147 -0.0423 -0.5783
vn -0.6899 -0.1122 -0.7151
vn -0.9541 0.1685 -0.2475
vn -0.9045 0.0558 -0.4227
vn -0.9666 0.2453 -0.0738
vn -0.9445 0.1685 -0.2819
vn -0.9506 0.3103 0.0079
vn -0.9405 0.2838 -0.1867
vn -0.9307 0.3656 -0.0049
vn -0.9070 0.3922 -0.1531
vn -0.9036 0.4140 -0.1102
vn -0.8566 0.4794 -0.1907
vn -0.7370 0.0999 -0.6685
vn -0.8761 0.1729 -0.4501
vn -0.9547 0.2190 -0.2015
vn -0.9707 0.2377 -0.0359
vn -0.9689 0.2455 0.0293
vn -0.9674 0.2533 0.0058
vn -0.9581 0.2694 -0.0970
vn -0.7387 0.0332 -0.6732
vn -0.8679 0.1246 -0.4808
vn -0.9491 0.1610 -0.2706
vn -0.9811 0.1518 -0.1202
vn -0.9908 0.1247 -0.0529
vn -0.9935 0.0987 -0.0560
vn -0.9896 0.0890 -0.1129
vn -0.9841 0.1076 -0.1411
vn -0.7537 -0.1869 -0.6300
vn -0.8661 -0.0587 -0.4964
vn -0.9246 -0.0160 -0.3806
vn -0.9611 -0.0284 -0.2749
vn -0.9766 -0.0666 -0.2043
vn -0.9804 -0.1051 -0.1668
vn -0.9803 -0.1246 -0.1531
vn -0.9852 -0.1142 -0.1281
vn -0.7307 -0.4909 -0.4745
vn -0.8324 -0.3514 -0.4286
vn -0.8507 -0.2997 -0.4318
vn -0.8697 -0.2880 -0.4008
vn -0.8867 -0.3052 -0.3474
vn -0.9018 -0.3312 -0.2777
vn -0.9166 -0.3471 -0.1986
vn -0.6339 -0.7257 -0.2673
vn -0.7039 -0.6485 -0.2898
vn -0.7020 -0.6085 -0.3700
vn -0.7156 -0.5654 -0.4101
vn -0.7425 -0.5394 -0.3972
vn -0.7769 -0.5358 -0.3307
vn -0.8094 -0.5429 -0.2239
vn -0.5787 -0.3854 -0.7187
vn -0.4842 -0.2848 -0.8273
vn -0.4005 -0.3543 -0.8450
vn -0.4772 -0.4106 -0.7770
vn -0.4610 -0.2233 -0.8589
vn -0.3695 -0.3151 -0.8742
vn -0.4524 -0.1686 -0.8757
vn -0.3622 -0.2758 -0.8904
vn -0.4791 -0.1260 -0.8686
vn -0.3961 -0.2310 -0.8887
vn -0.5286 -0.0860 -0.8445
vn -0.4643 -0.1908 -0.8649
vn -0.6094 -0.0405 -0.7918
vn -0.5636 -0.1573 -0.8109
vn -0.7288 -0.3653 -0.5792
vn -0.6340 -0.2517 -0.7312
vn -0.6094 -0.1636 -0.7758
vn -0.5773 -0.0918 -0.8113
vn -0.5637 -0.0370 -0.8251
vn -0.5823 0.0068 -0.8129
vn -0.6276 0.0417 -0.7774
vn -0.8384 -0.3747 -0.3959
vn -0.7869 -0.2745 -0.5526
vn -0.7693 -0.1810 -0.6127
vn -0.7158 -0.1134 -0.6891
vn -0.6586 -0.0735 -0.7489
vn -0.6297 -0.0508 -0.7751
vn -0.6349 -0.0355 -0.7718
vn -0.8515 -0.4626 -0.2468
vn -0.8468 -0.3950 -0.3564
vn -0.8505 -0.3251 -0.4134
vn -0.8061 -0.2816 -0.5204
vn -0.7313 -0.2658 -0.6281
vn -0.6697 -0.2647 -0.6939
vn -0.6428 -0.2642 -0.7190
vn -0.7742 -0.6108 -0.1660
vn -0.7881 -0.5762 -0.2165
vn -0.8054 -0.5391 -0.2465
vn -0.7846 -0.5219 -0.3347
vn -0.7250 -0.5263 -0.4443
vn -0.6626 -0.5396 -0.5195
vn -0.6281 -0.5472 -0.5533
vn -0.6505 -0.7487 -0.1277
vn -0.6647 -0.7341 -0.1389
vn -0.6808 -0.7184 -0.1432
vn -0.6767 -0.7129 -0.1843
vn -0.6460 -0.7215 -0.2494
vn -0.6099 -0.7335 -0.3000
vn -0.5907 -0.7391 -0.3238
vn -0.3896 -0.8269 -0.4055
vn -0.5253 -0.7715 -0.3589
vn -0.4403 -0.7950 -0.4173
vn -0.3305 -0.8270 -0.4548
vn -0.6563 -0.7013 -0.2781
vn -0.5433 -0.7507 -0.3760
vn -0.7470 -0.6290 -0.2151
vn -0.6268 -0.6965 -0.3493
vn -0.7934 -0.5721 -0.2078
vn -0.6775 -0.6372 -0.3676
vn -0.7991 -0.5284 -0.2868
vn -0.6850 -0.5698 -0.4540
vn -0.7472 -0.4720 -0.4679
vn -0.4225 -0.8528 -0.3069
vn -0.5838 -0.7611 -0.2825
vn -0.7180 -0.6660 -0.2023
vn -0.7944 -0.5914 -0.1385
vn -0.8291 -0.5446 -0.1268
vn -0.8411 -0.5095 -0.1815
vn -0.8336 -0.4553 -0.3128
vn -0.4047 -0.9039 -0.1386
vn -0.5766 -0.7994 -0.1692
vn -0.7020 -0.6977 -0.1428
vn -0.7744 -0.6237 -0.1068
vn -0.8114 -0.5763 -0.0975
vn -0.8350 -0.5360 -0.1245
vn -0.8597 -0.4737 -0.1910
vn -0.3180 -0.9412 0.1144
vn -0.4930 -0.8700 0.0010
vn -0.6113 -0.7883 -0.0693
vn -0.6913 -0.7173 -0.0872
vn -0.7416 -0.6641 -0.0945
vn -0.7806 -0.6158 -0.1067
vn -0.8247 -0.5510 -0.1274
vn -0.1958 -0.9184 0.3439
vn -0.3326 -0.9208 0.2035
vn -0.4458 -0.8943 0.0380
vn -0.5469 -0.8358 -0.0485
vn -0.6242 -0.7763 -0.0878
vn -0.6837 -0.7223 -0.1039
vn -0.7377 -0.6665 -0.1074
vn -0.0622 -0.8651 0.4978
vn -0.1378 -0.9214 0.3634
vn -0.2315 -0.9587 0.1652
vn -0.3606 -0.9322 0.0310
vn -0.4815 -0.8753 -0.0443
vn -0.5700 -0.8175 -0.0818
vn -0.6269 -0.7730 -0.0967
vn -0.4768 -0.8694 0.1300
vn -0.4738 -0.8773 0.0764
vn -0.3829 -0.9236 0.0178
vn -0.3599 -0.9314 -0.0542
vn -0.3220 -0.9410 -0.1039
vn -0.2898 -0.9310 -0.2217
vn -0.2465 -0.9188 -0.3082
vn -0.2853 -0.9028 -0.3217
vn -0.3116 -0.8659 -0.3914
vn -0.2668 -0.8530 -0.4486
vn -0.4629 -0.8660 0.1891
vn -0.3729 -0.9221 0.1038
vn -0.3100 -0.9506 0.0143
vn -0.2760 -0.9577 -0.0817
vn -0.2759 -0.9439 -0.1816
vn -0.3170 -0.9089 -0.2710
vn -0.4431 -0.8657 0.2331
vn -0.3396 -0.9238 0.1767
vn -0.2647 -0.9562 0.1251
vn -0.2253 -0.9721 0.0650
vn -0.2290 -0.9734 -0.0118
vn -0.2819 -0.9545 -0.0975
vn -0.4029 -0.8739 0.2720
vn -0.2683 -0.9301 0.2510
vn -0.1766 -0.9551 0.2379
vn -0.1341 -0.9677 0.2137
vn -0.1298 -0.9770 0.1695
vn -0.1866 -0.9749 0.1213
vn -0.3125 -0.8911 0.3291
vn -0.1379 -0.9245 0.3554
vn -0.0454 -0.9281 0.3695
vn -0.0187 -0.9319 0.3623
vn -0.0317 -0.9441 0.3280
vn -0.1039 -0.9472 0.3032
vn -0.0983 -0.8658 0.4907
vn 0.0605 -0.8455 0.5306
vn 0.1042 -0.8414 0.5303
vn 0.1001 -0.8549 0.5091
vn 0.0460 -0.8751 0.4817
vn -0.0222 -0.8829 0.4691
vn 0.6502 -0.1666 -0.7412
vn 0.5696 -0.3265 -0.7543
vn 0.2687 -0.3962 -0.8780
vn 0.5980 -0.0000 -0.8015
vn 0.5465 -0.5414 -0.6389
vn 0.1092 -0.6103 -0.7846
vn 0.4575 -0.6992 -0.5494
vn -0.0000 -0.7257 -0.6880
vn 0.3111 -0.7947 -0.5212
vn -0.0829 -0.7976 -0.5974
vn 0.0973 -0.8449 -0.5260
vn -0.1454 -0.8283 -0.5411
vn -0.1206 -0.8564 -0.5021
vn -0.2356 -0.8330 -0.5007
vn 0.6628 -0.3368 -0.6688
vn 0.4899 -0.5136 -0.7044
vn 0.4370 -0.6891 -0.5781
vn 0.3661 -0.7912 -0.4900
vn 0.2716 -0.8461 -0.4586
vn 0.1257 -0.8759 -0.4659
vn -0.0699 -0.8851 -0.4601
vn -0.2415 -0.8852 -0.3976
vn 0.6517 -0.5079 -0.5633
vn 0.4228 -0.6763 -0.6033
vn 0.3406 -0.7960 -0.5005
vn 0.2773 -0.8569 -0.4345
vn 0.2071 -0.8894 -0.4075
vn 0.0963 -0.9096 -0.4041
vn -0.0731 -0.9198 -0.3855
vn 0.5644 -0.6840 -0.4623
vn 0.3416 -0.8044 -0.4860
vn 0.2423 -0.8731 -0.4232
vn 0.1788 -0.9080 -0.3789
vn 0.1152 -0.9292 -0.3511
vn 0.0190 -0.9448 -0.3270
vn -0.1286 -0.9514 -0.2797
vn -0.2847 -0.9399 -0.1886
vn 0.3805 -0.8382 -0.3907
vn 0.2215 -0.8966 -0.3835
vn 0.1298 -0.9282 -0.3486
vn 0.0635 -0.9481 -0.3115
vn -0.0077 -0.9626 -0.2709
vn -0.1067 -0.9701 -0.2182
vn -0.2387 -0.9603 -0.1442
vn 0.1447 -0.9282 -0.3428
vn 0.0678 -0.9494 -0.3065
vn -0.0005 -0.9633 -0.2685
vn -0.0746 -0.9737 -0.2152
vn -0.1662 -0.9752 -0.1459
vn -0.2784 -0.9583 -0.0645
vn -0.3956 -0.9183 0.0132
vn 0.8750 -0.2573 0.4102
vn 0.7768 -0.2571 0.5749
vn 0.7947 -0.0000 0.6070
vn 0.9048 -0.0000 0.4257
vn 0.7097 -0.2244 0.6678
vn 0.7129 -0.0000 0.7013
vn 0.7238 -0.2037 0.6593
vn 0.7380 -0.0000 0.6748
vn 0.8346 -0.2177 0.5059
vn 0.8817 -0.0000 0.4719
vn 0.9674 -0.2293 0.1074
vn 0.9998 -0.0000 -0.0177
vn 0.8711 -0.1998 -0.4487
vn 0.8101 -0.0000 -0.5862
vn 0.7985 -0.4848 0.3569
vn 0.7436 -0.4697 0.4758
vn 0.7276 -0.4001 0.5572
vn 0.7557 -0.3274 0.5672
vn 0.8436 -0.2880 0.4532
vn 0.9471 -0.2960 0.1238
vn 0.8845 -0.3182 -0.3412
vn 0.6963 -0.6652 0.2695
vn 0.6974 -0.6384 0.3256
vn 0.7352 -0.5653 0.3740
vn 0.7908 -0.4787 0.3815
vn 0.8628 -0.4134 0.2911
vn 0.9139 -0.4030 0.0491
vn 0.8515 -0.4464 -0.2750
vn 0.5841 -0.7957 0.1603
vn 0.6276 -0.7628 0.1557
vn 0.6913 -0.7066 0.1510
vn 0.7557 -0.6425 0.1272
vn 0.8049 -0.5917 0.0448
vn 0.8058 -0.5816 -0.1116
vn 0.7325 -0.6202 -0.2807
vn 0.4665 -0.8835 0.0416
vn 0.5283 -0.8490 -0.0063
vn 0.5788 -0.8131 -0.0626
vn 0.6069 -0.7840 -0.1302
vn 0.6029 -0.7689 -0.2127
vn 0.5603 -0.7751 -0.2920
vn 0.4941 -0.8036 -0.3317
vn 0.3380 -0.9378 -0.0787
vn 0.3953 -0.9060 -0.1512
vn 0.4034 -0.8838 -0.2369
vn 0.3667 -0.8705 -0.3282
vn 0.3008 -0.8675 -0.3963
vn 0.2334 -0.8799 -0.4140
vn 0.1897 -0.9074 -0.3750
vn 0.4996 -0.2063 0.8414
vn 0.7059 -0.2110 0.6762
vn 0.7305 -0.0000 0.6829
vn 0.5215 -0.0000 0.8532
vn 0.8262 -0.2085 0.5234
vn 0.8481 -0.0000 0.5299
vn 0.8925 -0.2033 0.4027
vn 0.9127 -0.0000 0.4087
vn 0.9230 -0.2034 0.3267
vn 0.9434 -0.0000 0.3317
vn 0.9313 -0.2126 0.2957
vn 0.9541 -0.0000 0.2995
vn 0.9228 -0.2317 0.3079
vn 0.9505 -0.0000 0.3107
vn 0.4390 -0.4043 0.8024
vn 0.6367 -0.4107 0.6527
vn 0.7605 -0.4082 0.5051
vn 0.8285 -0.4050 0.3868
vn 0.8568 -0.4112 0.3110
vn 0.8591 -0.4294 0.2784
vn 0.8420 -0.4568 0.2870
vn 0.3528 -0.5921 0.7245
vn 0.5313 -0.5964 0.6017
vn 0.6519 -0.5946 0.4707
vn 0.7175 -0.5967 0.3592
vn 0.7410 -0.6094 0.2820
vn 0.7381 -0.6299 0.2416
vn 0.7201 -0.6520 0.2374
vn 0.2570 -0.7577 0.5998
vn 0.4037 -0.7581 0.5122
vn 0.5068 -0.7585 0.4097
vn 0.5632 -0.7650 0.3125
vn 0.5821 -0.7781 0.2359
vn 0.5817 -0.7920 0.1854
vn 0.5772 -0.8002 0.1628
vn 0.1661 -0.8880 0.4287
vn 0.2688 -0.8855 0.3791
vn 0.3392 -0.8874 0.3122
vn 0.3803 -0.8937 0.2380
vn 0.3985 -0.9014 0.1697
vn 0.4101 -0.9050 0.1136
vn 0.4291 -0.9004 0.0725
vn 0.0885 -0.9716 0.2193
vn 0.1365 -0.9697 0.2027
vn 0.1660 -0.9708 0.1730
vn 0.1911 -0.9728 0.1312
vn 0.2130 -0.9736 0.0824
vn 0.2401 -0.9703 0.0299
vn 0.2811 -0.9594 -0.0250
vn -0.0230 -0.1928 0.9810
vn -0.1006 -0.0000 0.9949
vn -0.1320 -0.0948 0.9867
vn -0.1742 -0.0000 0.9847
vn -0.1278 -0.0903 0.9877
vn -0.1467 -0.0000 0.9892
vn -0.0698 -0.1259 0.9896
vn -0.0783 -0.0000 0.9969
vn 0.0443 -0.1686 0.9847
vn 0.0413 -0.0000 0.9991
vn 0.2393 -0.1989 0.9504
vn 0.2487 -0.0000 0.9686
vn 0.0858 -0.3749 0.9231
vn -0.0734 -0.3256 0.9426
vn -0.1044 -0.3143 0.9436
vn -0.0669 -0.3327 0.9407
vn 0.0276 -0.3679 0.9295
vn 0.2051 -0.3972 0.8945
vn 0.1264 -0.4374 0.8903
vn -0.0429 -0.4518 0.8911
vn -0.0896 -0.4745 0.8757
vn -0.0734 -0.5121 0.8558
vn 0.0060 -0.5511 0.8344
vn 0.1563 -0.5805 0.7992
vn 0.1157 -0.4832 0.8678
vn -0.0602 -0.5641 0.8235
vn -0.0932 -0.6307 0.7704
vn -0.0850 -0.6782 0.7300
vn -0.0187 -0.7176 0.6962
vn 0.0984 -0.7486 0.6556
vn 0.0367 -0.5712 0.8200
vn -0.0950 -0.7052 0.7026
vn -0.1093 -0.7810 0.6148
vn -0.0904 -0.8333 0.5454
vn -0.0409 -0.8660 0.4983
vn 0.0483 -0.8851 0.4628
vn -0.0577 -0.7865 0.6149
vn -0.0838 -0.9059 0.4152
vn -0.0782 -0.9495 0.3039
vn -0.0645 -0.9651 0.2540
vn -0.0344 -0.9713 0.2355
vn 0.0219 -0.9734 0.2282
vn 0.0250 0.2452 0.9691
vn 0.2461 0.2223 0.9434
vn 0.4313 0.1942 0.8810
vn 0.5320 0.1651 0.8305
vn 0.5609 0.1422 0.8156
vn 0.5260 0.1269 0.8410
vn 0.4190 0.1201 0.9000
vn 0.0185 0.4039 0.9146
vn 0.2146 0.3756 0.9016
vn 0.3983 0.3389 0.8524
vn 0.4964 0.3076 0.8118
vn 0.5266 0.2792 0.8030
vn 0.4946 0.2580 0.8299
vn 0.3935 0.2471 0.8855
vn 0.0143 0.4954 0.8685
vn 0.1922 0.4792 0.8564
vn 0.3711 0.4542 0.8100
vn 0.4617 0.4292 0.7763
vn 0.4851 0.4082 0.7734
vn 0.4515 0.3888 0.8031
vn 0.3545 0.3767 0.8558
vn 0.0078 0.5560 0.8312
vn 0.1978 0.5511 0.8106
vn 0.3617 0.5478 0.7543
vn 0.4343 0.5392 0.7215
vn 0.4451 0.5266 0.7242
vn 0.4023 0.5134 0.7580
vn 0.3054 0.5018 0.8093
vn -0.0079 0.6056 0.7957
vn 0.2361 0.6148 0.7525
vn 0.3767 0.6333 0.6761
vn 0.4143 0.6420 0.6451
vn 0.4037 0.6365 0.6572
vn 0.3529 0.6247 0.6966
vn 0.2503 0.6154 0.7474
vn -0.0456 0.6834 0.7286
vn 0.3134 0.7020 0.6395
vn 0.3949 0.7354 0.5506
vn 0.3895 0.7455 0.5408
vn 0.3542 0.7396 0.5723
vn 0.2986 0.7254 0.6202
vn 0.1928 0.7125 0.6747
vn -0.1252 0.8260 0.5495
vn 0.3552 0.7730 0.5256
vn 0.4434 0.7221 0.5310
vn 0.4053 0.7494 0.5235
vn 0.3391 0.7891 0.5121
vn 0.2392 0.8124 0.5318
vn 0.1241 0.8027 0.5833
vn -0.8445 0.2211 0.4879
vn -0.7903 0.2213 0.5713
vn -0.7107 0.2246 0.6667
vn -0.6127 0.2276 0.7568
vn -0.4918 0.2298 0.8399
vn -0.3443 0.2322 0.9097
vn -0.1727 0.2386 0.9556
vn -0.7957 0.4100 0.4457
vn -0.7454 0.4081 0.5272
vn -0.6708 0.4083 0.6191
vn -0.5815 0.4058 0.7051
vn -0.4677 0.4031 0.7866
vn -0.3294 0.3991 0.8557
vn -0.1548 0.3976 0.9044
vn -0.7386 0.5509 0.3886
vn -0.6968 0.5471 0.4638
vn -0.6340 0.5429 0.5507
vn -0.5618 0.5331 0.6326
vn -0.4623 0.5205 0.7179
vn -0.3403 0.5060 0.7926
vn -0.1580 0.4953 0.8542
vn -0.6882 0.6474 0.3275
vn -0.6579 0.6430 0.3921
vn -0.6105 0.6366 0.4713
vn -0.5607 0.6222 0.5464
vn -0.4838 0.6027 0.6346
vn -0.3850 0.5796 0.7182
vn -0.1935 0.5619 0.8043
vn -0.6509 0.7095 0.2700
vn -0.6311 0.7060 0.3213
vn -0.5980 0.7005 0.3895
vn -0.5711 0.6850 0.4523
vn -0.5333 0.6548 0.5356
vn -0.4589 0.6240 0.6326
vn -0.2771 0.6107 0.7418
vn -0.6261 0.7474 0.2223
vn -0.6113 0.7470 0.2612
vn -0.5861 0.7460 0.3162
vn -0.5743 0.7347 0.3610
vn -0.5692 0.7134 0.4086
vn -0.5500 0.6718 0.4963
vn -0.4245 0.6325 0.6479
vn -0.5742 0.8007 0.1708
vn -0.5531 0.8070 0.2068
vn -0.5180 0.8183 0.2492
vn -0.4915 0.8263 0.2752
vn -0.4672 0.8341 0.2934
vn -0.4336 0.8466 0.3086
vn -0.3179 0.8742 0.3671
vn -0.9872 0.1270 -0.0968
vn -0.9887 0.1404 0.0521
vn -0.9720 0.1641 0.1684
vn -0.9459 0.1898 0.2631
vn -0.9174 0.2117 0.3370
vn -0.8914 0.2256 0.3931
vn -0.8714 0.2283 0.4341
vn -0.9603 0.2594 -0.1025
vn -0.9593 0.2768 0.0566
vn -0.9335 0.3128 0.1752
vn -0.8970 0.3541 0.2646
vn -0.8601 0.3909 0.3279
vn -0.8307 0.4157 0.3702
vn -0.8150 0.4220 0.3971
vn -0.9059 0.4060 -0.1208
vn -0.9057 0.4205 0.0540
vn -0.8718 0.4558 0.1795
vn -0.8257 0.4977 0.2654
vn -0.7826 0.5354 0.3177
vn -0.7530 0.5608 0.3442
vn -0.7457 0.5658 0.3520
vn -0.8060 0.5706 -0.1573
vn -0.8146 0.5791 0.0319
vn -0.7816 0.6006 0.1683
vn -0.7356 0.6275 0.2551
vn -0.6958 0.6520 0.3012
vn -0.6745 0.6671 0.3163
vn -0.6809 0.6648 0.3073
vn -0.6360 0.7418 -0.2129
vn -0.6631 0.7481 -0.0241
vn -0.6520 0.7482 0.1226
vn -0.6271 0.7480 0.2175
vn -0.6076 0.7478 0.2676
vn -0.6058 0.7439 0.2819
vn -0.6302 0.7297 0.2653
vn -0.3832 0.8820 -0.2743
vn -0.4170 0.9018 -0.1137
vn -0.4493 0.8933 0.0143
vn -0.4938 0.8619 0.1152
vn -0.5242 0.8275 0.2010
vn -0.5554 0.7984 0.2325
vn -0.5983 0.7691 0.2248
vn -0.1042 0.9437 -0.3139
vn -0.1549 0.9638 -0.2171
vn -0.2344 0.9629 -0.1338
vn -0.3095 0.9493 -0.0542
vn -0.3798 0.9240 0.0448
vn -0.4641 0.8781 0.1167
vn -0.5398 0.8279 0.1523
vn -0.7147 0.2679 -0.6461
vn -0.7222 0.2466 -0.6462
vn -0.7431 0.2189 -0.6324
vn -0.7760 0.1916 -0.6009
vn -0.8293 0.1664 -0.5335
vn -0.8928 0.1458 -0.4262
vn -0.9524 0.1304 -0.2757
vn -0.6255 0.5110 -0.5896
vn -0.6385 0.4674 -0.6115
vn -0.6661 0.4080 -0.6244
vn -0.7171 0.3582 -0.5979
vn -0.7751 0.3201 -0.5448
vn -0.8488 0.2876 -0.4437
vn -0.9180 0.2647 -0.2952
vn -0.4892 0.7030 -0.5161
vn -0.5192 0.6384 -0.5683
vn -0.5502 0.5662 -0.6138
vn -0.6221 0.5056 -0.5978
vn -0.6935 0.4538 -0.5596
vn -0.7774 0.4203 -0.4680
vn -0.8564 0.4052 -0.3200
vn -0.3247 0.8374 -0.4397
vn -0.3653 0.7711 -0.5216
vn -0.4102 0.6966 -0.5886
vn -0.4875 0.6409 -0.5929
vn -0.5671 0.5975 -0.5669
vn -0.6564 0.5723 -0.4915
vn -0.7458 0.5657 -0.3519
vn -0.1485 0.9193 -0.3644
vn -0.1864 0.8611 -0.4730
vn -0.2494 0.8010 -0.5442
vn -0.3261 0.7548 -0.5691
vn -0.4089 0.7196 -0.5612
vn -0.4939 0.7081 -0.5047
vn -0.5751 0.7203 -0.3879
vn 0.0258 0.9581 -0.2854
vn 0.0232 0.9187 -0.3943
vn -0.0447 0.8828 -0.4676
vn -0.1276 0.8428 -0.5229
vn -0.2124 0.8179 -0.5348
vn -0.2856 0.8194 -0.4971
vn -0.3420 0.8470 -0.4070
vn 0.1899 0.9629 -0.1919
vn 0.2220 0.9330 -0.2831
vn 0.1833 0.9108 -0.3700
vn 0.1047 0.8868 -0.4501
vn 0.0171 0.8732 -0.4871
vn -0.0506 0.8819 -0.4686
vn -0.0862 0.9129 -0.3990
vn -0.2243 0.2185 -0.9497
vn -0.3630 0.2156 -0.9065
vn -0.4414 0.2272 -0.8680
vn -0.5109 0.2440 -0.8243
vn -0.5729 0.2591 -0.7776
vn -0.6293 0.2687 -0.7293
vn -0.6814 0.2715 -0.6797
vn -0.2085 0.4270 -0.8799
vn -0.3390 0.4213 -0.8412
vn -0.4121 0.4435 -0.7959
vn -0.4689 0.4759 -0.7441
vn -0.5146 0.5050 -0.6930
vn -0.5554 0.5228 -0.6467
vn -0.5968 0.5251 -0.6068
vn -0.1796 0.6130 -0.7694
vn -0.3011 0.6061 -0.7362
vn -0.3671 0.6320 -0.6825
vn -0.4056 0.6705 -0.6212
vn -0.4272 0.7048 -0.5664
vn -0.4442 0.7249 -0.5265
vn -0.4677 0.7252 -0.5053
vn -0.1400 0.7702 -0.6222
vn -0.2491 0.7636 -0.5957
vn -0.3076 0.7846 -0.5383
vn -0.3275 0.8176 -0.4737
vn -0.3247 0.8465 -0.4220
vn -0.3163 0.8625 -0.3951
vn -0.3165 0.8609 -0.3984
vn -0.0912 0.8925 -0.4418
vn -0.1809 0.8878 -0.4232
vn -0.2306 0.8989 -0.3726
vn -0.2356 0.9188 -0.3166
vn -0.2142 0.9363 -0.2784
vn -0.1851 0.9447 -0.2706
vn -0.1608 0.9406 -0.2992
vn -0.0341 0.9718 -0.2334
vn -0.0936 0.9702 -0.2234
vn -0.1293 0.9729 -0.1916
vn -0.1243 0.9795 -0.1587
vn -0.0940 0.9850 -0.1446
vn -0.0536 0.9857 -0.1599
vn -0.0103 0.9778 -0.2094
vn 0.0258 0.9996 -0.0106
vn 0.0131 0.9999 -0.0070
vn 0.0041 1.0000 -0.0026
vn 0.0177 0.9998 -0.0053
vn 0.0461 0.9987 -0.0235
vn 0.0848 0.9945 -0.0614
vn 0.1349 0.9835 -0.1209
vn 0.7803 0.3576 -0.5130
vn 0.5570 0.4026 -0.7264
vn 0.4586 0.2989 -0.8368
vn 0.3842 0.2342 -0.8931
vn 0.2974 0.2050 -0.9325
vn 0.1760 0.2029 -0.9633
vn -0.0113 0.2152 -0.9765
vn 0.6187 0.4914 -0.6130
vn 0.4879 0.4765 -0.7314
vn 0.3906 0.4493 -0.8035
vn 0.2903 0.4343 -0.8527
vn 0.1639 0.4334 -0.8862
vn -0.0134 0.4365 -0.8996
vn 0.6955 0.4987 -0.5173
vn 0.6401 0.5314 -0.5548
vn 0.4935 0.5808 -0.6473
vn 0.3790 0.6006 -0.7040
vn 0.2702 0.6137 -0.7419
vn 0.1481 0.6240 -0.7673
vn -0.0089 0.6266 -0.7793
vn 0.6300 0.5651 -0.5327
vn 0.4658 0.6624 -0.5867
vn 0.3377 0.7213 -0.6047
vn 0.2282 0.7579 -0.6111
vn 0.1217 0.7780 -0.6163
vn -0.0029 0.7822 -0.6230
vn 0.5762 0.6387 -0.5099
vn 0.3838 0.7760 -0.5005
vn 0.2514 0.8485 -0.4657
vn 0.1573 0.8841 -0.4401
vn 0.0820 0.8987 -0.4308
vn 0.0023 0.9001 -0.4357
vn 0.4055 0.8294 -0.3843
vn 0.2088 0.9368 -0.2808
vn 0.1110 0.9692 -0.2199
vn 0.0628 0.9779 -0.1993
vn 0.0358 0.9783 -0.2043
vn 0.0075 0.9753 -0.2209
vn 0.1495 0.9858 0.0765
vn 0.0135 0.9994 0.0305
vn -0.0116 0.9997 0.0209
vn -0.0140 0.9998 0.0168
vn -0.0026 0.9999 0.0121
vn 0.0162 0.9999 -0.0006
vn -0.6976 0.6954 -0.1724
vn -0.7562 0.6109 -0.2344
vn -0.7291 0.5841 -0.3566
vn -0.7194 0.5474 -0.4277
vn -0.7319 0.5248 -0.4347
vn -0.7634 0.5255 -0.3755
vn -0.8024 0.5389 -0.2566
vn -0.7263 0.5044 -0.4670
vn -0.8642 0.3182 -0.3897
vn -0.8607 0.2767 -0.4273
vn -0.8638 0.2714 -0.4246
vn -0.8728 0.2937 -0.3898
vn -0.8885 0.3252 -0.3238
vn -0.9100 0.3454 -0.2293
vn -0.7175 0.2051 -0.6656
vn -0.8776 0.0291 -0.4785
vn -0.9208 -0.0108 -0.3898
vn -0.9514 0.0065 -0.3080
vn -0.9667 0.0524 -0.2503
vn -0.9726 0.0988 -0.2104
vn -0.9761 0.1231 -0.1792
vn -0.9842 0.1140 -0.1351
vn -0.7239 -0.0260 -0.6894
vn -0.8670 -0.1549 -0.4737
vn -0.9392 -0.1955 -0.2822
vn -0.9722 -0.1816 -0.1480
vn -0.9856 -0.1444 -0.0880
vn -0.9903 -0.1080 -0.0875
vn -0.9871 -0.0917 -0.1309
vn -0.9834 -0.1080 -0.1457
vn -0.7444 -0.1147 -0.6579
vn -0.8733 -0.2024 -0.4431
vn -0.9455 -0.2546 -0.2033
vn -0.9623 -0.2678 -0.0470
vn -0.9641 -0.2653 0.0130
vn -0.9648 -0.2629 -0.0098
vn -0.9564 -0.2723 -0.1059
vn -0.7589 -0.0340 -0.6503
vn -0.8742 -0.1060 -0.4738
vn -0.9512 -0.1906 -0.2426
vn -0.9620 -0.2633 -0.0729
vn -0.9469 -0.3215 0.0054
vn -0.9287 -0.3707 -0.0085
vn -0.9027 -0.4153 -0.1124
vn -0.6972 0.1204 -0.7067
vn -0.8163 0.0375 -0.5765
vn -0.9052 -0.0617 -0.4204
vn -0.9442 -0.1731 -0.2802
vn -0.9399 -0.2863 -0.1859
vn -0.9067 -0.3931 -0.1529
vn -0.8565 -0.4795 -0.1908
vn -0.3992 0.3586 -0.8438
vn -0.4621 0.3002 -0.8345
vn -0.4723 0.4121 -0.7791
vn -0.5936 0.2359 -0.7694
vn -0.7809 0.1960 -0.5931
vn -0.8758 0.3508 -0.3315
vn -0.8933 0.2679 -0.3608
vn -0.8954 0.4299 -0.1159
vn -0.8533 0.4567 -0.2515
vn -0.7116 0.6453 -0.2778
vn -0.3670 0.3244 -0.8718
vn -0.4246 0.2609 -0.8670
vn -0.5198 0.1597 -0.8392
vn -0.6603 0.0645 -0.7482
vn -0.7769 0.0772 -0.6248
vn -0.7794 0.2469 -0.5758
vn -0.6479 0.4622 -0.6055
vn -0.3609 0.2913 -0.8859
vn -0.4120 0.2407 -0.8788
vn -0.4785 0.1229 -0.8695
vn -0.5769 -0.0078 -0.8168
vn -0.6654 -0.0701 -0.7432
vn -0.6854 0.0128 -0.7280
vn -0.5886 0.1930 -0.7850
vn -0.3848 0.2616 -0.8852
vn -0.4291 0.2305 -0.8734
vn -0.4906 0.1108 -0.8643
vn -0.5768 -0.0364 -0.8160
vn -0.6521 -0.1476 -0.7436
vn -0.6714 -0.1483 -0.7261
vn -0.6186 -0.0145 -0.7856
vn -0.4539 0.2410 -0.8579
vn -0.4860 0.2201 -0.8458
vn -0.5485 0.1169 -0.8279
vn -0.6328 -0.0152 -0.7742
vn -0.6992 -0.1318 -0.7026
vn -0.7227 -0.1650 -0.6712
vn -0.6924 -0.1009 -0.7145
vn -0.5471 0.2177 -0.8082
vn -0.5695 0.2086 -0.7951
vn -0.6212 0.1445 -0.7702
vn -0.6798 0.0680 -0.7302
vn -0.7240 -0.0083 -0.6897
vn -0.7456 -0.0492 -0.6645
vn -0.7239 -0.0218 -0.6895
vn 0.0276 0.8421 0.5386
vn -0.0469 0.8794 0.4738
vn -0.1823 0.9138 0.3630
vn -0.3701 0.8884 0.2718
vn -0.5329 0.8228 0.1976
vn -0.6359 0.7609 0.1292
vn -0.6895 0.7219 0.0592
vn -0.6996 0.7129 -0.0480
vn 0.0167 0.8952 0.4453
vn -0.1124 0.9392 0.3244
vn -0.2928 0.9356 0.1972
vn -0.4790 0.8686 0.1267
vn -0.6177 0.7813 0.0896
vn -0.7060 0.7060 0.0554
vn -0.7643 0.6447 0.0091
vn -0.8129 0.5813 -0.0353
vn -0.0139 0.9609 0.2764
vn -0.1912 0.9744 0.1186
vn -0.4015 0.9153 0.0328
vn -0.5777 0.8161 0.0169
vn -0.6966 0.7172 0.0182
vn -0.7737 0.6335 0.0015
vn -0.8326 0.5520 -0.0465
vn -0.0495 0.9977 0.0465
vn -0.2658 0.9599 -0.0887
vn -0.4833 0.8697 -0.1006
vn -0.6483 0.7587 -0.0642
vn -0.7520 0.6579 -0.0397
vn -0.8161 0.5748 -0.0599
vn -0.8621 0.4877 -0.1372
vn -0.1248 0.9724 -0.1973
vn -0.3126 0.9176 -0.2456
vn -0.5157 0.8320 -0.2044
vn -0.6719 0.7270 -0.1417
vn -0.7672 0.6314 -0.1126
vn -0.8169 0.5558 -0.1541
vn -0.8315 0.4769 -0.2849
vn -0.7331 0.3662 -0.5731
vn -0.1837 0.9198 -0.3468
vn -0.3177 0.8817 -0.3487
vn -0.4867 0.8199 -0.3015
vn -0.6381 0.7303 -0.2440
vn -0.7365 0.6388 -0.2224
vn -0.7742 0.5642 -0.2868
vn -0.7394 0.4893 -0.4625
vn -0.5709 0.3944 -0.7201
vn -0.2051 0.8819 -0.4246
vn -0.2930 0.8595 -0.4188
vn -0.4047 0.8190 -0.4066
vn -0.6018 0.6841 -0.4121
vn -0.6408 0.5948 -0.4853
vn 0.1775 0.8754 0.4496
vn 0.3627 0.7925 0.4903
vn 0.3881 0.7815 0.4884
vn 0.3558 0.8078 0.4699
vn 0.2573 0.8490 0.4615
vn 0.1293 0.8634 0.4877
vn -0.0789 0.9546 0.2873
vn 0.1681 0.9271 0.3350
vn 0.2812 0.8841 0.3733
vn 0.3019 0.8684 0.3933
vn 0.2680 0.8796 0.3930
vn 0.1531 0.8979 0.4127
vn -0.2252 0.9432 0.2442
vn -0.0075 0.9670 0.2547
vn 0.1374 0.9483 0.2862
vn 0.2092 0.9271 0.3111
vn 0.2219 0.9229 0.3146
vn 0.1539 0.9465 0.2836
vn -0.3151 0.9223 0.2237
vn -0.1415 0.9685 0.2047
vn -0.0066 0.9784 0.2067
vn 0.0818 0.9752 0.2057
vn 0.1128 0.9774 0.1789
vn 0.0967 0.9890 0.1118
vn -0.3796 0.9040 0.1967
vn -0.2385 0.9595 0.1500
vn -0.1276 0.9857 0.1105
vn -0.0496 0.9968 0.0632
vn -0.0128 0.9999 -0.0066
vn -0.0336 0.9942 -0.1025
vn -0.4336 0.8890 0.1470
vn -0.3082 0.9490 0.0671
vn -0.2168 0.9760 -0.0194
vn -0.1562 0.9814 -0.1115
vn -0.1259 0.9705 -0.2054
vn -0.1300 0.9474 -0.2926
vn -0.4617 0.8824 0.0901
vn -0.3361 0.9416 -0.0213
vn -0.2459 0.9596 -0.1370
vn -0.1907 0.9504 -0.2457
vn -0.1663 0.9273 -0.3354
vn -0.1690 0.9021 -0.3972
vn 0.1444 0.9281 -0.3433
vn 0.0649 0.9491 -0.3082
vn -0.0088 0.9629 -0.2696
vn -0.0896 0.9729 -0.2130
vn -0.1873 0.9725 -0.1384
vn -0.3006 0.9523 -0.0518
vn -0.4086 0.9123 0.0264
vn 0.3799 0.8380 -0.3916
vn 0.2160 0.8962 -0.3876
vn 0.1151 0.9282 -0.3537
vn 0.0378 0.9490 -0.3130
vn -0.0433 0.9636 -0.2638
vn -0.1445 0.9692 -0.1995
vn -0.2601 0.9583 -0.1182
vn 0.5636 0.6838 -0.4635
vn 0.3346 0.8036 -0.4921
vn 0.2234 0.8731 -0.4333
vn 0.1471 0.9103 -0.3868
vn 0.0730 0.9341 -0.3494
vn -0.0235 0.9509 -0.3085
vn -0.1481 0.9582 -0.2447
vn 0.6510 0.5076 -0.5644
vn 0.4159 0.6745 -0.6100
vn 0.3216 0.7950 -0.5143
vn 0.2451 0.8593 -0.4490
vn 0.1651 0.8959 -0.4124
vn 0.0577 0.9197 -0.3883
vn -0.0818 0.9346 -0.3462
vn 0.6623 0.3364 -0.6694
vn 0.4849 0.5110 -0.7097
vn 0.4222 0.6860 -0.5926
vn 0.3393 0.7913 -0.5087
vn 0.2360 0.8512 -0.4688
vn 0.0980 0.8863 -0.4526
vn -0.0606 0.9051 -0.4209
vn 0.6503 0.1664 -0.7412
vn 0.5676 0.3244 -0.7567
vn 0.5387 0.5366 -0.6495
vn 0.4416 0.6949 -0.5675
vn 0.2885 0.7950 -0.5336
vn 0.0890 0.8528 -0.5145
vn -0.0854 0.8794 -0.4683
vn 0.2887 0.3783 -0.8795
vn 0.1314 0.5845 -0.8007
vn 0.0034 0.7031 -0.7110
vn -0.0885 0.7884 -0.6088
vn -0.1241 0.8369 -0.5331
vn -0.1713 0.8616 -0.4778
vn 0.3381 0.9378 -0.0787
vn 0.3953 0.9060 -0.1512
vn 0.4034 0.8838 -0.2369
vn 0.3667 0.8705 -0.3282
vn 0.3008 0.8675 -0.3962
vn 0.2335 0.8799 -0.4139
vn 0.1898 0.9074 -0.3749
vn 0.4665 0.8835 0.0416
vn 0.5283 0.8490 -0.0062
vn 0.5788 0.8131 -0.0626
vn 0.6069 0.7840 -0.1302
vn 0.6030 0.7689 -0.2126
vn 0.5604 0.7751 -0.2919
vn 0.4943 0.8036 -0.3316
vn 0.5841 0.7957 0.1603
vn 0.6276 0.7628 0.1557
vn 0.6913 0.7066 0.1510
vn 0.7557 0.6425 0.1273
vn 0.8049 0.5917 0.0448
vn 0.8058 0.5816 -0.1116
vn 0.7325 0.6202 -0.2806
vn 0.6963 0.6652 0.2695
vn 0.6974 0.6384 0.3256
vn 0.7352 0.5653 0.3740
vn 0.7908 0.4787 0.3815
vn 0.8628 0.4134 0.2911
vn 0.9139 0.4030 0.0491
vn 0.8515 0.4464 -0.2750
vn 0.7985 0.4848 0.3569
vn 0.7436 0.4697 0.4758
vn 0.7276 0.4001 0.5572
vn 0.7557 0.3274 0.5672
vn 0.8436 0.2880 0.4532
vn 0.9472 0.2959 0.1237
vn 0.8845 0.3182 -0.3412
vn 0.8750 0.2573 0.4102
vn 0.7768 0.2571 0.5749
vn 0.7097 0.2244 0.6678
vn 0.7238 0.2037 0.6593
vn 0.8347 0.2177 0.5059
vn 0.9674 0.2293 0.1073
vn 0.8711 0.1998 -0.4487
vn 0.0885 0.9716 0.2194
vn 0.1365 0.9697 0.2027
vn 0.1660 0.9708 0.1730
vn 0.1911 0.9728 0.1312
vn 0.2130 0.9736 0.0824
vn 0.2401 0.9703 0.0299
vn 0.2811 0.9594 -0.0250
vn 0.1661 0.8880 0.4287
vn 0.2688 0.8855 0.3791
vn 0.3392 0.8874 0.3122
vn 0.3803 0.8937 0.2380
vn 0.3985 0.9013 0.1697
vn 0.4101 0.9050 0.1136
vn 0.4291 0.9004 0.0725
vn 0.2570 0.7577 0.5999
vn 0.4037 0.7581 0.5122
vn 0.5068 0.7585 0.4097
vn 0.5632 0.7650 0.3125
vn 0.5821 0.7781 0.2359
vn 0.5817 0.7920 0.1854
vn 0.5772 0.8002 0.1627
vn 0.3528 0.5921 0.7245
vn 0.5313 0.5964 0.6017
vn 0.6519 0.5946 0.4707
vn 0.7175 0.5967 0.3592
vn 0.7410 0.6094 0.2820
vn 0.7381 0.6299 0.2416
vn 0.7201 0.6520 0.2374
vn 0.4390 0.4043 0.8024
vn 0.6367 0.4107 0.6527
vn 0.7605 0.4082 0.5051
vn 0.8285 0.4050 0.3868
vn 0.8568 0.4112 0.3110
vn 0.8591 0.4294 0.2784
vn 0.8420 0.4568 0.2870
vn 0.4996 0.2063 0.8414
vn 0.7059 0.2110 0.6762
vn 0.8262 0.2085 0.5234
vn 0.8925 0.2033 0.4027
vn 0.9230 0.2034 0.3267
vn 0.9313 0.2126 0.2957
vn 0.9228 0.2317 0.3079
vn 0.5787 0.5283 0.6213
vn -0.0578 0.7865 0.6149
vn -0.0838 0.9059 0.4152
vn -0.0782 0.9495 0.3039
vn -0.0645 0.9650 0.2540
vn -0.0344 0.9713 0.2355
vn 0.0219 0.9734 0.2282
vn 0.0367 0.5712 0.8200
vn -0.0950 0.7052 0.7026
vn -0.1093 0.7810 0.6149
vn -0.0904 0.8333 0.5455
vn -0.0409 0.8660 0.4983
vn 0.0483 0.8851 0.4628
vn 0.5205 0.3901 0.7595
vn 0.1157 0.4832 0.8678
vn -0.0602 0.5641 0.8235
vn -0.0932 0.6307 0.7704
vn -0.0850 0.6782 0.7300
vn -0.0187 0.7176 0.6962
vn 0.0984 0.7486 0.6556
vn 0.1264 0.4374 0.8903
vn -0.0429 0.4518 0.8911
vn -0.0896 0.4745 0.8757
vn -0.0734 0.5121 0.8558
vn 0.0060 0.5511 0.8344
vn 0.1563 0.5805 0.7992
vn 0.5256 0.3592 0.7712
vn 0.0858 0.3749 0.9231
vn -0.0734 0.3256 0.9426
vn -0.1044 0.3143 0.9436
vn -0.0669 0.3327 0.9407
vn 0.0276 0.3679 0.9295
vn 0.2051 0.3972 0.8945
vn -0.0230 0.1928 0.9810
vn -0.1320 0.0948 0.9867
vn -0.1278 0.0903 0.9877
vn -0.0698 0.1259 0.9896
vn 0.0443 0.1687 0.9847
vn 0.2393 0.1989 0.9504
vn -0.6636 0.1357 -0.7356
vn -0.7583 0.0962 -0.6447
vn -0.8250 0.0286 -0.5644
vn -0.8728 -0.0708 -0.4829
vn -0.8902 -0.1926 -0.4129
vn -0.8731 -0.3217 -0.3663
vn -0.8279 -0.4380 -0.3502
vn -0.6637 0.0813 -0.7435
vn -0.7358 0.0606 -0.6745
vn -0.7697 0.0243 -0.6380
vn -0.7947 -0.0321 -0.6062
vn -0.8066 -0.1074 -0.5813
vn -0.8027 -0.1995 -0.5621
vn -0.7816 -0.3054 -0.5440
vn -0.6644 0.0268 -0.7469
vn -0.7240 0.0196 -0.6895
vn -0.7397 0.0068 -0.6730
vn -0.7485 -0.0125 -0.6630
vn -0.7493 -0.0385 -0.6611
vn -0.7425 -0.0722 -0.6659
vn -0.7303 -0.1170 -0.6731
vn -0.6644 -0.0268 -0.7469
vn -0.7240 -0.0196 -0.6895
vn -0.7396 -0.0068 -0.6730
vn -0.7485 0.0125 -0.6630
vn -0.7493 0.0385 -0.6611
vn -0.7425 0.0722 -0.6659
vn -0.7303 0.1170 -0.6731
vn -0.6637 -0.0813 -0.7435
vn -0.7358 -0.0606 -0.6745
vn -0.7697 -0.0243 -0.6380
vn -0.7947 0.0321 -0.6062
vn -0.8066 0.1074 -0.5813
vn -0.8027 0.1995 -0.5621
vn -0.7816 0.3054 -0.5440
vn -0.6636 -0.1357 -0.7356
vn -0.7583 -0.0962 -0.6447
vn -0.8250 -0.0286 -0.5644
vn -0.8728 0.0708 -0.4829
vn -0.8902 0.1926 -0.4129
vn -0.8731 0.3217 -0.3663
vn -0.8279 0.4380 -0.3502
vn -0.3892 0.3620 -0.8471
vn -0.3423 0.3239 -0.8820
vn -0.3007 0.2865 -0.9097
vn -0.2929 0.2516 -0.9224
vn -0.3270 0.2217 -0.9186
vn -0.4146 0.1921 -0.8895
vn -0.5330 0.1638 -0.8301
vn -0.2830 0.2746 -0.9190
vn -0.2687 0.2240 -0.9368
vn -0.2314 0.1850 -0.9551
vn -0.2348 0.1554 -0.9595
vn -0.2833 0.1340 -0.9496
vn -0.3848 0.1150 -0.9158
vn -0.5266 0.0974 -0.8445
vn -0.1638 0.1100 -0.9803
vn -0.2106 0.0847 -0.9739
vn -0.1848 0.0666 -0.9805
vn -0.2002 0.0543 -0.9783
vn -0.2594 0.0461 -0.9647
vn -0.3687 0.0385 -0.9288
vn -0.5246 0.0319 -0.8508
vn -0.1639 -0.1100 -0.9803
vn -0.2105 -0.0848 -0.9739
vn -0.1848 -0.0667 -0.9805
vn -0.2002 -0.0544 -0.9783
vn -0.2594 -0.0461 -0.9647
vn -0.3687 -0.0385 -0.9288
vn -0.5246 -0.0319 -0.8508
vn -0.2832 -0.2746 -0.9189
vn -0.2687 -0.2240 -0.9368
vn -0.2314 -0.1851 -0.9551
vn -0.2348 -0.1555 -0.9595
vn -0.2833 -0.1340 -0.9496
vn -0.3848 -0.1150 -0.9158
vn -0.5266 -0.0974 -0.8445
vn -0.3896 -0.3620 -0.8468
vn -0.3423 -0.3239 -0.8820
vn -0.3007 -0.2865 -0.9097
vn -0.2929 -0.2517 -0.9224
vn -0.3271 -0.2218 -0.9186
vn -0.4146 -0.1921 -0.8895
vn -0.5330 -0.1638 -0.8301
vn -0.4452 0.4124 -0.7948
vn -0.4150 0.3524 -0.8388
vn -0.3432 0.2638 -0.9014
vn -0.2632 0.1006 -0.9595
vn -0.2639 -0.1010 -0.9593
vn -0.3449 -0.2641 -0.9007
vn -0.4177 -0.3526 -0.8374
vn -0.1828 0.4281 -0.8851
vn -0.3509 0.3354 -0.8743
vn -0.4338 0.2539 -0.8645
vn -0.4437 0.0946 -0.8912
vn -0.4449 -0.0958 -0.8904
vn -0.4371 -0.2546 -0.8626
vn -0.3563 -0.3360 -0.8718
vn -0.1931 -0.4329 -0.8805
vn 0.3748 0.3036 -0.8760
vn 0.0595 0.2596 -0.9639
vn -0.1304 0.2182 -0.9672
vn -0.1976 0.0836 -0.9767
vn -0.1987 -0.0853 -0.9763
vn -0.1332 -0.2194 -0.9665
vn 0.0559 -0.2605 -0.9638
vn 0.5199 0.2162 -0.8264
vn 0.4227 0.1375 -0.8958
vn 0.3028 0.1275 -0.9445
vn 0.2552 0.0490 -0.9656
vn 0.2550 -0.0500 -0.9657
vn 0.3022 -0.1281 -0.9446
vn 0.4225 -0.1376 -0.8959
vn 0.5170 -0.2203 -0.8272
vn 0.4306 0.2195 -0.8754
vn 0.5185 0.0747 -0.8518
vn 0.4845 0.0620 -0.8726
vn 0.4731 0.0224 -0.8807
vn 0.4731 -0.0227 -0.8807
vn 0.4844 -0.0622 -0.8726
vn 0.5185 -0.0747 -0.8518
vn 0.2979 0.2724 -0.9149
vn 0.5431 0.0345 -0.8390
vn 0.5401 0.0259 -0.8412
vn 0.5413 0.0089 -0.8408
vn 0.5413 -0.0090 -0.8408
vn 0.5401 -0.0260 -0.8412
vn 0.5430 -0.0345 -0.8390
vn 0.2774 -0.2887 -0.9163
vn -0.0152 -0.5246 -0.8512
vn 0.3407 -0.4540 -0.8233
vn 0.4205 -0.2290 -0.8779
vn 0.8112 -0.2795 -0.5137
vn 0.8636 -0.2515 -0.4369
vn 0.3743 -0.3061 -0.8753
vn -0.0598 -0.5447 -0.8365
vn -0.5395 -0.4784 -0.6929
vn -0.4546 -0.4141 -0.7886
vn -0.6195 -0.4884 -0.6146
vn -0.3222 -0.6268 -0.7095
vn 0.1566 -0.6250 -0.7648
vn 0.8050 -0.4228 -0.4161
vn 0.8895 -0.2856 -0.3566
vn -0.3028 -0.6214 -0.7226
vn -0.5614 -0.5794 -0.5909
vn -0.5039 -0.6229 -0.5985
vn -0.3995 -0.6425 -0.6539
vn 0.0164 -0.7087 -0.7054
vn -0.1232 -0.7114 -0.6919
vn -0.3880 -0.6846 -0.6171
vn -0.5350 -0.6693 -0.5155
vn -0.5343 -0.6653 -0.5215
vn -0.5143 -0.6664 -0.5398
vn -0.3780 -0.7137 -0.5897
vn -0.3258 -0.7445 -0.5828
vn -0.3987 -0.7425 -0.5383
vn -0.4913 -0.7346 -0.4680
vn -0.4531 -0.7431 -0.4924
vn -0.4339 -0.7481 -0.5021
vn -0.3726 -0.7670 -0.5225
vn -0.3470 -0.7843 -0.5143
vn -0.3833 -0.7849 -0.4868
vn -0.4381 -0.7804 -0.4462
vn -0.3629 -0.8028 -0.4730
vn -0.3558 -0.8038 -0.4768
vn -0.3389 -0.8074 -0.4830
vn -0.3338 -0.8135 -0.4762
vn -0.3536 -0.8138 -0.4612
vn -0.3811 -0.8116 -0.4429
vn -0.5994 0.4961 -0.6282
vn -0.4923 0.4826 -0.7243
vn 0.0430 0.5316 -0.8459
vn 0.8398 0.2784 -0.4661
vn 0.8107 0.2721 -0.5184
vn 0.3725 0.4277 -0.8236
vn 0.0268 0.4994 -0.8659
vn -0.4580 0.6027 -0.6535
vn -0.0227 0.6294 -0.7768
vn 0.8550 0.3334 -0.3973
vn 0.7992 0.4091 -0.4404
vn 0.2090 0.5941 -0.7767
vn -0.2683 0.6037 -0.7507
vn -0.3925 0.7074 -0.5878
vn -0.1304 0.7086 -0.6935
vn 0.2560 0.6749 -0.6921
vn 0.2242 0.6786 -0.6994
vn -0.2758 0.6462 -0.7116
vn -0.4814 0.6023 -0.6367
vn -0.5171 0.7596 -0.3945
vn -0.3352 0.7798 -0.5288
vn -0.1843 0.7755 -0.6039
vn -0.0774 0.7663 -0.6378
vn -0.1879 0.7397 -0.6461
vn -0.4455 0.6810 -0.5812
vn -0.5236 0.6592 -0.5397
vn -0.2888 0.8277 -0.4812
vn -0.2100 0.8249 -0.5248
vn -0.1709 0.8181 -0.5491
vn -0.2360 0.7997 -0.5520
vn -0.3606 0.7758 -0.5177
vn -0.4134 0.7634 -0.4962
vn -0.2502 0.8590 -0.4467
vn -0.2149 0.8579 -0.4668
vn -0.1973 0.8541 -0.4812
vn -0.2211 0.8466 -0.4841
vn -0.2609 0.8433 -0.4699
vn -0.2809 0.8417 -0.4611
vn -0.6695 -0.6939 0.2651
vn -0.9251 -0.3544 0.1365
vn -0.7319 -0.3932 0.5565
vn -0.5307 -0.6226 0.5751
vn -0.9136 -0.2936 0.2814
vn -0.7946 -0.3186 0.5168
vn -0.8892 -0.3008 0.3448
vn -0.7934 -0.3152 0.5207
vn -0.8778 -0.2851 0.3851
vn -0.7763 -0.3071 0.5506
vn -0.8727 -0.2668 0.4089
vn -0.7440 -0.3024 0.5958
vn -0.8779 -0.2254 0.4225
vn -0.6451 -0.2766 0.7123
vn -0.6711 0.0852 0.7365
vn -0.4294 0.0398 0.9022
vn -0.7877 -0.6068 0.1065
vn -0.9098 -0.4151 0.0071
vn -0.9477 -0.3099 0.0763
vn -0.9482 -0.2836 0.1430
vn -0.9472 -0.2542 0.1952
vn -0.9447 -0.2202 0.2430
vn -0.9330 -0.1866 0.3077
vn -0.8077 -0.0063 0.5895
vn -0.8258 -0.5612 0.0551
vn -0.9039 -0.4271 -0.0237
vn -0.9423 -0.3347 -0.0014
vn -0.9553 -0.2917 0.0492
vn -0.9617 -0.2538 0.1033
vn -0.9623 -0.2175 0.1634
vn -0.9512 -0.2062 0.2297
vn -0.8820 -0.0803 0.4643
vn -0.8398 -0.5415 0.0390
vn -0.9063 -0.4215 -0.0317
vn -0.9366 -0.3491 -0.0302
vn -0.9528 -0.3036 0.0044
vn -0.9628 -0.2651 0.0522
vn -0.9643 -0.2401 0.1117
vn -0.9569 -0.2317 0.1753
vn -0.9214 -0.1392 0.3629
vn -0.8433 -0.5361 0.0378
vn -0.9108 -0.4121 -0.0236
vn -0.9342 -0.3554 -0.0303
vn -0.9495 -0.3135 -0.0093
vn -0.9600 -0.2785 0.0275
vn -0.9637 -0.2574 0.0703
vn -0.9613 -0.2453 0.1254
vn -0.9474 -0.1571 0.2790
vn -0.8411 -0.5391 0.0433
vn -0.9142 -0.4053 0.0043
vn -0.9341 -0.3571 -0.0028
vn -0.9470 -0.3210 0.0064
vn -0.9564 -0.2906 0.0286
vn -0.9614 -0.2693 0.0564
vn -0.9634 -0.2517 0.0926
vn -0.9676 -0.1178 0.2233
vn -0.8396 -0.5401 0.0572
vn -0.9144 -0.4015 0.0520
vn -0.9326 -0.3574 0.0498
vn -0.9437 -0.3265 0.0531
vn -0.9516 -0.3015 0.0601
vn -0.9583 -0.2776 0.0677
vn -0.9683 -0.2368 0.0790
vn -0.9847 0.0034 0.1741
vn -0.9459 -0.3231 -0.0301
vn -0.9244 -0.3744 0.0727
vn -0.8942 -0.4475 -0.0109
vn -0.9090 -0.3795 -0.1724
vn -0.9122 -0.3929 0.1166
vn -0.8786 -0.4743 0.0556
vn -0.9058 -0.3996 0.1405
vn -0.8653 -0.4928 0.0914
vn -0.9048 -0.4002 0.1454
vn -0.8553 -0.5071 0.1059
vn -0.9073 -0.3991 0.1321
vn -0.8476 -0.5203 0.1041
vn -0.9113 -0.3991 0.1010
vn -0.8434 -0.5308 0.0831
vn -0.9504 -0.3104 0.0196
vn -0.9281 -0.3616 0.0893
vn -0.9149 -0.3814 0.1323
vn -0.9099 -0.3836 0.1578
vn -0.9125 -0.3759 0.1615
vn -0.9194 -0.3661 0.1434
vn -0.9271 -0.3596 0.1058
vn -0.9621 -0.2664 0.0589
vn -0.9385 -0.3256 0.1147
vn -0.9226 -0.3519 0.1580
vn -0.9158 -0.3575 0.1829
vn -0.9186 -0.3508 0.1819
vn -0.9271 -0.3406 0.1562
vn -0.9366 -0.3322 0.1110
vn -0.9829 -0.1710 0.0687
vn -0.9618 -0.2458 0.1205
vn -0.9426 -0.2911 0.1635
vn -0.9301 -0.3145 0.1896
vn -0.9283 -0.3211 0.1876
vn -0.9347 -0.3181 0.1586
vn -0.9439 -0.3109 0.1113
vn -0.9994 -0.0241 0.0265
vn -0.9938 -0.0949 0.0583
vn -0.9826 -0.1588 0.0963
vn -0.9689 -0.2109 0.1295
vn -0.9574 -0.2505 0.1434
vn -0.9525 -0.2747 0.1314
vn -0.9542 -0.2821 0.0998
vn -0.9906 0.1240 -0.0580
vn -0.9952 0.0810 -0.0546
vn -0.9989 0.0351 -0.0298
vn -0.9999 -0.0118 0.0047
vn -0.9970 -0.0664 0.0408
vn -0.9886 -0.1337 0.0694
vn -0.9769 -0.1986 0.0791
vn -0.9327 0.3148 -0.1757
vn -0.9451 0.3121 -0.0971
vn -0.5444 0.5336 -0.6472
vn -0.7621 0.3744 -0.5282
vn -0.5438 0.3130 -0.7786
vn -0.3771 0.4666 -0.8001
vn -0.7747 0.3030 -0.5549
vn -0.6258 0.2320 -0.7446
vn -0.7914 0.2188 -0.5709
vn -0.6636 0.1605 -0.7307
vn -0.8360 0.1056 -0.5385
vn -0.7168 0.0674 -0.6940
vn -0.9032 -0.0438 -0.4269
vn -0.8009 -0.0620 -0.5956
vn -0.9511 -0.2074 -0.2290
vn -0.8843 -0.2304 -0.4060
vn -0.6922 0.4630 -0.5536
vn -0.7735 0.4123 -0.4814
vn -0.7912 0.3903 -0.4708
vn -0.8403 0.2986 -0.4525
vn -0.9068 0.1501 -0.3939
vn -0.9618 -0.0350 -0.2717
vn -0.9727 -0.2038 -0.1108
vn -0.7773 0.4119 -0.4756
vn -0.8120 0.3980 -0.4269
vn -0.8163 0.4026 -0.4142
vn -0.8622 0.3382 -0.3771
vn -0.9351 0.1903 -0.2991
vn -0.9853 -0.0069 -0.1709
vn -0.9850 -0.1686 -0.0363
vn -0.8305 0.3708 -0.4158
vn -0.8541 0.3573 -0.3779
vn -0.8569 0.3698 -0.3592
vn -0.8877 0.3320 -0.3190
vn -0.9464 0.2182 -0.2382
vn -0.9917 0.0535 -0.1172
vn -0.9967 -0.0809 -0.0078
vn -0.8960 0.3129 -0.3150
vn -0.8989 0.3204 -0.2987
vn -0.9173 0.2985 -0.2637
vn -0.9527 0.2313 -0.1970
vn -0.9858 0.1307 -0.1058
vn -0.9984 0.0478 -0.0300
vn -0.9004 0.3369 -0.2752
vn -0.9327 0.2689 -0.2405
vn -0.9353 0.2693 -0.2295
vn -0.9444 0.2569 -0.2051
vn -0.9592 0.2297 -0.1647
vn -0.9743 0.1918 -0.1179
vn -0.9839 0.1591 -0.0812
vn 0.7136 -0.1973 0.6722
vn 0.9360 -0.0563 0.3476
vn 0.6967 -0.5596 0.4488
vn 0.5476 -0.5197 0.6558
vn 0.9733 -0.1176 0.1971
vn 0.7593 -0.5492 0.3490
vn 0.9810 -0.1458 0.1278
vn 0.9891 -0.1316 0.0662
vn 0.8035 -0.5545 0.2165
vn 0.9993 -0.0321 -0.0207
vn 0.9774 0.1716 -0.1237
vn 0.9247 -0.3806 0.0066
vn 0.9707 -0.2084 -0.1201
vn 0.8135 -0.0738 0.5769
vn 0.9072 0.0104 0.4205
vn 0.9850 0.0964 0.1429
vn 0.9847 0.1637 -0.0594
vn 0.9570 0.2313 -0.1749
vn 0.9333 0.2878 -0.2147
vn 0.9294 0.3131 -0.1952
vn 0.8605 -0.0258 0.5088
vn 0.9286 0.0618 0.3658
vn 0.9816 0.1879 0.0348
vn 0.9415 0.2646 -0.2088
vn 0.9027 0.3062 -0.3023
vn 0.8977 0.3287 -0.2934
vn 0.9141 0.3346 -0.2291
vn 0.9290 0.3307 -0.1661
vn 0.8917 0.0112 0.4526
vn 0.9617 0.1276 0.2425
vn 0.9592 0.2644 -0.1004
vn 0.8975 0.3225 -0.3009
vn 0.8694 0.3402 -0.3584
vn 0.8790 0.3476 -0.3263
vn 0.9043 0.3512 -0.2426
vn 0.9030 0.0439 0.4274
vn 0.9761 0.1935 0.0986
vn 0.9198 0.3328 -0.2080
vn 0.8667 0.3816 -0.3213
vn 0.8553 0.3860 -0.3456
vn 0.8708 0.3809 -0.3108
vn 0.8967 0.3781 -0.2302
vn 0.9161 0.3748 -0.1426
vn 0.8538 0.0465 0.5185
vn 0.9426 0.3277 -0.0643
vn 0.8609 0.4665 -0.2032
vn 0.8463 0.4731 -0.2448
vn 0.8521 0.4545 -0.2596
vn 0.8676 0.4348 -0.2415
vn 0.8877 0.4219 -0.1842
vn 0.9037 0.4137 -0.1103
vn 0.6455 0.2941 0.7049
vn 0.6998 0.6145 0.3643
vn 0.8100 0.5864 0.0078
vn 0.8288 0.5518 -0.0927
vn 0.8367 0.5364 -0.1107
vn 0.8402 0.5343 -0.0920
vn 0.8392 0.5411 -0.0543
vn 0.8394 0.5431 -0.0194
vn 0.9515 0.3074 -0.0146
vn 0.9519 0.3065 -0.0014
vn 0.8896 0.4517 -0.0677
vn 0.9472 0.3207 0.0029
vn 0.9393 0.3430 -0.0010
vn 0.8805 0.4735 0.0225
vn 0.9318 0.3629 -0.0085
vn 0.8692 0.4937 0.0265
vn 0.9226 0.3847 -0.0276
vn 0.9131 0.4035 -0.0577
vn 0.8492 0.5280 0.0058
vn 0.9711 0.2387 -0.0004
vn 0.9676 0.2519 -0.0149
vn 0.9610 0.2750 -0.0292
vn 0.9526 0.3013 -0.0422
vn 0.9442 0.3257 -0.0493
vn 0.9343 0.3493 -0.0719
vn 0.9261 0.3656 -0.0930
vn 0.9841 0.1775 -0.0093
vn 0.9763 0.2114 -0.0464
vn 0.9673 0.2441 -0.0692
vn 0.9580 0.2740 -0.0851
vn 0.9483 0.3031 -0.0938
vn 0.9385 0.3282 -0.1075
vn 0.9324 0.3413 -0.1189
vn 0.9232 0.3490 -0.1606
vn 0.9911 0.1258 -0.0444
vn 0.9791 0.1814 -0.0915
vn 0.9688 0.2210 -0.1121
vn 0.9590 0.2542 -0.1257
vn 0.9499 0.2822 -0.1345
vn 0.9422 0.3046 -0.1398
vn 0.9366 0.3208 -0.1406
vn 0.9906 0.0888 -0.1037
vn 0.9771 0.1578 -0.1430
vn 0.9670 0.2017 -0.1555
vn 0.9572 0.2391 -0.1633
vn 0.9482 0.2704 -0.1666
vn 0.9414 0.2941 -0.1654
vn 0.9385 0.3069 -0.1584
vn 0.9356 0.3131 -0.1633
vn 0.9816 0.0706 -0.1772
vn 0.9713 0.1347 -0.1961
vn 0.9628 0.1832 -0.1987
vn 0.9530 0.2293 -0.1978
vn 0.9433 0.2696 -0.1937
vn 0.9365 0.2974 -0.1856
vn 0.9383 0.3007 -0.1707
vn 0.9495 0.2727 -0.1549
vn 0.9448 -0.0011 -0.3276
vn 0.9500 0.0259 -0.3113
vn 0.9532 0.0524 -0.2978
vn 0.9563 0.0774 -0.2821
vn 0.9602 0.0913 -0.2640
vn 0.9675 0.0761 -0.2413
vn 0.9785 0.0036 -0.2064
vn 0.7867 0.1791 -0.5908
vn 0.9726 0.1943 -0.1276
vn 0.7000 0.5663 -0.4350
vn 0.6322 0.3903 -0.6693
vn 0.9407 0.3183 -0.1177
vn 0.8206 0.5032 -0.2711
vn 0.9314 0.3500 -0.1003
vn 0.8609 0.4678 -0.2000
vn 0.9348 0.3472 -0.0749
vn 0.9418 0.3323 -0.0498
vn 0.8830 0.4487 -0.1379
vn 0.9479 0.3172 -0.0307
vn 0.8846 0.4527 -0.1117
vn 0.8991 0.0569 -0.4339
vn 0.9880 0.0358 -0.1503
vn 0.9877 0.1364 -0.0768
vn 0.9792 0.1992 -0.0389
vn 0.9746 0.2237 -0.0111
vn 0.9735 0.2288 0.0066
vn 0.9733 0.2291 0.0113
vn 0.9290 0.0184 -0.3697
vn 0.9823 0.0007 -0.1873
vn 0.9931 0.0461 -0.1080
vn 0.9948 0.0909 -0.0468
vn 0.9931 0.1173 -0.0022
vn 0.9911 0.1312 0.0220
vn 0.9893 0.1436 0.0241
vn 0.9379 0.0057 -0.3469
vn 0.9781 -0.0057 -0.2082
vn 0.9889 0.0085 -0.1483
vn 0.9958 0.0263 -0.0881
vn 0.9985 0.0395 -0.0368
vn 0.9986 0.0517 -0.0060
vn 0.9976 0.0696 -0.0005
vn 0.9404 0.0009 -0.3401
vn 0.9754 0.0016 -0.2203
vn 0.9831 0.0008 -0.1829
vn 0.9901 -0.0000 -0.1401
vn 0.9950 0.0001 -0.0999
vn 0.9973 0.0061 -0.0730
vn 0.9976 0.0227 -0.0655
vn 0.9405 -0.0027 -0.3397
vn 0.9729 0.0225 -0.2301
vn 0.9772 0.0160 -0.2119
vn 0.9814 0.0084 -0.1919
vn 0.9848 0.0047 -0.1738
vn 0.9869 0.0077 -0.1614
vn 0.9874 0.0175 -0.1570
vn 0.0946 0.1930 0.9766
vn 0.4258 0.5757 0.6981
vn 0.5893 0.6604 0.4653
vn 0.6509 0.6890 0.3188
vn 0.6664 0.7051 0.2425
vn 0.6576 0.7246 0.2060
vn 0.6362 0.7509 0.1775
vn 0.6224 0.7700 0.1402
vn 0.0156 0.1734 0.9847
vn 0.0940 0.3970 0.9130
vn 0.2118 0.5697 0.7941
vn 0.2967 0.6789 0.6716
vn 0.3394 0.7509 0.5665
vn 0.3469 0.8073 0.4774
vn 0.3269 0.8616 0.3882
vn 0.2969 0.9092 0.2917
vn 0.0043 0.1669 0.9860
vn 0.0243 0.3281 0.9443
vn 0.0519 0.4757 0.8781
vn 0.0754 0.5919 0.8025
vn 0.0876 0.6888 0.7196
vn 0.0825 0.7751 0.6264
vn 0.0543 0.8562 0.5137
vn 0.0073 0.9246 0.3809
vn -0.0038 0.1550 0.9879
vn -0.0125 0.3022 0.9532
vn -0.0488 0.4210 0.9057
vn -0.0880 0.5117 0.8546
vn -0.1247 0.5977 0.7920
vn -0.1604 0.6886 0.7072
vn -0.2003 0.7856 0.5855
vn -0.2473 0.8690 0.4286
vn -0.0165 0.1298 0.9914
vn -0.0768 0.3090 0.9480
vn -0.1961 0.3715 0.9075
vn -0.3016 0.4103 0.8606
vn -0.3857 0.4512 0.8048
vn -0.4557 0.5231 0.7202
vn -0.5022 0.6214 0.6014
vn -0.5226 0.7300 0.4404
vn -0.0871 0.0767 0.9932
vn -0.2889 0.3027 0.9083
vn -0.4937 0.2499 0.8329
vn -0.6387 0.1959 0.7441
vn -0.7340 0.1581 0.6605
vn -0.8074 0.1813 0.5615
vn -0.8458 0.2608 0.4655
vn -0.8480 0.3978 0.3503
vn 0.0786 -0.6490 0.7567
vn 0.4146 -0.3911 0.8217
vn 0.6093 -0.2223 0.7612
vn 0.6858 -0.1442 0.7133
vn 0.6920 -0.0981 0.7152
vn 0.6185 -0.0830 0.7814
vn 0.4127 -0.0854 0.9069
vn 0.0259 -0.6809 0.7319
vn 0.1284 -0.5362 0.8342
vn 0.2540 -0.3727 0.8925
vn 0.3185 -0.2770 0.9065
vn 0.3216 -0.2039 0.9247
vn 0.2599 -0.1416 0.9552
vn 0.1223 -0.0510 0.9912
vn 0.0064 -0.6912 0.7226
vn 0.0368 -0.5871 0.8087
vn 0.0772 -0.4319 0.8986
vn 0.1031 -0.3283 0.9389
vn 0.1056 -0.2430 0.9643
vn 0.0803 -0.1514 0.9852
vn 0.0318 -0.0088 0.9995
vn -0.0014 -0.6968 0.7172
vn -0.0278 -0.5953 0.8030
vn -0.0607 -0.4552 0.8883
vn -0.0693 -0.3558 0.9320
vn -0.0611 -0.2698 0.9610
vn -0.0426 -0.1724 0.9841
vn -0.0212 -0.0190 0.9996
vn -0.0261 -0.6901 0.7232
vn -0.1263 -0.5704 0.8116
vn -0.2314 -0.4488 0.8631
vn -0.2753 -0.3698 0.8874
vn -0.2615 -0.3018 0.9168
vn -0.2013 -0.2224 0.9539
vn -0.1019 -0.0740 0.9920
vn -0.0823 -0.6765 0.7318
vn -0.3709 -0.5003 0.7824
vn -0.5440 -0.4013 0.7369
vn -0.5960 -0.3528 0.7213
vn -0.5812 -0.3201 0.7482
vn -0.5081 -0.2852 0.8127
vn -0.3435 -0.1885 0.9201
vn 0.7692 -0.6277 -0.1201
vn 0.6417 -0.7655 0.0475
vn 0.5650 -0.8025 0.1917
vn 0.8834 -0.4555 0.1100
vn 0.5544 -0.7839 0.2795
vn 0.5315 -0.7712 0.3503
vn 0.7631 -0.5747 0.2954
vn 0.4593 -0.7776 0.4294
vn 0.2934 -0.7828 0.5488
vn 0.5037 -0.8604 -0.0779
vn 0.4615 -0.8844 0.0696
vn 0.4228 -0.8845 0.1972
vn 0.3784 -0.8785 0.2918
vn 0.3131 -0.8719 0.3765
vn 0.2184 -0.8553 0.4700
vn 0.0998 -0.7943 0.5992
vn 0.3209 -0.9462 -0.0423
vn 0.3164 -0.9441 0.0920
vn 0.2865 -0.9340 0.2135
vn 0.2349 -0.9216 0.3089
vn 0.1709 -0.9019 0.3967
vn 0.1022 -0.8630 0.4948
vn 0.0350 -0.7790 0.6260
vn 0.0985 -0.9951 -0.0098
vn 0.1128 -0.9870 0.1146
vn 0.0905 -0.9688 0.2306
vn 0.0487 -0.9458 0.3210
vn 0.0099 -0.9144 0.4048
vn -0.0126 -0.8652 0.5013
vn -0.0132 -0.7729 0.6344
vn -0.2158 -0.9761 0.0242
vn -0.1944 -0.9728 0.1259
vn -0.2032 -0.9536 0.2221
vn -0.2173 -0.9299 0.2968
vn -0.2108 -0.9041 0.3718
vn -0.1673 -0.8677 0.4680
vn -0.0827 -0.7891 0.6087
vn -0.5929 -0.8036 0.0509
vn -0.5836 -0.8059 0.1003
vn -0.5899 -0.7938 0.1480
vn -0.5906 -0.7849 0.1873
vn -0.5673 -0.7882 0.2384
vn -0.4969 -0.8047 0.3250
vn -0.3328 -0.8104 0.4821
vn 0.7810 -0.1822 -0.5974
vn 0.8183 -0.2373 -0.5235
vn 0.8426 -0.2686 -0.4668
vn 0.8603 -0.2983 -0.4135
vn 0.8700 -0.3363 -0.3605
vn 0.8679 -0.3939 -0.3025
vn 0.8438 -0.4839 -0.2321
vn 0.4437 -0.3784 -0.8124
vn 0.5098 -0.5159 -0.6884
vn 0.5501 -0.5998 -0.5810
vn 0.5748 -0.6629 -0.4797
vn 0.5840 -0.7151 -0.3841
vn 0.5763 -0.7638 -0.2907
vn 0.5504 -0.8116 -0.1956
vn 0.0910 -0.5014 -0.8604
vn 0.1514 -0.6860 -0.7117
vn 0.1985 -0.7944 -0.5740
vn 0.2409 -0.8613 -0.4473
vn 0.2770 -0.8997 -0.3375
vn 0.3043 -0.9218 -0.2402
vn 0.3189 -0.9358 -0.1503
vn -0.2153 -0.5602 -0.7999
vn -0.1828 -0.7547 -0.6301
vn -0.1427 -0.8645 -0.4819
vn -0.0904 -0.9298 -0.3569
vn -0.0335 -0.9656 -0.2577
vn 0.0203 -0.9843 -0.1753
vn 0.0636 -0.9927 -0.1021
vn -0.4919 -0.5675 -0.6602
vn -0.4907 -0.7353 -0.4675
vn -0.4643 -0.8238 -0.3253
vn -0.4201 -0.8807 -0.2188
vn -0.3676 -0.9188 -0.1437
vn -0.3131 -0.9457 -0.0869
vn -0.2639 -0.9637 -0.0407
vn -0.7562 -0.5009 -0.4211
vn -0.7575 -0.6118 -0.2276
vn -0.7386 -0.6640 -0.1165
vn -0.7104 -0.7023 -0.0455
vn -0.6794 -0.7337 -0.0037
vn -0.6490 -0.7604 0.0218
vn -0.6225 -0.7820 0.0311
vn 0.0624 0.5521 -0.8314
vn 0.3580 0.3267 -0.8747
vn 0.5641 0.1991 -0.8013
vn 0.6577 0.1216 -0.7434
vn 0.7051 0.0603 -0.7065
vn 0.7326 -0.0031 -0.6806
vn 0.7544 -0.0872 -0.6505
vn 0.0131 0.5711 -0.8208
vn 0.0759 0.4306 -0.8993
vn 0.1711 0.2966 -0.9396
vn 0.2441 0.1975 -0.9494
vn 0.2956 0.1001 -0.9500
vn 0.3375 -0.0186 -0.9411
vn 0.3849 -0.1859 -0.9040
vn 0.0011 0.5704 -0.8214
vn 0.0077 0.4508 -0.8926
vn 0.0174 0.3168 -0.9483
vn 0.0150 0.2145 -0.9766
vn 0.0085 0.1057 -0.9944
vn 0.0091 -0.0381 -0.9992
vn 0.0343 -0.2513 -0.9673
vn -0.0060 0.5636 -0.8260
vn -0.0353 0.4374 -0.8986
vn -0.0851 0.3025 -0.9493
vn -0.1373 0.1996 -0.9702
vn -0.1869 0.0882 -0.9784
vn -0.2264 -0.0623 -0.9720
vn -0.2419 -0.2904 -0.9258
vn -0.0136 0.5547 -0.8320
vn -0.0828 0.4017 -0.9120
vn -0.1836 0.2722 -0.9446
vn -0.2701 0.1745 -0.9469
vn -0.3449 0.0662 -0.9363
vn -0.4132 -0.0826 -0.9069
vn -0.4727 -0.3095 -0.8251
vn -0.0492 0.5380 -0.8415
vn -0.2430 0.3480 -0.9055
vn -0.3875 0.2430 -0.8892
vn -0.4738 0.1590 -0.8662
vn -0.5447 0.0587 -0.8366
vn -0.6244 -0.0837 -0.7766
vn -0.7149 -0.2925 -0.6352
vn 0.7115 0.6849 -0.1571
vn 0.7009 0.6728 -0.2367
vn 0.6985 0.6522 -0.2946
vn 0.6866 0.6410 -0.3431
vn 0.8768 0.4525 -0.1629
vn 0.6486 0.6451 -0.4040
vn 0.5606 0.6643 -0.4945
vn 0.3710 0.6840 -0.6281
vn 0.4463 0.8634 -0.2354
vn 0.4312 0.8358 -0.3400
vn 0.4120 0.8048 -0.4273
vn 0.3751 0.7805 -0.5001
vn 0.3103 0.7591 -0.5723
vn 0.2122 0.7299 -0.6497
vn 0.0897 0.6740 -0.7333
vn 0.1745 0.9432 -0.2828
vn 0.1687 0.9007 -0.4004
vn 0.1550 0.8534 -0.4977
vn 0.1309 0.8100 -0.5717
vn 0.0973 0.7668 -0.6345
vn 0.0580 0.7182 -0.6934
vn 0.0209 0.6543 -0.7560
vn -0.1147 0.9450 -0.3062
vn -0.1020 0.8962 -0.4319
vn -0.0941 0.8412 -0.5325
vn -0.0859 0.7928 -0.6035
vn -0.0719 0.7489 -0.6588
vn -0.0501 0.7044 -0.7080
vn -0.0222 0.6482 -0.7611
vn -0.4372 0.8465 -0.3039
vn -0.4104 0.8048 -0.4288
vn -0.3788 0.7591 -0.5294
vn -0.3362 0.7267 -0.5991
vn -0.2739 0.7052 -0.6540
vn -0.1879 0.6865 -0.7024
vn -0.0822 0.6532 -0.7527
vn -0.7561 0.6009 -0.2594
vn -0.7300 0.5775 -0.3654
vn -0.6971 0.5537 -0.4555
vn -0.6529 0.5483 -0.5225
vn -0.5848 0.5627 -0.5843
vn -0.4761 0.5938 -0.6486
vn -0.2944 0.6314 -0.7174
vn -0.8686 0.3483 -0.3525
vn 0.6328 0.7674 0.1034
vn 0.6502 0.7563 0.0716
vn 0.8591 0.5113 0.0230
vn 0.6728 0.7387 0.0402
vn 0.6955 0.7185 0.0069
vn 0.7133 0.7001 -0.0323
vn 0.8897 0.4564 0.0078
vn 0.7214 0.6874 -0.0837
vn 0.8942 0.4472 -0.0215
vn 0.2912 0.9354 0.2005
vn 0.3087 0.9430 0.1241
vn 0.3431 0.9377 0.0544
vn 0.3853 0.9227 -0.0098
vn 0.4239 0.9028 -0.0732
vn 0.4484 0.8823 -0.1434
vn -0.0219 0.9654 0.2600
vn -0.0167 0.9872 0.1586
vn 0.0168 0.9976 0.0672
vn 0.0676 0.9976 -0.0154
vn 0.1205 0.9882 -0.0947
vn 0.1610 0.9708 -0.1780
vn -0.2808 0.9161 0.2862
vn -0.2821 0.9436 0.1732
vn -0.2599 0.9630 0.0717
vn -0.2224 0.9748 -0.0175
vn -0.1792 0.9783 -0.1043
vn -0.1406 0.9708 -0.1942
vn -0.5255 0.8015 0.2854
vn -0.5156 0.8401 0.1689
vn -0.5008 0.8631 0.0651
vn -0.4865 0.8733 -0.0257
vn -0.4737 0.8735 -0.1120
vn -0.4596 0.8659 -0.1973
vn -0.8104 0.5366 0.2350
vn -0.7667 0.6273 0.1365
vn -0.7461 0.6646 0.0407
vn -0.7499 0.6601 -0.0447
vn -0.7616 0.6374 -0.1169
vn -0.7683 0.6146 -0.1787
vn -0.9839 0.1294 0.1234
vn -0.9701 0.2325 0.0700
vn -0.9554 0.2951 0.0090
vn -0.9473 0.3163 -0.0499
vn -0.9437 0.3040 -0.1303
vn -0.6695 0.6939 0.2651
vn -0.9251 0.3544 0.1365
vn -0.7319 0.3932 0.5565
vn -0.5307 0.6226 0.5751
vn -0.9136 0.2936 0.2814
vn -0.7946 0.3186 0.5168
vn -0.8892 0.3008 0.3448
vn -0.7934 0.3152 0.5207
vn -0.8778 0.2851 0.3851
vn -0.7763 0.3071 0.5506
vn -0.8727 0.2668 0.4090
vn -0.7440 0.3024 0.5958
vn -0.8779 0.2254 0.4225
vn -0.6451 0.2766 0.7123
vn -0.6710 -0.0852 0.7365
vn -0.4294 -0.0398 0.9022
vn -0.7877 0.6068 0.1065
vn -0.9098 0.4151 0.0071
vn -0.9477 0.3099 0.0763
vn -0.9482 0.2836 0.1430
vn -0.9472 0.2542 0.1952
vn -0.9447 0.2202 0.2430
vn -0.9330 0.1866 0.3077
vn -0.8077 0.0063 0.5895
vn -0.8258 0.5612 0.0551
vn -0.9039 0.4271 -0.0237
vn -0.9423 0.3347 -0.0014
vn -0.9553 0.2917 0.0492
vn -0.9617 0.2538 0.1033
vn -0.9623 0.2175 0.1634
vn -0.9512 0.2062 0.2297
vn -0.8820 0.0803 0.4643
vn -0.8398 0.5415 0.0390
vn -0.9063 0.4215 -0.0317
vn -0.9366 0.3491 -0.0302
vn -0.9528 0.3036 0.0044
vn -0.9628 0.2651 0.0522
vn -0.9643 0.2401 0.1117
vn -0.9569 0.2317 0.1753
vn -0.9214 0.1392 0.3629
vn -0.8433 0.5361 0.0378
vn -0.9108 0.4121 -0.0236
vn -0.9342 0.3554 -0.0303
vn -0.9495 0.3135 -0.0093
vn -0.9600 0.2785 0.0275
vn -0.9637 0.2574 0.0703
vn -0.9613 0.2453 0.1254
vn -0.9474 0.1571 0.2790
vn -0.8411 0.5391 0.0433
vn -0.9142 0.4053 0.0043
vn -0.9341 0.3571 -0.0028
vn -0.9470 0.3210 0.0064
vn -0.9564 0.2906 0.0286
vn -0.9614 0.2693 0.0564
vn -0.9634 0.2517 0.0926
vn -0.9676 0.1178 0.2233
vn -0.8396 0.5401 0.0572
vn -0.9144 0.4015 0.0520
vn -0.9326 0.3574 0.0498
vn -0.9437 0.3265 0.0531
vn -0.9516 0.3015 0.0601
vn -0.9583 0.2776 0.0677
vn -0.9683 0.2368 0.0790
vn -0.9847 -0.0034 0.1741
vn -0.9459 0.3231 -0.0301
vn -0.9244 0.3744 0.0727
vn -0.8942 0.4475 -0.0109
vn -0.9090 0.3795 -0.1724
vn -0.9122 0.3929 0.1166
vn -0.8786 0.4743 0.0556
vn -0.9058 0.3996 0.1405
vn -0.8653 0.4928 0.0914
vn -0.9048 0.4002 0.1454
vn -0.8553 0.5071 0.1059
vn -0.9073 0.3991 0.1321
vn -0.8476 0.5203 0.1041
vn -0.9113 0.3991 0.1010
vn -0.8434 0.5308 0.0831
vn -0.9504 0.3104 0.0196
vn -0.9281 0.3616 0.0893
vn -0.9149 0.3814 0.1323
vn -0.9099 0.3836 0.1578
vn -0.9125 0.3759 0.1615
vn -0.9194 0.3661 0.1434
vn -0.9271 0.3596 0.1058
vn -0.9621 0.2664 0.0589
vn -0.9385 0.3256 0.1147
vn -0.9226 0.3519 0.1580
vn -0.9158 0.3575 0.1829
vn -0.9186 0.3508 0.1819
vn -0.9271 0.3406 0.1562
vn -0.9366 0.3322 0.1110
vn -0.9829 0.1710 0.0687
vn -0.9618 0.2458 0.1205
vn -0.9426 0.2911 0.1635
vn -0.9301 0.3145 0.1896
vn -0.9283 0.3211 0.1876
vn -0.9347 0.3181 0.1586
vn -0.9439 0.3109 0.1113
vn -0.9994 0.0241 0.0265
vn -0.9938 0.0949 0.0583
vn -0.9826 0.1588 0.0963
vn -0.9689 0.2109 0.1295
vn -0.9574 0.2505 0.1434
vn -0.9525 0.2747 0.1314
vn -0.9542 0.2821 0.0998
vn -0.9906 -0.1240 -0.0580
vn -0.9952 -0.0810 -0.0546
vn -0.9989 -0.0351 -0.0298
vn -0.9999 0.0118 0.0047
vn -0.9970 0.0664 0.0408
vn -0.9886 0.1337 0.0694
vn -0.9769 0.1986 0.0791
vn -0.9327 -0.3148 -0.1757
vn -0.9451 -0.3121 -0.0971
vn -0.9473 -0.3163 -0.0499
vn -0.5444 -0.5336 -0.6472
vn -0.7621 -0.3744 -0.5282
vn -0.5438 -0.3130 -0.7786
vn -0.3771 -0.4666 -0.8001
vn -0.7747 -0.3030 -0.5549
vn -0.6258 -0.2320 -0.7446
vn -0.7914 -0.2188 -0.5709
vn -0.6636 -0.1605 -0.7307
vn -0.8360 -0.1056 -0.5385
vn -0.7168 -0.0674 -0.6940
vn -0.9032 0.0438 -0.4269
vn -0.8009 0.0620 -0.5956
vn -0.9511 0.2074 -0.2290
vn -0.8843 0.2304 -0.4060
vn -0.6922 -0.4630 -0.5536
vn -0.7735 -0.4123 -0.4814
vn -0.7912 -0.3903 -0.4708
vn -0.8403 -0.2986 -0.4525
vn -0.9068 -0.1501 -0.3939
vn -0.9618 0.0350 -0.2717
vn -0.9727 0.2038 -0.1108
vn -0.8120 -0.3980 -0.4269
vn -0.8163 -0.4026 -0.4142
vn -0.8622 -0.3382 -0.3771
vn -0.9351 -0.1903 -0.2991
vn -0.9853 0.0069 -0.1709
vn -0.9850 0.1686 -0.0363
vn -0.8541 -0.3573 -0.3779
vn -0.8569 -0.3698 -0.3592
vn -0.8877 -0.3320 -0.3190
vn -0.9464 -0.2182 -0.2382
vn -0.9917 -0.0535 -0.1172
vn -0.9967 0.0809 -0.0078
vn -0.8960 -0.3129 -0.3150
vn -0.8989 -0.3204 -0.2987
vn -0.9173 -0.2985 -0.2637
vn -0.9527 -0.2313 -0.1971
vn -0.9858 -0.1307 -0.1058
vn -0.9984 -0.0478 -0.0300
vn -0.9004 -0.3369 -0.2752
vn -0.9327 -0.2689 -0.2405
vn -0.9353 -0.2693 -0.2295
vn -0.9444 -0.2569 -0.2051
vn -0.9592 -0.2297 -0.1647
vn -0.9743 -0.1918 -0.1179
vn -0.9839 -0.1591 -0.0812
vn 0.7136 0.1973 0.6722
vn 0.9360 0.0563 0.3476
vn 0.6967 0.5596 0.4488
vn 0.5476 0.5197 0.6558
vn 0.9733 0.1176 0.1971
vn 0.7593 0.5492 0.3490
vn 0.9810 0.1458 0.1278
vn 0.7631 0.5748 0.2954
vn 0.9891 0.1316 0.0662
vn 0.9993 0.0321 -0.0207
vn 0.9774 -0.1716 -0.1237
vn 0.9247 0.3806 0.0066
vn 0.9706 0.2084 -0.1201
vn 0.8135 0.0738 0.5769
vn 0.9072 -0.0104 0.4205
vn 0.9850 -0.0964 0.1429
vn 0.9847 -0.1637 -0.0594
vn 0.9570 -0.2313 -0.1749
vn 0.9333 -0.2878 -0.2147
vn 0.9294 -0.3131 -0.1952
vn 0.9356 -0.3131 -0.1633
vn 0.8605 0.0258 0.5088
vn 0.9286 -0.0618 0.3658
vn 0.9816 -0.1879 0.0348
vn 0.9415 -0.2646 -0.2088
vn 0.9027 -0.3063 -0.3023
vn 0.8977 -0.3287 -0.2934
vn 0.9141 -0.3346 -0.2291
vn 0.9290 -0.3307 -0.1661
vn 0.8917 -0.0112 0.4526
vn 0.9617 -0.1276 0.2425
vn 0.9592 -0.2644 -0.1004
vn 0.8975 -0.3225 -0.3009
vn 0.8694 -0.3402 -0.3584
vn 0.8790 -0.3476 -0.3263
vn 0.9043 -0.3512 -0.2426
vn 0.9232 -0.3490 -0.1606
vn 0.9030 -0.0439 0.4274
vn 0.9761 -0.1935 0.0986
vn 0.9198 -0.3328 -0.2080
vn 0.8667 -0.3816 -0.3213
vn 0.8553 -0.3860 -0.3456
vn 0.8708 -0.3809 -0.3108
vn 0.8967 -0.3781 -0.2302
vn 0.9161 -0.3748 -0.1426
vn 0.8538 -0.0465 0.5185
vn 0.9426 -0.3277 -0.0643
vn 0.8609 -0.4665 -0.2032
vn 0.8463 -0.4731 -0.2448
vn 0.8521 -0.4545 -0.2596
vn 0.8676 -0.4348 -0.2415
vn 0.8877 -0.4219 -0.1842
vn 0.9037 -0.4137 -0.1103
vn 0.6455 -0.2941 0.7049
vn 0.6998 -0.6145 0.3643
vn 0.8100 -0.5864 0.0078
vn 0.8288 -0.5518 -0.0927
vn 0.8367 -0.5364 -0.1107
vn 0.8402 -0.5343 -0.0920
vn 0.8392 -0.5411 -0.0543
vn 0.8394 -0.5431 -0.0194
vn 0.9515 -0.3074 -0.0146
vn 0.9519 -0.3065 -0.0014
vn 0.8942 -0.4472 -0.0215
vn 0.8896 -0.4517 -0.0677
vn 0.9472 -0.3207 0.0029
vn 0.9393 -0.3430 -0.0010
vn 0.8805 -0.4735 0.0225
vn 0.9318 -0.3629 -0.0085
vn 0.8692 -0.4937 0.0265
vn 0.9226 -0.3847 -0.0276
vn 0.9131 -0.4035 -0.0577
vn 0.9711 -0.2387 -0.0004
vn 0.9676 -0.2519 -0.0149
vn 0.9610 -0.2750 -0.0292
vn 0.9526 -0.3013 -0.0422
vn 0.9442 -0.3257 -0.0493
vn 0.9343 -0.3493 -0.0719
vn 0.9261 -0.3656 -0.0930
vn 0.9841 -0.1775 -0.0093
vn 0.9763 -0.2114 -0.0464
vn 0.9673 -0.2441 -0.0692
vn 0.9580 -0.2740 -0.0851
vn 0.9483 -0.3031 -0.0938
vn 0.9385 -0.3282 -0.1075
vn 0.9324 -0.3413 -0.1189
vn 0.9911 -0.1258 -0.0444
vn 0.9791 -0.1814 -0.0915
vn 0.9688 -0.2210 -0.1121
vn 0.9590 -0.2542 -0.1257
vn 0.9499 -0.2822 -0.1345
vn 0.9422 -0.3046 -0.1398
vn 0.9366 -0.3208 -0.1406
vn 0.9906 -0.0888 -0.1037
vn 0.9771 -0.1578 -0.1430
vn 0.9670 -0.2017 -0.1555
vn 0.9572 -0.2391 -0.1633
vn 0.9482 -0.2704 -0.1666
vn 0.9414 -0.2941 -0.1654
vn 0.9385 -0.3069 -0.1584
vn 0.9816 -0.0706 -0.1772
vn 0.9713 -0.1347 -0.1961
vn 0.9628 -0.1832 -0.1987
vn 0.9530 -0.2293 -0.1978
vn 0.9433 -0.2696 -0.1937
vn 0.9365 -0.2974 -0.1856
vn 0.9383 -0.3007 -0.1707
vn 0.9495 -0.2727 -0.1549
vn 0.9448 0.0011 -0.3276
vn 0.9500 -0.0259 -0.3113
vn 0.9532 -0.0524 -0.2978
vn 0.9563 -0.0774 -0.2821
vn 0.9602 -0.0913 -0.2640
vn 0.9675 -0.0761 -0.2413
vn 0.9785 -0.0036 -0.2064
vn 0.7867 -0.1791 -0.5908
vn 0.9726 -0.1943 -0.1276
vn 0.7000 -0.5663 -0.4350
vn 0.6322 -0.3903 -0.6693
vn 0.9407 -0.3183 -0.1177
vn 0.8206 -0.5032 -0.2711
vn 0.9314 -0.3500 -0.1003
vn 0.8609 -0.4678 -0.2000
vn 0.9348 -0.3472 -0.0749
vn 0.9418 -0.3323 -0.0498
vn 0.8830 -0.4487 -0.1379
vn 0.9479 -0.3172 -0.0307
vn 0.8846 -0.4527 -0.1117
vn 0.8992 -0.0569 -0.4339
vn 0.9880 -0.0358 -0.1503
vn 0.9877 -0.1364 -0.0768
vn 0.9792 -0.1992 -0.0389
vn 0.9746 -0.2237 -0.0111
vn 0.9735 -0.2288 0.0066
vn 0.9733 -0.2291 0.0113
vn 0.9290 -0.0184 -0.3697
vn 0.9823 -0.0007 -0.1873
vn 0.9931 -0.0461 -0.1080
vn 0.9948 -0.0909 -0.0468
vn 0.9931 -0.1173 -0.0022
vn 0.9911 -0.1312 0.0220
vn 0.9893 -0.1436 0.0241
vn 0.9379 -0.0057 -0.3469
vn 0.9781 0.0057 -0.2082
vn 0.9889 -0.0085 -0.1483
vn 0.9958 -0.0263 -0.0881
vn 0.9985 -0.0395 -0.0368
vn 0.9986 -0.0517 -0.0060
vn 0.9976 -0.0696 -0.0005
vn 0.9404 -0.0009 -0.3401
vn 0.9754 -0.0016 -0.2203
vn 0.9831 -0.0008 -0.1829
vn 0.9950 -0.0001 -0.0999
vn 0.9973 -0.0061 -0.0730
vn 0.9976 -0.0227 -0.0655
vn 0.9405 0.0027 -0.3397
vn 0.9729 -0.0225 -0.2301
vn 0.9772 -0.0160 -0.2119
vn 0.9814 -0.0084 -0.1919
vn 0.9848 -0.0047 -0.1738
vn 0.9869 -0.0077 -0.1614
vn 0.9874 -0.0175 -0.1570
vn 0.0946 -0.1930 0.9766
vn 0.4258 -0.5757 0.6981
vn 0.5893 -0.6604 0.4653
vn 0.6509 -0.6890 0.3188
vn 0.6664 -0.7051 0.2425
vn 0.6576 -0.7246 0.2060
vn 0.6362 -0.7509 0.1775
vn 0.6224 -0.7700 0.1402
vn 0.0156 -0.1734 0.9847
vn 0.0940 -0.3970 0.9130
vn 0.2118 -0.5697 0.7941
vn 0.2967 -0.6789 0.6716
vn 0.3394 -0.7509 0.5665
vn 0.3469 -0.8073 0.4774
vn 0.3269 -0.8616 0.3882
vn 0.2969 -0.9092 0.2917
vn 0.0043 -0.1669 0.9860
vn 0.0243 -0.3281 0.9443
vn 0.0519 -0.4757 0.8781
vn 0.0754 -0.5919 0.8025
vn 0.0876 -0.6888 0.7196
vn 0.0825 -0.7751 0.6264
vn 0.0543 -0.8562 0.5137
vn 0.0073 -0.9246 0.3809
vn -0.0038 -0.1550 0.9879
vn -0.0125 -0.3022 0.9532
vn -0.0488 -0.4210 0.9057
vn -0.0880 -0.5117 0.8546
vn -0.1247 -0.5977 0.7920
vn -0.1604 -0.6886 0.7072
vn -0.2004 -0.7856 0.5855
vn -0.2473 -0.8690 0.4286
vn -0.0165 -0.1298 0.9914
vn -0.0768 -0.3090 0.9480
vn -0.1961 -0.3715 0.9075
vn -0.3016 -0.4103 0.8606
vn -0.3857 -0.4512 0.8048
vn -0.4557 -0.5231 0.7202
vn -0.5022 -0.6214 0.6014
vn -0.5226 -0.7300 0.4404
vn -0.0871 -0.0767 0.9932
vn -0.2889 -0.3027 0.9083
vn -0.4937 -0.2499 0.8329
vn -0.6387 -0.1959 0.7441
vn -0.7340 -0.1581 0.6605
vn -0.8074 -0.1813 0.5615
vn -0.8458 -0.2608 0.4655
vn -0.8480 -0.3978 0.3503
vn 0.0786 0.6490 0.7567
vn 0.4146 0.3911 0.8217
vn 0.6093 0.2223 0.7612
vn 0.6858 0.1442 0.7133
vn 0.6920 0.0981 0.7152
vn 0.6185 0.0830 0.7814
vn 0.4127 0.0854 0.9069
vn 0.0259 0.6809 0.7319
vn 0.1284 0.5362 0.8342
vn 0.2540 0.3727 0.8925
vn 0.3185 0.2770 0.9065
vn 0.3216 0.2039 0.9247
vn 0.2599 0.1416 0.9552
vn 0.1223 0.0510 0.9912
vn 0.0064 0.6912 0.7226
vn 0.0368 0.5871 0.8087
vn 0.0772 0.4319 0.8986
vn 0.1031 0.3283 0.9389
vn 0.1056 0.2430 0.9643
vn 0.0803 0.1514 0.9852
vn 0.0318 0.0088 0.9995
vn -0.0014 0.6968 0.7172
vn -0.0278 0.5953 0.8030
vn -0.0607 0.4552 0.8883
vn -0.0693 0.3558 0.9320
vn -0.0611 0.2698 0.9610
vn -0.0426 0.1724 0.9841
vn -0.0212 0.0190 0.9996
vn -0.0261 0.6901 0.7232
vn -0.1263 0.5704 0.8116
vn -0.2314 0.4488 0.8631
vn -0.2753 0.3698 0.8874
vn -0.2615 0.3018 0.9168
vn -0.2013 0.2224 0.9539
vn -0.1019 0.0740 0.9920
vn -0.0823 0.6765 0.7318
vn -0.3709 0.5003 0.7824
vn -0.5440 0.4013 0.7369
vn -0.5960 0.3528 0.7213
vn -0.5812 0.3201 0.7482
vn -0.5081 0.2852 0.8127
vn -0.3435 0.1885 0.9201
vn 0.7692 0.6276 -0.1201
vn 0.6417 0.7655 0.0475
vn 0.5650 0.8025 0.1917
vn 0.8834 0.4555 0.1100
vn 0.5544 0.7839 0.2795
vn 0.8035 0.5545 0.2165
vn 0.5315 0.7712 0.3503
vn 0.4593 0.7776 0.4294
vn 0.2934 0.7828 0.5488
vn 0.5037 0.8604 -0.0779
vn 0.4615 0.8844 0.0696
vn 0.4228 0.8845 0.1972
vn 0.3784 0.8785 0.2918
vn 0.3131 0.8719 0.3765
vn 0.2184 0.8553 0.4700
vn 0.0998 0.7943 0.5992
vn 0.3209 0.9462 -0.0423
vn 0.3164 0.9441 0.0920
vn 0.2865 0.9340 0.2135
vn 0.2349 0.9216 0.3089
vn 0.1709 0.9019 0.3967
vn 0.1022 0.8630 0.4948
vn 0.0350 0.7790 0.6260
vn 0.0985 0.9951 -0.0098
vn 0.1128 0.9870 0.1146
vn 0.0905 0.9688 0.2306
vn 0.0487 0.9458 0.3210
vn 0.0099 0.9144 0.4048
vn -0.0126 0.8652 0.5013
vn -0.0132 0.7729 0.6344
vn -0.2158 0.9761 0.0242
vn -0.1944 0.9728 0.1259
vn -0.2032 0.9536 0.2221
vn -0.2173 0.9299 0.2968
vn -0.2108 0.9041 0.3718
vn -0.1673 0.8677 0.4680
vn -0.0827 0.7891 0.6087
vn -0.5929 0.8036 0.0509
vn -0.5836 0.8059 0.1003
vn -0.5899 0.7938 0.1480
vn -0.5906 0.7849 0.1873
vn -0.5673 0.7882 0.2384
vn -0.4969 0.8047 0.3250
vn -0.3328 0.8104 0.4821
vn 0.7810 0.1822 -0.5974
vn 0.8183 0.2373 -0.5235
vn 0.8426 0.2686 -0.4668
vn 0.8603 0.2983 -0.4135
vn 0.8700 0.3363 -0.3605
vn 0.8679 0.3939 -0.3025
vn 0.8438 0.4839 -0.2321
vn 0.4438 0.3784 -0.8124
vn 0.5098 0.5159 -0.6884
vn 0.5501 0.5998 -0.5810
vn 0.5748 0.6629 -0.4797
vn 0.5840 0.7151 -0.3841
vn 0.5763 0.7638 -0.2907
vn 0.5504 0.8116 -0.1956
vn 0.0910 0.5014 -0.8604
vn 0.1514 0.6860 -0.7117
vn 0.1985 0.7944 -0.5740
vn 0.2409 0.8613 -0.4473
vn 0.2770 0.8997 -0.3375
vn 0.3043 0.9218 -0.2402
vn 0.3189 0.9358 -0.1503
vn -0.2153 0.5602 -0.7999
vn -0.1828 0.7547 -0.6301
vn -0.1427 0.8645 -0.4819
vn -0.0904 0.9298 -0.3569
vn -0.0335 0.9656 -0.2577
vn 0.0203 0.9843 -0.1753
vn 0.0636 0.9927 -0.1021
vn -0.4919 0.5675 -0.6602
vn -0.4907 0.7353 -0.4675
vn -0.4643 0.8238 -0.3253
vn -0.4201 0.8807 -0.2188
vn -0.3676 0.9188 -0.1437
vn -0.3131 0.9457 -0.0868
vn -0.2639 0.9637 -0.0407
vn -0.7562 0.5009 -0.4211
vn -0.7575 0.6118 -0.2276
vn -0.7386 0.6640 -0.1165
vn -0.7104 0.7023 -0.0455
vn -0.6794 0.7337 -0.0037
vn -0.6490 0.7604 0.0218
vn -0.6225 0.7820 0.0311
vn 0.0624 -0.5521 -0.8314
vn 0.3579 -0.3267 -0.8747
vn 0.5641 -0.1991 -0.8013
vn 0.6577 -0.1216 -0.7434
vn 0.7051 -0.0603 -0.7065
vn 0.7326 0.0031 -0.6806
vn 0.7544 0.0872 -0.6505
vn 0.0131 -0.5711 -0.8208
vn 0.0759 -0.4306 -0.8993
vn 0.1711 -0.2966 -0.9396
vn 0.2441 -0.1975 -0.9494
vn 0.2956 -0.1001 -0.9500
vn 0.3375 0.0186 -0.9411
vn 0.3849 0.1859 -0.9040
vn 0.0011 -0.5704 -0.8214
vn 0.0077 -0.4508 -0.8926
vn 0.0174 -0.3168 -0.9483
vn 0.0150 -0.2145 -0.9766
vn 0.0085 -0.1057 -0.9944
vn 0.0091 0.0381 -0.9992
vn 0.0343 0.2513 -0.9673
vn -0.0060 -0.5636 -0.8260
vn -0.0353 -0.4374 -0.8986
vn -0.0851 -0.3025 -0.9493
vn -0.1373 -0.1996 -0.9702
vn -0.1869 -0.0882 -0.9784
vn -0.2264 0.0623 -0.9720
vn -0.2419 0.2904 -0.9258
vn -0.0136 -0.5547 -0.8320
vn -0.0828 -0.4017 -0.9120
vn -0.1836 -0.2722 -0.9446
vn -0.2701 -0.1745 -0.9469
vn -0.3449 -0.0662 -0.9363
vn -0.4132 0.0826 -0.9069
vn -0.4727 0.3095 -0.8251
vn -0.0492 -0.5380 -0.8415
vn -0.2430 -0.3480 -0.9055
vn -0.3876 -0.2430 -0.8892
vn -0.4738 -0.1590 -0.8662
vn -0.5447 -0.0587 -0.8366
vn -0.6244 0.0837 -0.7766
vn -0.7149 0.2925 -0.6352
vn 0.7115 -0.6849 -0.1571
vn 0.7009 -0.6728 -0.2367
vn 0.6985 -0.6522 -0.2946
vn 0.6866 -0.6410 -0.3431
vn 0.8768 -0.4525 -0.1629
vn 0.6486 -0.6451 -0.4040
vn 0.5606 -0.6643 -0.4945
vn 0.3710 -0.6840 -0.6281
vn 0.4463 -0.8634 -0.2353
vn 0.4312 -0.8358 -0.3400
vn 0.4120 -0.8048 -0.4273
vn 0.3751 -0.7805 -0.5001
vn 0.3103 -0.7591 -0.5723
vn 0.2122 -0.7299 -0.6497
vn 0.0897 -0.6740 -0.7333
vn 0.1745 -0.9432 -0.2828
vn 0.1687 -0.9007 -0.4004
vn 0.1550 -0.8534 -0.4977
vn 0.1309 -0.8100 -0.5717
vn 0.0973 -0.7668 -0.6345
vn 0.0580 -0.7182 -0.6934
vn 0.0209 -0.6543 -0.7560
vn -0.1147 -0.9450 -0.3062
vn -0.1020 -0.8962 -0.4319
vn -0.0941 -0.8412 -0.5326
vn -0.0859 -0.7928 -0.6035
vn -0.0719 -0.7489 -0.6588
vn -0.0501 -0.7044 -0.7080
vn -0.0222 -0.6482 -0.7611
vn -0.4372 -0.8465 -0.3039
vn -0.4104 -0.8048 -0.4288
vn -0.3788 -0.7591 -0.5294
vn -0.3362 -0.7267 -0.5991
vn -0.2739 -0.7052 -0.6540
vn -0.1879 -0.6865 -0.7024
vn -0.0822 -0.6532 -0.7527
vn -0.7561 -0.6009 -0.2594
vn -0.7300 -0.5775 -0.3654
vn -0.6971 -0.5537 -0.4555
vn -0.6529 -0.5483 -0.5225
vn -0.5848 -0.5627 -0.5843
vn -0.4761 -0.5938 -0.6486
vn -0.2944 -0.6314 -0.7174
vn -0.8686 -0.3483 -0.3525
vn -0.8305 -0.3708 -0.4158
vn -0.7773 -0.4119 -0.4756
vn 0.6328 -0.7674 0.1034
vn 0.8492 -0.5280 0.0058
vn 0.6502 -0.7563 0.0716
vn 0.8591 -0.5113 0.0230
vn 0.6728 -0.7387 0.0402
vn 0.6954 -0.7185 0.0069
vn 0.7133 -0.7001 -0.0323
vn 0.8897 -0.4564 0.0078
vn 0.7214 -0.6874 -0.0837
vn 0.2912 -0.9354 0.2005
vn 0.3087 -0.9430 0.1241
vn 0.3431 -0.9377 0.0544
vn 0.3853 -0.9227 -0.0098
vn 0.4239 -0.9028 -0.0732
vn 0.4484 -0.8823 -0.1434
vn -0.0219 -0.9654 0.2600
vn -0.0167 -0.9872 0.1586
vn 0.0168 -0.9976 0.0672
vn 0.0676 -0.9976 -0.0154
vn 0.1205 -0.9882 -0.0947
vn 0.1610 -0.9708 -0.1780
vn -0.2808 -0.9161 0.2862
vn -0.2821 -0.9436 0.1732
vn -0.2599 -0.9630 0.0717
vn -0.2224 -0.9748 -0.0175
vn -0.1792 -0.9783 -0.1043
vn -0.1406 -0.9708 -0.1942
vn -0.5255 -0.8015 0.2854
vn -0.5155 -0.8401 0.1689
vn -0.5008 -0.8631 0.0651
vn -0.4865 -0.8733 -0.0257
vn -0.4737 -0.8735 -0.1120
vn -0.4596 -0.8659 -0.1973
vn -0.8104 -0.5367 0.2350
vn -0.7667 -0.6273 0.1365
vn -0.7461 -0.6646 0.0407
vn -0.7499 -0.6601 -0.0447
vn -0.7616 -0.6374 -0.1169
vn -0.7683 -0.6146 -0.1787
vn -0.9839 -0.1294 0.1234
vn -0.9701 -0.2325 0.0700
vn -0.9554 -0.2951 0.0090
vn -0.9437 -0.3040 -0.1303
vn -0.2719 -0.8198 0.5040
vn -0.0991 -0.9241 0.3691
vn -0.0830 -0.9162 0.3920
vn -0.2320 -0.8140 0.5325
vn 0.0687 -0.9727 0.2215
vn 0.0668 -0.9703 0.2327
vn 0.2249 -0.9721 0.0665
vn 0.2085 -0.9760 0.0622
vn 0.3657 -0.9262 -0.0923
vn 0.3351 -0.9353 -0.1135
vn 0.4896 -0.8346 -0.2523
vn 0.4422 -0.8492 -0.2884
vn 0.5928 -0.6948 -0.4072
vn 0.5262 -0.7187 -0.4545
vn 0.6668 -0.5187 -0.5351
vn 0.5813 -0.5520 -0.5977
vn -0.2972 -0.8234 0.4834
vn -0.1095 -0.9281 0.3559
vn 0.0700 -0.9741 0.2148
vn 0.2353 -0.9694 0.0700
vn 0.3846 -0.9199 -0.0764
vn 0.5186 -0.8251 -0.2242
vn 0.6331 -0.6806 -0.3687
vn 0.7196 -0.4925 -0.4895
vn -0.3093 -0.8271 0.4693
vn -0.1205 -0.9287 0.3508
vn 0.0697 -0.9749 0.2117
vn 0.2416 -0.9676 0.0730
vn 0.3949 -0.9165 -0.0638
vn 0.5320 -0.8226 -0.2009
vn 0.6501 -0.6816 -0.3359
vn 0.7492 -0.4755 -0.4610
vn -0.3152 -0.8300 0.4602
vn -0.1322 -0.9272 0.3504
vn 0.0675 -0.9752 0.2108
vn 0.2443 -0.9668 0.0751
vn 0.3992 -0.9152 -0.0551
vn 0.5360 -0.8240 -0.1834
vn 0.6549 -0.6892 -0.3099
vn 0.7662 -0.4650 -0.4435
vn -0.3176 -0.8316 0.4556
vn -0.1407 -0.9257 0.3512
vn 0.0645 -0.9753 0.2111
vn 0.2434 -0.9669 0.0760
vn 0.3989 -0.9155 -0.0523
vn 0.5362 -0.8254 -0.1765
vn 0.6570 -0.6928 -0.2972
vn 0.7736 -0.4622 -0.4335
vn -0.3166 -0.8320 0.4555
vn -0.1396 -0.9261 0.3505
vn 0.0625 -0.9754 0.2115
vn 0.2387 -0.9682 0.0752
vn 0.3945 -0.9172 -0.0565
vn 0.5356 -0.8241 -0.1843
vn 0.6635 -0.6836 -0.3040
vn 0.7728 -0.4759 -0.4199
vn -0.3419 -0.8198 0.4594
vn -0.1560 -0.9190 0.3621
vn 0.0484 -0.9736 0.2231
vn 0.2240 -0.9710 0.0840
vn 0.3799 -0.9235 -0.0524
vn 0.5213 -0.8328 -0.1864
vn 0.6490 -0.6925 -0.3150
vn 0.7658 -0.4937 -0.4120
vn -0.7018 0.5034 0.5040
vn -0.7336 0.2920 0.6137
vn -0.6900 0.3248 0.6468
vn -0.6661 0.5222 0.5325
vn -0.7258 0.0829 0.6829
vn -0.6776 0.1156 0.7263
vn -0.6885 -0.1178 0.7156
vn -0.6356 -0.0940 0.7662
vn -0.6263 -0.3094 0.7156
vn -0.5695 -0.2975 0.7662
vn -0.5385 -0.4937 0.6829
vn -0.4802 -0.4918 0.7263
vn -0.4219 -0.6674 0.6137
vn -0.3673 -0.6683 0.6468
vn -0.7244 0.4914 0.4834
vn -0.7637 0.2755 0.5838
vn -0.7618 0.0653 0.6445
vn -0.7277 -0.1327 0.6730
vn -0.6667 -0.3204 0.6730
vn -0.5779 -0.5006 0.6445
vn -0.4559 -0.6718 0.5838
vn -0.7364 0.4874 0.4693
vn -0.7795 0.2803 0.5602
vn -0.7842 0.0666 0.6170
vn -0.7530 -0.1377 0.6435
vn -0.6901 -0.3311 0.6435
vn -0.5952 -0.5148 0.6170
vn -0.4659 -0.6850 0.5602
vn -0.7429 0.4862 0.4602
vn -0.7872 0.2942 0.5420
vn -0.7974 0.0773 0.5985
vn -0.7681 -0.1367 0.6256
vn -0.7018 -0.3409 0.6256
vn -0.5996 -0.5312 0.5985
vn -0.4640 -0.7007 0.5420
vn -0.7457 0.4861 0.4556
vn -0.7899 0.3036 0.5328
vn -0.8019 0.0857 0.5913
vn -0.7731 -0.1342 0.6200
vn -0.7043 -0.3459 0.6200
vn -0.5984 -0.5407 0.5913
vn -0.4606 -0.7099 0.5328
vn -0.7452 0.4870 0.4555
vn -0.7878 0.2984 0.5388
vn -0.7957 0.0832 0.5999
vn -0.7650 -0.1331 0.6301
vn -0.6971 -0.3420 0.6301
vn -0.5948 -0.5350 0.5999
vn -0.4619 -0.7045 0.5388
vn -0.7584 0.4623 0.4594
vn -0.7884 0.2849 0.5452
vn -0.7894 0.0749 0.6093
vn -0.7561 -0.1340 0.6406
vn -0.6905 -0.3360 0.6406
vn -0.5946 -0.5246 0.6093
vn -0.4704 -0.6939 0.5452
vn 0.2345 0.8116 -0.5351
vn 0.0712 0.9105 -0.4072
vn 0.0033 0.8908 -0.4545
vn 0.1458 0.7883 -0.5977
vn -0.0945 0.9630 -0.2523
vn -0.1414 0.9470 -0.2884
vn -0.2485 0.9642 -0.0923
vn -0.2787 0.9536 -0.1135
vn -0.3895 0.9186 0.0665
vn -0.4050 0.9122 0.0622
vn -0.5162 0.8274 0.2215
vn -0.5163 0.8242 0.2327
vn -0.6233 0.6894 0.3691
vn -0.6057 0.6925 0.3920
vn 0.2927 0.8214 -0.4895
vn 0.1121 0.9228 -0.3687
vn -0.0654 0.9723 -0.2242
vn -0.2296 0.9703 -0.0764
vn -0.3794 0.9226 0.0700
vn -0.5159 0.8293 0.2148
vn -0.6341 0.6864 0.3559
vn 0.3267 0.8251 -0.4610
vn 0.1253 0.9335 -0.3359
vn -0.0531 0.9782 -0.2009
vn -0.2193 0.9736 -0.0638
vn -0.3733 0.9248 0.0730
vn -0.5167 0.8296 0.2117
vn -0.6433 0.6805 0.3508
vn 0.3466 0.8266 -0.4435
vn 0.1247 0.9425 -0.3099
vn -0.0507 0.9817 -0.1834
vn -0.2150 0.9751 -0.0551
vn -0.3706 0.9257 0.0751
vn -0.5186 0.8286 0.2108
vn -0.6520 0.6724 0.3504
vn 0.3542 0.8286 -0.4335
vn 0.1243 0.9467 -0.2972
vn -0.0514 0.9830 -0.1765
vn -0.2154 0.9751 -0.0523
vn -0.3714 0.9254 0.0760
vn -0.5211 0.8270 0.2111
vn -0.6579 0.6662 0.3512
vn 0.3455 0.8392 -0.4199
vn 0.1350 0.9431 -0.3040
vn -0.0511 0.9815 -0.1843
vn -0.2199 0.9739 -0.0565
vn -0.3760 0.9236 0.0752
vn -0.5227 0.8258 0.2115
vn -0.6573 0.6672 0.3505
vn 0.3293 0.8496 -0.4120
vn 0.1181 0.9417 -0.3150
vn -0.0677 0.9801 -0.1864
vn -0.2355 0.9705 -0.0524
vn -0.3895 0.9172 0.0840
vn -0.5331 0.8161 0.2231
vn -0.6663 0.6518 0.3621
vn 0.6988 -0.3210 -0.6392
vn 0.6086 -0.3560 -0.7092
vn 0.6964 -0.1067 -0.7097
vn 0.6042 -0.1435 -0.7838
vn 0.6610 0.1034 -0.7433
vn 0.5670 0.0701 -0.8207
vn 0.5955 0.3049 -0.7433
vn 0.4999 0.2766 -0.8207
vn 0.5007 0.4957 -0.7097
vn 0.4045 0.4713 -0.7838
vn 0.3767 0.6704 -0.6392
vn 0.2831 0.6457 -0.7092
vn 0.7548 -0.2901 -0.5883
vn 0.7545 -0.0778 -0.6517
vn 0.7204 0.1265 -0.6819
vn 0.6572 0.3211 -0.6819
vn 0.5646 0.5064 -0.6517
vn 0.4401 0.6784 -0.5883
vn 0.7885 -0.2542 -0.5601
vn 0.7877 -0.0494 -0.6141
vn 0.7553 0.1440 -0.6394
vn 0.6957 0.3274 -0.6394
vn 0.6082 0.5030 -0.6141
vn 0.4885 0.6691 -0.5601
vn 0.8087 -0.2211 -0.5450
vn 0.8055 -0.0264 -0.5919
vn 0.7739 0.1560 -0.6138
vn 0.7178 0.3287 -0.6138
vn 0.6362 0.4948 -0.5919
vn 0.5243 0.6542 -0.5450
vn 0.8178 -0.2083 -0.5365
vn 0.8123 -0.0204 -0.5829
vn 0.7801 0.1591 -0.6051
vn 0.7246 0.3298 -0.6051
vn 0.6451 0.4940 -0.5829
vn 0.5392 0.6492 -0.5365
vn 0.8121 -0.2335 -0.5347
vn 0.8060 -0.0422 -0.5904
vn 0.7719 0.1490 -0.6180
vn 0.7121 0.3332 -0.6180
vn 0.6272 0.5079 -0.5904
vn 0.5198 0.6663 -0.5347
vn 0.8073 -0.2665 -0.5266
vn 0.7992 -0.0672 -0.5972
vn 0.7628 0.1380 -0.6317
vn 0.6983 0.3367 -0.6317
vn 0.6071 0.5242 -0.5972
vn 0.4965 0.6901 -0.5266
vn -0.1965 -0.8238 0.5317
vn -0.0184 -0.9626 0.2702
vn -0.3660 -0.8884 -0.2770
vn -0.5998 -0.7649 0.2347
vn 0.0851 -0.9963 -0.0082
vn -0.2687 -0.9226 -0.2768
vn 0.1011 -0.9906 -0.0920
vn 0.1180 -0.9833 -0.1385
vn -0.2044 -0.9361 -0.2863
vn 0.1542 -0.9687 -0.1945
vn 0.2274 -0.9045 -0.3607
vn -0.2756 -0.8738 -0.4007
vn 0.2639 -0.5917 -0.7617
vn -0.1504 -0.6344 -0.7583
vn -0.1503 -0.7916 0.5922
vn -0.0625 -0.9093 0.4115
vn 0.0702 -0.9901 0.1218
vn 0.1241 -0.9916 -0.0370
vn 0.1649 -0.9750 -0.1490
vn 0.2176 -0.9373 -0.2723
vn 0.2850 -0.8312 -0.4774
vn 0.3146 -0.5967 -0.7382
vn -0.1447 -0.7892 0.5968
vn -0.0713 -0.8876 0.4551
vn 0.0596 -0.9782 0.1991
vn 0.1391 -0.9903 0.0044
vn 0.2014 -0.9666 -0.1585
vn 0.2643 -0.9074 -0.3268
vn 0.3244 -0.7789 -0.5367
vn 0.3438 -0.6052 -0.7180
vn -0.1510 -0.7923 0.5911
vn -0.0683 -0.8878 0.4551
vn 0.0570 -0.9703 0.2349
vn 0.1530 -0.9877 0.0311
vn 0.2333 -0.9590 -0.1606
vn 0.3046 -0.8844 -0.3536
vn 0.3606 -0.7474 -0.5580
vn 0.3752 -0.6049 -0.7024
vn -0.1670 -0.7965 0.5812
vn -0.0652 -0.8963 0.4386
vn 0.0589 -0.9675 0.2460
vn 0.1685 -0.9846 0.0469
vn 0.2643 -0.9521 -0.1536
vn 0.3443 -0.8697 -0.3535
vn 0.4012 -0.7337 -0.5484
vn 0.4180 -0.5984 -0.6835
vn -0.1935 -0.8036 0.5628
vn -0.0684 -0.9065 0.4167
vn 0.0639 -0.9677 0.2440
vn 0.1879 -0.9806 0.0567
vn 0.2981 -0.9447 -0.1368
vn 0.3889 -0.8605 -0.3290
vn 0.4539 -0.7300 -0.5110
vn 0.4844 -0.5830 -0.6523
vn -0.6432 0.5510 0.5317
vn -0.6176 0.2331 0.7512
vn -0.9100 -0.2072 0.3592
vn -0.9349 0.2662 0.2347
vn -0.5819 -0.0453 0.8120
vn -0.8665 -0.2566 0.4281
vn -0.5687 -0.1479 0.8091
vn -0.8475 -0.2667 0.4590
vn -0.5470 -0.2146 0.8092
vn -0.8424 -0.2823 0.4590
vn -0.4974 -0.3053 0.8120
vn -0.8518 -0.3018 0.4281
vn -0.3626 -0.5516 0.7512
vn -0.8580 -0.3672 0.3592
vn -0.5869 0.5521 0.5922
vn -0.6001 0.3796 0.7041
vn -0.5704 0.0868 0.8167
vn -0.5352 -0.0945 0.8394
vn -0.4885 -0.2381 0.8394
vn -0.4105 -0.4055 0.8167
vn -0.2624 -0.6598 0.7041
vn -0.5810 0.5534 0.5968
vn -0.5926 0.4161 0.6897
vn -0.5678 0.1478 0.8098
vn -0.5242 -0.0660 0.8490
vn -0.4629 -0.2547 0.8490
vn -0.3725 -0.4534 0.8098
vn -0.2348 -0.6849 0.6897
vn -0.5879 0.5522 0.5911
vn -0.5967 0.4057 0.6923
vn -0.5740 0.1642 0.8022
vn -0.5282 -0.0570 0.8472
vn -0.4608 -0.2644 0.8472
vn -0.3678 -0.4703 0.8022
vn -0.2443 -0.6789 0.6923
vn -0.6033 0.5462 0.5812
vn -0.6121 0.3796 0.6937
vn -0.5919 0.1583 0.7903
vn -0.5467 -0.0605 0.8352
vn -0.4778 -0.2724 0.8352
vn -0.3858 -0.4759 0.7903
vn -0.2721 -0.6669 0.6937
vn -0.6289 0.5364 0.5628
vn -0.6424 0.3526 0.6804
vn -0.6260 0.1419 0.7668
vn -0.5822 -0.0728 0.8098
vn -0.5138 -0.2833 0.8098
vn -0.4230 -0.4827 0.7668
vn -0.3125 -0.6628 0.6804
vn -0.1343 0.6338 -0.7617
vn -0.3477 0.8654 -0.3607
vn -0.7366 0.5449 -0.4007
vn -0.4945 0.4248 -0.7583
vn -0.4447 0.8743 -0.1944
vn -0.7228 0.6169 -0.3114
vn -0.4825 0.8649 -0.1385
vn -0.7156 0.6371 -0.2863
vn -0.5005 0.8608 -0.0920
vn -0.7234 0.6308 -0.2807
vn -0.5168 0.8561 -0.0082
vn -0.7597 0.5885 -0.2767
vn -0.5807 0.7680 0.2702
vn -0.8183 0.5036 -0.2769
vn -0.0962 0.6677 -0.7382
vn -0.2580 0.8400 -0.4773
vn -0.3749 0.8862 -0.2723
vn -0.4397 0.8857 -0.1490
vn -0.4824 0.8752 -0.0370
vn -0.5251 0.8423 0.1218
vn -0.5850 0.6989 0.4115
vn -0.0776 0.6918 -0.7179
vn -0.1954 0.8209 -0.5367
vn -0.3195 0.8894 -0.3268
vn -0.4052 0.9004 -0.1585
vn -0.4695 0.8829 0.0044
vn -0.5267 0.8264 0.1991
vn -0.5794 0.6762 0.4550
vn -0.0520 0.7099 -0.7024
vn -0.1476 0.8166 -0.5580
vn -0.2734 0.8946 -0.3536
vn -0.3750 0.9130 -0.1606
vn -0.4568 0.8890 0.0311
vn -0.5243 0.8185 0.2349
vn -0.5771 0.6781 0.4551
vn -0.0135 0.7298 -0.6835
vn -0.1067 0.8294 -0.5484
vn -0.2326 0.9060 -0.3535
vn -0.3458 0.9257 -0.1536
vn -0.4424 0.8956 0.0469
vn -0.5210 0.8174 0.2460
vn -0.5796 0.6868 0.4386
vn 0.0492 0.7564 -0.6523
vn -0.0619 0.8574 -0.5110
vn -0.1911 0.9248 -0.3290
vn -0.3141 0.9395 -0.1368
vn -0.4243 0.9037 0.0567
vn -0.5171 0.8204 0.2440
vn -0.5882 0.6931 0.4167
vn 0.2447 -0.1606 -0.9562
vn -0.2315 -0.1488 -0.9614
vn 0.1849 -0.0033 -0.9828
vn 0.1597 0.0366 -0.9865
vn 0.1507 0.0642 -0.9865
vn -0.1119 -0.0291 -0.9933
vn 0.1476 0.1114 -0.9828
vn -0.1552 -0.0291 -0.9875
vn 0.1036 0.2738 -0.9562
vn 0.2927 -0.3059 -0.9059
vn 0.2348 -0.0889 -0.9680
vn 0.1932 0.0170 -0.9810
vn 0.1663 0.0998 -0.9810
vn 0.1377 0.2099 -0.9680
vn 0.0570 0.4196 -0.9059
vn 0.3349 -0.3947 -0.8556
vn 0.2889 -0.1647 -0.9431
vn 0.2390 -0.0015 -0.9710
vn 0.1925 0.1416 -0.9710
vn 0.1369 0.3031 -0.9431
vn 0.0389 0.5162 -0.8556
vn 0.3779 -0.4370 -0.8162
vn 0.3464 -0.2105 -0.9142
vn 0.2958 -0.0090 -0.9552
vn 0.2340 0.1811 -0.9552
vn 0.1566 0.3739 -0.9142
vn 0.0489 0.5757 -0.8162
vn 0.4304 -0.4400 -0.7881
vn 0.4126 -0.2199 -0.8839
vn 0.3665 0.0004 -0.9304
vn 0.2968 0.2151 -0.9304
vn 0.2046 0.4205 -0.8839
vn 0.0896 0.6090 -0.7881
vn 0.5051 -0.4086 -0.7602
vn 0.4976 -0.1933 -0.8456
vn 0.4576 0.0289 -0.8887
vn 0.3872 0.2456 -0.8887
vn 0.2889 0.4489 -0.8456
vn 0.1685 0.6275 -0.7602
vn -0.7392 0.0107 -0.6734
vn -0.2748 -0.0157 -0.9614
vn -0.6127 -0.1223 -0.7808
vn -0.5559 -0.1572 -0.8162
vn -0.5422 -0.1996 -0.8162
vn -0.1076 -0.0422 -0.9933
vn -0.5676 -0.2612 -0.7808
vn -0.1427 -0.0676 -0.9875
vn -0.5918 -0.4432 -0.6734
vn -0.8483 0.1125 -0.5174
vn -0.8002 -0.1291 -0.5856
vn -0.7669 -0.2119 -0.6058
vn -0.7450 -0.2793 -0.6058
vn -0.7233 -0.3659 -0.5856
vn -0.6202 -0.5896 -0.5174
vn -0.2221 -0.9239 -0.3114
vn -0.8724 0.1482 -0.4658
vn -0.8521 -0.1269 -0.5077
vn -0.8276 -0.2276 -0.5130
vn -0.8034 -0.3023 -0.5130
vn -0.7640 -0.3982 -0.5077
vn -0.6187 -0.6327 -0.4658
vn -0.8909 0.1212 -0.4378
vn -0.8822 -0.1441 -0.4482
vn -0.8628 -0.2408 -0.4445
vn -0.8395 -0.3123 -0.4445
vn -0.7984 -0.4020 -0.4482
vn -0.6495 -0.6217 -0.4378
vn -0.2145 -0.9355 -0.2807
vn -0.9139 0.0417 -0.4037
vn -0.9051 -0.1812 -0.3847
vn -0.8954 -0.2582 -0.3628
vn -0.8761 -0.3174 -0.3628
vn -0.8387 -0.3854 -0.3847
vn -0.7149 -0.5709 -0.4037
vn -0.9459 -0.1028 -0.3077
vn -0.9509 -0.2465 -0.1873
vn -0.9486 -0.2886 -0.1298
vn -0.9371 -0.3241 -0.1298
vn -0.9142 -0.3594 -0.1873
vn -0.8257 -0.4729 -0.3077
vn -0.7018 -0.5034 0.5040
vn -0.6233 -0.6894 0.3691
vn -0.6057 -0.6925 0.3920
vn -0.6661 -0.5222 0.5325
vn -0.5162 -0.8274 0.2215
vn -0.5163 -0.8242 0.2327
vn -0.3895 -0.9186 0.0665
vn -0.4050 -0.9122 0.0622
vn -0.2485 -0.9642 -0.0923
vn -0.2787 -0.9536 -0.1135
vn -0.0945 -0.9630 -0.2523
vn -0.1414 -0.9470 -0.2885
vn 0.0712 -0.9105 -0.4072
vn 0.0033 -0.8908 -0.4545
vn 0.2345 -0.8116 -0.5351
vn 0.1458 -0.7883 -0.5977
vn -0.7244 -0.4914 0.4834
vn -0.6341 -0.6864 0.3559
vn -0.5159 -0.8293 0.2148
vn -0.3794 -0.9226 0.0701
vn -0.2296 -0.9703 -0.0764
vn -0.0654 -0.9723 -0.2242
vn 0.1121 -0.9228 -0.3687
vn 0.2927 -0.8214 -0.4895
vn -0.7364 -0.4874 0.4693
vn -0.6433 -0.6805 0.3508
vn -0.5167 -0.8296 0.2117
vn -0.3733 -0.9248 0.0730
vn -0.2193 -0.9736 -0.0638
vn -0.0531 -0.9782 -0.2009
vn 0.1253 -0.9335 -0.3359
vn 0.3267 -0.8251 -0.4610
vn -0.7429 -0.4862 0.4602
vn -0.6520 -0.6724 0.3504
vn -0.5186 -0.8286 0.2108
vn -0.3706 -0.9257 0.0751
vn -0.2150 -0.9751 -0.0551
vn -0.0507 -0.9817 -0.1834
vn 0.1247 -0.9425 -0.3099
vn 0.3466 -0.8266 -0.4435
vn -0.7457 -0.4861 0.4556
vn -0.6579 -0.6662 0.3512
vn -0.5211 -0.8270 0.2111
vn -0.3714 -0.9254 0.0760
vn -0.2154 -0.9751 -0.0523
vn -0.0514 -0.9830 -0.1765
vn 0.1243 -0.9467 -0.2972
vn 0.3542 -0.8286 -0.4335
vn -0.7452 -0.4870 0.4555
vn -0.6573 -0.6672 0.3505
vn -0.5227 -0.8258 0.2115
vn -0.3760 -0.9236 0.0752
vn -0.2199 -0.9739 -0.0565
vn -0.0510 -0.9815 -0.1843
vn 0.1350 -0.9431 -0.3040
vn 0.3455 -0.8392 -0.4199
vn -0.7584 -0.4623 0.4594
vn -0.6663 -0.6518 0.3622
vn -0.5331 -0.8161 0.2231
vn -0.3895 -0.9172 0.0840
vn -0.2355 -0.9705 -0.0524
vn -0.0677 -0.9801 -0.1864
vn 0.1181 -0.9417 -0.3150
vn 0.3294 -0.8496 -0.4120
vn -0.2719 0.8198 0.5040
vn -0.4219 0.6674 0.6137
vn -0.3673 0.6683 0.6468
vn -0.2320 0.8140 0.5325
vn -0.5385 0.4937 0.6829
vn -0.4802 0.4918 0.7263
vn -0.6263 0.3094 0.7156
vn -0.5695 0.2975 0.7662
vn -0.6885 0.1178 0.7156
vn -0.6356 0.0940 0.7662
vn -0.7258 -0.0829 0.6829
vn -0.6776 -0.1156 0.7263
vn -0.7336 -0.2920 0.6137
vn -0.6900 -0.3248 0.6468
vn -0.2972 0.8234 0.4834
vn -0.4559 0.6718 0.5838
vn -0.5779 0.5006 0.6445
vn -0.6667 0.3204 0.6730
vn -0.7277 0.1327 0.6730
vn -0.7618 -0.0653 0.6445
vn -0.7637 -0.2755 0.5838
vn -0.3093 0.8271 0.4693
vn -0.4659 0.6850 0.5602
vn -0.5952 0.5148 0.6170
vn -0.6901 0.3311 0.6435
vn -0.7530 0.1377 0.6435
vn -0.7842 -0.0666 0.6170
vn -0.7795 -0.2803 0.5602
vn -0.3152 0.8300 0.4602
vn -0.4640 0.7007 0.5420
vn -0.5996 0.5312 0.5985
vn -0.7018 0.3409 0.6256
vn -0.7681 0.1367 0.6256
vn -0.7974 -0.0774 0.5985
vn -0.7872 -0.2942 0.5420
vn -0.3176 0.8316 0.4556
vn -0.4606 0.7099 0.5328
vn -0.5984 0.5407 0.5913
vn -0.7043 0.3459 0.6200
vn -0.7731 0.1342 0.6200
vn -0.8019 -0.0857 0.5912
vn -0.7899 -0.3036 0.5328
vn -0.3166 0.8320 0.4555
vn -0.4619 0.7045 0.5388
vn -0.5948 0.5350 0.5999
vn -0.6971 0.3420 0.6301
vn -0.7650 0.1331 0.6301
vn -0.7957 -0.0832 0.5999
vn -0.7878 -0.2984 0.5388
vn -0.3419 0.8198 0.4594
vn -0.4704 0.6939 0.5452
vn -0.5946 0.5246 0.6093
vn -0.6905 0.3360 0.6406
vn -0.7561 0.1340 0.6406
vn -0.7894 -0.0749 0.6093
vn -0.7884 -0.2849 0.5452
vn 0.6668 0.5188 -0.5351
vn 0.5928 0.6948 -0.4072
vn 0.5262 0.7187 -0.4545
vn 0.5813 0.5520 -0.5977
vn 0.4896 0.8346 -0.2523
vn 0.4422 0.8492 -0.2884
vn 0.3657 0.9262 -0.0923
vn 0.3351 0.9353 -0.1135
vn 0.2249 0.9721 0.0665
vn 0.2086 0.9760 0.0622
vn 0.0687 0.9727 0.2215
vn 0.0668 0.9703 0.2327
vn -0.0991 0.9241 0.3691
vn -0.0830 0.9162 0.3920
vn 0.7196 0.4925 -0.4895
vn 0.6331 0.6806 -0.3687
vn 0.5186 0.8251 -0.2242
vn 0.3846 0.9199 -0.0764
vn 0.2353 0.9694 0.0700
vn 0.0700 0.9741 0.2148
vn -0.1095 0.9281 0.3559
vn 0.7492 0.4755 -0.4610
vn 0.6501 0.6816 -0.3359
vn 0.5320 0.8226 -0.2009
vn 0.3949 0.9165 -0.0638
vn 0.2416 0.9676 0.0730
vn 0.0697 0.9749 0.2117
vn -0.1205 0.9287 0.3508
vn 0.7662 0.4650 -0.4435
vn 0.6549 0.6892 -0.3099
vn 0.5360 0.8240 -0.1834
vn 0.3992 0.9152 -0.0551
vn 0.2443 0.9668 0.0751
vn 0.0675 0.9752 0.2108
vn -0.1322 0.9272 0.3504
vn 0.7736 0.4622 -0.4335
vn 0.6570 0.6928 -0.2972
vn 0.5362 0.8254 -0.1765
vn 0.3989 0.9155 -0.0523
vn 0.2435 0.9669 0.0760
vn 0.0645 0.9753 0.2111
vn -0.1407 0.9257 0.3512
vn 0.7728 0.4759 -0.4199
vn 0.6635 0.6836 -0.3040
vn 0.5356 0.8241 -0.1843
vn 0.3945 0.9172 -0.0565
vn 0.2387 0.9682 0.0752
vn 0.0625 0.9754 0.2115
vn -0.1396 0.9261 0.3505
vn 0.7658 0.4937 -0.4120
vn 0.6490 0.6925 -0.3150
vn 0.5213 0.8328 -0.1864
vn 0.3799 0.9235 -0.0524
vn 0.2240 0.9710 0.0840
vn 0.0484 0.9736 0.2231
vn -0.1560 0.9190 0.3621
vn 0.3767 -0.6704 -0.6392
vn 0.2831 -0.6457 -0.7092
vn 0.5007 -0.4957 -0.7097
vn 0.4045 -0.4713 -0.7838
vn 0.5955 -0.3049 -0.7433
vn 0.4999 -0.2766 -0.8207
vn 0.6610 -0.1034 -0.7433
vn 0.5670 -0.0701 -0.8207
vn 0.6964 0.1067 -0.7097
vn 0.6042 0.1435 -0.7838
vn 0.6988 0.3210 -0.6392
vn 0.6086 0.3560 -0.7092
vn 0.4401 -0.6784 -0.5883
vn 0.5647 -0.5064 -0.6517
vn 0.6572 -0.3211 -0.6819
vn 0.7204 -0.1265 -0.6819
vn 0.7545 0.0778 -0.6517
vn 0.7548 0.2901 -0.5883
vn 0.4885 -0.6691 -0.5601
vn 0.6082 -0.5030 -0.6141
vn 0.6957 -0.3274 -0.6394
vn 0.7553 -0.1440 -0.6394
vn 0.7877 0.0494 -0.6141
vn 0.7885 0.2542 -0.5601
vn 0.5243 -0.6542 -0.5450
vn 0.6362 -0.4948 -0.5919
vn 0.7178 -0.3287 -0.6138
vn 0.7739 -0.1560 -0.6138
vn 0.8055 0.0264 -0.5919
vn 0.8087 0.2211 -0.5450
vn 0.5392 -0.6492 -0.5365
vn 0.6451 -0.4940 -0.5829
vn 0.7246 -0.3298 -0.6051
vn 0.7801 -0.1591 -0.6051
vn 0.8123 0.0204 -0.5829
vn 0.8178 0.2083 -0.5365
vn 0.5198 -0.6663 -0.5347
vn 0.6272 -0.5079 -0.5904
vn 0.7121 -0.3332 -0.6180
vn 0.7719 -0.1490 -0.6180
vn 0.8060 0.0422 -0.5904
vn 0.8121 0.2335 -0.5347
vn 0.4965 -0.6901 -0.5266
vn 0.6071 -0.5242 -0.5973
vn 0.6983 -0.3367 -0.6317
vn 0.7628 -0.1380 -0.6317
vn 0.7992 0.0672 -0.5972
vn 0.8073 0.2665 -0.5266
vn -0.6432 -0.5510 0.5317
vn -0.5807 -0.7679 0.2702
vn -0.9349 -0.2663 0.2347
vn -0.5168 -0.8561 -0.0082
vn -0.7597 -0.5885 -0.2767
vn -0.5005 -0.8608 -0.0921
vn -0.7234 -0.6308 -0.2806
vn -0.4825 -0.8649 -0.1385
vn -0.7156 -0.6371 -0.2863
vn -0.4447 -0.8743 -0.1945
vn -0.3477 -0.8654 -0.3607
vn -0.7366 -0.5449 -0.4007
vn -0.1343 -0.6338 -0.7617
vn -0.4945 -0.4248 -0.7583
vn -0.5869 -0.5521 0.5922
vn -0.5850 -0.6989 0.4115
vn -0.5251 -0.8423 0.1218
vn -0.4824 -0.8752 -0.0370
vn -0.4397 -0.8857 -0.1490
vn -0.3749 -0.8862 -0.2723
vn -0.2580 -0.8400 -0.4774
vn -0.0962 -0.6677 -0.7382
vn -0.5810 -0.5534 0.5968
vn -0.5794 -0.6762 0.4550
vn -0.5267 -0.8264 0.1991
vn -0.4695 -0.8829 0.0044
vn -0.4052 -0.9004 -0.1585
vn -0.3195 -0.8894 -0.3268
vn -0.1954 -0.8208 -0.5367
vn -0.0776 -0.6918 -0.7180
vn -0.5879 -0.5522 0.5911
vn -0.5771 -0.6781 0.4551
vn -0.5243 -0.8185 0.2349
vn -0.4568 -0.8890 0.0311
vn -0.3750 -0.9130 -0.1607
vn -0.2734 -0.8945 -0.3536
vn -0.1476 -0.8166 -0.5580
vn -0.0520 -0.7099 -0.7024
vn -0.6033 -0.5462 0.5812
vn -0.5796 -0.6868 0.4386
vn -0.5210 -0.8174 0.2460
vn -0.4424 -0.8956 0.0469
vn -0.3458 -0.9257 -0.1536
vn -0.2326 -0.9060 -0.3535
vn -0.1067 -0.8294 -0.5484
vn -0.0135 -0.7298 -0.6835
vn -0.6289 -0.5364 0.5628
vn -0.5882 -0.6931 0.4167
vn -0.5171 -0.8204 0.2440
vn -0.4244 -0.9037 0.0567
vn -0.3141 -0.9395 -0.1368
vn -0.1911 -0.9248 -0.3290
vn -0.0619 -0.8573 -0.5110
vn 0.0492 -0.7564 -0.6523
vn -0.1965 0.8238 0.5317
vn -0.3626 0.5516 0.7512
vn -0.8580 0.3672 0.3591
vn -0.5998 0.7649 0.2347
vn -0.4974 0.3053 0.8120
vn -0.8518 0.3018 0.4281
vn -0.5470 0.2146 0.8092
vn -0.8424 0.2823 0.4590
vn -0.5687 0.1479 0.8092
vn -0.8475 0.2668 0.4590
vn -0.5819 0.0454 0.8120
vn -0.8665 0.2566 0.4281
vn -0.6176 -0.2331 0.7512
vn -0.9100 0.2072 0.3592
vn -0.1503 0.7916 0.5922
vn -0.2624 0.6598 0.7041
vn -0.4105 0.4055 0.8167
vn -0.4885 0.2381 0.8394
vn -0.5352 0.0945 0.8394
vn -0.5704 -0.0868 0.8167
vn -0.6001 -0.3796 0.7041
vn -0.1447 0.7892 0.5968
vn -0.2348 0.6849 0.6897
vn -0.3725 0.4534 0.8098
vn -0.4629 0.2547 0.8490
vn -0.5242 0.0660 0.8490
vn -0.5678 -0.1478 0.8098
vn -0.5926 -0.4161 0.6897
vn -0.1510 0.7923 0.5911
vn -0.2443 0.6789 0.6923
vn -0.3678 0.4703 0.8022
vn -0.4608 0.2644 0.8472
vn -0.5282 0.0570 0.8472
vn -0.5740 -0.1642 0.8022
vn -0.5967 -0.4057 0.6923
vn -0.1670 0.7965 0.5811
vn -0.2721 0.6669 0.6937
vn -0.3858 0.4759 0.7903
vn -0.4778 0.2724 0.8352
vn -0.5467 0.0605 0.8352
vn -0.5919 -0.1583 0.7903
vn -0.6121 -0.3796 0.6937
vn -0.1935 0.8036 0.5628
vn -0.3125 0.6628 0.6804
vn -0.4230 0.4827 0.7668
vn -0.5138 0.2833 0.8098
vn -0.5822 0.0728 0.8098
vn -0.6260 -0.1419 0.7668
vn -0.6424 -0.3526 0.6804
vn 0.2639 0.5917 -0.7617
vn 0.2274 0.9045 -0.3607
vn -0.2757 0.8738 -0.4007
vn -0.1504 0.6344 -0.7583
vn 0.1542 0.9687 -0.1944
vn -0.2221 0.9239 -0.3114
vn 0.1180 0.9833 -0.1385
vn -0.2044 0.9361 -0.2863
vn 0.1011 0.9906 -0.0920
vn -0.2145 0.9355 -0.2807
vn 0.0851 0.9963 -0.0082
vn -0.2687 0.9226 -0.2768
vn -0.0184 0.9626 0.2702
vn -0.3660 0.8884 -0.2770
vn 0.3146 0.5967 -0.7382
vn 0.2850 0.8312 -0.4774
vn 0.2176 0.9373 -0.2723
vn 0.1649 0.9750 -0.1490
vn 0.1241 0.9916 -0.0370
vn 0.0702 0.9901 0.1218
vn -0.0625 0.9093 0.4114
vn 0.3439 0.6052 -0.7179
vn 0.3244 0.7789 -0.5367
vn 0.2643 0.9074 -0.3268
vn 0.2014 0.9666 -0.1585
vn 0.1391 0.9903 0.0044
vn 0.0596 0.9782 0.1991
vn -0.0713 0.8876 0.4550
vn 0.3752 0.6049 -0.7024
vn 0.3606 0.7474 -0.5580
vn 0.3046 0.8844 -0.3536
vn 0.2333 0.9590 -0.1606
vn 0.1530 0.9877 0.0311
vn 0.0570 0.9703 0.2349
vn -0.0683 0.8878 0.4551
vn 0.4180 0.5984 -0.6835
vn 0.4012 0.7337 -0.5484
vn 0.3443 0.8697 -0.3535
vn 0.2643 0.9521 -0.1536
vn 0.1685 0.9846 0.0469
vn 0.0589 0.9675 0.2460
vn -0.0652 0.8963 0.4386
vn 0.4844 0.5830 -0.6523
vn 0.4539 0.7300 -0.5110
vn 0.3889 0.8605 -0.3290
vn 0.2981 0.9447 -0.1368
vn 0.1879 0.9806 0.0566
vn 0.0639 0.9677 0.2440
vn -0.0684 0.9065 0.4167
vn 0.1036 -0.2738 -0.9562
vn -0.2748 0.0157 -0.9614
vn 0.1476 -0.1114 -0.9828
vn 0.1507 -0.0642 -0.9865
vn -0.1119 0.0291 -0.9933
vn 0.1597 -0.0366 -0.9865
vn -0.1076 0.0422 -0.9933
vn 0.1849 0.0033 -0.9828
vn 0.2447 0.1606 -0.9562
vn -0.2315 0.1488 -0.9614
vn 0.0570 -0.4196 -0.9059
vn 0.1377 -0.2099 -0.9680
vn 0.1663 -0.0998 -0.9810
vn 0.1932 -0.0170 -0.9810
vn 0.2348 0.0889 -0.9680
vn 0.2927 0.3059 -0.9059
vn 0.0389 -0.5162 -0.8556
vn 0.1369 -0.3031 -0.9431
vn 0.1925 -0.1416 -0.9710
vn 0.2390 0.0015 -0.9710
vn 0.2889 0.1647 -0.9431
vn 0.3349 0.3947 -0.8556
vn 0.0489 -0.5757 -0.8162
vn 0.1566 -0.3739 -0.9142
vn 0.2340 -0.1811 -0.9552
vn 0.2958 0.0090 -0.9552
vn 0.3464 0.2105 -0.9142
vn 0.3779 0.4370 -0.8162
vn 0.0896 -0.6090 -0.7881
vn 0.2046 -0.4205 -0.8839
vn 0.2968 -0.2151 -0.9304
vn 0.3665 -0.0004 -0.9304
vn 0.4126 0.2199 -0.8839
vn 0.4304 0.4400 -0.7881
vn 0.1685 -0.6275 -0.7602
vn 0.2889 -0.4489 -0.8456
vn 0.3872 -0.2456 -0.8887
vn 0.4576 -0.0289 -0.8887
vn 0.4976 0.1933 -0.8456
vn 0.5051 0.4086 -0.7602
vn -0.5918 0.4432 -0.6734
vn -0.5676 0.2612 -0.7808
vn -0.1427 0.0676 -0.9875
vn -0.5422 0.1996 -0.8162
vn -0.5559 0.1572 -0.8162
vn -0.6127 0.1223 -0.7808
vn -0.1552 0.0291 -0.9875
vn -0.7392 -0.0107 -0.6734
vn -0.6202 0.5896 -0.5174
vn -0.7233 0.3659 -0.5856
vn -0.7450 0.2793 -0.6058
vn -0.7669 0.2119 -0.6058
vn -0.8002 0.1291 -0.5856
vn -0.8483 -0.1125 -0.5174
vn -0.7228 -0.6169 -0.3114
vn -0.6187 0.6327 -0.4658
vn -0.7640 0.3982 -0.5077
vn -0.8034 0.3023 -0.5130
vn -0.8276 0.2276 -0.5130
vn -0.8521 0.1269 -0.5077
vn -0.8724 -0.1482 -0.4658
vn -0.6495 0.6217 -0.4378
vn -0.7984 0.4020 -0.4482
vn -0.8395 0.3123 -0.4445
vn -0.8628 0.2408 -0.4445
vn -0.8822 0.1440 -0.4482
vn -0.8909 -0.1212 -0.4378
vn -0.7149 0.5709 -0.4037
vn -0.8387 0.3854 -0.3847
vn -0.8761 0.3173 -0.3628
vn -0.8954 0.2582 -0.3628
vn -0.9051 0.1812 -0.3847
vn -0.9139 -0.0417 -0.4037
vn -0.8257 0.4729 -0.3077
vn -0.9142 0.3594 -0.1873
vn -0.9371 0.3241 -0.1298
vn -0.9486 0.2886 -0.1298
vn -0.9509 0.2465 -0.1873
vn -0.9459 0.1028 -0.3077
vn -0.8183 -0.5036 -0.2770
s 1
f 1//1 4//4 3//3
f 2//2 3//3 6//6
f 5//5 6//6 8//8
f 9//9 7//7 8//8
f 11//11 9//9 10//10
f 13//13 11//11 12//12
f 15//15 13//13 14//14
f 17//17 1//1 2//2
f 18//18 2//2 5//5
f 19//19 5//5 7//7
f 21//21 20//20 7//7
f 22//22 21//21 9//9
f 23//23 22//22 11//11
f 24//24 23//23 13//13
f 215//215 17//17 18//18
f 25//25 18//18 19//19
f 26//26 19//19 20//20
f 28//28 27//27 20//20
f 29//29 28//28 21//21
f 30//30 29//29 22//22
f 31//31 30//30 23//23
f 32//32 215//215 25//25
f 33//33 25//25 26//26
f 34//34 26//26 27//27
f 36//36 35//35 27//27
f 37//37 36//36 28//28
f 38//38 37//37 29//29
f 39//39 38//38 30//30
f 40//40 214//214 32//32
f 41//41 40//40 33//33
f 42//42 41//41 34//34
f 43//43 42//42 35//35
f 43//43 36//36 37//37
f 44//44 37//37 38//38
f 45//45 38//38 39//39
f 47//47 213//213 214//214
f 48//48 47//47 40//40
f 49//49 48//48 41//41
f 50//50 49//49 42//42
f 50//50 43//43 44//44
f 51//51 44//44 45//45
f 52//52 45//45 46//46
f 55//55 54//54 213//213
f 56//56 55//55 47//47
f 57//57 56//56 48//48
f 58//58 57//57 49//49
f 58//58 50//50 51//51
f 256//256 51//51 52//52
f 59//59 52//52 53//53
f 61//61 64//64 63//63
f 65//65 62//62 63//63
f 67//67 65//65 66//66
f 69//69 67//67 68//68
f 71//71 69//69 70//70
f 73//73 71//71 72//72
f 75//75 73//73 74//74
f 78//78 77//77 61//61
f 79//79 78//78 62//62
f 80//80 79//79 65//65
f 81//81 80//80 67//67
f 82//82 81//81 69//69
f 82//82 71//71 73//73
f 83//83 73//73 75//75
f 86//86 85//85 77//77
f 87//87 86//86 78//78
f 88//88 87//87 79//79
f 89//89 88//88 80//80
f 89//89 81//81 82//82
f 90//90 82//82 83//83
f 91//91 83//83 84//84
f 94//94 93//93 85//85
f 95//95 94//94 86//86
f 96//96 95//95 87//87
f 97//97 96//96 88//88
f 97//97 89//89 90//90
f 98//98 90//90 91//91
f 99//99 91//91 92//92
f 102//102 101//101 93//93
f 103//103 102//102 94//94
f 104//104 103//103 95//95
f 105//105 104//104 96//96
f 105//105 97//97 98//98
f 106//106 98//98 99//99
f 107//107 99//99 100//100
f 110//110 109//109 101//101
f 111//111 110//110 102//102
f 112//112 111//111 103//103
f 113//113 112//112 104//104
f 113//113 105//105 106//106
f 114//114 106//106 107//107
f 115//115 107//107 108//108
f 15//15 16//16 109//109
f 24//24 15//15 110//110
f 31//31 24//24 111//111
f 39//39 31//31 112//112
f 39//39 113//113 114//114
f 46//46 114//114 115//115
f 53//53 115//115 116//116
f 117//117 120//120 119//119
f 118//118 119//119 122//122
f 121//121 122//122 124//124
f 123//123 124//124 126//126
f 127//127 125//125 126//126
f 129//129 127//127 128//128
f 61//61 129//129 130//130
f 131//131 117//117 118//118
f 132//132 118//118 121//121
f 133//133 121//121 123//123
f 134//134 123//123 125//125
f 136//136 135//135 125//125
f 137//137 136//136 127//127
f 77//77 137//137 129//129
f 139//139 138//138 131//131
f 140//140 139//139 132//132
f 141//141 140//140 133//133
f 141//141 134//134 135//135
f 142//142 135//135 136//136
f 143//143 136//136 137//137
f 144//144 137//137 77//77
f 146//146 145//145 138//138
f 147//147 146//146 139//139
f 148//148 147//147 140//140
f 148//148 141//141 142//142
f 149//149 142//142 143//143
f 150//150 143//143 144//144
f 151//151 144//144 85//85
f 153//153 152//152 145//145
f 154//154 153//153 146//146
f 155//155 154//154 147//147
f 156//156 155//155 148//148
f 156//156 149//149 150//150
f 157//157 150//150 151//151
f 158//158 151//151 93//93
f 160//160 159//159 152//152
f 161//161 160//160 153//153
f 162//162 161//161 154//154
f 163//163 162//162 155//155
f 163//163 156//156 157//157
f 164//164 157//157 158//158
f 165//165 158//158 101//101
f 3//3 4//4 159//159
f 6//6 3//3 160//160
f 8//8 6//6 161//161
f 10//10 8//8 162//162
f 10//10 163//163 164//164
f 12//12 164//164 165//165
f 14//14 165//165 109//109
f 166//166 169//169 168//168
f 167//167 168//168 171//171
f 170//170 171//171 173//173
f 172//172 173//173 175//175
f 176//176 174//174 175//175
f 177//177 176//176 1188//1083
f 117//117 177//177 1181//1076
f 178//178 166//166 167//167
f 179//179 167//167 170//170
f 180//180 170//170 172//172
f 182//182 181//181 172//172
f 183//183 182//182 174//174
f 184//184 183//183 176//176
f 131//131 184//184 177//177
f 186//186 185//185 178//178
f 187//187 186//186 179//179
f 188//188 187//187 180//180
f 189//189 188//188 181//181
f 189//189 182//182 183//183
f 190//190 183//183 184//184
f 191//191 184//184 131//131
f 193//193 192//192 185//185
f 194//194 193//193 186//186
f 195//195 194//194 187//187
f 195//195 188//188 189//189
f 196//196 189//189 190//190
f 197//197 190//190 191//191
f 198//198 191//191 138//138
f 200//200 199//199 192//192
f 201//201 200//200 193//193
f 202//202 201//201 194//194
f 202//202 195//195 196//196
f 203//203 196//196 197//197
f 204//204 197//197 198//198
f 205//205 198//198 145//145
f 207//207 206//206 199//199
f 208//208 207//207 200//200
f 209//209 208//208 201//201
f 209//209 202//202 203//203
f 210//210 203//203 204//204
f 211//211 204//204 205//205
f 212//212 205//205 152//152
f 213//213 54//54 206//206
f 214//214 213//213 207//207
f 32//32 214//214 208//208
f 32//32 209//209 210//210
f 215//215 210//210 211//211
f 17//17 211//211 212//212
f 1//1 212//212 159//159
f 216//216 75//75 76//76
f 216//216 217//217 219//219
f 218//218 219//219 2899//2794
f 220//220 2899//2794 2891//2786
f 221//221 2891//2786 223//223
f 222//222 223//223 225//225
f 166//166 224//224 225//225
f 226//226 84//84 75//75
f 227//227 226//226 216//216
f 227//227 218//218 220//220
f 228//228 220//220 221//221
f 229//229 221//221 222//222
f 230//230 222//222 224//224
f 231//231 224//224 166//166
f 232//232 92//92 84//84
f 233//233 232//232 226//226
f 234//234 233//233 227//227
f 234//234 228//228 229//229
f 235//235 229//229 230//230
f 236//236 230//230 231//231
f 237//237 231//231 178//178
f 238//238 100//100 92//92
f 239//239 238//238 232//232
f 240//240 239//239 233//233
f 240//240 234//234 235//235
f 241//241 235//235 236//236
f 242//242 236//236 237//237
f 243//243 237//237 185//185
f 244//244 108//108 100//100
f 245//245 244//244 238//238
f 246//246 245//245 239//239
f 246//246 240//240 241//241
f 247//247 241//241 242//242
f 248//248 242//242 243//243
f 249//249 243//243 192//192
f 250//250 116//116 108//108
f 251//251 250//250 244//244
f 252//252 251//251 245//245
f 252//252 246//246 247//247
f 253//253 247//247 248//248
f 254//254 248//248 249//249
f 255//255 249//249 199//199
f 59//59 60//60 116//116
f 256//256 59//59 250//250
f 58//58 256//256 251//251
f 58//58 252//252 253//253
f 57//57 253//253 254//254
f 56//56 254//254 255//255
f 55//55 255//255 206//206
f 469//433 259//258 258//257
f 257//2 258//257 261//259
f 260//5 261//259 263//260
f 262//7 263//260 265//261
f 266//11 264//9 265//261
f 268//13 266//11 267//262
f 270//264 268//13 269//263
f 272//266 469//433 257//2
f 273//18 257//2 260//5
f 274//19 260//5 262//7
f 275//20 262//7 264//9
f 277//22 276//21 264//9
f 278//23 277//22 266//11
f 279//267 278//23 268//13
f 280//268 272//266 273//18
f 281//25 273//18 274//19
f 282//26 274//19 275//20
f 284//28 283//27 275//20
f 285//29 284//28 276//21
f 286//30 285//29 277//22
f 287//269 286//30 278//23
f 288//270 280//268 281//25
f 289//33 281//25 282//26
f 290//34 282//26 283//27
f 292//36 291//35 283//27
f 293//37 292//36 284//28
f 294//38 293//37 285//29
f 295//271 294//38 286//30
f 296//40 468//432 288//270
f 297//41 296//40 289//33
f 298//42 297//41 290//34
f 299//43 298//42 291//35
f 299//43 292//36 293//37
f 300//44 293//37 294//38
f 301//45 294//38 295//271
f 303//47 467//431 468//432
f 304//48 303//47 296//40
f 305//49 304//48 297//41
f 305//49 298//42 299//43
f 306//50 299//43 300//44
f 307//51 300//44 301//45
f 308//52 301//45 302//272
f 311//275 310//274 467//431
f 312//276 311//275 303//47
f 313//277 312//276 304//48
f 513//477 313//277 305//49
f 513//477 306//50 307//51
f 314//278 307//51 308//52
f 512//476 308//52 309//273
f 317//281 316//280 319//283
f 320//284 317//281 318//282
f 320//284 321//285 323//287
f 322//286 323//287 325//289
f 324//288 325//289 327//291
f 328//292 326//290 327//291
f 330//294 328//292 329//293
f 333//297 332//296 316//280
f 334//298 333//297 317//281
f 335//299 334//298 320//284
f 335//299 322//286 324//288
f 336//300 324//288 326//290
f 337//301 326//290 328//292
f 338//302 328//292 330//294
f 341//305 340//304 332//296
f 342//306 341//305 333//297
f 343//307 342//306 334//298
f 343//307 335//299 336//300
f 344//308 336//300 337//301
f 345//309 337//301 338//302
f 346//310 338//302 339//303
f 349//313 348//312 340//304
f 350//314 349//313 341//305
f 351//315 350//314 342//306
f 351//315 343//307 344//308
f 352//316 344//308 345//309
f 353//317 345//309 346//310
f 354//318 346//310 347//311
f 357//321 356//320 348//312
f 358//322 357//321 349//313
f 359//323 358//322 350//314
f 359//323 351//315 352//316
f 360//324 352//316 353//317
f 361//325 353//317 354//318
f 362//326 354//318 355//319
f 365//329 364//328 356//320
f 366//330 365//329 357//321
f 367//331 366//330 358//322
f 367//331 359//323 360//324
f 368//332 360//324 361//325
f 369//333 361//325 362//326
f 370//334 362//326 363//327
f 270//264 271//265 364//328
f 279//267 270//264 365//329
f 287//269 279//267 366//330
f 287//269 367//331 368//332
f 295//271 368//332 369//333
f 302//272 369//333 370//334
f 309//273 370//334 371//335
f 372//336 375//339 374//338
f 376//340 373//337 374//338
f 378//342 376//340 377//341
f 380//344 378//342 379//343
f 382//346 380//344 381//345
f 384//348 382//346 383//347
f 316//280 384//348 385//349
f 387//351 386//350 372//336
f 388//352 387//351 373//337
f 389//353 388//352 376//340
f 390//354 389//353 378//342
f 391//355 390//354 380//344
f 391//355 382//346 384//348
f 392//356 384//348 316//280
f 394//358 393//357 386//350
f 395//359 394//358 387//351
f 396//360 395//359 388//352
f 397//361 396//360 389//353
f 397//361 390//354 391//355
f 398//362 391//355 392//356
f 399//363 392//356 332//296
f 401//365 400//364 393//357
f 402//366 401//365 394//358
f 403//367 402//366 395//359
f 404//368 403//367 396//360
f 404//368 397//361 398//362
f 405//369 398//362 399//363
f 406//370 399//363 340//304
f 408//372 407//371 400//364
f 409//373 408//372 401//365
f 410//374 409//373 402//366
f 411//375 410//374 403//367
f 411//375 404//368 405//369
f 412//376 405//369 406//370
f 413//377 406//370 348//312
f 415//379 414//378 407//371
f 416//380 415//379 408//372
f 417//381 416//380 409//373
f 418//382 417//381 410//374
f 418//382 411//375 412//376
f 419//383 412//376 413//377
f 420//384 413//377 356//320
f 258//257 259//258 414//378
f 261//259 258//257 415//379
f 263//260 261//259 416//380
f 265//261 263//260 417//381
f 265//261 418//382 419//383
f 267//262 419//383 420//384
f 269//263 420//384 364//328
f 421//385 423//387 1263//1158
f 422//386 1263//1158 425//389
f 424//388 425//389 427//391
f 426//390 427//391 1244//1139
f 429//393 428//392 1244//1139
f 431//395 429//393 430//394
f 372//336 431//395 1231//1126
f 432//396 421//385 422//386
f 433//397 422//386 424//388
f 434//398 424//388 426//390
f 436//400 435//399 426//390
f 437//401 436//400 428//392
f 438//402 437//401 429//393
f 386//350 438//402 431//395
f 440//404 439//403 432//396
f 441//405 440//404 433//397
f 442//406 441//405 434//398
f 443//407 442//406 435//399
f 443//407 436//400 437//401
f 444//408 437//401 438//402
f 445//409 438//402 386//350
f 447//411 446//410 439//403
f 448//412 447//411 440//404
f 449//413 448//412 441//405
f 450//414 449//413 442//406
f 450//414 443//407 444//408
f 451//415 444//408 445//409
f 452//416 445//409 393//357
f 454//418 453//417 446//410
f 455//419 454//418 447//411
f 456//420 455//419 448//412
f 457//421 456//420 449//413
f 457//421 450//414 451//415
f 458//422 451//415 452//416
f 459//423 452//416 400//364
f 461//425 460//424 453//417
f 462//426 461//425 454//418
f 463//427 462//426 455//419
f 464//428 463//427 456//420
f 464//428 457//421 458//422
f 465//429 458//422 459//423
f 466//430 459//423 407//371
f 467//431 310//274 460//424
f 468//432 467//431 461//425
f 288//270 468//432 462//426
f 280//268 288//270 463//427
f 280//268 464//428 465//429
f 272//266 465//429 466//430
f 469//433 466//430 414//378
f 330//294 331//295 471//435
f 470//434 471//435 473//437
f 472//436 473//437 475//439
f 476//440 474//438 475//439
f 478//442 476//440 477//441
f 480//444 478//442 479//443
f 421//385 480//444 481//445
f 339//303 330//294 470//434
f 482//446 470//434 472//436
f 483//447 472//436 474//438
f 485//449 484//448 474//438
f 486//450 485//449 476//440
f 487//451 486//450 478//442
f 432//396 487//451 480//444
f 488//452 347//311 339//303
f 489//453 488//452 482//446
f 490//454 489//453 483//447
f 491//455 490//454 484//448
f 492//456 491//455 485//449
f 492//456 486//450 487//451
f 493//457 487//451 432//396
f 494//458 355//319 347//311
f 495//459 494//458 488//452
f 496//460 495//459 489//453
f 497//461 496//460 490//454
f 497//461 491//455 492//456
f 498//462 492//456 493//457
f 499//463 493//457 439//403
f 500//464 363//327 355//319
f 501//465 500//464 494//458
f 502//466 501//465 495//459
f 503//467 502//466 496//460
f 503//467 497//461 498//462
f 504//468 498//462 499//463
f 505//469 499//463 446//410
f 506//470 371//335 363//327
f 507//471 506//470 500//464
f 508//472 507//471 501//465
f 508//472 502//466 503//467
f 509//473 503//467 504//468
f 510//474 504//468 505//469
f 511//475 505//469 453//417
f 512//476 315//279 371//335
f 314//278 512//476 506//470
f 513//477 314//278 507//471
f 513//477 508//472 509//473
f 313//277 509//473 510//474
f 312//276 510//474 511//475
f 311//275 511//475 460//424
f 729//660 516//479 515//478
f 514//2 515//478 518//480
f 517//5 518//480 520//481
f 519//7 520//481 522//482
f 523//11 521//9 522//482
f 525//484 523//11 524//483
f 527//486 525//484 526//485
f 529//488 729//660 514//2
f 530//489 514//2 517//5
f 531//19 517//5 519//7
f 532//20 519//7 521//9
f 534//22 533//21 521//9
f 535//23 534//22 523//11
f 536//490 535//23 525//484
f 537//491 529//488 530//489
f 538//25 530//489 531//19
f 539//26 531//19 532//20
f 540//27 532//20 533//21
f 542//29 541//28 533//21
f 543//30 542//29 534//22
f 544//492 543//30 535//23
f 545//493 537//491 538//25
f 546//33 538//25 539//26
f 547//34 539//26 540//27
f 549//36 548//35 540//27
f 550//37 549//36 541//28
f 551//38 550//37 542//29
f 552//494 551//38 543//30
f 553//495 728//659 545//493
f 554//41 553//495 546//33
f 555//42 554//41 547//34
f 556//43 555//42 548//35
f 556//43 549//36 550//37
f 557//44 550//37 551//38
f 558//45 551//38 552//494
f 560//47 727//658 728//659
f 561//48 560//47 553//495
f 562//49 561//48 554//41
f 563//50 562//49 555//42
f 563//50 556//43 557//44
f 564//51 557//44 558//45
f 565//52 558//45 559//496
f 568//499 567//498 727//658
f 569//500 568//499 560//47
f 570//501 569//500 561//48
f 772//703 570//501 562//49
f 772//703 563//50 564//51
f 571//502 564//51 565//52
f 771//702 565//52 566//497
f 573//504 576//507 575//506
f 574//505 575//506 578//509
f 577//508 578//509 580//511
f 581//512 579//510 580//511
f 583//514 581//512 582//513
f 585//516 583//514 584//515
f 587//518 585//516 586//517
f 589//520 573//504 574//505
f 590//521 574//505 577//508
f 591//522 577//508 579//510
f 592//523 579//510 581//512
f 594//525 593//524 581//512
f 595//526 594//525 583//514
f 596//527 595//526 585//516
f 598//529 597//528 589//520
f 599//530 598//529 590//521
f 600//531 599//530 591//522
f 600//531 592//523 593//524
f 601//532 593//524 594//525
f 602//533 594//525 595//526
f 603//534 595//526 596//527
f 606//537 605//536 597//528
f 607//538 606//537 598//529
f 608//539 607//538 599//530
f 608//539 600//531 601//532
f 609//540 601//532 602//533
f 610//541 602//533 603//534
f 611//542 603//534 604//535
f 614//545 613//544 605//536
f 615//546 614//545 606//537
f 616//547 615//546 607//538
f 616//547 608//539 609//540
f 617//548 609//540 610//541
f 618//549 610//541 611//542
f 619//550 611//542 612//543
f 622//553 621//552 613//544
f 623//554 622//553 614//545
f 624//555 623//554 615//546
f 624//555 616//547 617//548
f 625//556 617//548 618//549
f 626//557 618//549 619//550
f 627//558 619//550 620//551
f 527//486 528//487 621//552
f 536//490 527//486 622//553
f 544//492 536//490 623//554
f 544//492 624//555 625//556
f 552//494 625//556 626//557
f 559//496 626//557 627//558
f 566//497 627//558 628//559
f 629//560 632//563 631//562
f 630//561 631//562 634//565
f 633//564 634//565 636//567
f 635//566 636//567 638//569
f 637//568 638//569 640//571
f 639//570 640//571 642//573
f 573//504 641//572 642//573
f 644//575 643//574 629//560
f 645//576 644//575 630//561
f 645//576 633//564 635//566
f 646//577 635//566 637//568
f 647//578 637//568 639//570
f 648//579 639//570 641//572
f 649//580 641//572 573//504
f 651//582 650//581 643//574
f 652//583 651//582 644//575
f 653//584 652//583 645//576
f 653//584 646//577 647//578
f 654//585 647//578 648//579
f 655//586 648//579 649//580
f 656//587 649//580 589//520
f 658//589 657//588 650//581
f 659//590 658//589 651//582
f 660//591 659//590 652//583
f 660//591 653//584 654//585
f 661//592 654//585 655//586
f 662//593 655//586 656//587
f 663//594 656//587 597//528
f 665//596 664//595 657//588
f 666//597 665//596 658//589
f 667//598 666//597 659//590
f 667//598 660//591 661//592
f 668//599 661//592 662//593
f 669//600 662//593 663//594
f 670//601 663//594 605//536
f 672//603 671//602 664//595
f 673//604 672//603 665//596
f 674//605 673//604 666//597
f 674//605 667//598 668//599
f 675//606 668//599 669//600
f 676//607 669//600 670//601
f 677//608 670//601 613//544
f 515//478 516//479 671//602
f 518//480 515//478 672//603
f 520//481 518//480 673//604
f 520//481 674//605 675//606
f 522//482 675//606 676//607
f 524//483 676//607 677//608
f 526//485 677//608 621//552
f 678//609 681//612 680//611
f 679//610 680//611 683//614
f 684//615 682//613 683//614
f 686//617 684//615 685//616
f 688//619 686//617 687//618
f 688//619 689//620 691//622
f 690//621 691//622 632//563
f 693//624 692//623 678//609
f 694//625 693//624 679//610
f 695//626 694//625 682//613
f 696//627 695//626 684//615
f 696//627 686//617 688//619
f 697//628 688//619 690//621
f 698//629 690//621 629//560
f 700//631 699//630 692//623
f 701//632 700//631 693//624
f 702//633 701//632 694//625
f 703//634 702//633 695//626
f 703//634 696//627 697//628
f 704//635 697//628 698//629
f 705//636 698//629 643//574
f 707//638 706//637 699//630
f 708//639 707//638 700//631
f 709//640 708//639 701//632
f 710//641 709//640 702//633
f 710//641 703//634 704//635
f 711//642 704//635 705//636
f 712//643 705//636 650//581
f 714//645 713//644 706//637
f 715//646 714//645 707//638
f 716//647 715//646 708//639
f 717//648 716//647 709//640
f 717//648 710//641 711//642
f 718//649 711//642 712//643
f 719//650 712//643 657//588
f 721//652 720//651 713//644
f 722//653 721//652 714//645
f 723//654 722//653 715//646
f 724//655 723//654 716//647
f 724//655 717//648 718//649
f 725//656 718//649 719//650
f 726//657 719//650 664//595
f 727//658 567//498 720//651
f 728//659 727//658 721//652
f 545//493 728//659 722//653
f 537//491 545//493 723//654
f 537//491 724//655 725//656
f 529//488 725//656 726//657
f 729//660 726//657 671//602
f 587//518 588//519 731//662
f 730//661 731//662 733//664
f 732//663 733//664 735//666
f 734//665 735//666 737//668
f 738//669 736//667 737//668
f 739//670 738//669 1136//1031
f 678//609 739//670 740//671
f 596//527 587//518 730//661
f 741//672 730//661 732//663
f 742//673 732//663 734//665
f 743//674 734//665 736//667
f 745//676 744//675 736//667
f 746//677 745//676 738//669
f 692//623 746//677 739//670
f 747//678 604//535 596//527
f 748//679 747//678 741//672
f 748//679 742//673 743//674
f 749//680 743//674 744//675
f 750//681 744//675 745//676
f 751//682 745//676 746//677
f 752//683 746//677 692//623
f 753//684 612//543 604//535
f 754//685 753//684 747//678
f 755//686 754//685 748//679
f 755//686 749//680 750//681
f 756//687 750//681 751//682
f 757//688 751//682 752//683
f 758//689 752//683 699//630
f 759//690 620//551 612//543
f 760//691 759//690 753//684
f 761//692 760//691 754//685
f 761//692 755//686 756//687
f 762//693 756//687 757//688
f 763//694 757//688 758//689
f 764//695 758//689 706//637
f 765//696 628//559 620//551
f 766//697 765//696 759//690
f 767//698 766//697 760//691
f 768//699 767//698 761//692
f 768//699 762//693 763//694
f 769//700 763//694 764//695
f 770//701 764//695 713//644
f 771//702 572//503 628//559
f 571//502 771//702 765//696
f 772//703 571//502 766//697
f 570//501 772//703 767//698
f 570//501 768//699 769//700
f 569//500 769//700 770//701
f 568//499 770//701 720//651
f 773//704 776//706 775//705
f 774//2 775//705 778//707
f 777//5 778//707 780//708
f 779//7 780//708 782//709
f 783//11 781//9 782//709
f 785//484 783//11 784//710
f 787//712 785//484 786//711
f 789//714 773//704 774//2
f 790//489 774//2 777//5
f 791//19 777//5 779//7
f 792//20 779//7 781//9
f 794//22 793//21 781//9
f 795//23 794//22 783//11
f 796//715 795//23 785//484
f 988//883 789//714 790//489
f 797//25 790//489 791//19
f 798//26 791//19 792//20
f 799//27 792//20 793//21
f 801//29 800//28 793//21
f 802//30 801//29 794//22
f 803//716 802//30 795//23
f 804//717 988//883 797//25
f 805//33 797//25 798//26
f 806//34 798//26 799//27
f 808//36 807//35 799//27
f 809//37 808//36 800//28
f 810//38 809//37 801//29
f 811//718 810//38 802//30
f 812//495 987//882 804//717
f 813//41 812//495 805//33
f 814//42 813//41 806//34
f 815//43 814//42 807//35
f 815//43 808//36 809//37
f 816//44 809//37 810//38
f 817//45 810//38 811//718
f 819//47 986//881 987//882
f 820//48 819//47 812//495
f 821//49 820//48 813//41
f 822//50 821//49 814//42
f 822//50 815//43 816//44
f 823//51 816//44 817//45
f 824//52 817//45 818//719
f 1030//925 826//721 986//881
f 827//722 1030//925 819//47
f 828//723 827//722 820//48
f 829//724 828//723 821//49
f 829//724 822//50 823//51
f 1029//924 823//51 824//52
f 830//725 824//52 825//720
f 832//727 835//730 834//729
f 833//728 834//729 837//732
f 836//731 837//732 839//734
f 838//733 839//734 841//736
f 842//737 840//735 841//736
f 844//739 842//737 843//738
f 846//741 844//739 845//740
f 848//743 832//727 833//728
f 849//744 833//728 836//731
f 850//745 836//731 838//733
f 851//746 838//733 840//735
f 853//748 852//747 840//735
f 854//749 853//748 842//737
f 855//750 854//749 844//739
f 857//752 856//751 848//743
f 858//753 857//752 849//744
f 859//754 858//753 850//745
f 859//754 851//746 852//747
f 860//755 852//747 853//748
f 861//756 853//748 854//749
f 862//757 854//749 855//750
f 865//760 864//759 856//751
f 866//761 865//760 857//752
f 867//762 866//761 858//753
f 868//763 867//762 859//754
f 868//763 860//755 861//756
f 869//764 861//756 862//757
f 870//765 862//757 863//758
f 873//768 872//767 864//759
f 874//769 873//768 865//760
f 875//770 874//769 866//761
f 876//771 875//770 867//762
f 876//771 868//763 869//764
f 877//772 869//764 870//765
f 878//773 870//765 871//766
f 881//776 880//775 872//767
f 882//777 881//776 873//768
f 883//778 882//777 874//769
f 884//779 883//778 875//770
f 884//779 876//771 877//772
f 885//780 877//772 878//773
f 886//781 878//773 879//774
f 787//712 788//713 880//775
f 796//715 787//712 881//776
f 803//716 796//715 882//777
f 811//718 803//716 883//778
f 811//718 884//779 885//780
f 818//719 885//780 886//781
f 825//720 886//781 887//782
f 888//783 891//786 890//785
f 889//784 890//785 893//788
f 892//787 893//788 895//790
f 896//791 894//789 895//790
f 898//793 896//791 897//792
f 900//795 898//793 899//794
f 832//727 900//795 901//796
f 902//797 888//783 889//784
f 903//798 889//784 892//787
f 904//799 892//787 894//789
f 906//801 905//800 894//789
f 907//802 906//801 896//791
f 908//803 907//802 898//793
f 848//743 908//803 900//795
f 910//805 909//804 902//797
f 911//806 910//805 903//798
f 912//807 911//806 904//799
f 913//808 912//807 905//800
f 914//809 913//808 906//801
f 914//809 907//802 908//803
f 915//810 908//803 848//743
f 917//812 916//811 909//804
f 918//813 917//812 910//805
f 919//814 918//813 911//806
f 920//815 919//814 912//807
f 920//815 913//808 914//809
f 921//816 914//809 915//810
f 922//817 915//810 856//751
f 924//819 923//818 916//811
f 925//820 924//819 917//812
f 926//821 925//820 918//813
f 927//822 926//821 919//814
f 927//822 920//815 921//816
f 928//823 921//816 922//817
f 929//824 922//817 864//759
f 931//826 930//825 923//818
f 932//827 931//826 924//819
f 933//828 932//827 925//820
f 933//828 926//821 927//822
f 934//829 927//822 928//823
f 935//830 928//823 929//824
f 936//831 929//824 872//767
f 775//705 776//706 930//825
f 778//707 775//705 931//826
f 780//708 778//707 932//827
f 780//708 933//828 934//829
f 782//709 934//829 935//830
f 784//710 935//830 936//831
f 786//711 936//831 880//775
f 937//832 940//835 939//834
f 938//833 939//834 942//837
f 941//836 942//837 944//839
f 943//838 944//839 946//841
f 945//840 946//841 948//843
f 947//842 948//843 950//845
f 888//783 949//844 950//845
f 952//847 951//846 937//832
f 953//848 952//847 938//833
f 953//848 941//836 943//838
f 954//849 943//838 945//840
f 955//850 945//840 947//842
f 956//851 947//842 949//844
f 957//852 949//844 888//783
f 959//854 958//853 951//846
f 960//855 959//854 952//847
f 961//856 960//855 953//848
f 961//856 954//849 955//850
f 962//857 955//850 956//851
f 963//858 956//851 957//852
f 964//859 957//852 902//797
f 966//861 965//860 958//853
f 967//862 966//861 959//854
f 968//863 967//862 960//855
f 968//863 961//856 962//857
f 969//864 962//857 963//858
f 970//865 963//858 964//859
f 971//866 964//859 909//804
f 973//868 972//867 965//860
f 974//869 973//868 966//861
f 975//870 974//869 967//862
f 975//870 968//863 969//864
f 976//871 969//864 970//865
f 977//872 970//865 971//866
f 978//873 971//866 916//811
f 980//875 979//874 972//867
f 981//876 980//875 973//868
f 982//877 981//876 974//869
f 982//877 975//870 976//871
f 983//878 976//871 977//872
f 984//879 977//872 978//873
f 985//880 978//873 923//818
f 986//881 826//721 979//874
f 987//882 986//881 980//875
f 804//717 987//882 981//876
f 804//717 982//877 983//878
f 988//883 983//878 984//879
f 789//714 984//879 985//880
f 773//704 985//880 930//825
f 846//741 847//742 990//885
f 991//886 989//884 990//885
f 993//888 991//886 992//887
f 994//889 993//888 3560//3455
f 995//890 994//889 3552//3447
f 997//892 995//890 996//891
f 997//892 998//893 940//835
f 999//894 855//750 846//741
f 1000//895 999//894 989//884
f 1001//896 1000//895 991//886
f 1002//897 1001//896 993//888
f 1003//898 1002//897 994//889
f 1003//898 995//890 997//892
f 1004//899 997//892 937//832
f 1005//900 863//758 855//750
f 1006//901 1005//900 999//894
f 1007//902 1006//901 1000//895
f 1008//903 1007//902 1001//896
f 1008//903 1002//897 1003//898
f 1009//904 1003//898 1004//899
f 1010//905 1004//899 951//846
f 1011//906 871//766 863//758
f 1012//907 1011//906 1005//900
f 1013//908 1012//907 1006//901
f 1014//909 1013//908 1007//902
f 1014//909 1008//903 1009//904
f 1015//910 1009//904 1010//905
f 1016//911 1010//905 958//853
f 1017//912 879//774 871//766
f 1018//913 1017//912 1011//906
f 1019//914 1018//913 1012//907
f 1020//915 1019//914 1013//908
f 1020//915 1014//909 1015//910
f 1021//916 1015//910 1016//911
f 1022//917 1016//911 965//860
f 1023//918 887//782 879//774
f 1024//919 1023//918 1017//912
f 1025//920 1024//919 1018//913
f 1026//921 1025//920 1019//914
f 1026//921 1020//915 1021//916
f 1027//922 1021//916 1022//917
f 1028//923 1022//917 972//867
f 830//725 831//726 887//782
f 1029//924 830//725 1023//918
f 829//724 1029//924 1024//919
f 828//723 829//724 1025//920
f 828//723 1026//921 1027//922
f 827//722 1027//922 1028//923
f 1030//925 1028//923 979//874
f 1031//926 423//387 481//445
f 1032//927 481//445 479//443
f 1033//928 479//443 477//441
f 1035//930 1034//929 477//441
f 1036//931 1035//930 475//439
f 1037//932 1036//931 473//437
f 1038//933 1037//932 471//435
f 1039//934 1031//926 1032//927
f 1040//935 1032//927 1033//928
f 1041//936 1033//928 1034//929
f 1043//938 1042//937 1034//929
f 1044//939 1043//938 1035//930
f 1045//940 1044//939 1036//931
f 1046//941 1045//940 1037//932
f 1047//942 1039//934 1040//935
f 1048//943 1040//935 1041//936
f 1049//944 1041//936 1042//937
f 1051//946 1050//945 1042//937
f 1052//947 1051//946 1043//938
f 1053//948 1052//947 1044//939
f 1054//949 1053//948 1045//940
f 1056//951 1055//950 1047//942
f 1057//952 1056//951 1048//943
f 1058//953 1057//952 1049//944
f 1059//954 1058//953 1050//945
f 1060//955 1059//954 1051//946
f 1060//955 1052//947 1053//948
f 1061//956 1053//948 1054//949
f 1064//959 1063//958 1055//950
f 1065//960 1064//959 1056//951
f 1066//961 1065//960 1057//952
f 1067//962 1066//961 1058//953
f 1067//962 1059//954 1060//955
f 1068//963 1060//955 1061//956
f 1069//964 1061//956 1062//957
f 1072//967 1071//966 1063//958
f 1073//968 1072//967 1064//959
f 1074//969 1073//968 1065//960
f 1075//970 1074//969 1066//961
f 1075//970 1067//962 1068//963
f 1076//971 1068//963 1069//964
f 1077//972 1069//964 1070//965
f 119//119 120//120 1071//966
f 122//122 119//119 1072//967
f 124//124 122//122 1073//968
f 126//126 124//124 1074//969
f 126//126 1075//970 1076//971
f 128//128 1076//971 1077//972
f 130//130 1077//972 1078//973
f 1080//975 1079//974 588//519
f 1082//977 1080//975 1081//976
f 1084//979 1082//977 1083//978
f 1084//979 1085//980 1087//982
f 1086//981 1087//982 1089//984
f 1088//983 1089//984 1091//986
f 1090//985 1091//986 423//387
f 1093//988 1092//987 1079//974
f 1094//989 1093//988 1080//975
f 1095//990 1094//989 1082//977
f 1095//990 1084//979 1086//981
f 1096//991 1086//981 1088//983
f 1097//992 1088//983 1090//985
f 1098//993 1090//985 1031//926
f 1100//995 1099//994 1092//987
f 1101//996 1100//995 1093//988
f 1102//997 1101//996 1094//989
f 1102//997 1095//990 1096//991
f 1103//998 1096//991 1097//992
f 1104//999 1097//992 1098//993
f 1105//1000 1098//993 1039//934
f 1106//1001 1099//994 1100//995
f 1107//1002 1100//995 1101//996
f 1108//1003 1101//996 1102//997
f 1109//1004 1102//997 1103//998
f 1111//1006 1110//1005 1103//998
f 1112//1007 1111//1006 1104//999
f 1055//950 1112//1007 1105//1000
f 1113//1008 1106//1001 1107//1002
f 1114//1009 1107//1002 1108//1003
f 1115//1010 1108//1003 1109//1004
f 1116//1011 1109//1004 1110//1005
f 1118//1013 1117//1012 1110//1005
f 1119//1014 1118//1013 1111//1006
f 1063//958 1119//1014 1112//1007
f 1120//1015 1113//1008 1114//1009
f 1121//1016 1114//1009 1115//1010
f 1122//1017 1115//1010 1116//1011
f 1124//1019 1123//1018 1116//1011
f 1125//1020 1124//1019 1117//1012
f 1126//1021 1125//1020 1118//1013
f 1071//966 1126//1021 1119//1014
f 835//730 1120//1015 1121//1016
f 1127//1022 1121//1016 1122//1017
f 1128//1023 1122//1017 1123//1018
f 1130//1025 1129//1024 1123//1018
f 1131//1026 1130//1025 1124//1019
f 1132//1027 1131//1026 1125//1020
f 120//120 1132//1027 1126//1021
f 1133//1028 681//612 740//671
f 1134//1029 740//671 1136//1031
f 1135//1030 1136//1031 737//668
f 1137//1032 737//668 735//666
f 1139//1034 1138//1033 735//666
f 1140//1035 1139//1034 733//664
f 1079//974 1140//1035 731//662
f 1141//1036 1133//1028 1134//1029
f 1142//1037 1134//1029 1135//1030
f 1143//1038 1135//1030 1137//1032
f 1144//1039 1137//1032 1138//1033
f 1146//1041 1145//1040 1138//1033
f 1147//1042 1146//1041 1139//1034
f 1092//987 1147//1042 1140//1035
f 1148//1043 1141//1036 1142//1037
f 1149//1044 1142//1037 1143//1038
f 1150//1045 1143//1038 1144//1039
f 1151//1046 1144//1039 1145//1040
f 1153//1048 1152//1047 1145//1040
f 1154//1049 1153//1048 1146//1041
f 1099//994 1154//1049 1147//1042
f 1155//1050 1148//1043 1149//1044
f 1156//1051 1149//1044 1150//1045
f 1157//1052 1150//1045 1151//1046
f 1158//1053 1151//1046 1152//1047
f 1159//1054 1152//1047 1153//1048
f 1160//1055 1153//1048 1154//1049
f 1106//1001 1161//1056 1154//1049
f 1162//1057 1660//1555 1155//1050
f 1163//1058 1162//1057 1156//1051
f 1164//1059 1163//1058 1157//1052
f 1165//1060 1164//1059 1158//1053
f 1165//1060 1159//1054 1160//1055
f 1166//1061 1160//1055 1161//1056
f 1167//1062 1161//1056 1106//1001
f 1169//1064 1168//1063 1660//1555
f 1170//1065 1169//1064 1162//1057
f 1171//1066 1170//1065 1163//1058
f 1172//1067 1171//1066 1164//1059
f 1172//1067 1165//1060 1166//1061
f 1173//1068 1166//1061 1167//1062
f 1174//1069 1167//1062 1113//1008
f 890//785 891//786 1168//1063
f 893//788 890//785 1169//1064
f 895//790 893//788 1170//1065
f 897//792 895//790 1171//1066
f 897//792 1172//1067 1173//1068
f 899//794 1173//1068 1174//1069
f 901//796 1174//1069 1120//1015
f 834//729 835//730 1127//1022
f 1175//1070 1127//1022 1128//1023
f 1176//1071 1128//1023 1129//1024
f 1177//1072 1129//1024 1130//1025
f 1179//1074 1178//1073 1130//1025
f 1180//1075 1179//1074 1131//1026
f 1181//1076 1180//1075 1132//1027
f 837//732 834//729 1175//1070
f 1182//1077 1175//1070 1176//1071
f 1183//1078 1176//1071 1177//1072
f 1185//1080 1184//1079 1177//1072
f 1186//1081 1185//1080 1178//1073
f 1187//1082 1186//1081 1179//1074
f 1188//1083 1187//1082 1180//1075
f 839//734 837//732 1182//1077
f 1190//1085 1189//1084 1182//1077
f 1191//1086 1190//1085 1183//1078
f 1191//1086 1184//1079 1185//1080
f 1192//1087 1185//1080 1186//1081
f 1193//1088 1186//1081 1187//1082
f 175//175 1194//1089 1187//1082
f 1195//1090 841//736 839//734
f 1196//1091 1195//1090 1189//1084
f 1197//1092 1196//1091 1190//1085
f 1197//1092 1191//1086 1192//1087
f 1198//1093 1192//1087 1193//1088
f 1199//1094 1193//1088 1194//1089
f 1200//1095 1194//1089 175//175
f 1201//1096 843//738 841//736
f 1202//1097 1201//1096 1195//1090
f 1203//1098 1202//1097 1196//1091
f 1204//1099 1203//1098 1197//1092
f 1204//1099 1198//1093 1199//1094
f 1205//1100 1199//1094 1200//1095
f 1206//1101 1200//1095 173//173
f 1207//1102 845//740 843//738
f 1208//1103 1207//1102 1201//1096
f 1209//1104 1208//1103 1202//1097
f 1209//1104 1203//1098 1204//1099
f 1210//1105 1204//1099 1205//1100
f 1211//1106 1205//1100 1206//1101
f 1212//1107 1206//1101 171//171
f 1213//1108 847//742 845//740
f 1214//1109 1213//1108 1207//1102
f 1215//1110 1214//1109 1208//1103
f 1216//1111 1215//1110 1209//1104
f 1216//1111 1210//1105 1211//1106
f 1217//1112 1211//1106 1212//1107
f 1218//1113 1212//1107 168//168
f 575//506 576//507 1220//1115
f 1219//1114 1220//1115 1222//1117
f 1221//1116 1222//1117 1224//1119
f 1223//1118 1224//1119 1226//1121
f 1227//1122 1225//1120 1226//1121
f 1229//1124 1227//1122 1228//1123
f 1231//1126 1229//1124 1230//1125
f 578//509 575//506 1219//1114
f 1232//1127 1219//1114 1221//1116
f 1233//1128 1221//1116 1223//1118
f 1234//1129 1223//1118 1225//1120
f 1236//1131 1235//1130 1225//1120
f 1237//1132 1236//1131 1227//1122
f 430//394 1237//1132 1229//1124
f 580//511 578//509 1232//1127
f 1238//1133 1232//1127 1233//1128
f 1239//1134 1233//1128 1234//1129
f 1241//1136 1240//1135 1234//1129
f 1242//1137 1241//1136 1235//1130
f 1243//1138 1242//1137 1236//1131
f 1244//1139 1243//1138 1237//1132
f 582//513 580//511 1238//1133
f 1245//1140 1238//1133 1239//1134
f 1246//1141 1239//1134 1240//1135
f 1247//1142 1240//1135 1241//1136
f 1249//1144 1248//1143 1241//1136
f 1250//1145 1249//1144 1242//1137
f 427//391 1250//1145 1243//1138
f 1251//1146 584//515 582//513
f 1251//1146 1245//1140 1246//1141
f 1252//1147 1246//1141 1247//1142
f 1253//1148 1247//1142 1248//1143
f 1255//1150 1254//1149 1248//1143
f 1256//1151 1255//1150 1249//1144
f 1256//1151 1250//1145 427//391
f 1257//1152 586//517 584//515
f 1258//1153 1257//1152 1251//1146
f 1259//1154 1258//1153 1252//1147
f 1260//1155 1259//1154 1253//1148
f 1260//1155 1254//1149 1255//1150
f 1261//1156 1255//1150 1256//1151
f 1262//1157 1256//1151 425//389
f 1081//976 588//519 586//517
f 1083//978 1081//976 1257//1152
f 1085//980 1083//978 1258//1153
f 1085//980 1259//1154 1260//1155
f 1087//982 1260//1155 1261//1156
f 1089//984 1261//1156 1262//1157
f 1091//986 1262//1157 1263//1158
f 1265//1160 1264//1159 1267//1162
f 1268//1163 1265//1160 1266//1161
f 1270//1165 1268//1163 1269//1164
f 1272//1167 1270//1165 1271//1166
f 1274//1169 1272//1167 1273//1168
f 1276//1171 1274//1169 1275//1170
f 1278//1173 1276//1171 1277//1172
f 1281//1176 1280//1175 1264//1159
f 1282//1177 1281//1176 1265//1160
f 1283//1178 1282//1177 1268//1163
f 1284//1179 1283//1178 1270//1165
f 1285//1180 1284//1179 1272//1167
f 1286//1181 1285//1180 1274//1169
f 1287//1182 1286//1181 1276//1171
f 1289//1184 1288//1183 1280//1175
f 1290//1185 1289//1184 1281//1176
f 1291//1186 1290//1185 1282//1177
f 1292//1187 1291//1186 1283//1178
f 1293//1188 1292//1187 1284//1179
f 1294//1189 1293//1188 1285//1180
f 1295//1190 1294//1189 1286//1181
f 1297//1192 1296//1191 1288//1183
f 1298//1193 1297//1192 1289//1184
f 1299//1194 1298//1193 1290//1185
f 1300//1195 1299//1194 1291//1186
f 1301//1196 1300//1195 1292//1187
f 1302//1197 1301//1196 1293//1188
f 1303//1198 1302//1197 1294//1189
f 1305//1200 1304//1199 1296//1191
f 1306//1201 1305//1200 1297//1192
f 1307//1202 1306//1201 1298//1193
f 1308//1203 1307//1202 1299//1194
f 1309//1204 1308//1203 1300//1195
f 1310//1205 1309//1204 1301//1196
f 1311//1206 1310//1205 1302//1197
f 1312//1207 1304//1199 1305//1200
f 1314//1209 1313//1208 1305//1200
f 1315//1210 1314//1209 1306//1201
f 1316//1211 1315//1210 1307//1202
f 1317//1212 1316//1211 1308//1203
f 1318//1213 1317//1212 1309//1204
f 1319//1214 1318//1213 1310//1205
f 64//64 1312//1207 1313//1208
f 66//66 63//63 1313//1208
f 68//68 66//66 1314//1209
f 70//70 68//68 1315//1210
f 72//72 70//70 1316//1211
f 74//74 72//72 1317//1212
f 76//76 74//74 1318//1213
f 1320//1215 1323//1218 1322//1217
f 1321//1216 1322//1217 1325//1220
f 1324//1219 1325//1220 1327//1222
f 1326//1221 1327//1222 1329//1224
f 1328//1223 1329//1224 1331//1226
f 1330//1225 1331//1226 1333//1228
f 1332//1227 1333//1228 1267//1162
f 1334//1229 1320//1215 1321//1216
f 1335//1230 1321//1216 1324//1219
f 1336//1231 1324//1219 1326//1221
f 1337//1232 1326//1221 1328//1223
f 1338//1233 1328//1223 1330//1225
f 1339//1234 1330//1225 1332//1227
f 1340//1235 1332//1227 1264//1159
f 1341//1236 1334//1229 1335//1230
f 1342//1237 1335//1230 1336//1231
f 1343//1238 1336//1231 1337//1232
f 1344//1239 1337//1232 1338//1233
f 1345//1240 1338//1233 1339//1234
f 1346//1241 1339//1234 1340//1235
f 1347//1242 1340//1235 1280//1175
f 1348//1243 1341//1236 1342//1237
f 1349//1244 1342//1237 1343//1238
f 1350//1245 1343//1238 1344//1239
f 1351//1246 1344//1239 1345//1240
f 1352//1247 1345//1240 1346//1241
f 1353//1248 1346//1241 1347//1242
f 1354//1249 1347//1242 1288//1183
f 1355//1250 1348//1243 1349//1244
f 1356//1251 1349//1244 1350//1245
f 1357//1252 1350//1245 1351//1246
f 1358//1253 1351//1246 1352//1247
f 1359//1254 1352//1247 1353//1248
f 1361//1256 1360//1255 1353//1248
f 1304//1199 1361//1256 1354//1249
f 1362//1257 1355//1250 1356//1251
f 1363//1258 1356//1251 1357//1252
f 1364//1259 1357//1252 1358//1253
f 1365//1260 1358//1253 1359//1254
f 1367//1262 1366//1261 1359//1254
f 1368//1263 1367//1262 1360//1255
f 1312//1207 1368//1263 1361//1256
f 331//295 1362//1257 1363//1258
f 1038//933 1363//1258 1364//1259
f 1046//941 1364//1259 1365//1260
f 1054//949 1365//1260 1366//1261
f 1070//965 1062//957 1366//1261
f 1078//973 1070//965 1367//1262
f 64//64 1078//973 1368//1263
f 1370//1265 1369//1264 1372//1267
f 1373//1268 1370//1265 1371//1266
f 1375//1270 1373//1268 1374//1269
f 1377//1272 1375//1270 1376//1271
f 1379//1274 1377//1272 1378//1273
f 1381//1276 1379//1274 1380//1275
f 1320//1215 1381//1276 1382//1277
f 1384//1279 1383//1278 1369//1264
f 1385//1280 1384//1279 1370//1265
f 1386//1281 1385//1280 1373//1268
f 1387//1282 1386//1281 1375//1270
f 1387//1282 1377//1272 1379//1274
f 1388//1283 1379//1274 1381//1276
f 1389//1284 1381//1276 1320//1215
f 1391//1286 1390//1285 1383//1278
f 1392//1287 1391//1286 1384//1279
f 1393//1288 1392//1287 1385//1280
f 1393//1288 1386//1281 1387//1282
f 1394//1289 1387//1282 1388//1283
f 1395//1290 1388//1283 1389//1284
f 1396//1291 1389//1284 1334//1229
f 1398//1293 1397//1292 1390//1285
f 1399//1294 1398//1293 1391//1286
f 1400//1295 1399//1294 1392//1287
f 1400//1295 1393//1288 1394//1289
f 1401//1296 1394//1289 1395//1290
f 1402//1297 1395//1290 1396//1291
f 1403//1298 1396//1291 1341//1236
f 1405//1300 1404//1299 1397//1292
f 1406//1301 1405//1300 1398//1293
f 1406//1301 1399//1294 1400//1295
f 1407//1302 1400//1295 1401//1296
f 1408//1303 1401//1296 1402//1297
f 1409//1304 1402//1297 1403//1298
f 1410//1305 1403//1298 1348//1243
f 1412//1307 1411//1306 1404//1299
f 1413//1308 1412//1307 1405//1300
f 1413//1308 1406//1301 1407//1302
f 1414//1309 1407//1302 1408//1303
f 1415//1310 1408//1303 1409//1304
f 1416//1311 1409//1304 1410//1305
f 1417//1312 1410//1305 1355//1250
f 318//282 319//283 1411//1306
f 321//285 318//282 1412//1307
f 321//285 1413//1308 1414//1309
f 323//287 1414//1309 1415//1310
f 325//289 1415//1310 1416//1311
f 327//291 1416//1311 1417//1312
f 329//293 1417//1312 1362//1257
f 1418//1313 1421//1316 1420//1315
f 1419//1314 1420//1315 1423//1318
f 1422//1317 1423//1318 1425//1320
f 1426//1321 1424//1319 1425//1320
f 1428//1323 1426//1321 1427//1322
f 1430//1325 1428//1323 1429//1324
f 1369//1264 1430//1325 1431//1326
f 1433//1328 1432//1327 1418//1313
f 1434//1329 1433//1328 1419//1314
f 1435//1330 1434//1329 1422//1317
f 1436//1331 1435//1330 1424//1319
f 1437//1332 1436//1331 1426//1321
f 1438//1333 1437//1332 1428//1323
f 1383//1278 1438//1333 1430//1325
f 1440//1335 1439//1334 1432//1327
f 1441//1336 1440//1335 1433//1328
f 1442//1337 1441//1336 1434//1329
f 1443//1338 1442//1337 1435//1330
f 1444//1339 1443//1338 1436//1331
f 1445//1340 1444//1339 1437//1332
f 1390//1285 1445//1340 1438//1333
f 1447//1342 1446//1341 1439//1334
f 1448//1343 1447//1342 1440//1335
f 1449//1344 1448//1343 1441//1336
f 1450//1345 1449//1344 1442//1337
f 1451//1346 1450//1345 1443//1338
f 1452//1347 1451//1346 1444//1339
f 1397//1292 1452//1347 1445//1340
f 1454//1349 1453//1348 1446//1341
f 1455//1350 1454//1349 1447//1342
f 1456//1351 1455//1350 1448//1343
f 1457//1352 1456//1351 1449//1344
f 1458//1353 1457//1352 1450//1345
f 1459//1354 1458//1353 1451//1346
f 1404//1299 1459//1354 1452//1347
f 1461//1356 1460//1355 1453//1348
f 1462//1357 1461//1356 1454//1349
f 1463//1358 1462//1357 1455//1350
f 1464//1359 1463//1358 1456//1351
f 1465//1360 1464//1359 1457//1352
f 1466//1361 1465//1360 1458//1353
f 1411//1306 1466//1361 1459//1354
f 374//338 375//339 1460//1355
f 377//341 374//338 1461//1356
f 379//343 377//341 1462//1357
f 381//345 379//343 1463//1358
f 383//347 381//345 1464//1359
f 385//349 383//347 1465//1360
f 319//283 385//349 1466//1361
f 1468//1363 1467//1362 1470//1365
f 1471//1366 1468//1363 1469//1364
f 1472//1367 1471//1366 1919//1814
f 1472//1367 1473//1368 1916//1811
f 1474//1369 1916//1811 1476//1371
f 1475//1370 1476//1371 1913//1808
f 1477//1372 1913//1808 1421//1316
f 1478//1373 1467//1362 1468//1363
f 1479//1374 1468//1363 1471//1366
f 1480//1375 1471//1366 1472//1367
f 1481//1376 1472//1367 1474//1369
f 1483//1378 1482//1377 1474//1369
f 1484//1379 1483//1378 1475//1370
f 1432//1327 1484//1379 1477//1372
f 1485//1380 1478//1373 1479//1374
f 1486//1381 1479//1374 1480//1375
f 1487//1382 1480//1375 1481//1376
f 1488//1383 1481//1376 1482//1377
f 1490//1385 1489//1384 1482//1377
f 1491//1386 1490//1385 1483//1378
f 1439//1334 1491//1386 1484//1379
f 1492//1387 1485//1380 1486//1381
f 1493//1388 1486//1381 1487//1382
f 1494//1389 1487//1382 1488//1383
f 1495//1390 1488//1383 1489//1384
f 1497//1392 1496//1391 1489//1384
f 1498//1393 1497//1392 1490//1385
f 1446//1341 1498//1393 1491//1386
f 1499//1394 1492//1387 1493//1388
f 1500//1395 1493//1388 1494//1389
f 1501//1396 1494//1389 1495//1390
f 1502//1397 1495//1390 1496//1391
f 1504//1399 1503//1398 1496//1391
f 1505//1400 1504//1399 1497//1392
f 1453//1348 1505//1400 1498//1393
f 1506//1401 1499//1394 1500//1395
f 1507//1402 1500//1395 1501//1396
f 1508//1403 1501//1396 1502//1397
f 1509//1404 1502//1397 1503//1398
f 1511//1406 1510//1405 1503//1398
f 1512//1407 1511//1406 1504//1399
f 1460//1355 1512//1407 1505//1400
f 576//507 1506//1401 1507//1402
f 1220//1115 1507//1402 1508//1403
f 1222//1117 1508//1403 1509//1404
f 1226//1121 1224//1119 1509//1404
f 1228//1123 1226//1121 1510//1405
f 1230//1125 1228//1123 1511//1406
f 375//339 1230//1125 1512//1407
f 1513//1408 1516//1411 1515//1410
f 1514//1409 1515//1410 1518//1413
f 1517//1412 1518//1413 1520//1415
f 1519//1414 1520//1415 1522//1417
f 1523//1418 1521//1416 1522//1417
f 1525//1420 1523//1418 1524//1419
f 1467//1362 1525//1420 1526//1421
f 1527//1422 1513//1408 1514//1409
f 1528//1423 1514//1409 1517//1412
f 1529//1424 1517//1412 1519//1414
f 1530//1425 1519//1414 1521//1416
f 1531//1426 1521//1416 1523//1418
f 1532//1427 1523//1418 1525//1420
f 1533//1428 1525//1420 1467//1362
f 1534//1429 1527//1422 1528//1423
f 1535//1430 1528//1423 1529//1424
f 1536//1431 1529//1424 1530//1425
f 1537//1432 1530//1425 1531//1426
f 1538//1433 1531//1426 1532//1427
f 1539//1434 1532//1427 1533//1428
f 1540//1435 1533//1428 1478//1373
f 1541//1436 1534//1429 1535//1430
f 1542//1437 1535//1430 1536//1431
f 1543//1438 1536//1431 1537//1432
f 1544//1439 1537//1432 1538//1433
f 1545//1440 1538//1433 1539//1434
f 1546//1441 1539//1434 1540//1435
f 1547//1442 1540//1435 1485//1380
f 1548//1443 1541//1436 1542//1437
f 1549//1444 1542//1437 1543//1438
f 1550//1445 1543//1438 1544//1439
f 1551//1446 1544//1439 1545//1440
f 1552//1447 1545//1440 1546//1441
f 1553//1448 1546//1441 1547//1442
f 1554//1449 1547//1442 1492//1387
f 1555//1450 1548//1443 1549//1444
f 1556//1451 1549//1444 1550//1445
f 1557//1452 1550//1445 1551//1446
f 1558//1453 1551//1446 1552//1447
f 1559//1454 1552//1447 1553//1448
f 1560//1455 1553//1448 1554//1449
f 1561//1456 1554//1449 1499//1394
f 632//563 1555//1450 1556//1451
f 631//562 1556//1451 1557//1452
f 634//565 1557//1452 1558//1453
f 636//567 1558//1453 1559//1454
f 638//569 1559//1454 1560//1455
f 640//571 1560//1455 1561//1456
f 642//573 1561//1456 1506//1401
f 1562//1457 1565//1460 1564//1459
f 1563//1458 1564//1459 1567//1462
f 1566//1461 1567//1462 1569//1464
f 1568//1463 1569//1464 1571//1466
f 1570//1465 1571//1466 1573//1468
f 1572//1467 1573//1468 1575//1470
f 1574//1469 1575//1470 1516//1411
f 1576//1471 1562//1457 1563//1458
f 1577//1472 1563//1458 1566//1461
f 1579//1474 1578//1473 1566//1461
f 1579//1474 1568//1463 1570//1465
f 1580//1475 1570//1465 1572//1467
f 1581//1476 1572//1467 1574//1469
f 1582//1477 1574//1469 1513//1408
f 1583//1478 1576//1471 1577//1472
f 1585//1480 1584//1479 1577//1472
f 1586//1481 1585//1480 1578//1473
f 1587//1482 1586//1481 1579//1474
f 1587//1482 1580//1475 1581//1476
f 1588//1483 1581//1476 1582//1477
f 1589//1484 1582//1477 1527//1422
f 1591//1486 1590//1485 1583//1478
f 1592//1487 1591//1486 1584//1479
f 1593//1488 1592//1487 1585//1480
f 1594//1489 1593//1488 1586//1481
f 1594//1489 1587//1482 1588//1483
f 1595//1490 1588//1483 1589//1484
f 1596//1491 1589//1484 1534//1429
f 1598//1493 1597//1492 1590//1485
f 1599//1494 1598//1493 1591//1486
f 1600//1495 1599//1494 1592//1487
f 1601//1496 1600//1495 1593//1488
f 1602//1497 1601//1496 1594//1489
f 1602//1497 1595//1490 1596//1491
f 1603//1498 1596//1491 1541//1436
f 1605//1500 1604//1499 1597//1492
f 1606//1501 1605//1500 1598//1493
f 1607//1502 1606//1501 1599//1494
f 1608//1503 1607//1502 1600//1495
f 1609//1504 1608//1503 1601//1496
f 1609//1504 1602//1497 1603//1498
f 1610//1505 1603//1498 1548//1443
f 680//611 681//612 1604//1499
f 683//614 680//611 1605//1500
f 685//616 683//614 1606//1501
f 687//618 685//616 1607//1502
f 689//620 687//618 1608//1503
f 689//620 1609//1504 1610//1505
f 691//622 1610//1505 1555//1450
f 1612//1507 1611//1506 1614//1509
f 1615//1510 1612//1507 1613//1508
f 1617//1512 1615//1510 1616//1511
f 1617//1512 1618//1513 1620//1515
f 1619//1514 1620//1515 1622//1517
f 1621//1516 1622//1517 1624//1519
f 1623//1518 1624//1519 1565//1460
f 1626//1521 1625//1520 1611//1506
f 1627//1522 1626//1521 1612//1507
f 1628//1523 1627//1522 1615//1510
f 1628//1523 1617//1512 1619//1514
f 1629//1524 1619//1514 1621//1516
f 1630//1525 1621//1516 1623//1518
f 1631//1526 1623//1518 1562//1457
f 1633//1528 1632//1527 1625//1520
f 1634//1529 1633//1528 1626//1521
f 1635//1530 1634//1529 1627//1522
f 1635//1530 1628//1523 1629//1524
f 1636//1531 1629//1524 1630//1525
f 1637//1532 1630//1525 1631//1526
f 1638//1533 1631//1526 1576//1471
f 1639//1534 1632//1527 1633//1528
f 1640//1535 1633//1528 1634//1529
f 1641//1536 1634//1529 1635//1530
f 1642//1537 1635//1530 1636//1531
f 1644//1539 1643//1538 1636//1531
f 1645//1540 1644//1539 1637//1532
f 1590//1485 1645//1540 1638//1533
f 1646//1541 1639//1534 1640//1535
f 1647//1542 1640//1535 1641//1536
f 1648//1543 1641//1536 1642//1537
f 1649//1544 1642//1537 1643//1538
f 1651//1546 1650//1545 1643//1538
f 1652//1547 1651//1546 1644//1539
f 1597//1492 1652//1547 1645//1540
f 1653//1548 1646//1541 1647//1542
f 1654//1549 1647//1542 1648//1543
f 1655//1550 1648//1543 1649//1544
f 1656//1551 1649//1544 1650//1545
f 1658//1553 1657//1552 1650//1545
f 1659//1554 1658//1553 1651//1546
f 1604//1499 1659//1554 1652//1547
f 891//786 1653//1548 1654//1549
f 1168//1063 1654//1549 1655//1550
f 1660//1555 1655//1550 1656//1551
f 1155//1050 1656//1551 1657//1552
f 1141//1036 1148//1043 1657//1552
f 1133//1028 1141//1036 1658//1553
f 681//612 1133//1028 1659//1554
f 1661//1556 1664//1559 1663//1558
f 1662//1557 1663//1558 1666//1561
f 1665//1560 1666//1561 1668//1563
f 1667//1562 1668//1563 1670//1565
f 1669//1564 1670//1565 1672//1567
f 1671//1566 1672//1567 1674//1569
f 1611//1506 1673//1568 1674//1569
f 1675//1570 1661//1556 1662//1557
f 1676//1571 1662//1557 1665//1560
f 1677//1572 1665//1560 1667//1562
f 1678//1573 1667//1562 1669//1564
f 1679//1574 1669//1564 1671//1566
f 1680//1575 1671//1566 1673//1568
f 1625//1520 1681//1576 1673//1568
f 1682//1577 1675//1570 1676//1571
f 1683//1578 1676//1571 1677//1572
f 1684//1579 1677//1572 1678//1573
f 1685//1580 1678//1573 1679//1574
f 1686//1581 1679//1574 1680//1575
f 1687//1582 1680//1575 1681//1576
f 1632//1527 1688//1583 1681//1576
f 1689//1584 1682//1577 1683//1578
f 1690//1585 1683//1578 1684//1579
f 1691//1586 1684//1579 1685//1580
f 1692//1587 1685//1580 1686//1581
f 1693//1588 1686//1581 1687//1582
f 1694//1589 1687//1582 1688//1583
f 1695//1590 1688//1583 1632//1527
f 1696//1591 1689//1584 1690//1585
f 1697//1592 1690//1585 1691//1586
f 1698//1593 1691//1586 1692//1587
f 1699//1594 1692//1587 1693//1588
f 1700//1595 1693//1588 1694//1589
f 1701//1596 1694//1589 1695//1590
f 1702//1597 1695//1590 1639//1534
f 1703//1598 1696//1591 1697//1592
f 1704//1599 1697//1592 1698//1593
f 1705//1600 1698//1593 1699//1594
f 1706//1601 1699//1594 1700//1595
f 1707//1602 1700//1595 1701//1596
f 1708//1603 1701//1596 1702//1597
f 1709//1604 1702//1597 1646//1541
f 940//835 1703//1598 1704//1599
f 939//834 1704//1599 1705//1600
f 942//837 1705//1600 1706//1601
f 944//839 1706//1601 1707//1602
f 946//841 1707//1602 1708//1603
f 948//843 1708//1603 1709//1604
f 950//845 1709//1604 1653//1548
f 1710//1605 1713//1608 1712//1607
f 1711//1606 1712//1607 1715//1610
f 1714//1609 1715//1610 1717//1612
f 1716//1611 1717//1612 1719//1614
f 1718//1613 1719//1614 1721//1616
f 1720//1615 1721//1616 1723//1618
f 1722//1617 1723//1618 1725//1620
f 1726//1621 1710//1605 1711//1606
f 1727//1622 1711//1606 1714//1609
f 1728//1623 1714//1609 1716//1611
f 1729//1624 1716//1611 1718//1613
f 1730//1625 1718//1613 1720//1615
f 1731//1626 1720//1615 1722//1617
f 1732//1627 1722//1617 1724//1619
f 1734//1629 1726//1621 1727//1622
f 1735//1630 1727//1622 1728//1623
f 1736//1631 1728//1623 1729//1624
f 1737//1632 1729//1624 1730//1625
f 1738//1633 1730//1625 1731//1626
f 1739//1634 1731//1626 1732//1627
f 1740//1635 1732//1627 1733//1628
f 1742//1637 1734//1629 1735//1630
f 1743//1638 1735//1630 1736//1631
f 1744//1639 1736//1631 1737//1632
f 1745//1640 1737//1632 1738//1633
f 1746//1641 1738//1633 1739//1634
f 1747//1642 1739//1634 1740//1635
f 1748//1643 1740//1635 1741//1636
f 1750//1645 1742//1637 1743//1638
f 1751//1646 1743//1638 1744//1639
f 1752//1647 1744//1639 1745//1640
f 1753//1648 1745//1640 1746//1641
f 1754//1649 1746//1641 1747//1642
f 1755//1650 1747//1642 1748//1643
f 1756//1651 1748//1643 1749//1644
f 1758//1653 1750//1645 1751//1646
f 1759//1654 1751//1646 1752//1647
f 1760//1655 1752//1647 1753//1648
f 1761//1656 1753//1648 1754//1649
f 1762//1657 1754//1649 1755//1650
f 1763//1658 1755//1650 1756//1651
f 1764//1659 1756//1651 1757//1652
f 1267//1162 1758//1653 1759//1654
f 1266//1161 1759//1654 1760//1655
f 1269//1164 1760//1655 1761//1656
f 1271//1166 1761//1656 1762//1657
f 1273//1168 1762//1657 1763//1658
f 1275//1170 1763//1658 1764//1659
f 1277//1172 1764//1659 1765//1660
f 1767//1662 1766//1661 1769//1664
f 1770//1665 1767//1662 1768//1663
f 1772//1667 1770//1665 1771//1666
f 1774//1669 1772//1667 1773//1668
f 1774//1669 1775//1670 1777//1672
f 1776//1671 1777//1672 1779//1674
f 1778//1673 1779//1674 1713//1608
f 1781//1676 1780//1675 1766//1661
f 1782//1677 1781//1676 1767//1662
f 1783//1678 1782//1677 1770//1665
f 1784//1679 1783//1678 1772//1667
f 1785//1680 1784//1679 1774//1669
f 1785//1680 1776//1671 1778//1673
f 1726//1621 1786//1681 1778//1673
f 1788//1683 1787//1682 1780//1675
f 1789//1684 1788//1683 1781//1676
f 1790//1685 1789//1684 1782//1677
f 1791//1686 1790//1685 1783//1678
f 1792//1687 1791//1686 1784//1679
f 1793//1688 1792//1687 1785//1680
f 1734//1629 1793//1688 1786//1681
f 1795//1690 1794//1689 1787//1682
f 1796//1691 1795//1690 1788//1683
f 1797//1692 1796//1691 1789//1684
f 1798//1693 1797//1692 1790//1685
f 1799//1694 1798//1693 1791//1686
f 1800//1695 1799//1694 1792//1687
f 1742//1637 1800//1695 1793//1688
f 1802//1697 1801//1696 1794//1689
f 1803//1698 1802//1697 1795//1690
f 1804//1699 1803//1698 1796//1691
f 1805//1700 1804//1699 1797//1692
f 1806//1701 1805//1700 1798//1693
f 1806//1701 1799//1694 1800//1695
f 1750//1645 1807//1702 1800//1695
f 1808//1703 1801//1696 1802//1697
f 1809//1704 1802//1697 1803//1698
f 1810//1705 1803//1698 1804//1699
f 1811//1706 1804//1699 1805//1700
f 1812//1707 1805//1700 1806//1701
f 1813//1708 1806//1701 1807//1702
f 1758//1653 1814//1709 1807//1702
f 1323//1218 1808//1703 1809//1704
f 1322//1217 1809//1704 1810//1705
f 1325//1220 1810//1705 1811//1706
f 1327//1222 1811//1706 1812//1707
f 1329//1224 1812//1707 1813//1708
f 1331//1226 1813//1708 1814//1709
f 1333//1228 1814//1709 1758//1653
f 1816//1711 1815//1710 1818//1713
f 1819//1714 1816//1711 1817//1712
f 1821//1716 1819//1714 1820//1715
f 1823//1718 1821//1716 1822//1717
f 1825//1720 1823//1718 1824//1719
f 1827//1722 1825//1720 1826//1721
f 1766//1661 1827//1722 1828//1723
f 1830//1725 1829//1724 1815//1710
f 1831//1726 1830//1725 1816//1711
f 1832//1727 1831//1726 1819//1714
f 1833//1728 1832//1727 1821//1716
f 1834//1729 1833//1728 1823//1718
f 1835//1730 1834//1729 1825//1720
f 1780//1675 1835//1730 1827//1722
f 1837//1732 1836//1731 1829//1724
f 1838//1733 1837//1732 1830//1725
f 1839//1734 1838//1733 1831//1726
f 1840//1735 1839//1734 1832//1727
f 1841//1736 1840//1735 1833//1728
f 1842//1737 1841//1736 1834//1729
f 1787//1682 1842//1737 1835//1730
f 1844//1739 1843//1738 1836//1731
f 1845//1740 1844//1739 1837//1732
f 1846//1741 1845//1740 1838//1733
f 1847//1742 1846//1741 1839//1734
f 1848//1743 1847//1742 1840//1735
f 1849//1744 1848//1743 1841//1736
f 1794//1689 1849//1744 1842//1737
f 1851//1746 1850//1745 1843//1738
f 1852//1747 1851//1746 1844//1739
f 1853//1748 1852//1747 1845//1740
f 1854//1749 1853//1748 1846//1741
f 1855//1750 1854//1749 1847//1742
f 1856//1751 1855//1750 1848//1743
f 1801//1696 1856//1751 1849//1744
f 1858//1753 1857//1752 1850//1745
f 1859//1754 1858//1753 1851//1746
f 1860//1755 1859//1754 1852//1747
f 1861//1756 1860//1755 1853//1748
f 1862//1757 1861//1756 1854//1749
f 1863//1758 1862//1757 1855//1750
f 1808//1703 1863//1758 1856//1751
f 1371//1266 1372//1267 1857//1752
f 1374//1269 1371//1266 1858//1753
f 1376//1271 1374//1269 1859//1754
f 1378//1273 1376//1271 1860//1755
f 1380//1275 1378//1273 1861//1756
f 1382//1277 1380//1275 1862//1757
f 1323//1218 1382//1277 1863//1758
f 1864//1759 1867//1762 1866//1761
f 1865//1760 1866//1761 1869//1764
f 1868//1763 1869//1764 1871//1766
f 1870//1765 1871//1766 1873//1768
f 1872//1767 1873//1768 1875//1770
f 1874//1769 1875//1770 1877//1772
f 1876//1771 1877//1772 1818//1713
f 1878//1773 1864//1759 1865//1760
f 1879//1774 1865//1760 1868//1763
f 1880//1775 1868//1763 1870//1765
f 1881//1776 1870//1765 1872//1767
f 1882//1777 1872//1767 1874//1769
f 1883//1778 1874//1769 1876//1771
f 1829//1724 1884//1779 1876//1771
f 1936//1831 1878//1773 1879//1774
f 1885//1780 1879//1774 1880//1775
f 1886//1781 1880//1775 1881//1776
f 1887//1782 1881//1776 1882//1777
f 1888//1783 1882//1777 1883//1778
f 1889//1784 1883//1778 1884//1779
f 1836//1731 1890//1785 1884//1779
f 1891//1786 1936//1831 1885//1780
f 1892//1787 1885//1780 1886//1781
f 1893//1788 1886//1781 1887//1782
f 1894//1789 1887//1782 1888//1783
f 1895//1790 1888//1783 1889//1784
f 1896//1791 1889//1784 1890//1785
f 1843//1738 1897//1792 1890//1785
f 1898//1793 1891//1786 1892//1787
f 1899//1794 1892//1787 1893//1788
f 1900//1795 1893//1788 1894//1789
f 1901//1796 1894//1789 1895//1790
f 1902//1797 1895//1790 1896//1791
f 1903//1798 1896//1791 1897//1792
f 1850//1745 1904//1799 1897//1792
f 1911//1806 1898//1793 1899//1794
f 1905//1800 1899//1794 1900//1795
f 1906//1801 1900//1795 1901//1796
f 1907//1802 1901//1796 1902//1797
f 1908//1803 1902//1797 1903//1798
f 1909//1804 1903//1798 1904//1799
f 1857//1752 1910//1805 1904//1799
f 1421//1316 1911//1806 1905//1800
f 1420//1315 1905//1800 1906//1801
f 1423//1318 1906//1801 1907//1802
f 1425//1320 1907//1802 1908//1803
f 1427//1322 1908//1803 1909//1804
f 1429//1324 1909//1804 1910//1805
f 1372//1267 1431//1326 1910//1805
f 1911//1806 1421//1316 1913//1808
f 1912//1807 1913//1808 1476//1371
f 1914//1809 1476//1371 1916//1811
f 1917//1812 1915//1810 1916//1811
f 1918//1813 1917//1812 1473//1368
f 1920//1815 1918//1813 1919//1814
f 1921//1816 1920//1815 1469//1364
f 1898//1793 1911//1806 1912//1807
f 1922//1817 1912//1807 1914//1809
f 1923//1818 1914//1809 1915//1810
f 1924//1819 1915//1810 1917//1812
f 1926//1821 1925//1820 1917//1812
f 1927//1822 1926//1821 1918//1813
f 1928//1823 1927//1822 1920//1815
f 1891//1786 1898//1793 1922//1817
f 1929//1824 1922//1817 1923//1818
f 1930//1825 1923//1818 1924//1819
f 1931//1826 1924//1819 1925//1820
f 1933//1828 1932//1827 1925//1820
f 1934//1829 1933//1828 1926//1821
f 1935//1830 1934//1829 1927//1822
f 1936//1831 1891//1786 1929//1824
f 1937//1832 1929//1824 1930//1825
f 1938//1833 1930//1825 1931//1826
f 1939//1834 1931//1826 1932//1827
f 1941//1836 1940//1835 1932//1827
f 1942//1837 1941//1836 1933//1828
f 1943//1838 1942//1837 1934//1829
f 1878//1773 1936//1831 1937//1832
f 1944//1839 1937//1832 1938//1833
f 1945//1840 1938//1833 1939//1834
f 1946//1841 1939//1834 1940//1835
f 1948//1843 1947//1842 1940//1835
f 1949//1844 1948//1843 1941//1836
f 1950//1845 1949//1844 1942//1837
f 1864//1759 1878//1773 1944//1839
f 1951//1846 1944//1839 1945//1840
f 1952//1847 1945//1840 1946//1841
f 1954//1849 1953//1848 1946//1841
f 1955//1850 1954//1849 1947//1842
f 1956//1851 1955//1850 1948//1843
f 1971//1866 1956//1851 1949//1844
f 1867//1762 1864//1759 1951//1846
f 1867//1762 1951//1846 1952//1847
f 1867//1762 1952//1847 1953//1848
f 1867//1762 1953//1848 1954//1849
f 1867//1762 1954//1849 1955//1850
f 1867//1762 1955//1850 1956//1851
f 1867//1762 1956//1851 1971//1866
f 1958//1853 1957//1852 1960//1855
f 1961//1856 1958//1853 1959//1854
f 1963//1858 1961//1856 1962//1857
f 1965//1860 1963//1858 1964//1859
f 1967//1862 1965//1860 1966//1861
f 1969//1864 1967//1862 1968//1863
f 1971//1866 1969//1864 1970//1865
f 1972//1867 1957//1852 1958//1853
f 1974//1869 1973//1868 1958//1853
f 1975//1870 1974//1869 1961//1856
f 1976//1871 1975//1870 1963//1858
f 1977//1872 1976//1871 1965//1860
f 1978//1873 1977//1872 1967//1862
f 1950//1845 1978//1873 1969//1864
f 1979//1874 1972//1867 1973//1868
f 1981//1876 1980//1875 1973//1868
f 1982//1877 1981//1876 1974//1869
f 1983//1878 1982//1877 1975//1870
f 1984//1879 1983//1878 1976//1871
f 1985//1880 1984//1879 1977//1872
f 1943//1838 1985//1880 1978//1873
f 1986//1881 1979//1874 1980//1875
f 1988//1883 1987//1882 1980//1875
f 1989//1884 1988//1883 1981//1876
f 1990//1885 1989//1884 1982//1877
f 1991//1886 1990//1885 1983//1878
f 1992//1887 1991//1886 1984//1879
f 1935//1830 1992//1887 1985//1880
f 1993//1888 1986//1881 1987//1882
f 1995//1890 1994//1889 1987//1882
f 1996//1891 1995//1890 1988//1883
f 1997//1892 1996//1891 1989//1884
f 1998//1893 1997//1892 1990//1885
f 1999//1894 1998//1893 1991//1886
f 1928//1823 1999//1894 1992//1887
f 2000//1895 1993//1888 1994//1889
f 2002//1897 2001//1896 1994//1889
f 2003//1898 2002//1897 1995//1890
f 2004//1899 2003//1898 1996//1891
f 2005//1900 2004//1899 1997//1892
f 2006//1901 2005//1900 1998//1893
f 1921//1816 2006//1901 1999//1894
f 1516//1411 2000//1895 2001//1896
f 1518//1413 1515//1410 2001//1896
f 1520//1415 1518//1413 2002//1897
f 1522//1417 1520//1415 2003//1898
f 1524//1419 1522//1417 2004//1899
f 1526//1421 1524//1419 2005//1900
f 1470//1365 1526//1421 2006//1901
f 2007//1902 2010//1905 2009//1904
f 2008//1903 2009//1904 2012//1907
f 2011//1906 2012//1907 2014//1909
f 2013//1908 2014//1909 2016//1911
f 2015//1910 2016//1911 2018//1913
f 2017//1912 2018//1913 2020//1915
f 2019//1914 2020//1915 1960//1855
f 2021//1916 2007//1902 2008//1903
f 2022//1917 2008//1903 2011//1906
f 2023//1918 2011//1906 2013//1908
f 2024//1919 2013//1908 2015//1910
f 2025//1920 2015//1910 2017//1912
f 2026//1921 2017//1912 2019//1914
f 2027//1922 2019//1914 1957//1852
f 2028//1923 2021//1916 2022//1917
f 2029//1924 2022//1917 2023//1918
f 2030//1925 2023//1918 2024//1919
f 2031//1926 2024//1919 2025//1920
f 2032//1927 2025//1920 2026//1921
f 2033//1928 2026//1921 2027//1922
f 2034//1929 2027//1922 1972//1867
f 2035//1930 2028//1923 2029//1924
f 2036//1931 2029//1924 2030//1925
f 2037//1932 2030//1925 2031//1926
f 2038//1933 2031//1926 2032//1927
f 2039//1934 2032//1927 2033//1928
f 2040//1935 2033//1928 2034//1929
f 2041//1936 2034//1929 1979//1874
f 2042//1937 2035//1930 2036//1931
f 2043//1938 2036//1931 2037//1932
f 2044//1939 2037//1932 2038//1933
f 2045//1940 2038//1933 2039//1934
f 2046//1941 2039//1934 2040//1935
f 2047//1942 2040//1935 2041//1936
f 2048//1943 2041//1936 1986//1881
f 2050//1945 2049//1944 2042//1937
f 2050//1945 2043//1938 2044//1939
f 2051//1946 2044//1939 2045//1940
f 2052//1947 2045//1940 2046//1941
f 2053//1948 2046//1941 2047//1942
f 2054//1949 2047//1942 2048//1943
f 2055//1950 2048//1943 1993//1888
f 1564//1459 1565//1460 2049//1944
f 1564//1459 2050//1945 2051//1946
f 1567//1462 2051//1946 2052//1947
f 1569//1464 2052//1947 2053//1948
f 1571//1466 2053//1948 2054//1949
f 1573//1468 2054//1949 2055//1950
f 1575//1470 2055//1950 2000//1895
f 2056//1951 2059//1954 2058//1953
f 2057//1952 2058//1953 2061//1956
f 2062//1957 2060//1955 2061//1956
f 2064//1959 2062//1957 2063//1958
f 2064//1959 2065//1960 2067//1962
f 2066//1961 2067//1962 2069//1964
f 2068//1963 2069//1964 2010//1905
f 2070//1965 2056//1951 2057//1952
f 2072//1967 2071//1966 2057//1952
f 2073//1968 2072//1967 2060//1955
f 2074//1969 2073//1968 2062//1957
f 2075//1970 2074//1969 2064//1959
f 2075//1970 2066//1961 2068//1963
f 2076//1971 2068//1963 2007//1902
f 2077//1972 2070//1965 2071//1966
f 2079//1974 2078//1973 2071//1966
f 2080//1975 2079//1974 2072//1967
f 2081//1976 2080//1975 2073//1968
f 2082//1977 2081//1976 2074//1969
f 2083//1978 2082//1977 2075//1970
f 2083//1978 2076//1971 2021//1916
f 2084//1979 2077//1972 2078//1973
f 2085//1980 2078//1973 2079//1974
f 2087//1982 2086//1981 2079//1974
f 2088//1983 2087//1982 2080//1975
f 2089//1984 2088//1983 2081//1976
f 2090//1985 2089//1984 2082//1977
f 2035//1930 2090//1985 2083//1978
f 2091//1986 2084//1979 2085//1980
f 2092//1987 2085//1980 2086//1981
f 2094//1989 2093//1988 2086//1981
f 2095//1990 2094//1989 2087//1982
f 2096//1991 2095//1990 2088//1983
f 2097//1992 2096//1991 2089//1984
f 2042//1937 2097//1992 2090//1985
f 2098//1993 2091//1986 2092//1987
f 2099//1994 2092//1987 2093//1988
f 2101//1996 2100//1995 2093//1988
f 2102//1997 2101//1996 2094//1989
f 2103//1998 2102//1997 2095//1990
f 2104//1999 2103//1998 2096//1991
f 2049//1944 2104//1999 2097//1992
f 1614//1509 2098//1993 2099//1994
f 1613//1508 2099//1994 2100//1995
f 1618//1513 1616//1511 2100//1995
f 1620//1515 1618//1513 2101//1996
f 1622//1517 1620//1515 2102//1997
f 1624//1519 1622//1517 2103//1998
f 1565//1460 1624//1519 2104//1999
f 2106//2001 2105//2000 2108//2003
f 2109//2004 2106//2001 2107//2002
f 2109//2004 2110//2005 2112//2007
f 2111//2006 2112//2007 2114//2009
f 2113//2008 2114//2009 2116//2011
f 2115//2010 2116//2011 2118//2013
f 2117//2012 2118//2013 2059//1954
f 2120//2015 2119//2014 2105//2000
f 2121//2016 2120//2015 2106//2001
f 2122//2017 2121//2016 2109//2004
f 2123//2018 2122//2017 2111//2006
f 2123//2018 2113//2008 2115//2010
f 2124//2019 2115//2010 2117//2012
f 2125//2020 2117//2012 2056//1951
f 2127//2022 2126//2021 2119//2014
f 2128//2023 2127//2022 2120//2015
f 2129//2024 2128//2023 2121//2016
f 2130//2025 2129//2024 2122//2017
f 2131//2026 2130//2025 2123//2018
f 2131//2026 2124//2019 2125//2020
f 2132//2027 2125//2020 2070//1965
f 2134//2029 2133//2028 2126//2021
f 2135//2030 2134//2029 2127//2022
f 2136//2031 2135//2030 2128//2023
f 2137//2032 2136//2031 2129//2024
f 2138//2033 2137//2032 2130//2025
f 2139//2034 2138//2033 2131//2026
f 2139//2034 2132//2027 2077//1972
f 2141//2036 2140//2035 2133//2028
f 2142//2037 2141//2036 2134//2029
f 2143//2038 2142//2037 2135//2030
f 2144//2039 2143//2038 2136//2031
f 2145//2040 2144//2039 2137//2032
f 2146//2041 2145//2040 2138//2033
f 2146//2041 2139//2034 2084//1979
f 2148//2043 2147//2042 2140//2035
f 2149//2044 2148//2043 2141//2036
f 2150//2045 2149//2044 2142//2037
f 2151//2046 2150//2045 2143//2038
f 2152//2047 2151//2046 2144//2039
f 2153//2048 2152//2047 2145//2040
f 2153//2048 2146//2041 2091//1986
f 1663//1558 1664//1559 2147//2042
f 1663//1558 2148//2043 2149//2044
f 1666//1561 2149//2044 2150//2045
f 1670//1565 1668//1563 2150//2045
f 1672//1567 1670//1565 2151//2046
f 1674//1569 1672//1567 2152//2047
f 1674//1569 2153//2048 2098//1993
f 2154//2049 2157//2052 2156//2051
f 2155//2050 2156//2051 2159//2054
f 2158//2053 2159//2054 2435//2330
f 2160//2055 2435//2330 2162//2057
f 2161//2056 2162//2057 2164//2059
f 2163//2058 2164//2059 2166//2061
f 2165//2060 2166//2061 2168//2063
f 2169//2064 2154//2049 2155//2050
f 2170//2065 2155//2050 2158//2053
f 2171//2066 2158//2053 2160//2055
f 2172//2067 2160//2055 2161//2056
f 2173//2068 2161//2056 2163//2058
f 2175//2070 2174//2069 2163//2058
f 2176//2071 2175//2070 2165//2060
f 2177//2072 2169//2064 2170//2065
f 2178//2073 2170//2065 2171//2066
f 2179//2074 2171//2066 2172//2067
f 2180//2075 2172//2067 2173//2068
f 2182//2077 2181//2076 2173//2068
f 2183//2078 2182//2077 2174//2069
f 2510//2405 2183//2078 2175//2070
f 2184//2079 2177//2072 2178//2073
f 2185//2080 2178//2073 2179//2074
f 2186//2081 2179//2074 2180//2075
f 2187//2082 2180//2075 2181//2076
f 2189//2084 2188//2083 2181//2076
f 2190//2085 2189//2084 2182//2077
f 2191//2086 2190//2085 2183//2078
f 2192//2087 2184//2079 2185//2080
f 2193//2088 2185//2080 2186//2081
f 2194//2089 2186//2081 2187//2082
f 2195//2090 2187//2082 2188//2083
f 2197//2092 2196//2091 2188//2083
f 2198//2093 2197//2092 2189//2084
f 2495//2390 2198//2093 2190//2085
f 2199//2094 2192//2087 2193//2088
f 2200//2095 2193//2088 2194//2089
f 2201//2096 2194//2089 2195//2090
f 2202//2097 2195//2090 2196//2091
f 2204//2099 2203//2098 2196//2091
f 2205//2100 2204//2099 2197//2092
f 2487//2382 2205//2100 2198//2093
f 1713//1608 2199//2094 2200//2095
f 1712//1607 2200//2095 2201//2096
f 1715//1610 2201//2096 2202//2097
f 1717//1612 2202//2097 2203//2098
f 1719//1614 2203//2098 2204//2099
f 1721//1616 2204//2099 2205//2100
f 1725//1620 1723//1618 2205//2100
f 2207//2102 2206//2101 2209//2104
f 2210//2105 2207//2102 2208//2103
f 2212//2107 2210//2105 2211//2106
f 2214//2109 2212//2107 2213//2108
f 2215//2110 2214//2109 2391//2286
f 2216//2111 2215//2110 2389//2284
f 2154//2049 2216//2111 2387//2282
f 2218//2113 2217//2112 2206//2101
f 2219//2114 2218//2113 2207//2102
f 2220//2115 2219//2114 2210//2105
f 2221//2116 2220//2115 2212//2107
f 2222//2117 2221//2116 2214//2109
f 2223//2118 2222//2117 2215//2110
f 2169//2064 2223//2118 2216//2111
f 2225//2120 2224//2119 2217//2112
f 2226//2121 2225//2120 2218//2113
f 2227//2122 2226//2121 2219//2114
f 2228//2123 2227//2122 2220//2115
f 2229//2124 2228//2123 2221//2116
f 2230//2125 2229//2124 2222//2117
f 2177//2072 2230//2125 2223//2118
f 2232//2127 2231//2126 2224//2119
f 2233//2128 2232//2127 2225//2120
f 2234//2129 2233//2128 2226//2121
f 2235//2130 2234//2129 2227//2122
f 2236//2131 2235//2130 2228//2123
f 2237//2132 2236//2131 2229//2124
f 2184//2079 2237//2132 2230//2125
f 2239//2134 2238//2133 2231//2126
f 2240//2135 2239//2134 2232//2127
f 2241//2136 2240//2135 2233//2128
f 2242//2137 2241//2136 2234//2129
f 2243//2138 2242//2137 2235//2130
f 2244//2139 2243//2138 2236//2131
f 2192//2087 2244//2139 2237//2132
f 2246//2141 2245//2140 2238//2133
f 2247//2142 2246//2141 2239//2134
f 2248//2143 2247//2142 2240//2135
f 2249//2144 2248//2143 2241//2136
f 2250//2145 2249//2144 2242//2137
f 2251//2146 2250//2145 2243//2138
f 2199//2094 2251//2146 2244//2139
f 1768//1663 1769//1664 2245//2140
f 1771//1666 1768//1663 2246//2141
f 1773//1668 1771//1666 2247//2142
f 1775//1670 1773//1668 2248//2143
f 1777//1672 1775//1670 2249//2144
f 1777//1672 2250//2145 2251//2146
f 1779//1674 2251//2146 2199//2094
f 2252//2147 2255//2150 2254//2149
f 2253//2148 2254//2149 2257//2152
f 2256//2151 2257//2152 2259//2154
f 2260//2155 2258//2153 2259//2154
f 2262//2157 2260//2155 2261//2156
f 2264//2159 2262//2157 2263//2158
f 2206//2101 2264//2159 2265//2160
f 2266//2161 2252//2147 2253//2148
f 2267//2162 2253//2148 2256//2151
f 2268//2163 2256//2151 2258//2153
f 2270//2165 2269//2164 2258//2153
f 2271//2166 2270//2165 2260//2155
f 2272//2167 2271//2166 2262//2157
f 2217//2112 2272//2167 2264//2159
f 2273//2168 2266//2161 2267//2162
f 2274//2169 2267//2162 2268//2163
f 2275//2170 2268//2163 2269//2164
f 2277//2172 2276//2171 2269//2164
f 2278//2173 2277//2172 2270//2165
f 2279//2174 2278//2173 2271//2166
f 2224//2119 2279//2174 2272//2167
f 2280//2175 2273//2168 2274//2169
f 2281//2176 2274//2169 2275//2170
f 2283//2178 2282//2177 2275//2170
f 2284//2179 2283//2178 2276//2171
f 2285//2180 2284//2179 2277//2172
f 2286//2181 2285//2180 2278//2173
f 2231//2126 2286//2181 2279//2174
f 2287//2182 2280//2175 2281//2176
f 2288//2183 2281//2176 2282//2177
f 2290//2185 2289//2184 2282//2177
f 2291//2186 2290//2185 2283//2178
f 2292//2187 2291//2186 2284//2179
f 2293//2188 2292//2187 2285//2180
f 2238//2133 2293//2188 2286//2181
f 2294//2189 2287//2182 2288//2183
f 2296//2191 2295//2190 2288//2183
f 2297//2192 2296//2191 2289//2184
f 2298//2193 2297//2192 2290//2185
f 2299//2194 2298//2193 2291//2186
f 2300//2195 2299//2194 2292//2187
f 2245//2140 2300//2195 2293//2188
f 1817//1712 1818//1713 2294//2189
f 1820//1715 1817//1712 2295//2190
f 1822//1717 1820//1715 2296//2191
f 1824//1719 1822//1717 2297//2192
f 1826//1721 1824//1719 2298//2193
f 1828//1723 1826//1721 2299//2194
f 1769//1664 1828//1723 2300//2195
f 1959//1854 1960//1855 2302//2197
f 2301//2196 2302//2197 2377//2272
f 2303//2198 2377//2272 2305//2200
f 2304//2199 2305//2200 2307//2202
f 2306//2201 2307//2202 2355//2250
f 2308//2203 2355//2250 2310//2205
f 2309//2204 2310//2205 2255//2150
f 1962//1857 1959//1854 2301//2196
f 2311//2206 2301//2196 2303//2198
f 2312//2207 2303//2198 2304//2199
f 2313//2208 2304//2199 2306//2201
f 2314//2209 2306//2201 2308//2203
f 2315//2210 2308//2203 2309//2204
f 2316//2211 2309//2204 2252//2147
f 1964//1859 1962//1857 2311//2206
f 2317//2212 2311//2206 2312//2207
f 2318//2213 2312//2207 2313//2208
f 2319//2214 2313//2208 2314//2209
f 2320//2215 2314//2209 2315//2210
f 2321//2216 2315//2210 2316//2211
f 2322//2217 2316//2211 2266//2161
f 1966//1861 1964//1859 2317//2212
f 2323//2218 2317//2212 2318//2213
f 2324//2219 2318//2213 2319//2214
f 2325//2220 2319//2214 2320//2215
f 2326//2221 2320//2215 2321//2216
f 2327//2222 2321//2216 2322//2217
f 2328//2223 2322//2217 2273//2168
f 1968//1863 1966//1861 2323//2218
f 2329//2224 2323//2218 2324//2219
f 2330//2225 2324//2219 2325//2220
f 2331//2226 2325//2220 2326//2221
f 2332//2227 2326//2221 2327//2222
f 2333//2228 2327//2222 2328//2223
f 2334//2229 2328//2223 2280//2175
f 1970//1865 1968//1863 2329//2224
f 2335//2230 2329//2224 2330//2225
f 2336//2231 2330//2225 2331//2226
f 2337//2232 2331//2226 2332//2227
f 2338//2233 2332//2227 2333//2228
f 2339//2234 2333//2228 2334//2229
f 2340//2235 2334//2229 2287//2182
f 1867//1762 1970//1865 2335//2230
f 1866//1761 2335//2230 2336//2231
f 1869//1764 2336//2231 2337//2232
f 1871//1766 2337//2232 2338//2233
f 1873//1768 2338//2233 2339//2234
f 1875//1770 2339//2234 2340//2235
f 1877//1772 2340//2235 2294//2189
f 2341//2236 2209//2104 2265//2160
f 2342//2237 2265//2160 2263//2158
f 2343//2238 2263//2158 2261//2156
f 2344//2239 2261//2156 2259//2154
f 2346//2241 2345//2240 2259//2154
f 2347//2242 2346//2241 2257//2152
f 2310//2205 2347//2242 2254//2149
f 2348//2243 2341//2236 2342//2237
f 2349//2244 2342//2237 2343//2238
f 2350//2245 2343//2238 2344//2239
f 2351//2246 2344//2239 2345//2240
f 2353//2248 2352//2247 2345//2240
f 2354//2249 2353//2248 2346//2241
f 2355//2250 2354//2249 2347//2242
f 2356//2251 2348//2243 2349//2244
f 2357//2252 2349//2244 2350//2245
f 2358//2253 2350//2245 2351//2246
f 2359//2254 2351//2246 2352//2247
f 2361//2256 2360//2255 2352//2247
f 2362//2257 2361//2256 2353//2248
f 2307//2202 2362//2257 2354//2249
f 2363//2258 2356//2251 2357//2252
f 2364//2259 2357//2252 2358//2253
f 2365//2260 2358//2253 2359//2254
f 2366//2261 2359//2254 2360//2255
f 2367//2262 2360//2255 2361//2256
f 2369//2264 2368//2263 2361//2256
f 2305//2200 2369//2264 2362//2257
f 2370//2265 2363//2258 2364//2259
f 2371//2266 2364//2259 2365//2260
f 2372//2267 2365//2260 2366//2261
f 2373//2268 2366//2261 2367//2262
f 2374//2269 2367//2262 2368//2263
f 2376//2271 2375//2270 2368//2263
f 2377//2272 2376//2271 2369//2264
f 2378//2273 2370//2265 2371//2266
f 2379//2274 2371//2266 2372//2267
f 2380//2275 2372//2267 2373//2268
f 2381//2276 2373//2268 2374//2269
f 2382//2277 2374//2269 2375//2270
f 2383//2278 2375//2270 2376//2271
f 2302//2197 2384//2279 2376//2271
f 2010//1905 2378//2273 2379//2274
f 2009//1904 2379//2274 2380//2275
f 2012//1907 2380//2275 2381//2276
f 2014//1909 2381//2276 2382//2277
f 2016//1911 2382//2277 2383//2278
f 2018//1913 2383//2278 2384//2279
f 2020//1915 2384//2279 2302//2197
f 2385//2280 2157//2052 2387//2282
f 2386//2281 2387//2282 2389//2284
f 2388//2283 2389//2284 2391//2286
f 2390//2285 2391//2286 2213//2108
f 2392//2287 2213//2108 2211//2106
f 2393//2288 2211//2106 2208//2103
f 2394//2289 2208//2103 2209//2104
f 2395//2290 2385//2280 2386//2281
f 2396//2291 2386//2281 2388//2283
f 2397//2292 2388//2283 2390//2285
f 2398//2293 2390//2285 2392//2287
f 2399//2294 2392//2287 2393//2288
f 2400//2295 2393//2288 2394//2289
f 2401//2296 2394//2289 2341//2236
f 2402//2297 2395//2290 2396//2291
f 2403//2298 2396//2291 2397//2292
f 2404//2299 2397//2292 2398//2293
f 2405//2300 2398//2293 2399//2294
f 2406//2301 2399//2294 2400//2295
f 2407//2302 2400//2295 2401//2296
f 2408//2303 2401//2296 2348//2243
f 2409//2304 2402//2297 2403//2298
f 2410//2305 2403//2298 2404//2299
f 2411//2306 2404//2299 2405//2300
f 2412//2307 2405//2300 2406//2301
f 2413//2308 2406//2301 2407//2302
f 2414//2309 2407//2302 2408//2303
f 2415//2310 2408//2303 2356//2251
f 2416//2311 2409//2304 2410//2305
f 2417//2312 2410//2305 2411//2306
f 2418//2313 2411//2306 2412//2307
f 2419//2314 2412//2307 2413//2308
f 2420//2315 2413//2308 2414//2309
f 2421//2316 2414//2309 2415//2310
f 2422//2317 2415//2310 2363//2258
f 2423//2318 2416//2311 2417//2312
f 2424//2319 2417//2312 2418//2313
f 2425//2320 2418//2313 2419//2314
f 2426//2321 2419//2314 2420//2315
f 2427//2322 2420//2315 2421//2316
f 2428//2323 2421//2316 2422//2317
f 2429//2324 2422//2317 2370//2265
f 2059//1954 2423//2318 2424//2319
f 2058//1953 2424//2319 2425//2320
f 2061//1956 2425//2320 2426//2321
f 2063//1958 2426//2321 2427//2322
f 2065//1960 2427//2322 2428//2323
f 2067//1962 2428//2323 2429//2324
f 2069//1964 2429//2324 2378//2273
f 2430//2325 2168//2063 2166//2061
f 2431//2326 2166//2061 2164//2059
f 2432//2327 2164//2059 2162//2057
f 2433//2328 2162//2057 2435//2330
f 2434//2329 2435//2330 2159//2054
f 2436//2331 2159//2054 2156//2051
f 2437//2332 2156//2051 2157//2052
f 2438//2333 2430//2325 2431//2326
f 2439//2334 2431//2326 2432//2327
f 2440//2335 2432//2327 2433//2328
f 2441//2336 2433//2328 2434//2329
f 2442//2337 2434//2329 2436//2331
f 2443//2338 2436//2331 2437//2332
f 2444//2339 2437//2332 2385//2280
f 2445//2340 2438//2333 2439//2334
f 2446//2341 2439//2334 2440//2335
f 2447//2342 2440//2335 2441//2336
f 2448//2343 2441//2336 2442//2337
f 2449//2344 2442//2337 2443//2338
f 2450//2345 2443//2338 2444//2339
f 2451//2346 2444//2339 2395//2290
f 2452//2347 2445//2340 2446//2341
f 2453//2348 2446//2341 2447//2342
f 2454//2349 2447//2342 2448//2343
f 2455//2350 2448//2343 2449//2344
f 2456//2351 2449//2344 2450//2345
f 2457//2352 2450//2345 2451//2346
f 2458//2353 2451//2346 2402//2297
f 2459//2354 2452//2347 2453//2348
f 2460//2355 2453//2348 2454//2349
f 2461//2356 2454//2349 2455//2350
f 2462//2357 2455//2350 2456//2351
f 2463//2358 2456//2351 2457//2352
f 2464//2359 2457//2352 2458//2353
f 2465//2360 2458//2353 2409//2304
f 2466//2361 2459//2354 2460//2355
f 2467//2362 2460//2355 2461//2356
f 2468//2363 2461//2356 2462//2357
f 2469//2364 2462//2357 2463//2358
f 2470//2365 2463//2358 2464//2359
f 2471//2366 2464//2359 2465//2360
f 2472//2367 2465//2360 2416//2311
f 2108//2003 2466//2361 2467//2362
f 2107//2002 2467//2362 2468//2363
f 2110//2005 2468//2363 2469//2364
f 2112//2007 2469//2364 2470//2365
f 2114//2009 2470//2365 2471//2366
f 2116//2011 2471//2366 2472//2367
f 2118//2013 2472//2367 2423//2318
f 2473//2368 2476//2371 2475//2370
f 2474//2369 2475//2370 2478//2373
f 2477//2372 2478//2373 2480//2375
f 2479//2374 2480//2375 2482//2377
f 2483//2378 2481//2376 2482//2377
f 2485//2380 2483//2378 2484//2379
f 2487//2382 2485//2380 2486//2381
f 2488//2383 2473//2368 2474//2369
f 2489//2384 2474//2369 2477//2372
f 2490//2385 2477//2372 2479//2374
f 2491//2386 2479//2374 2481//2376
f 2493//2388 2492//2387 2481//2376
f 2494//2389 2493//2388 2483//2378
f 2495//2390 2494//2389 2485//2380
f 2496//2391 2488//2383 2489//2384
f 2497//2392 2489//2384 2490//2385
f 2498//2393 2490//2385 2491//2386
f 2500//2395 2499//2394 2491//2386
f 2501//2396 2500//2395 2492//2387
f 2502//2397 2501//2396 2493//2388
f 2191//2086 2502//2397 2494//2389
f 2503//2398 2496//2391 2497//2392
f 2504//2399 2497//2392 2498//2393
f 2506//2401 2505//2400 2498//2393
f 2507//2402 2506//2401 2499//2394
f 2508//2403 2507//2402 2500//2395
f 2509//2404 2508//2403 2501//2396
f 2510//2405 2509//2404 2502//2397
f 2511//2406 2503//2398 2504//2399
f 2513//2408 2512//2407 2504//2399
f 2514//2409 2513//2408 2505//2400
f 2515//2410 2514//2409 2506//2401
f 2516//2411 2515//2410 2507//2402
f 2517//2412 2516//2411 2508//2403
f 2176//2071 2517//2412 2509//2404
f 2518//2413 2511//2406 2512//2407
f 2520//2415 2519//2414 2512//2407
f 2521//2416 2520//2415 2513//2408
f 2522//2417 2521//2416 2514//2409
f 2523//2418 2522//2417 2515//2410
f 2524//2419 2523//2418 2516//2411
f 2167//2062 2524//2419 2517//2412
f 2526//2421 2525//2420 2518//2413
f 2527//2422 2526//2421 2519//2414
f 2528//2423 2527//2422 2520//2415
f 2529//2424 2528//2423 2521//2416
f 2530//2425 2529//2424 2522//2417
f 2531//2426 2530//2425 2523//2418
f 2168//2063 2531//2426 2524//2419
f 2532//2427 2535//2430 2534//2429
f 2533//2428 2534//2429 2537//2432
f 2536//2431 2537//2432 2539//2434
f 2538//2433 2539//2434 2541//2436
f 2540//2435 2541//2436 2543//2438
f 2542//2437 2543//2438 2545//2440
f 2473//2368 2544//2439 2545//2440
f 2546//2441 2532//2427 2533//2428
f 2547//2442 2533//2428 2536//2431
f 2548//2443 2536//2431 2538//2433
f 2549//2444 2538//2433 2540//2435
f 2551//2446 2550//2445 2540//2435
f 2552//2447 2551//2446 2542//2437
f 2488//2383 2552//2447 2544//2439
f 2553//2448 2546//2441 2547//2442
f 2554//2449 2547//2442 2548//2443
f 2555//2450 2548//2443 2549//2444
f 2556//2451 2549//2444 2550//2445
f 2558//2453 2557//2452 2550//2445
f 2559//2454 2558//2453 2551//2446
f 2496//2391 2559//2454 2552//2447
f 2560//2455 2553//2448 2554//2449
f 2561//2456 2554//2449 2555//2450
f 2562//2457 2555//2450 2556//2451
f 2563//2458 2556//2451 2557//2452
f 2565//2460 2564//2459 2557//2452
f 2566//2461 2565//2460 2558//2453
f 2503//2398 2566//2461 2559//2454
f 2567//2462 2560//2455 2561//2456
f 2568//2463 2561//2456 2562//2457
f 2569//2464 2562//2457 2563//2458
f 2570//2465 2563//2458 2564//2459
f 2572//2467 2571//2466 2564//2459
f 2573//2468 2572//2467 2565//2460
f 2511//2406 2573//2468 2566//2461
f 2574//2469 2567//2462 2568//2463
f 2575//2470 2568//2463 2569//2464
f 2576//2471 2569//2464 2570//2465
f 2577//2472 2570//2465 2571//2466
f 2578//2473 2571//2466 2572//2467
f 2580//2475 2579//2474 2572//2467
f 2518//2413 2580//2475 2573//2468
f 2581//2476 2574//2469 2575//2470
f 2582//2477 2575//2470 2576//2471
f 2583//2478 2576//2471 2577//2472
f 2584//2479 2577//2472 2578//2473
f 2585//2480 2578//2473 2579//2474
f 2586//2481 2579//2474 2580//2475
f 2525//2420 2587//2482 2580//2475
f 2588//2483 2591//2486 2590//2485
f 2592//2487 2589//2484 2590//2485
f 2594//2489 2592//2487 2593//2488
f 2594//2489 2595//2490 2597//2492
f 2596//2491 2597//2492 2599//2494
f 2598//2493 2599//2494 2601//2496
f 2600//2495 2601//2496 2535//2430
f 2602//2497 2588//2483 2589//2484
f 2603//2498 2589//2484 2592//2487
f 2604//2499 2592//2487 2594//2489
f 2605//2500 2594//2489 2596//2491
f 2606//2501 2596//2491 2598//2493
f 2607//2502 2598//2493 2600//2495
f 2608//2503 2600//2495 2532//2427
f 2609//2504 2602//2497 2603//2498
f 2610//2505 2603//2498 2604//2499
f 2611//2506 2604//2499 2605//2500
f 2612//2507 2605//2500 2606//2501
f 2613//2508 2606//2501 2607//2502
f 2614//2509 2607//2502 2608//2503
f 2615//2510 2608//2503 2546//2441
f 2616//2511 2609//2504 2610//2505
f 2617//2512 2610//2505 2611//2506
f 2618//2513 2611//2506 2612//2507
f 2619//2514 2612//2507 2613//2508
f 2620//2515 2613//2508 2614//2509
f 2621//2516 2614//2509 2615//2510
f 2622//2517 2615//2510 2553//2448
f 2623//2518 2616//2511 2617//2512
f 2624//2519 2617//2512 2618//2513
f 2625//2520 2618//2513 2619//2514
f 2626//2521 2619//2514 2620//2515
f 2627//2522 2620//2515 2621//2516
f 2628//2523 2621//2516 2622//2517
f 2629//2524 2622//2517 2560//2455
f 2630//2525 2623//2518 2624//2519
f 2631//2526 2624//2519 2625//2520
f 2632//2527 2625//2520 2626//2521
f 2633//2528 2626//2521 2627//2522
f 2634//2529 2627//2522 2628//2523
f 2635//2530 2628//2523 2629//2524
f 2636//2531 2629//2524 2567//2462
f 2637//2532 2630//2525 2631//2526
f 2638//2533 2631//2526 2632//2527
f 2639//2534 2632//2527 2633//2528
f 2640//2535 2633//2528 2634//2529
f 2641//2536 2634//2529 2635//2530
f 2642//2537 2635//2530 2636//2531
f 2643//2538 2636//2531 2574//2469
f 2645//2540 2644//2539 2647//2542
f 2645//2540 2646//2541 2649//2544
f 2648//2543 2649//2544 2651//2546
f 2650//2545 2651//2546 2653//2548
f 2652//2547 2653//2548 2655//2550
f 2654//2549 2655//2550 2657//2552
f 2656//2551 2657//2552 2591//2486
f 2659//2554 2658//2553 2644//2539
f 2659//2554 2645//2540 2648//2543
f 2660//2555 2648//2543 2650//2545
f 2661//2556 2650//2545 2652//2547
f 2662//2557 2652//2547 2654//2549
f 2663//2558 2654//2549 2656//2551
f 2664//2559 2656//2551 2588//2483
f 2666//2561 2665//2560 2658//2553
f 2667//2562 2666//2561 2659//2554
f 2667//2562 2660//2555 2661//2556
f 2668//2563 2661//2556 2662//2557
f 2669//2564 2662//2557 2663//2558
f 2670//2565 2663//2558 2664//2559
f 2671//2566 2664//2559 2602//2497
f 2673//2568 2672//2567 2665//2560
f 2674//2569 2673//2568 2666//2561
f 2674//2569 2667//2562 2668//2563
f 2675//2570 2668//2563 2669//2564
f 2676//2571 2669//2564 2670//2565
f 2677//2572 2670//2565 2671//2566
f 2678//2573 2671//2566 2609//2504
f 2680//2575 2679//2574 2672//2567
f 2681//2576 2680//2575 2673//2568
f 2681//2576 2674//2569 2675//2570
f 2683//2578 2682//2577 2675//2570
f 2684//2579 2683//2578 2676//2571
f 2685//2580 2684//2579 2677//2572
f 2685//2580 2678//2573 2616//2511
f 2687//2582 2686//2581 2679//2574
f 2687//2582 2680//2575 2681//2576
f 2689//2584 2688//2583 2681//2576
f 2690//2585 2689//2584 2682//2577
f 2691//2586 2690//2585 2683//2578
f 2692//2587 2691//2586 2684//2579
f 2692//2587 2685//2580 2623//2518
f 2694//2589 2693//2588 2686//2581
f 2694//2589 2687//2582 2688//2583
f 2696//2591 2695//2590 2688//2583
f 2697//2592 2696//2591 2689//2584
f 2698//2593 2697//2592 2690//2585
f 2699//2594 2698//2593 2691//2586
f 2699//2594 2692//2587 2630//2525
f 2701//2596 2700//2595 2703//2598
f 2704//2599 2701//2596 2702//2597
f 2706//2601 2704//2599 2705//2600
f 2708//2603 2706//2601 2707//2602
f 2710//2605 2708//2603 2709//2604
f 2712//2607 2710//2605 2711//2606
f 2644//2539 2712//2607 2713//2608
f 2715//2610 2714//2609 2700//2595
f 2716//2611 2715//2610 2701//2596
f 2717//2612 2716//2611 2704//2599
f 2718//2613 2717//2612 2706//2601
f 2719//2614 2718//2613 2708//2603
f 2720//2615 2719//2614 2710//2605
f 2658//2553 2720//2615 2712//2607
f 2722//2617 2721//2616 2714//2609
f 2723//2618 2722//2617 2715//2610
f 2724//2619 2723//2618 2716//2611
f 2725//2620 2724//2619 2717//2612
f 2726//2621 2725//2620 2718//2613
f 2727//2622 2726//2621 2719//2614
f 2665//2560 2727//2622 2720//2615
f 2729//2624 2728//2623 2721//2616
f 2730//2625 2729//2624 2722//2617
f 2731//2626 2730//2625 2723//2618
f 2732//2627 2731//2626 2724//2619
f 2733//2628 2732//2627 2725//2620
f 2734//2629 2733//2628 2726//2621
f 2672//2567 2734//2629 2727//2622
f 2736//2631 2735//2630 2728//2623
f 2737//2632 2736//2631 2729//2624
f 2738//2633 2737//2632 2730//2625
f 2739//2634 2738//2633 2731//2626
f 2740//2635 2739//2634 2732//2627
f 2741//2636 2740//2635 2733//2628
f 2679//2574 2741//2636 2734//2629
f 2743//2638 2742//2637 2735//2630
f 2744//2639 2743//2638 2736//2631
f 2745//2640 2744//2639 2737//2632
f 2746//2641 2745//2640 2738//2633
f 2747//2642 2746//2641 2739//2634
f 2748//2643 2747//2642 2740//2635
f 2686//2581 2748//2643 2741//2636
f 2750//2645 2749//2644 2742//2637
f 2751//2646 2750//2645 2743//2638
f 2752//2647 2751//2646 2744//2639
f 2753//2648 2752//2647 2745//2640
f 2754//2649 2753//2648 2746//2641
f 2755//2650 2754//2649 2747//2642
f 2693//2588 2755//2650 2748//2643
f 2756//2651 2759//2654 2758//2653
f 2757//2652 2758//2653 2761//2656
f 2760//2655 2761//2656 2763//2658
f 2762//2657 2763//2658 2765//2660
f 2764//2659 2765//2660 2767//2662
f 2766//2661 2767//2662 2769//2664
f 2700//2595 2768//2663 2769//2664
f 2770//2665 2756//2651 2757//2652
f 2771//2666 2757//2652 2760//2655
f 2772//2667 2760//2655 2762//2657
f 2773//2668 2762//2657 2764//2659
f 2774//2669 2764//2659 2766//2661
f 2775//2670 2766//2661 2768//2663
f 2714//2609 2776//2671 2768//2663
f 2777//2672 2770//2665 2771//2666
f 2778//2673 2771//2666 2772//2667
f 2779//2674 2772//2667 2773//2668
f 2780//2675 2773//2668 2774//2669
f 2781//2676 2774//2669 2775//2670
f 2782//2677 2775//2670 2776//2671
f 2721//2616 2783//2678 2776//2671
f 2784//2679 2777//2672 2778//2673
f 2785//2680 2778//2673 2779//2674
f 2786//2681 2779//2674 2780//2675
f 2787//2682 2780//2675 2781//2676
f 2788//2683 2781//2676 2782//2677
f 2789//2684 2782//2677 2783//2678
f 2728//2623 2790//2685 2783//2678
f 2791//2686 2784//2679 2785//2680
f 2792//2687 2785//2680 2786//2681
f 2793//2688 2786//2681 2787//2682
f 2794//2689 2787//2682 2788//2683
f 2795//2690 2788//2683 2789//2684
f 2796//2691 2789//2684 2790//2685
f 2735//2630 2797//2692 2790//2685
f 2799//2694 2798//2693 2791//2686
f 2800//2695 2799//2694 2792//2687
f 2801//2696 2800//2695 2793//2688
f 2802//2697 2801//2696 2794//2689
f 2803//2698 2802//2697 2795//2690
f 2804//2699 2803//2698 2796//2691
f 2742//2637 2804//2699 2797//2692
f 2806//2701 2805//2700 2798//2693
f 2807//2702 2806//2701 2799//2694
f 2808//2703 2807//2702 2800//2695
f 2809//2704 2808//2703 2801//2696
f 2810//2705 2809//2704 2802//2697
f 2811//2706 2810//2705 2803//2698
f 2749//2644 2811//2706 2804//2699
f 2813//2708 2812//2707 2815//2710
f 2816//2711 2813//2708 2814//2709
f 2818//2713 2816//2711 2817//2712
f 2820//2715 2818//2713 2819//2714
f 2822//2717 2820//2715 2821//2716
f 2824//2719 2822//2717 2823//2718
f 2756//2651 2824//2719 2825//2720
f 2826//2721 3878//3773 2812//2707
f 2827//2722 2826//2721 2813//2708
f 2828//2723 2827//2722 2816//2711
f 2829//2724 2828//2723 2818//2713
f 2830//2725 2829//2724 2820//2715
f 2831//2726 2830//2725 2822//2717
f 2770//2665 2831//2726 2824//2719
f 2833//2728 2832//2727 3878//3773
f 2834//2729 2833//2728 2826//2721
f 2835//2730 2834//2729 2827//2722
f 2836//2731 2835//2730 2828//2723
f 2837//2732 2836//2731 2829//2724
f 2838//2733 2837//2732 2830//2725
f 2777//2672 2838//2733 2831//2726
f 2839//2734 3865//3760 2832//2727
f 2840//2735 2839//2734 2833//2728
f 2841//2736 2840//2735 2834//2729
f 2842//2737 2841//2736 2835//2730
f 2843//2738 2842//2737 2836//2731
f 2844//2739 2843//2738 2837//2732
f 2784//2679 2844//2739 2838//2733
f 2846//2741 2845//2740 3865//3760
f 2847//2742 2846//2741 2839//2734
f 2848//2743 2847//2742 2840//2735
f 2849//2744 2848//2743 2841//2736
f 2850//2745 2849//2744 2842//2737
f 2851//2746 2850//2745 2843//2738
f 2851//2746 2844//2739 2784//2679
f 2852//2747 3852//3747 2845//2740
f 2853//2748 2852//2747 2846//2741
f 2854//2749 2853//2748 2847//2742
f 2855//2750 2854//2749 2848//2743
f 2856//2751 2855//2750 2849//2744
f 2856//2751 2850//2745 2851//2746
f 2857//2752 2851//2746 2791//2686
f 2859//2754 2858//2753 3852//3747
f 2860//2755 2859//2754 2852//2747
f 2861//2756 2860//2755 2853//2748
f 3500//3395 2861//2756 2854//2749
f 3500//3395 2855//2750 2856//2751
f 2862//2757 2856//2751 2857//2752
f 3487//3382 2857//2752 2798//2693
f 2864//2759 2863//2758 2866//2761
f 2867//2762 2864//2759 2865//2760
f 2869//2764 2867//2762 2868//2763
f 2871//2766 2869//2764 2870//2765
f 2873//2768 2871//2766 2872//2767
f 2875//2770 2873//2768 2874//2769
f 225//225 2875//2770 2876//2771
f 2878//2773 2877//2772 2863//2758
f 2879//2774 2878//2773 2864//2759
f 2880//2775 2879//2774 2867//2762
f 2881//2776 2880//2775 2869//2764
f 2882//2777 2881//2776 2871//2766
f 2883//2778 2882//2777 2873//2768
f 223//223 2883//2778 2875//2770
f 2885//2780 2884//2779 2877//2772
f 2886//2781 2885//2780 2878//2773
f 2887//2782 2886//2781 2879//2774
f 2888//2783 2887//2782 2880//2775
f 2889//2784 2888//2783 2881//2776
f 2890//2785 2889//2784 2882//2777
f 2891//2786 2890//2785 2883//2778
f 2893//2788 2892//2787 2884//2779
f 2894//2789 2893//2788 2885//2780
f 2895//2790 2894//2789 2886//2781
f 2896//2791 2895//2790 2887//2782
f 2897//2792 2896//2791 2888//2783
f 2898//2793 2897//2792 2889//2784
f 2899//2794 2898//2793 2890//2785
f 2901//2796 2900//2795 2892//2787
f 2902//2797 2901//2796 2893//2788
f 2903//2798 2902//2797 2894//2789
f 2904//2799 2903//2798 2895//2790
f 2905//2800 2904//2799 2896//2791
f 2906//2801 2905//2800 2897//2792
f 219//219 2906//2801 2898//2793
f 2908//2803 2907//2802 2900//2795
f 2909//2804 2908//2803 2901//2796
f 2910//2805 2909//2804 2902//2797
f 2911//2806 2910//2805 2903//2798
f 2912//2807 2911//2806 2904//2799
f 2913//2808 2912//2807 2905//2800
f 217//217 2913//2808 2906//2801
f 1278//1173 1279//1174 2907//2802
f 1287//1182 1278//1173 2908//2803
f 1295//1190 1287//1182 2909//2804
f 1303//1198 1295//1190 2910//2805
f 1311//1206 1303//1198 2911//2806
f 1319//1214 1311//1206 2912//2807
f 76//76 1319//1214 2913//2808
f 2914//2809 2917//2812 2916//2811
f 2915//2810 2916//2811 2919//2814
f 2918//2813 2919//2814 2921//2816
f 2920//2815 2921//2816 2923//2818
f 2924//2819 2922//2817 2923//2818
f 2926//2821 2924//2819 2925//2820
f 2863//2758 2926//2821 2927//2822
f 2929//2824 2928//2823 2914//2809
f 2930//2825 2929//2824 2915//2810
f 2931//2826 2930//2825 2918//2813
f 2932//2827 2931//2826 2920//2815
f 2933//2828 2932//2827 2922//2817
f 2934//2829 2933//2828 2924//2819
f 2877//2772 2934//2829 2926//2821
f 2936//2831 2935//2830 2928//2823
f 2937//2832 2936//2831 2929//2824
f 2938//2833 2937//2832 2930//2825
f 2939//2834 2938//2833 2931//2826
f 2940//2835 2939//2834 2932//2827
f 2941//2836 2940//2835 2933//2828
f 2884//2779 2941//2836 2934//2829
f 2943//2838 2942//2837 2935//2830
f 2944//2839 2943//2838 2936//2831
f 2945//2840 2944//2839 2937//2832
f 2946//2841 2945//2840 2938//2833
f 2947//2842 2946//2841 2939//2834
f 2948//2843 2947//2842 2940//2835
f 2892//2787 2948//2843 2941//2836
f 2950//2845 2949//2844 2942//2837
f 2951//2846 2950//2845 2943//2838
f 2952//2847 2951//2846 2944//2839
f 2953//2848 2952//2847 2945//2840
f 2954//2849 2953//2848 2946//2841
f 2955//2850 2954//2849 2947//2842
f 2900//2795 2955//2850 2948//2843
f 2957//2852 2956//2851 2949//2844
f 2958//2853 2957//2852 2950//2845
f 2959//2854 2958//2853 2951//2846
f 2960//2855 2959//2854 2952//2847
f 2961//2856 2960//2855 2953//2848
f 2961//2856 2954//2849 2955//2850
f 2962//2857 2955//2850 2900//2795
f 1279//1174 2956//2851 2957//2852
f 1279//1174 2957//2852 2958//2853
f 1279//1174 2958//2853 2959//2854
f 1279//1174 2959//2854 2960//2855
f 1279//1174 2960//2855 2961//2856
f 1279//1174 2961//2856 2962//2857
f 1279//1174 2962//2857 2907//2802
f 2964//2859 2963//2858 2966//2861
f 2967//2862 2964//2859 2965//2860
f 2969//2864 2967//2862 2968//2863
f 2971//2866 2969//2864 2970//2865
f 2973//2868 2971//2866 2972//2867
f 2975//2870 2973//2868 2974//2869
f 2914//2809 2975//2870 4029//3924
f 2977//2872 2976//2871 2963//2858
f 2978//2873 2977//2872 2964//2859
f 2979//2874 2978//2873 2967//2862
f 2980//2875 2979//2874 2969//2864
f 2981//2876 2980//2875 2971//2866
f 2982//2877 2981//2876 2973//2868
f 2928//2823 2982//2877 2975//2870
f 2984//2879 2983//2878 2976//2871
f 2985//2880 2984//2879 2977//2872
f 2986//2881 2985//2880 2978//2873
f 2987//2882 2986//2881 2979//2874
f 2988//2883 2987//2882 2980//2875
f 2989//2884 2988//2883 2981//2876
f 2935//2830 2989//2884 2982//2877
f 2991//2886 2990//2885 2983//2878
f 2992//2887 2991//2886 2984//2879
f 2993//2888 2992//2887 2985//2880
f 2994//2889 2993//2888 2986//2881
f 2995//2890 2994//2889 2987//2882
f 2996//2891 2995//2890 2988//2883
f 2942//2837 2996//2891 2989//2884
f 2998//2893 2997//2892 2990//2885
f 2999//2894 2998//2893 2991//2886
f 3000//2895 2999//2894 2992//2887
f 3001//2896 3000//2895 2993//2888
f 3002//2897 3001//2896 2994//2889
f 3003//2898 3002//2897 2995//2890
f 2949//2844 3003//2898 2996//2891
f 3005//2900 3004//2899 2997//2892
f 3006//2901 3005//2900 2998//2893
f 3007//2902 3006//2901 2999//2894
f 3008//2903 3007//2902 3000//2895
f 3009//2904 3008//2903 3001//2896
f 3010//2905 3009//2904 3002//2897
f 2956//2851 3010//2905 3003//2898
f 1724//1619 1725//1620 3004//2899
f 1733//1628 1724//1619 3005//2900
f 1741//1636 1733//1628 3006//2901
f 1749//1644 1741//1636 3007//2902
f 1757//1652 1749//1644 3008//2903
f 1765//1660 1757//1652 3009//2904
f 1279//1174 1765//1660 3010//2905
f 3011//2906 2534//2429 2535//2430
f 3013//2908 3011//2906 3012//2907
f 3015//2910 3013//2908 3014//2909
f 3016//2911 3015//2910 3087//2982
f 3018//2913 3016//2911 3017//2912
f 3019//2914 3018//2913 3072//2967
f 2963//2858 3019//2914 3020//2915
f 3021//2916 2537//2432 2534//2429
f 3022//2917 3021//2916 3011//2906
f 3023//2918 3022//2917 3013//2908
f 3024//2919 3023//2918 3015//2910
f 3025//2920 3024//2919 3016//2911
f 3026//2921 3025//2920 3018//2913
f 2976//2871 3026//2921 3019//2914
f 3027//2922 2539//2434 2537//2432
f 3028//2923 3027//2922 3021//2916
f 3029//2924 3028//2923 3022//2917
f 3030//2925 3029//2924 3023//2918
f 3031//2926 3030//2925 3024//2919
f 3032//2927 3031//2926 3025//2920
f 2983//2878 3032//2927 3026//2921
f 3033//2928 2541//2436 2539//2434
f 3034//2929 3033//2928 3027//2922
f 3035//2930 3034//2929 3028//2923
f 3036//2931 3035//2930 3029//2924
f 3037//2932 3036//2931 3030//2925
f 3038//2933 3037//2932 3031//2926
f 2990//2885 3038//2933 3032//2927
f 3039//2934 2543//2438 2541//2436
f 3040//2935 3039//2934 3033//2928
f 3041//2936 3040//2935 3034//2929
f 3042//2937 3041//2936 3035//2930
f 3043//2938 3042//2937 3036//2931
f 3043//2938 3037//2932 3038//2933
f 3044//2939 3038//2933 2990//2885
f 3045//2940 2545//2440 2543//2438
f 3046//2941 3045//2940 3039//2934
f 3047//2942 3046//2941 3040//2935
f 3048//2943 3047//2942 3041//2936
f 3049//2944 3048//2943 3042//2937
f 3049//2944 3043//2938 3044//2939
f 3050//2945 3044//2939 2997//2892
f 2475//2370 2476//2371 2545//2440
f 2478//2373 2475//2370 3045//2940
f 2480//2375 2478//2373 3046//2941
f 2482//2377 2480//2375 3047//2942
f 2482//2377 3048//2943 3049//2944
f 2484//2379 3049//2944 3050//2945
f 2486//2381 3050//2945 3004//2899
f 3051//2946 3054//2949 3053//2948
f 3052//2947 3053//2948 3056//2951
f 3055//2950 3056//2951 3058//2953
f 3057//2952 3058//2953 3060//2955
f 3059//2954 3060//2955 3062//2957
f 3061//2956 3062//2957 3064//2959
f 3063//2958 3064//2959 2966//2861
f 3065//2960 3051//2946 3052//2947
f 3066//2961 3052//2947 3055//2950
f 3067//2962 3055//2950 3057//2952
f 3068//2963 3057//2952 3059//2954
f 3069//2964 3059//2954 3061//2956
f 3070//2965 3061//2956 3063//2958
f 3071//2966 3063//2958 3020//2915
f 3073//2968 3065//2960 3066//2961
f 3074//2969 3066//2961 3067//2962
f 3075//2970 3067//2962 3068//2963
f 3076//2971 3068//2963 3069//2964
f 3077//2972 3069//2964 3070//2965
f 3078//2973 3070//2965 3071//2966
f 3079//2974 3071//2966 3072//2967
f 3080//2975 3073//2968 3074//2969
f 3081//2976 3074//2969 3075//2970
f 3082//2977 3075//2970 3076//2971
f 3083//2978 3076//2971 3077//2972
f 3084//2979 3077//2972 3078//2973
f 3085//2980 3078//2973 3079//2974
f 3086//2981 3079//2974 3017//2912
f 3088//2983 3080//2975 3081//2976
f 3089//2984 3081//2976 3082//2977
f 3090//2985 3082//2977 3083//2978
f 3091//2986 3083//2978 3084//2979
f 3092//2987 3084//2979 3085//2980
f 3093//2988 3085//2980 3086//2981
f 3094//2989 3086//2981 3087//2982
f 3095//2990 3088//2983 3089//2984
f 3096//2991 3089//2984 3090//2985
f 3097//2992 3090//2985 3091//2986
f 3098//2993 3091//2986 3092//2987
f 3099//2994 3092//2987 3093//2988
f 3100//2995 3093//2988 3094//2989
f 3101//2996 3094//2989 3014//2909
f 2591//2486 3095//2990 3096//2991
f 2590//2485 3096//2991 3097//2992
f 2593//2488 3097//2992 3098//2993
f 2595//2490 3098//2993 3099//2994
f 2597//2492 3099//2994 3100//2995
f 2599//2494 3100//2995 3101//2996
f 2601//2496 3101//2996 3012//2907
f 3102//2997 3105//3000 3104//2999
f 3103//2998 3104//2999 3107//3002
f 3106//3001 3107//3002 3109//3004
f 3108//3003 3109//3004 3111//3006
f 3110//3005 3111//3006 3113//3008
f 3114//3009 3112//3007 3113//3008
f 3051//2946 3114//3009 3115//3010
f 3116//3011 3102//2997 3103//2998
f 3117//3012 3103//2998 3106//3001
f 3118//3013 3106//3001 3108//3003
f 3119//3014 3108//3003 3110//3005
f 3120//3015 3110//3005 3112//3007
f 3121//3016 3112//3007 3114//3009
f 3122//3017 3114//3009 3051//2946
f 3123//3018 3116//3011 3117//3012
f 3124//3019 3117//3012 3118//3013
f 3125//3020 3118//3013 3119//3014
f 3126//3021 3119//3014 3120//3015
f 3127//3022 3120//3015 3121//3016
f 3128//3023 3121//3016 3122//3017
f 3129//3024 3122//3017 3065//2960
f 3130//3025 3123//3018 3124//3019
f 3131//3026 3124//3019 3125//3020
f 3132//3027 3125//3020 3126//3021
f 3133//3028 3126//3021 3127//3022
f 3134//3029 3127//3022 3128//3023
f 3135//3030 3128//3023 3129//3024
f 3136//3031 3129//3024 3073//2968
f 3137//3032 3130//3025 3131//3026
f 3138//3033 3131//3026 3132//3027
f 3139//3034 3132//3027 3133//3028
f 3140//3035 3133//3028 3134//3029
f 3141//3036 3134//3029 3135//3030
f 3142//3037 3135//3030 3136//3031
f 3143//3038 3136//3031 3080//2975
f 3144//3039 3137//3032 3138//3033
f 3145//3040 3138//3033 3139//3034
f 3146//3041 3139//3034 3140//3035
f 3147//3042 3140//3035 3141//3036
f 3148//3043 3141//3036 3142//3037
f 3149//3044 3142//3037 3143//3038
f 3150//3045 3143//3038 3088//2983
f 2646//2541 2647//2542 3144//3039
f 2646//2541 3145//3040 3146//3041
f 2649//2544 3146//3041 3147//3042
f 2651//2546 3147//3042 3148//3043
f 2653//2548 3148//3043 3149//3044
f 2655//2550 3149//3044 3150//3045
f 2657//2552 3150//3045 3095//2990
f 3152//3047 3151//3046 3154//3049
f 3155//3050 3152//3047 3153//3048
f 3157//3052 3155//3050 3156//3051
f 3159//3054 3157//3052 3158//3053
f 3161//3056 3159//3054 3160//3055
f 3163//3058 3161//3056 3162//3057
f 3102//2997 3163//3058 3164//3059
f 3166//3061 3165//3060 3151//3046
f 3167//3062 3166//3061 3152//3047
f 3168//3063 3167//3062 3155//3050
f 3169//3064 3168//3063 3157//3052
f 3170//3065 3169//3064 3159//3054
f 3171//3066 3170//3065 3161//3056
f 3116//3011 3171//3066 3163//3058
f 3173//3068 3172//3067 3165//3060
f 3174//3069 3173//3068 3166//3061
f 3175//3070 3174//3069 3167//3062
f 3176//3071 3175//3070 3168//3063
f 3177//3072 3176//3071 3169//3064
f 3178//3073 3177//3072 3170//3065
f 3123//3018 3178//3073 3171//3066
f 3180//3075 3179//3074 3172//3067
f 3181//3076 3180//3075 3173//3068
f 3182//3077 3181//3076 3174//3069
f 3183//3078 3182//3077 3175//3070
f 3184//3079 3183//3078 3176//3071
f 3185//3080 3184//3079 3177//3072
f 3130//3025 3185//3080 3178//3073
f 3187//3082 3186//3081 3179//3074
f 3188//3083 3187//3082 3180//3075
f 3189//3084 3188//3083 3181//3076
f 3190//3085 3189//3084 3182//3077
f 3191//3086 3190//3085 3183//3078
f 3192//3087 3191//3086 3184//3079
f 3137//3032 3192//3087 3185//3080
f 3194//3089 3193//3088 3186//3081
f 3195//3090 3194//3089 3187//3082
f 3196//3091 3195//3090 3188//3083
f 3197//3092 3196//3091 3189//3084
f 3198//3093 3197//3092 3190//3085
f 3199//3094 3198//3093 3191//3086
f 3144//3039 3199//3094 3192//3087
f 2702//2597 2703//2598 3193//3088
f 2705//2600 2702//2597 3194//3089
f 2707//2602 2705//2600 3195//3090
f 2709//2604 2707//2602 3196//3091
f 2711//2606 2709//2604 3197//3092
f 2713//2608 2711//2606 3198//3093
f 2647//2542 2713//2608 3199//3094
f 2814//2709 2815//2710 3201//3096
f 3200//3095 3201//3096 3203//3098
f 3202//3097 3203//3098 3205//3100
f 3204//3099 3205//3100 3207//3102
f 3206//3101 3207//3102 3209//3104
f 3208//3103 3209//3104 3211//3106
f 3151//3046 3210//3105 3211//3106
f 2817//2712 2814//2709 3200//3095
f 3212//3107 3200//3095 3202//3097
f 3213//3108 3202//3097 3204//3099
f 3214//3109 3204//3099 3206//3101
f 3215//3110 3206//3101 3208//3103
f 3216//3111 3208//3103 3210//3105
f 3165//3060 3217//3112 3210//3105
f 2819//2714 2817//2712 3212//3107
f 3218//3113 3212//3107 3213//3108
f 3219//3114 3213//3108 3214//3109
f 3220//3115 3214//3109 3215//3110
f 3221//3116 3215//3110 3216//3111
f 3223//3118 3222//3117 3216//3111
f 3172//3067 3223//3118 3217//3112
f 2821//2716 2819//2714 3218//3113
f 3224//3119 3218//3113 3219//3114
f 3225//3120 3219//3114 3220//3115
f 3226//3121 3220//3115 3221//3116
f 3228//3123 3227//3122 3221//3116
f 3229//3124 3228//3123 3222//3117
f 3179//3074 3229//3124 3223//3118
f 2823//2718 2821//2716 3224//3119
f 3230//3125 3224//3119 3225//3120
f 3232//3127 3231//3126 3225//3120
f 3233//3128 3232//3127 3226//3121
f 3234//3129 3233//3128 3227//3122
f 3235//3130 3234//3129 3228//3123
f 3186//3081 3235//3130 3229//3124
f 2825//2720 2823//2718 3230//3125
f 3237//3132 3236//3131 3230//3125
f 3238//3133 3237//3132 3231//3126
f 3239//3134 3238//3133 3232//3127
f 3240//3135 3239//3134 3233//3128
f 3241//3136 3240//3135 3234//3129
f 3193//3088 3241//3136 3235//3130
f 2758//2653 2759//2654 2825//2720
f 2761//2656 2758//2653 3236//3131
f 2763//2658 2761//2656 3237//3132
f 2765//2660 2763//2658 3238//3133
f 2765//2660 3239//3134 3240//3135
f 2767//2662 3240//3135 3241//3136
f 2703//2598 2769//2664 3241//3136
f 3242//3137 2525//2420 2526//2421
f 3243//3138 2526//2421 2527//2422
f 3244//3139 2527//2422 2528//2423
f 3245//3140 2528//2423 2529//2424
f 3246//3141 2529//2424 2530//2425
f 3247//3142 2530//2425 2531//2426
f 3248//3143 2531//2426 2168//2063
f 3250//3145 3249//3144 3242//3137
f 3250//3145 3243//3138 3244//3139
f 3251//3146 3244//3139 3245//3140
f 3252//3147 3245//3140 3246//3141
f 3253//3148 3246//3141 3247//3142
f 3254//3149 3247//3142 3248//3143
f 3255//3150 3248//3143 2430//2325
f 3257//3152 3256//3151 3249//3144
f 3258//3153 3257//3152 3250//3145
f 3258//3153 3251//3146 3252//3147
f 3259//3154 3252//3147 3253//3148
f 3260//3155 3253//3148 3254//3149
f 3261//3156 3254//3149 3255//3150
f 3262//3157 3255//3150 2438//2333
f 3264//3159 3263//3158 3256//3151
f 3265//3160 3264//3159 3257//3152
f 3266//3161 3265//3160 3258//3153
f 3266//3161 3259//3154 3260//3155
f 3267//3162 3260//3155 3261//3156
f 3268//3163 3261//3156 3262//3157
f 3269//3164 3262//3157 2445//2340
f 3271//3166 3270//3165 3263//3158
f 3272//3167 3271//3166 3264//3159
f 3273//3168 3272//3167 3265//3160
f 3274//3169 3273//3168 3266//3161
f 3274//3169 3267//3162 3268//3163
f 3275//3170 3268//3163 3269//3164
f 3276//3171 3269//3164 2452//2347
f 3278//3173 3277//3172 3270//3165
f 3279//3174 3278//3173 3271//3166
f 3280//3175 3279//3174 3272//3167
f 3281//3176 3280//3175 3273//3168
f 3282//3177 3281//3176 3274//3169
f 3282//3177 3275//3170 3276//3171
f 3283//3178 3276//3171 2459//2354
f 3285//3180 3284//3179 3277//3172
f 3286//3181 3285//3180 3278//3173
f 3287//3182 3286//3181 3279//3174
f 3288//3183 3287//3182 3280//3175
f 3289//3184 3288//3183 3281//3176
f 3289//3184 3282//3177 3283//3178
f 3290//3185 3283//3178 2466//2361
f 3292//3187 3291//3186 2581//2476
f 3293//3188 3292//3187 2582//2477
f 3294//3189 3293//3188 2583//2478
f 3295//3190 3294//3189 2584//2479
f 3296//3191 3295//3190 2585//2480
f 3297//3192 3296//3191 2586//2481
f 3297//3192 2587//2482 2525//2420
f 3299//3194 3298//3193 3291//3186
f 3300//3195 3299//3194 3292//3187
f 3301//3196 3300//3195 3293//3188
f 3302//3197 3301//3196 3294//3189
f 3303//3198 3302//3197 3295//3190
f 3303//3198 3296//3191 3297//3192
f 3304//3199 3297//3192 3242//3137
f 3306//3201 3305//3200 3298//3193
f 3307//3202 3306//3201 3299//3194
f 3308//3203 3307//3202 3300//3195
f 3309//3204 3308//3203 3301//3196
f 3309//3204 3302//3197 3303//3198
f 3310//3205 3303//3198 3304//3199
f 3311//3206 3304//3199 3249//3144
f 3313//3208 3312//3207 3305//3200
f 3314//3209 3313//3208 3306//3201
f 3315//3210 3314//3209 3307//3202
f 3316//3211 3315//3210 3308//3203
f 3316//3211 3309//3204 3310//3205
f 3317//3212 3310//3205 3311//3206
f 3318//3213 3311//3206 3256//3151
f 3320//3215 3319//3214 3312//3207
f 3321//3216 3320//3215 3313//3208
f 3322//3217 3321//3216 3314//3209
f 3323//3218 3322//3217 3315//3210
f 3323//3218 3316//3211 3317//3212
f 3324//3219 3317//3212 3318//3213
f 3325//3220 3318//3213 3263//3158
f 3327//3222 3326//3221 3319//3214
f 3328//3223 3327//3222 3320//3215
f 3329//3224 3328//3223 3321//3216
f 3330//3225 3329//3224 3322//3217
f 3331//3226 3330//3225 3323//3218
f 3331//3226 3324//3219 3325//3220
f 3332//3227 3325//3220 3270//3165
f 3334//3229 3333//3228 3326//3221
f 3335//3230 3334//3229 3327//3222
f 3336//3231 3335//3230 3328//3223
f 3337//3232 3336//3231 3329//3224
f 3338//3233 3337//3232 3330//3225
f 3339//3234 3338//3233 3331//3226
f 3339//3234 3332//3227 3277//3172
f 3341//3236 3340//3235 2637//2532
f 3342//3237 3341//3236 2638//2533
f 3343//3238 3342//3237 2639//2534
f 3344//3239 3343//3238 2640//2535
f 3345//3240 3344//3239 2641//2536
f 3346//3241 3345//3240 2642//2537
f 3291//3186 3346//3241 2643//2538
f 3348//3243 3347//3242 3340//3235
f 3349//3244 3348//3243 3341//3236
f 3350//3245 3349//3244 3342//3237
f 3351//3246 3350//3245 3343//3238
f 3352//3247 3351//3246 3344//3239
f 3353//3248 3352//3247 3345//3240
f 3298//3193 3353//3248 3346//3241
f 3355//3250 3354//3249 3347//3242
f 3356//3251 3355//3250 3348//3243
f 3357//3252 3356//3251 3349//3244
f 3358//3253 3357//3252 3350//3245
f 3359//3254 3358//3253 3351//3246
f 3360//3255 3359//3254 3352//3247
f 3305//3200 3360//3255 3353//3248
f 3362//3257 3361//3256 3354//3249
f 3363//3258 3362//3257 3355//3250
f 3364//3259 3363//3258 3356//3251
f 3365//3260 3364//3259 3357//3252
f 3366//3261 3365//3260 3358//3253
f 3367//3262 3366//3261 3359//3254
f 3312//3207 3367//3262 3360//3255
f 3369//3264 3368//3263 3361//3256
f 3370//3265 3369//3264 3362//3257
f 3371//3266 3370//3265 3363//3258
f 3372//3267 3371//3266 3364//3259
f 3373//3268 3372//3267 3365//3260
f 3374//3269 3373//3268 3366//3261
f 3319//3214 3374//3269 3367//3262
f 3376//3271 3375//3270 3368//3263
f 3377//3272 3376//3271 3369//3264
f 3378//3273 3377//3272 3370//3265
f 3379//3274 3378//3273 3371//3266
f 3380//3275 3379//3274 3372//3267
f 3381//3276 3380//3275 3373//3268
f 3326//3221 3381//3276 3374//3269
f 3383//3278 3382//3277 3375//3270
f 3383//3278 3376//3271 3377//3272
f 3384//3279 3377//3272 3378//3273
f 3386//3281 3385//3280 3378//3273
f 3387//3282 3386//3281 3379//3274
f 3388//3283 3387//3282 3380//3275
f 3333//3228 3388//3283 3381//3276
f 3389//3284 2693//2588 2694//2589
f 3391//3286 3390//3285 2694//2589
f 3391//3286 2695//2590 2696//2591
f 3392//3287 2696//2591 2697//2592
f 3393//3288 2697//2592 2698//2593
f 3394//3289 2698//2593 2699//2594
f 3340//3235 3395//3290 2699//2594
f 3396//3291 3389//3284 3390//3285
f 3398//3293 3397//3292 3390//3285
f 3398//3293 3391//3286 3392//3287
f 3399//3294 3392//3287 3393//3288
f 3400//3295 3393//3288 3394//3289
f 3401//3296 3394//3289 3395//3290
f 3347//3242 3402//3297 3395//3290
f 3403//3298 3396//3291 3397//3292
f 3404//3299 3397//3292 3398//3293
f 3406//3301 3405//3300 3398//3293
f 3406//3301 3399//3294 3400//3295
f 3407//3302 3400//3295 3401//3296
f 3408//3303 3401//3296 3402//3297
f 3354//3249 3409//3304 3402//3297
f 3410//3305 3403//3298 3404//3299
f 3411//3306 3404//3299 3405//3300
f 3413//3308 3412//3307 3405//3300
f 3414//3309 3413//3308 3406//3301
f 3415//3310 3414//3309 3407//3302
f 3416//3311 3415//3310 3408//3303
f 3361//3256 3416//3311 3409//3304
f 3417//3312 3410//3305 3411//3306
f 3418//3313 3411//3306 3412//3307
f 3420//3315 3419//3314 3412//3307
f 3421//3316 3420//3315 3413//3308
f 3422//3317 3421//3316 3414//3309
f 3423//3318 3422//3317 3415//3310
f 3368//3263 3423//3318 3416//3311
f 3424//3319 3417//3312 3418//3313
f 3426//3321 3425//3320 3418//3313
f 3427//3322 3426//3321 3419//3314
f 3428//3323 3427//3322 3420//3315
f 3429//3324 3428//3323 3421//3316
f 3430//3325 3429//3324 3422//3317
f 3375//3270 3430//3325 3423//3318
f 3431//3326 3424//3319 3425//3320
f 3433//3328 3432//3327 3425//3320
f 3434//3329 3433//3328 3426//3321
f 3435//3330 3434//3329 3427//3322
f 3436//3331 3435//3330 3428//3323
f 3437//3332 3436//3331 3429//3324
f 3382//3277 3437//3332 3430//3325
f 3438//3333 2749//2644 2750//2645
f 3439//3334 2750//2645 2751//2646
f 3440//3335 2751//2646 2752//2647
f 3441//3336 2752//2647 2753//2648
f 3442//3337 2753//2648 2754//2649
f 3443//3338 2754//2649 2755//2650
f 3444//3339 2755//2650 2693//2588
f 3445//3340 3438//3333 3439//3334
f 3446//3341 3439//3334 3440//3335
f 3447//3342 3440//3335 3441//3336
f 3448//3343 3441//3336 3442//3337
f 3449//3344 3442//3337 3443//3338
f 3450//3345 3443//3338 3444//3339
f 3451//3346 3444//3339 3389//3284
f 3452//3347 3445//3340 3446//3341
f 3453//3348 3446//3341 3447//3342
f 3454//3349 3447//3342 3448//3343
f 3455//3350 3448//3343 3449//3344
f 3456//3351 3449//3344 3450//3345
f 3457//3352 3450//3345 3451//3346
f 3458//3353 3451//3346 3396//3291
f 3459//3354 3452//3347 3453//3348
f 3460//3355 3453//3348 3454//3349
f 3461//3356 3454//3349 3455//3350
f 3462//3357 3455//3350 3456//3351
f 3463//3358 3456//3351 3457//3352
f 3464//3359 3457//3352 3458//3353
f 3465//3360 3458//3353 3403//3298
f 3466//3361 3459//3354 3460//3355
f 3467//3362 3460//3355 3461//3356
f 3468//3363 3461//3356 3462//3357
f 3469//3364 3462//3357 3463//3358
f 3470//3365 3463//3358 3464//3359
f 3471//3366 3464//3359 3465//3360
f 3472//3367 3465//3360 3410//3305
f 3473//3368 3466//3361 3467//3362
f 3474//3369 3467//3362 3468//3363
f 3475//3370 3468//3363 3469//3364
f 3476//3371 3469//3364 3470//3365
f 3477//3372 3470//3365 3471//3366
f 3478//3373 3471//3366 3472//3367
f 3479//3374 3472//3367 3417//3312
f 3480//3375 3473//3368 3474//3369
f 3481//3376 3474//3369 3475//3370
f 3482//3377 3475//3370 3476//3371
f 3483//3378 3476//3371 3477//3372
f 3484//3379 3477//3372 3478//3373
f 3485//3380 3478//3373 3479//3374
f 3486//3381 3479//3374 3424//3319
f 3487//3382 2805//2700 2806//2701
f 3488//3383 2806//2701 2807//2702
f 3489//3384 2807//2702 2808//2703
f 3490//3385 2808//2703 2809//2704
f 3491//3386 2809//2704 2810//2705
f 3492//3387 2810//2705 2811//2706
f 3493//3388 2811//2706 2749//2644
f 2862//2757 3487//3382 3488//3383
f 3494//3389 3488//3383 3489//3384
f 3495//3390 3489//3384 3490//3385
f 3496//3391 3490//3385 3491//3386
f 3497//3392 3491//3386 3492//3387
f 3498//3393 3492//3387 3493//3388
f 3499//3394 3493//3388 3438//3333
f 3501//3396 3500//3395 2862//2757
f 3502//3397 3501//3396 3494//3389
f 3503//3398 3502//3397 3495//3390
f 3504//3399 3503//3398 3496//3391
f 3505//3400 3504//3399 3497//3392
f 3506//3401 3505//3400 3498//3393
f 3506//3401 3499//3394 3445//3340
f 3507//3402 2861//2756 3500//3395
f 3508//3403 3507//3402 3501//3396
f 3509//3404 3508//3403 3502//3397
f 3510//3405 3509//3404 3503//3398
f 3511//3406 3510//3405 3504//3399
f 3512//3407 3511//3406 3505//3400
f 3512//3407 3506//3401 3452//3347
f 3513//3408 2860//2755 2861//2756
f 3514//3409 3513//3408 3507//3402
f 3515//3410 3514//3409 3508//3403
f 3516//3411 3515//3410 3509//3404
f 3517//3412 3516//3411 3510//3405
f 3518//3413 3517//3412 3511//3406
f 3518//3413 3512//3407 3459//3354
f 3519//3414 2859//2754 2860//2755
f 3520//3415 3519//3414 3513//3408
f 3521//3416 3520//3415 3514//3409
f 3522//3417 3521//3416 3515//3410
f 3523//3418 3522//3417 3516//3411
f 3524//3419 3523//3418 3517//3412
f 3524//3419 3518//3413 3466//3361
f 3525//3420 2858//2753 2859//2754
f 3526//3421 3525//3420 3519//3414
f 3527//3422 3526//3421 3520//3415
f 3528//3423 3527//3422 3521//3416
f 3529//3424 3528//3423 3522//3417
f 3530//3425 3529//3424 3523//3418
f 3530//3425 3524//3419 3473//3368
f 3531//3426 1664//1559 1661//1556
f 3532//3427 1661//1556 1675//1570
f 3533//3428 1675//1570 1682//1577
f 3534//3429 1682//1577 1689//1584
f 3535//3430 1689//1584 1696//1591
f 3536//3431 1696//1591 1703//1598
f 3537//3432 1703//1598 940//835
f 3538//3433 3531//3426 3532//3427
f 3539//3434 3532//3427 3533//3428
f 3540//3435 3533//3428 3534//3429
f 3541//3436 3534//3429 3535//3430
f 3542//3437 3535//3430 3536//3431
f 3543//3438 3536//3431 3537//3432
f 3544//3439 3537//3432 998//893
f 3545//3440 3538//3433 3539//3434
f 3546//3441 3539//3434 3540//3435
f 3547//3442 3540//3435 3541//3436
f 3548//3443 3541//3436 3542//3437
f 3549//3444 3542//3437 3543//3438
f 3550//3445 3543//3438 3544//3439
f 3551//3446 3544//3439 996//891
f 3553//3448 3545//3440 3546//3441
f 3554//3449 3546//3441 3547//3442
f 3555//3450 3547//3442 3548//3443
f 3556//3451 3548//3443 3549//3444
f 3557//3452 3549//3444 3550//3445
f 3558//3453 3550//3445 3551//3446
f 3559//3454 3551//3446 3552//3447
f 3561//3456 3553//3448 3554//3449
f 3562//3457 3554//3449 3555//3450
f 3563//3458 3555//3450 3556//3451
f 3564//3459 3556//3451 3557//3452
f 3565//3460 3557//3452 3558//3453
f 3566//3461 3558//3453 3559//3454
f 3567//3462 3559//3454 3560//3455
f 3568//3463 3561//3456 3562//3457
f 3569//3464 3562//3457 3563//3458
f 3570//3465 3563//3458 3564//3459
f 3571//3466 3564//3459 3565//3460
f 3572//3467 3565//3460 3566//3461
f 3573//3468 3566//3461 3567//3462
f 3574//3469 3567//3462 992//887
f 3575//3470 3568//3463 3569//3464
f 3576//3471 3569//3464 3570//3465
f 3577//3472 3570//3465 3571//3466
f 3578//3473 3571//3466 3572//3467
f 3579//3474 3572//3467 3573//3468
f 3580//3475 3573//3468 3574//3469
f 3581//3476 3574//3469 990//885
f 3582//3477 3584//3479 3672//3567
f 3585//3480 3583//3478 3672//3567
f 3586//3481 3585//3480 3664//3559
f 3588//3483 3586//3481 3587//3482
f 3590//3485 3588//3483 3589//3484
f 3591//3486 3590//3485 3642//3537
f 3531//3426 3591//3486 3634//3529
f 3592//3487 3582//3477 3583//3478
f 3594//3489 3593//3488 3583//3478
f 3595//3490 3594//3489 3585//3480
f 3596//3491 3595//3490 3586//3481
f 3597//3492 3596//3491 3588//3483
f 3598//3493 3597//3492 3590//3485
f 3538//3433 3598//3493 3591//3486
f 3599//3494 3592//3487 3593//3488
f 3601//3496 3600//3495 3593//3488
f 3602//3497 3601//3496 3594//3489
f 3603//3498 3602//3497 3595//3490
f 3604//3499 3603//3498 3596//3491
f 3605//3500 3604//3499 3597//3492
f 3545//3440 3605//3500 3598//3493
f 3607//3502 3606//3501 3599//3494
f 3608//3503 3607//3502 3600//3495
f 3609//3504 3608//3503 3601//3496
f 3610//3505 3609//3504 3602//3497
f 3611//3506 3610//3505 3603//3498
f 3612//3507 3611//3506 3604//3499
f 3612//3507 3605//3500 3545//3440
f 3614//3509 3613//3508 3606//3501
f 3615//3510 3614//3509 3607//3502
f 3616//3511 3615//3510 3608//3503
f 3617//3512 3616//3511 3609//3504
f 3618//3513 3617//3512 3610//3505
f 3618//3513 3611//3506 3612//3507
f 3619//3514 3612//3507 3553//3448
f 3621//3516 3620//3515 3613//3508
f 3622//3517 3621//3516 3614//3509
f 3623//3518 3622//3517 3615//3510
f 3624//3519 3623//3518 3616//3511
f 3625//3520 3624//3519 3617//3512
f 3625//3520 3618//3513 3619//3514
f 3626//3521 3619//3514 3561//3456
f 3575//3470 3620//3515 3621//3516
f 3575//3470 3621//3516 3622//3517
f 3575//3470 3622//3517 3623//3518
f 3575//3470 3623//3518 3624//3519
f 3575//3470 3624//3519 3625//3520
f 3575//3470 3625//3520 3626//3521
f 3575//3470 3626//3521 3568//3463
f 3627//3522 2108//2003 2105//2000
f 3628//3523 2105//2000 2119//2014
f 3629//3524 2119//2014 2126//2021
f 3630//3525 2126//2021 2133//2028
f 3631//3526 2133//2028 2140//2035
f 3632//3527 2140//2035 2147//2042
f 3633//3528 2147//2042 1664//1559
f 3635//3530 3627//3522 3628//3523
f 3636//3531 3628//3523 3629//3524
f 3637//3532 3629//3524 3630//3525
f 3638//3533 3630//3525 3631//3526
f 3639//3534 3631//3526 3632//3527
f 3640//3535 3632//3527 3633//3528
f 3641//3536 3633//3528 3634//3529
f 3643//3538 3635//3530 3636//3531
f 3644//3539 3636//3531 3637//3532
f 3645//3540 3637//3532 3638//3533
f 3646//3541 3638//3533 3639//3534
f 3647//3542 3639//3534 3640//3535
f 3648//3543 3640//3535 3641//3536
f 3649//3544 3641//3536 3642//3537
f 3650//3545 3643//3538 3644//3539
f 3651//3546 3644//3539 3645//3540
f 3652//3547 3645//3540 3646//3541
f 3653//3548 3646//3541 3647//3542
f 3654//3549 3647//3542 3648//3543
f 3655//3550 3648//3543 3649//3544
f 3656//3551 3649//3544 3589//3484
f 3657//3552 3650//3545 3651//3546
f 3658//3553 3651//3546 3652//3547
f 3659//3554 3652//3547 3653//3548
f 3660//3555 3653//3548 3654//3549
f 3661//3556 3654//3549 3655//3550
f 3662//3557 3655//3550 3656//3551
f 3663//3558 3656//3551 3587//3482
f 3665//3560 3657//3552 3658//3553
f 3666//3561 3658//3553 3659//3554
f 3667//3562 3659//3554 3660//3555
f 3668//3563 3660//3555 3661//3556
f 3669//3564 3661//3556 3662//3557
f 3670//3565 3662//3557 3663//3558
f 3671//3566 3663//3558 3664//3559
f 3673//3568 3665//3560 3666//3561
f 3674//3569 3666//3561 3667//3562
f 3675//3570 3667//3562 3668//3563
f 4079//3974 3668//3563 3669//3564
f 3676//3571 3669//3564 3670//3565
f 3677//3572 3670//3565 3671//3566
f 4060//3955 3671//3566 3672//3567
f 3339//3234 3284//3179 3285//3180
f 3678//3573 3285//3180 3286//3181
f 3679//3574 3286//3181 3287//3182
f 3680//3575 3287//3182 3288//3183
f 3682//3577 3681//3576 3288//3183
f 3683//3578 3682//3577 3289//3184
f 3627//3522 3683//3578 3290//3185
f 3338//3233 3339//3234 3678//3573
f 3684//3579 3678//3573 3679//3574
f 3685//3580 3679//3574 3680//3575
f 3686//3581 3680//3575 3681//3576
f 3687//3582 3681//3576 3682//3577
f 3689//3584 3688//3583 3682//3577
f 3635//3530 3689//3584 3683//3578
f 3337//3232 3338//3233 3684//3579
f 3690//3585 3684//3579 3685//3580
f 3691//3586 3685//3580 3686//3581
f 3692//3587 3686//3581 3687//3582
f 3693//3588 3687//3582 3688//3583
f 3695//3590 3694//3589 3688//3583
f 3643//3538 3695//3590 3689//3584
f 3336//3231 3337//3232 3690//3585
f 3696//3591 3690//3585 3691//3586
f 3697//3592 3691//3586 3692//3587
f 3698//3593 3692//3587 3693//3588
f 3699//3594 3693//3588 3694//3589
f 3700//3595 3694//3589 3695//3590
f 3650//3545 3701//3596 3695//3590
f 3335//3230 3336//3231 3696//3591
f 3702//3597 3696//3591 3697//3592
f 3703//3598 3697//3592 3698//3593
f 3704//3599 3698//3593 3699//3594
f 3705//3600 3699//3594 3700//3595
f 3706//3601 3700//3595 3701//3596
f 3707//3602 3701//3596 3650//3545
f 3334//3229 3335//3230 3702//3597
f 3708//3603 3702//3597 3703//3598
f 3709//3604 3703//3598 3704//3599
f 3710//3605 3704//3599 3705//3600
f 3711//3606 3705//3600 3706//3601
f 3712//3607 3706//3601 3707//3602
f 3713//3608 3707//3602 3657//3552
f 3333//3228 3334//3229 3708//3603
f 3714//3609 3708//3603 3709//3604
f 3715//3610 3709//3604 3710//3605
f 3716//3611 3710//3605 3711//3606
f 3717//3612 3711//3606 3712//3607
f 3718//3613 3712//3607 3713//3608
f 3719//3614 3713//3608 3665//3560
f 3721//3616 3720//3615 3382//3277
f 3722//3617 3721//3616 3383//3278
f 3723//3618 3722//3617 3384//3279
f 3724//3619 3723//3618 3385//3280
f 3725//3620 3724//3619 3386//3281
f 3726//3621 3725//3620 3387//3282
f 3714//3609 3726//3621 3388//3283
f 3728//3623 3727//3622 3720//3615
f 3729//3624 3728//3623 3721//3616
f 3730//3625 3729//3624 3722//3617
f 3731//3626 3730//3625 3723//3618
f 3732//3627 3731//3626 3724//3619
f 3733//3628 3732//3627 3725//3620
f 3715//3610 3733//3628 3726//3621
f 3735//3630 3734//3629 3727//3622
f 3736//3631 3735//3630 3728//3623
f 3737//3632 3736//3631 3729//3624
f 3738//3633 3737//3632 3730//3625
f 3739//3634 3738//3633 3731//3626
f 3740//3635 3739//3634 3732//3627
f 3716//3611 3740//3635 3733//3628
f 3742//3637 3741//3636 3734//3629
f 3743//3638 3742//3637 3735//3630
f 3744//3639 3743//3638 3736//3631
f 3745//3640 3744//3639 3737//3632
f 3746//3641 3745//3640 3738//3633
f 3747//3642 3746//3641 3739//3634
f 3717//3612 3747//3642 3740//3635
f 3749//3644 3748//3643 3741//3636
f 3750//3645 3749//3644 3742//3637
f 3751//3646 3750//3645 3743//3638
f 3752//3647 3751//3646 3744//3639
f 3753//3648 3752//3647 3745//3640
f 3754//3649 3753//3648 3746//3641
f 3718//3613 3754//3649 3747//3642
f 3756//3651 3755//3650 3748//3643
f 3757//3652 3756//3651 3749//3644
f 3758//3653 3757//3652 3750//3645
f 3759//3654 3758//3653 3751//3646
f 3760//3655 3759//3654 3752//3647
f 3761//3656 3760//3655 3753//3648
f 3719//3614 3761//3656 3754//3649
f 3762//3657 3054//2949 3755//3650
f 3763//3658 3762//3657 3756//3651
f 3764//3659 3763//3658 3757//3652
f 3765//3660 3764//3659 3758//3653
f 3766//3661 3765//3660 3759//3654
f 3767//3662 3766//3661 3760//3655
f 3673//3568 3767//3662 3761//3656
f 3768//3663 3431//3326 3432//3327
f 3770//3665 3769//3664 3432//3327
f 3771//3666 3770//3665 3433//3328
f 3772//3667 3771//3666 3434//3329
f 3773//3668 3772//3667 3435//3330
f 3774//3669 3773//3668 3436//3331
f 3720//3615 3774//3669 3437//3332
f 3776//3671 3775//3670 3768//3663
f 3777//3672 3776//3671 3769//3664
f 3778//3673 3777//3672 3770//3665
f 3779//3674 3778//3673 3771//3666
f 3780//3675 3779//3674 3772//3667
f 3781//3676 3780//3675 3773//3668
f 3727//3622 3781//3676 3774//3669
f 3783//3678 3782//3677 3775//3670
f 3784//3679 3783//3678 3776//3671
f 3785//3680 3784//3679 3777//3672
f 3786//3681 3785//3680 3778//3673
f 3787//3682 3786//3681 3779//3674
f 3788//3683 3787//3682 3780//3675
f 3734//3629 3788//3683 3781//3676
f 3790//3685 3789//3684 3782//3677
f 3791//3686 3790//3685 3783//3678
f 3792//3687 3791//3686 3784//3679
f 3793//3688 3792//3687 3785//3680
f 3794//3689 3793//3688 3786//3681
f 3795//3690 3794//3689 3787//3682
f 3741//3636 3795//3690 3788//3683
f 3797//3692 3796//3691 3789//3684
f 3798//3693 3797//3692 3790//3685
f 3799//3694 3798//3693 3791//3686
f 3800//3695 3799//3694 3792//3687
f 3801//3696 3800//3695 3793//3688
f 3802//3697 3801//3696 3794//3689
f 3748//3643 3802//3697 3795//3690
f 3804//3699 3803//3698 3796//3691
f 3805//3700 3804//3699 3797//3692
f 3806//3701 3805//3700 3798//3693
f 3807//3702 3806//3701 3799//3694
f 3808//3703 3807//3702 3800//3695
f 3809//3704 3808//3703 3801//3696
f 3755//3650 3809//3704 3802//3697
f 3104//2999 3105//3000 3803//3698
f 3107//3002 3104//2999 3804//3699
f 3109//3004 3107//3002 3805//3700
f 3111//3006 3109//3004 3806//3701
f 3113//3008 3111//3006 3807//3702
f 3113//3008 3808//3703 3809//3704
f 3115//3010 3809//3704 3755//3650
f 3810//3705 3480//3375 3481//3376
f 3811//3706 3481//3376 3482//3377
f 3812//3707 3482//3377 3483//3378
f 3813//3708 3483//3378 3484//3379
f 3814//3709 3484//3379 3485//3380
f 3815//3710 3485//3380 3486//3381
f 3816//3711 3486//3381 3431//3326
f 3817//3712 3810//3705 3811//3706
f 3818//3713 3811//3706 3812//3707
f 3819//3714 3812//3707 3813//3708
f 3820//3715 3813//3708 3814//3709
f 3821//3716 3814//3709 3815//3710
f 3822//3717 3815//3710 3816//3711
f 3823//3718 3816//3711 3768//3663
f 3824//3719 3817//3712 3818//3713
f 3825//3720 3818//3713 3819//3714
f 3826//3721 3819//3714 3820//3715
f 3827//3722 3820//3715 3821//3716
f 3828//3723 3821//3716 3822//3717
f 3829//3724 3822//3717 3823//3718
f 3830//3725 3823//3718 3775//3670
f 3831//3726 3824//3719 3825//3720
f 3832//3727 3825//3720 3826//3721
f 3833//3728 3826//3721 3827//3722
f 3834//3729 3827//3722 3828//3723
f 3835//3730 3828//3723 3829//3724
f 3836//3731 3829//3724 3830//3725
f 3837//3732 3830//3725 3782//3677
f 3838//3733 3831//3726 3832//3727
f 3839//3734 3832//3727 3833//3728
f 3840//3735 3833//3728 3834//3729
f 3841//3736 3834//3729 3835//3730
f 3842//3737 3835//3730 3836//3731
f 3843//3738 3836//3731 3837//3732
f 3844//3739 3837//3732 3789//3684
f 3845//3740 3838//3733 3839//3734
f 3846//3741 3839//3734 3840//3735
f 3847//3742 3840//3735 3841//3736
f 3848//3743 3841//3736 3842//3737
f 3849//3744 3842//3737 3843//3738
f 3850//3745 3843//3738 3844//3739
f 3851//3746 3844//3739 3796//3691
f 3154//3049 3845//3740 3846//3741
f 3153//3048 3846//3741 3847//3742
f 3156//3051 3847//3742 3848//3743
f 3158//3053 3848//3743 3849//3744
f 3160//3055 3849//3744 3850//3745
f 3162//3057 3850//3745 3851//3746
f 3164//3059 3851//3746 3803//3698
f 3852//3747 2858//2753 3525//3420
f 3853//3748 3525//3420 3526//3421
f 3854//3749 3526//3421 3527//3422
f 3855//3750 3527//3422 3528//3423
f 3857//3752 3856//3751 3528//3423
f 3858//3753 3857//3752 3529//3424
f 3858//3753 3530//3425 3480//3375
f 3859//3754 2845//2740 3852//3747
f 3859//3754 3853//3748 3854//3749
f 3860//3755 3854//3749 3855//3750
f 3861//3756 3855//3750 3856//3751
f 3862//3757 3856//3751 3857//3752
f 3863//3758 3857//3752 3858//3753
f 3864//3759 3858//3753 3810//3705
f 3866//3761 3865//3760 2845//2740
f 3867//3762 3866//3761 3859//3754
f 3867//3762 3860//3755 3861//3756
f 3868//3763 3861//3756 3862//3757
f 3869//3764 3862//3757 3863//3758
f 3870//3765 3863//3758 3864//3759
f 3871//3766 3864//3759 3817//3712
f 3872//3767 2832//2727 3865//3760
f 3873//3768 3872//3767 3866//3761
f 3874//3769 3873//3768 3867//3762
f 3875//3770 3874//3769 3868//3763
f 3875//3770 3869//3764 3870//3765
f 3876//3771 3870//3765 3871//3766
f 3877//3772 3871//3766 3824//3719
f 3879//3774 3878//3773 2832//2727
f 3880//3775 3879//3774 3872//3767
f 3881//3776 3880//3775 3873//3768
f 3882//3777 3881//3776 3874//3769
f 3883//3778 3882//3777 3875//3770
f 3883//3778 3876//3771 3877//3772
f 3884//3779 3877//3772 3831//3726
f 3885//3780 2812//2707 3878//3773
f 3886//3781 3885//3780 3879//3774
f 3887//3782 3886//3781 3880//3775
f 3888//3783 3887//3782 3881//3776
f 3889//3784 3888//3783 3882//3777
f 3890//3785 3889//3784 3883//3778
f 3890//3785 3884//3779 3838//3733
f 3201//3096 2815//2710 2812//2707
f 3203//3098 3201//3096 3885//3780
f 3205//3100 3203//3098 3886//3781
f 3207//3102 3205//3100 3887//3782
f 3209//3104 3207//3102 3888//3783
f 3211//3106 3209//3104 3889//3784
f 3211//3106 3890//3785 3845//3740
f 3891//3786 3575//3470 3576//3471
f 3892//3787 3576//3471 3577//3472
f 3893//3788 3577//3472 3578//3473
f 3894//3789 3578//3473 3579//3474
f 3895//3790 3579//3474 3580//3475
f 3896//3791 3580//3475 3581//3476
f 3897//3792 3581//3476 847//742
f 3898//3793 3891//3786 3892//3787
f 3899//3794 3892//3787 3893//3788
f 3900//3795 3893//3788 3894//3789
f 3901//3796 3894//3789 3895//3790
f 3902//3797 3895//3790 3896//3791
f 3903//3798 3896//3791 3897//3792
f 3904//3799 3897//3792 1213//1108
f 3905//3800 3898//3793 3899//3794
f 3906//3801 3899//3794 3900//3795
f 3907//3802 3900//3795 3901//3796
f 3908//3803 3901//3796 3902//3797
f 3909//3804 3902//3797 3903//3798
f 3910//3805 3903//3798 3904//3799
f 3911//3806 3904//3799 1214//1109
f 3912//3807 3905//3800 3906//3801
f 3914//3809 3913//3808 3906//3801
f 3914//3809 3907//3802 3908//3803
f 3916//3811 3915//3810 3908//3803
f 3917//3812 3916//3811 3909//3804
f 3918//3813 3917//3812 3910//3805
f 1216//1111 3918//3813 3911//3806
f 3920//3815 3919//3814 3912//3807
f 3921//3816 3920//3815 3913//3808
f 3922//3817 3921//3816 3914//3809
f 3923//3818 3922//3817 3915//3810
f 3924//3819 3923//3818 3916//3811
f 3925//3820 3924//3819 3917//3812
f 1217//1112 3925//3820 3918//3813
f 3927//3822 3926//3821 3919//3814
f 3928//3823 3927//3822 3920//3815
f 3929//3824 3928//3823 3921//3816
f 3930//3825 3929//3824 3922//3817
f 3931//3826 3930//3825 3923//3818
f 3932//3827 3931//3826 3924//3819
f 1218//1113 3932//3827 3925//3820
f 2865//2760 2866//2761 3926//3821
f 2868//2763 2865//2760 3927//3822
f 2870//2765 2868//2763 3928//3823
f 2872//2767 2870//2765 3929//3824
f 2874//2769 2872//2767 3930//3825
f 2876//2771 2874//2769 3931//3826
f 169//169 2876//2771 3932//3827
f 3934//3829 3933//3828 3584//3479
f 3935//3830 3934//3829 3582//3477
f 3936//3831 3935//3830 3592//3487
f 3937//3832 3936//3831 3599//3494
f 3938//3833 3937//3832 3606//3501
f 3938//3833 3613//3508 3620//3515
f 3939//3834 3620//3515 3575//3470
f 3941//3836 3940//3835 3933//3828
f 3942//3837 3941//3836 3934//3829
f 3943//3838 3942//3837 3935//3830
f 3944//3839 3943//3838 3936//3831
f 3945//3840 3944//3839 3937//3832
f 3945//3840 3938//3833 3939//3834
f 3946//3841 3939//3834 3891//3786
f 3948//3843 3947//3842 3940//3835
f 3949//3844 3948//3843 3941//3836
f 3950//3845 3949//3844 3942//3837
f 3951//3846 3950//3845 3943//3838
f 3952//3847 3951//3846 3944//3839
f 3952//3847 3945//3840 3946//3841
f 3953//3848 3946//3841 3898//3793
f 3955//3850 3954//3849 3947//3842
f 3956//3851 3955//3850 3948//3843
f 3957//3852 3956//3851 3949//3844
f 3958//3853 3957//3852 3950//3845
f 3959//3854 3958//3853 3951//3846
f 3960//3855 3959//3854 3952//3847
f 3912//3807 3960//3855 3953//3848
f 3961//3856 3954//3849 3955//3850
f 3962//3857 3955//3850 3956//3851
f 3963//3858 3956//3851 3957//3852
f 3964//3859 3957//3852 3958//3853
f 3965//3860 3958//3853 3959//3854
f 3967//3862 3966//3861 3959//3854
f 3919//3814 3967//3862 3960//3855
f 3968//3863 3961//3856 3962//3857
f 3969//3864 3962//3857 3963//3858
f 3970//3865 3963//3858 3964//3859
f 3971//3866 3964//3859 3965//3860
f 3972//3867 3965//3860 3966//3861
f 3974//3869 3973//3868 3966//3861
f 3926//3821 3974//3869 3967//3862
f 2917//2812 3968//3863 3969//3864
f 2916//2811 3969//3864 3970//3865
f 2919//2814 3970//3865 3971//3866
f 2921//2816 3971//3866 3972//3867
f 2923//2818 3972//3867 3973//3868
f 2927//2822 2925//2820 3973//3868
f 2866//2761 2927//2822 3974//3869
f 3975//3870 3584//3479 3933//3828
f 3976//3871 3933//3828 3940//3835
f 3977//3872 3940//3835 3947//3842
f 3978//3873 3947//3842 3954//3849
f 3980//3875 3979//3874 3954//3849
f 3981//3876 3980//3875 3961//3856
f 4028//3923 3981//3876 3968//3863
f 3982//3877 3975//3870 3976//3871
f 3983//3878 3976//3871 3977//3872
f 3984//3879 3977//3872 3978//3873
f 3985//3880 3978//3873 3979//3874
f 3987//3882 3986//3881 3979//3874
f 3988//3883 3987//3882 3980//3875
f 3989//3884 3988//3883 3981//3876
f 3990//3885 3982//3877 3983//3878
f 3991//3886 3983//3878 3984//3879
f 3992//3887 3984//3879 3985//3880
f 3993//3888 3985//3880 3986//3881
f 3995//3890 3994//3889 3986//3881
f 3996//3891 3995//3890 3987//3882
f 4025//3920 3996//3891 3988//3883
f 3997//3892 3990//3885 3991//3886
f 3998//3893 3991//3886 3992//3887
f 3999//3894 3992//3887 3993//3888
f 4000//3895 3993//3888 3994//3889
f 4002//3897 4001//3896 3994//3889
f 4003//3898 4002//3897 3995//3890
f 4004//3899 4003//3898 3996//3891
f 4005//3900 3997//3892 3998//3893
f 4006//3901 3998//3893 3999//3894
f 4007//3902 3999//3894 4000//3895
f 4009//3904 4008//3903 4000//3895
f 4010//3905 4009//3904 4001//3896
f 4011//3906 4010//3905 4002//3897
f 4022//3917 4011//3906 4003//3898
f 4012//3907 4005//3900 4006//3901
f 4013//3908 4006//3901 4007//3902
f 4014//3909 4007//3902 4008//3903
f 4016//3911 4015//3910 4008//3903
f 4017//3912 4016//3911 4009//3904
f 4018//3913 4017//3912 4010//3905
f 4019//3914 4018//3913 4011//3906
f 3054//2949 4012//3907 4013//3908
f 3054//2949 4013//3908 4014//3909
f 3054//2949 4014//3909 4015//3910
f 3054//2949 4015//3910 4016//3911
f 3054//2949 4016//3911 4017//3912
f 3054//2949 4017//3912 4018//3913
f 3054//2949 4018//3913 4019//3914
f 3053//2948 3054//2949 4019//3914
f 4020//3915 4019//3914 4022//3917
f 4021//3916 4022//3917 4004//3899
f 4023//3918 4004//3899 4025//3920
f 4024//3919 4025//3920 3989//3884
f 4026//3921 3989//3884 4028//3923
f 4027//3922 4028//3923 2917//2812
f 3056//2951 3053//2948 4020//3915
f 4030//3925 4020//3915 4021//3916
f 4031//3926 4021//3916 4023//3918
f 4032//3927 4023//3918 4024//3919
f 4033//3928 4024//3919 4026//3921
f 4034//3929 4026//3921 4027//3922
f 4035//3930 4027//3922 4029//3924
f 3058//2953 3056//2951 4030//3925
f 4036//3931 4030//3925 4031//3926
f 4037//3932 4031//3926 4032//3927
f 4038//3933 4032//3927 4033//3928
f 4039//3934 4033//3928 4034//3929
f 4040//3935 4034//3929 4035//3930
f 4041//3936 4035//3930 2974//2869
f 4042//3937 3060//2955 3058//2953
f 4043//3938 4042//3937 4036//3931
f 4043//3938 4037//3932 4038//3933
f 4044//3939 4038//3933 4039//3934
f 4045//3940 4039//3934 4040//3935
f 4046//3941 4040//3935 4041//3936
f 4047//3942 4041//3936 2972//2867
f 4048//3943 3062//2957 3060//2955
f 4049//3944 4048//3943 4042//3937
f 4050//3945 4049//3944 4043//3938
f 4050//3945 4044//3939 4045//3940
f 4051//3946 4045//3940 4046//3941
f 4052//3947 4046//3941 4047//3942
f 4053//3948 4047//3942 2970//2865
f 4054//3949 3064//2959 3062//2957
f 4055//3950 4054//3949 4048//3943
f 4056//3951 4055//3950 4049//3944
f 4056//3951 4050//3945 4051//3946
f 4057//3952 4051//3946 4052//3947
f 4058//3953 4052//3947 4053//3948
f 4059//3954 4053//3948 2968//2863
f 2966//2861 3064//2959 4054//3949
f 2966//2861 4054//3949 4055//3950
f 2966//2861 4055//3950 4056//3951
f 2966//2861 4056//3951 4057//3952
f 2966//2861 4057//3952 4058//3953
f 2966//2861 4058//3953 4059//3954
f 2966//2861 4059//3954 2965//2860
f 4061//3956 4060//3955 3584//3479
f 4062//3957 4061//3956 3975//3870
f 4063//3958 4062//3957 3982//3877
f 4064//3959 4063//3958 3990//3885
f 4065//3960 4064//3959 3997//3892
f 4066//3961 4065//3960 4005//3900
f 3762//3657 4066//3961 4012//3907
f 4067//3962 3677//3572 4060//3955
f 4068//3963 4067//3962 4061//3956
f 4069//3964 4068//3963 4062//3957
f 4070//3965 4069//3964 4063//3958
f 4071//3966 4070//3965 4064//3959
f 4072//3967 4071//3966 4065//3960
f 3763//3658 4072//3967 4066//3961
f 4073//3968 3676//3571 3677//3572
f 4074//3969 4073//3968 4067//3962
f 4075//3970 4074//3969 4068//3963
f 4076//3971 4075//3970 4069//3964
f 4077//3972 4076//3971 4070//3965
f 4078//3973 4077//3972 4071//3966
f 3764//3659 4078//3973 4072//3967
f 4080//3975 4079//3974 3676//3571
f 4081//3976 4080//3975 4073//3968
f 4082//3977 4081//3976 4074//3969
f 4083//3978 4082//3977 4075//3970
f 4084//3979 4083//3978 4076//3971
f 4084//3979 4077//3972 4078//3973
f 4085//3980 4078//3973 3764//3659
f 4086//3981 3675//3570 4079//3974
f 4087//3982 4086//3981 4080//3975
f 4088//3983 4087//3982 4081//3976
f 4089//3984 4088//3983 4082//3977
f 4089//3984 4083//3978 4084//3979
f 4090//3985 4084//3979 4085//3980
f 4091//3986 4085//3980 3765//3660
f 4092//3987 3674//3569 3675//3570
f 4093//3988 4092//3987 4086//3981
f 4094//3989 4093//3988 4087//3982
f 4095//3990 4094//3989 4088//3983
f 4095//3990 4089//3984 4090//3985
f 4096//3991 4090//3985 4091//3986
f 4097//3992 4091//3986 3766//3661
f 3673//3568 3674//3569 4092//3987
f 3673//3568 4092//3987 4093//3988
f 3673//3568 4093//3988 4094//3989
f 3673//3568 4094//3989 4095//3990
f 3673//3568 4095//3990 4096//3991
f 3673//3568 4096//3991 4097//3992
f 3673//3568 4097//3992 3767//3662
f 4099//3994 4098//3993 4101//3996
f 4102//3997 4099//3994 4100//3995
f 4102//3997 4103//3998 4105//4000
f 4106//4001 4104//3999 4105//4000
f 4108//4003 4106//4001 4107//4002
f 4110//4005 4108//4003 4109//4004
f 4110//4005 4111//4006 4113//4008
f 4115//4010 4114//4009 4098//3993
f 4116//4011 4115//4010 4099//3994
f 4116//4011 4102//3997 4104//3999
f 4117//4012 4104//3999 4106//4001
f 4118//4013 4106//4001 4108//4003
f 4119//4014 4108//4003 4110//4005
f 4121//4016 4120//4015 4110//4005
f 4123//4018 4122//4017 4114//4009
f 4124//4019 4123//4018 4115//4010
f 4124//4019 4116//4011 4117//4012
f 4125//4020 4117//4012 4118//4013
f 4126//4021 4118//4013 4119//4014
f 4127//4022 4119//4014 4120//4015
f 4129//4024 4128//4023 4120//4015
f 4131//4026 4130//4025 4122//4017
f 4132//4027 4131//4026 4123//4018
f 4132//4027 4124//4019 4125//4020
f 4133//4028 4125//4020 4126//4021
f 4134//4029 4126//4021 4127//4022
f 4135//4030 4127//4022 4128//4023
f 4137//4032 4136//4031 4128//4023
f 4139//4034 4138//4033 4130//4025
f 4140//4035 4139//4034 4131//4026
f 4140//4035 4132//4027 4133//4028
f 4141//4036 4133//4028 4134//4029
f 4142//4037 4134//4029 4135//4030
f 4144//4039 4143//4038 4135//4030
f 4145//4040 4144//4039 4136//4031
f 4147//4042 4146//4041 4138//4033
f 4148//4043 4147//4042 4139//4034
f 4148//4043 4140//4035 4141//4036
f 4149//4044 4141//4036 4142//4037
f 4150//4045 4142//4037 4143//4038
f 4152//4047 4151//4046 4143//4038
f 4153//4048 4152//4047 4144//4039
f 4155//4050 4154//4049 4146//4041
f 4155//4050 4147//4042 4148//4043
f 4156//4051 4148//4043 4149//4044
f 4157//4052 4149//4044 4150//4045
f 4158//4053 4150//4045 4151//4046
f 4160//4055 4159//4054 4151//4046
f 4161//4056 4160//4055 4152//4047
f 4163//4058 4162//4057 4165//4060
f 4166//4061 4163//4058 4164//4059
f 4168//4063 4166//4061 4167//4062
f 4170//4065 4168//4063 4169//4064
f 4172//4067 4170//4065 4171//4066
f 4174//4069 4172//4067 4173//4068
f 4155//4050 4174//4069 4175//4070
f 4177//4072 4176//4071 4162//4057
f 4178//4073 4177//4072 4163//4058
f 4179//4074 4178//4073 4166//4061
f 4180//4075 4179//4074 4168//4063
f 4181//4076 4180//4075 4170//4065
f 4182//4077 4181//4076 4172//4067
f 4156//4051 4182//4077 4174//4069
f 4183//4078 4176//4071 4177//4072
f 4184//4079 4177//4072 4178//4073
f 4185//4080 4178//4073 4179//4074
f 4186//4081 4179//4074 4180//4075
f 4187//4082 4180//4075 4181//4076
f 4188//4083 4181//4076 4182//4077
f 4157//4052 4189//4084 4182//4077
f 4190//4085 4183//4078 4184//4079
f 4191//4086 4184//4079 4185//4080
f 4192//4087 4185//4080 4186//4081
f 4193//4088 4186//4081 4187//4082
f 4194//4089 4187//4082 4188//4083
f 4195//4090 4188//4083 4189//4084
f 4196//4091 4189//4084 4157//4052
f 4197//4092 4190//4085 4191//4086
f 4198//4093 4191//4086 4192//4087
f 4199//4094 4192//4087 4193//4088
f 4200//4095 4193//4088 4194//4089
f 4201//4096 4194//4089 4195//4090
f 4202//4097 4195//4090 4196//4091
f 4203//4098 4196//4091 4158//4053
f 4204//4099 4197//4092 4198//4093
f 4205//4100 4198//4093 4199//4094
f 4206//4101 4199//4094 4200//4095
f 4207//4102 4200//4095 4201//4096
f 4208//4103 4201//4096 4202//4097
f 4209//4104 4202//4097 4203//4098
f 4210//4105 4203//4098 4159//4054
f 4211//4106 4204//4099 4205//4100
f 4729//4624 4205//4100 4206//4101
f 4212//4107 4206//4101 4207//4102
f 4728//4623 4207//4102 4208//4103
f 4727//4622 4208//4103 4209//4104
f 4726//4621 4209//4104 4210//4105
f 4725//4620 4210//4105 4160//4055
f 4214//4109 4213//4108 4216//4111
f 4217//4112 4214//4109 4215//4110
f 4219//4114 4217//4112 4218//4113
f 4221//4116 4219//4114 4220//4115
f 4223//4118 4221//4116 4222//4117
f 4225//4120 4223//4118 4224//4119
f 4162//4057 4225//4120 4226//4121
f 4227//4122 4213//4108 4214//4109
f 4229//4124 4228//4123 4214//4109
f 4230//4125 4229//4124 4217//4112
f 4231//4126 4230//4125 4219//4114
f 4232//4127 4231//4126 4221//4116
f 4233//4128 4232//4127 4223//4118
f 4176//4071 4233//4128 4225//4120
f 4234//4129 4227//4122 4228//4123
f 4236//4131 4235//4130 4228//4123
f 4237//4132 4236//4131 4229//4124
f 4238//4133 4237//4132 4230//4125
f 4239//4134 4238//4133 4231//4126
f 4240//4135 4239//4134 4232//4127
f 4240//4135 4233//4128 4176//4071
f 4242//4137 4241//4136 4234//4129
f 4243//4138 4242//4137 4235//4130
f 4244//4139 4243//4138 4236//4131
f 4245//4140 4244//4139 4237//4132
f 4245//4140 4238//4133 4239//4134
f 4246//4141 4239//4134 4240//4135
f 4247//4142 4240//4135 4183//4078
f 4248//4143 4685//4580 4241//4136
f 4249//4144 4248//4143 4242//4137
f 4250//4145 4249//4144 4243//4138
f 4251//4146 4250//4145 4244//4139
f 4251//4146 4245//4140 4246//4141
f 4252//4147 4246//4141 4247//4142
f 4253//4148 4247//4142 4190//4085
f 4255//4150 4254//4149 4685//4580
f 4256//4151 4255//4150 4248//4143
f 4257//4152 4256//4151 4249//4144
f 4258//4153 4257//4152 4250//4145
f 4258//4153 4251//4146 4252//4147
f 4259//4154 4252//4147 4253//4148
f 4260//4155 4253//4148 4197//4092
f 4211//4106 4254//4149 4255//4150
f 4211//4106 4255//4150 4256//4151
f 4211//4106 4256//4151 4257//4152
f 4211//4106 4257//4152 4258//4153
f 4211//4106 4258//4153 4259//4154
f 4211//4106 4259//4154 4260//4155
f 4211//4106 4260//4155 4204//4099
f 4262//4157 4261//4156 4264//4159
f 4265//4160 4262//4157 4263//4158
f 4267//4162 4265//4160 4266//4161
f 4268//4163 4267//4162 4520//4415
f 4270//4165 4268//4163 4269//4164
f 4271//4166 4270//4165 4517//4412
f 4368//4263 4271//4166 4272//4167
f 4275//4170 4274//4169 4261//4156
f 4276//4171 4275//4170 4262//4157
f 4277//4172 4276//4171 4265//4160
f 4278//4173 4277//4172 4267//4162
f 4279//4174 4278//4173 4268//4163
f 4280//4175 4279//4174 4270//4165
f 4360//4255 4280//4175 4271//4166
f 4282//4177 4281//4176 4274//4169
f 4283//4178 4282//4177 4275//4170
f 4284//4179 4283//4178 4276//4171
f 4285//4180 4284//4179 4277//4172
f 4286//4181 4285//4180 4278//4173
f 4287//4182 4286//4181 4279//4174
f 4288//4183 4287//4182 4280//4175
f 4290//4185 4289//4184 4281//4176
f 4291//4186 4290//4185 4282//4177
f 4292//4187 4291//4186 4283//4178
f 4293//4188 4292//4187 4284//4179
f 4294//4189 4293//4188 4285//4180
f 4295//4190 4294//4189 4286//4181
f 4295//4190 4287//4182 4288//4183
f 4297//4192 4296//4191 4289//4184
f 4298//4193 4297//4192 4290//4185
f 4299//4194 4298//4193 4291//4186
f 4299//4194 4292//4187 4293//4188
f 4300//4195 4293//4188 4294//4189
f 4301//4196 4294//4189 4295//4190
f 4302//4197 4295//4190 4345//4240
f 4305//4200 4304//4199 4296//4191
f 4305//4200 4297//4192 4298//4193
f 4306//4201 4298//4193 4299//4194
f 4307//4202 4299//4194 4300//4195
f 4308//4203 4300//4195 4301//4196
f 4309//4204 4301//4196 4302//4197
f 4310//4205 4302//4197 4303//4198
f 4312//4207 4304//4199 4305//4200
f 4313//4208 4305//4200 4306//4201
f 4314//4209 4306//4201 4307//4202
f 4315//4210 4307//4202 4308//4203
f 4316//4211 4308//4203 4309//4204
f 4317//4212 4309//4204 4310//4205
f 4318//4213 4310//4205 4311//4206
f 4321//4216 4320//4215 4322//4217
f 4323//4218 4321//4216 4694//4589
f 4324//4219 4323//4218 4692//4587
f 4326//4221 4324//4219 4325//4220
f 4328//4223 4326//4221 4327//4222
f 4328//4223 4688//4583 4330//4225
f 4329//4224 4330//4225 4319//4214
f 4332//4227 4331//4226 4320//4215
f 4333//4228 4332//4227 4321//4216
f 4334//4229 4333//4228 4323//4218
f 4335//4230 4334//4229 4324//4219
f 4335//4230 4326//4221 4328//4223
f 4336//4231 4328//4223 4329//4224
f 4337//4232 4329//4224 4311//4206
f 4339//4234 4338//4233 4331//4226
f 4340//4235 4339//4234 4332//4227
f 4341//4236 4340//4235 4333//4228
f 4342//4237 4341//4236 4334//4229
f 4342//4237 4335//4230 4336//4231
f 4343//4238 4336//4231 4337//4232
f 4344//4239 4337//4232 4303//4198
f 4347//4242 4346//4241 4338//4233
f 4348//4243 4347//4242 4339//4234
f 4349//4244 4348//4243 4340//4235
f 4350//4245 4349//4244 4341//4236
f 4351//4246 4350//4245 4342//4237
f 4352//4247 4351//4246 4343//4238
f 4352//4247 4344//4239 4345//4240
f 4354//4249 4353//4248 4346//4241
f 4355//4250 4354//4249 4347//4242
f 4356//4251 4355//4250 4348//4243
f 4357//4252 4356//4251 4349//4244
f 4358//4253 4357//4252 4350//4245
f 4359//4254 4358//4253 4351//4246
f 4360//4255 4359//4254 4352//4247
f 4362//4257 4361//4256 4353//4248
f 4363//4258 4362//4257 4354//4249
f 4364//4259 4363//4258 4355//4250
f 4365//4260 4364//4259 4356//4251
f 4366//4261 4365//4260 4357//4252
f 4367//4262 4366//4261 4358//4253
f 4368//4263 4367//4262 4359//4254
f 4370//4265 4369//4264 4361//4256
f 4371//4266 4370//4265 4362//4257
f 4372//4267 4371//4266 4363//4258
f 4373//4268 4372//4267 4364//4259
f 4374//4269 4373//4268 4365//4260
f 4375//4270 4374//4269 4366//4261
f 4273//4168 4375//4270 4367//4262
f 4377//4272 4376//4271 4379//4274
f 4380//4275 4377//4272 4378//4273
f 4382//4277 4380//4275 4381//4276
f 4384//4279 4382//4277 4383//4278
f 4385//4280 4384//4279 4646//4541
f 4387//4282 4385//4280 4386//4281
f 4320//4215 4387//4282 4388//4283
f 4390//4285 4389//4284 4376//4271
f 4391//4286 4390//4285 4377//4272
f 4392//4287 4391//4286 4380//4275
f 4393//4288 4392//4287 4382//4277
f 4394//4289 4393//4288 4384//4279
f 4395//4290 4394//4289 4385//4280
f 4331//4226 4395//4290 4387//4282
f 4397//4292 4396//4291 4389//4284
f 4398//4293 4397//4292 4390//4285
f 4399//4294 4398//4293 4391//4286
f 4400//4295 4399//4294 4392//4287
f 4401//4296 4400//4295 4393//4288
f 4402//4297 4401//4296 4394//4289
f 4338//4233 4402//4297 4395//4290
f 4404//4299 4403//4298 4396//4291
f 4405//4300 4404//4299 4397//4292
f 4406//4301 4405//4300 4398//4293
f 4407//4302 4406//4301 4399//4294
f 4408//4303 4407//4302 4400//4295
f 4409//4304 4408//4303 4401//4296
f 4346//4241 4409//4304 4402//4297
f 4411//4306 4410//4305 4403//4298
f 4412//4307 4411//4306 4404//4299
f 4413//4308 4412//4307 4405//4300
f 4414//4309 4413//4308 4406//4301
f 4415//4310 4414//4309 4407//4302
f 4416//4311 4415//4310 4408//4303
f 4353//4248 4416//4311 4409//4304
f 4418//4313 4417//4312 4410//4305
f 4419//4314 4418//4313 4411//4306
f 4420//4315 4419//4314 4412//4307
f 4421//4316 4420//4315 4413//4308
f 4422//4317 4421//4316 4414//4309
f 4423//4318 4422//4317 4415//4310
f 4361//4256 4423//4318 4416//4311
f 4369//4264 4417//4312 4418//4313
f 4369//4264 4418//4313 4419//4314
f 4369//4264 4419//4314 4420//4315
f 4369//4264 4420//4315 4421//4316
f 4369//4264 4421//4316 4422//4317
f 4369//4264 4422//4317 4423//4318
f 4369//4264 4423//4318 4361//4256
f 4424//4319 4312//4207 4313//4208
f 4425//4320 4313//4208 4314//4209
f 4426//4321 4314//4209 4315//4210
f 4427//4322 4315//4210 4316//4211
f 4428//4323 4316//4211 4317//4212
f 4429//4324 4317//4212 4318//4213
f 4430//4325 4318//4213 4319//4214
f 4432//4327 4424//4319 4425//4320
f 4433//4328 4425//4320 4426//4321
f 4434//4329 4426//4321 4427//4322
f 4435//4330 4427//4322 4428//4323
f 4436//4331 4428//4323 4429//4324
f 4437//4332 4429//4324 4430//4325
f 4438//4333 4430//4325 4431//4326
f 4440//4335 4432//4327 4433//4328
f 4441//4336 4433//4328 4434//4329
f 4442//4337 4434//4329 4435//4330
f 4443//4338 4435//4330 4436//4331
f 4444//4339 4436//4331 4437//4332
f 4445//4340 4437//4332 4438//4333
f 4447//4342 4446//4341 4438//4333
f 4448//4343 4440//4335 4441//4336
f 4449//4344 4441//4336 4442//4337
f 4450//4345 4442//4337 4443//4338
f 4451//4346 4443//4338 4444//4339
f 4452//4347 4444//4339 4445//4340
f 4453//4348 4445//4340 4446//4341
f 4455//4350 4454//4349 4446//4341
f 4456//4351 4448//4343 4449//4344
f 4457//4352 4449//4344 4450//4345
f 4458//4353 4450//4345 4451//4346
f 4459//4354 4451//4346 4452//4347
f 4460//4355 4452//4347 4453//4348
f 4461//4356 4453//4348 4454//4349
f 4462//4357 4454//4349 4455//4350
f 4464//4359 4456//4351 4457//4352
f 4466//4361 4465//4360 4457//4352
f 4467//4362 4466//4361 4458//4353
f 4468//4363 4467//4362 4459//4354
f 4468//4363 4460//4355 4461//4356
f 4469//4364 4461//4356 4462//4357
f 4470//4365 4462//4357 4463//4358
f 4112//4007 4113//4008 4464//4359
f 4121//4016 4112//4007 4465//4360
f 4129//4024 4121//4016 4466//4361
f 4137//4032 4129//4024 4467//4362
f 4137//4032 4468//4363 4469//4364
f 4145//4040 4469//4364 4470//4365
f 4153//4048 4470//4365 4471//4366
f 4472//4367 4264//4159 4261//4156
f 4473//4368 4261//4156 4274//4169
f 4474//4369 4274//4169 4281//4176
f 4475//4370 4281//4176 4289//4184
f 4477//4372 4476//4371 4289//4184
f 4478//4373 4477//4372 4296//4191
f 4424//4319 4478//4373 4304//4199
f 4479//4374 4472//4367 4473//4368
f 4480//4375 4473//4368 4474//4369
f 4481//4376 4474//4369 4475//4370
f 4482//4377 4475//4370 4476//4371
f 4484//4379 4483//4378 4476//4371
f 4485//4380 4484//4379 4477//4372
f 4485//4380 4478//4373 4424//4319
f 4486//4381 4479//4374 4480//4375
f 4487//4382 4480//4375 4481//4376
f 4488//4383 4481//4376 4482//4377
f 4489//4384 4482//4377 4483//4378
f 4490//4385 4483//4378 4484//4379
f 4491//4386 4484//4379 4485//4380
f 4492//4387 4485//4380 4432//4327
f 4493//4388 4486//4381 4487//4382
f 4494//4389 4487//4382 4488//4383
f 4495//4390 4488//4383 4489//4384
f 4496//4391 4489//4384 4490//4385
f 4497//4392 4490//4385 4491//4386
f 4498//4393 4491//4386 4492//4387
f 4499//4394 4492//4387 4440//4335
f 4500//4395 4493//4388 4494//4389
f 4502//4397 4501//4396 4494//4389
f 4503//4398 4502//4397 4495//4390
f 4503//4398 4496//4391 4497//4392
f 4504//4399 4497//4392 4498//4393
f 4505//4400 4498//4393 4499//4394
f 4506//4401 4499//4394 4448//4343
f 4508//4403 4507//4402 4500//4395
f 4509//4404 4508//4403 4501//4396
f 4510//4405 4509//4404 4502//4397
f 4510//4405 4503//4398 4504//4399
f 4511//4406 4504//4399 4505//4400
f 4512//4407 4505//4400 4506//4401
f 4513//4408 4506//4401 4456//4351
f 4100//3995 4101//3996 4507//4402
f 4103//3998 4100//3995 4508//4403
f 4105//4000 4103//3998 4509//4404
f 4105//4000 4510//4405 4511//4406
f 4107//4002 4511//4406 4512//4407
f 4109//4004 4512//4407 4513//4408
f 4111//4006 4513//4408 4464//4359
f 4515//4410 4514//4409 4273//4168
f 4516//4411 4515//4410 4272//4167
f 4518//4413 4516//4411 4517//4412
f 4519//4414 4518//4413 4269//4164
f 4521//4416 4519//4414 4520//4415
f 4522//4417 4521//4416 4266//4161
f 4472//4367 4522//4417 4263//4158
f 4524//4419 4523//4418 4514//4409
f 4525//4420 4524//4419 4515//4410
f 4526//4421 4525//4420 4516//4411
f 4527//4422 4526//4421 4518//4413
f 4528//4423 4527//4422 4519//4414
f 4529//4424 4528//4423 4521//4416
f 4479//4374 4529//4424 4522//4417
f 4531//4426 4530//4425 4523//4418
f 4532//4427 4531//4426 4524//4419
f 4533//4428 4532//4427 4525//4420
f 4534//4429 4533//4428 4526//4421
f 4535//4430 4534//4429 4527//4422
f 4536//4431 4535//4430 4528//4423
f 4536//4431 4529//4424 4479//4374
f 4537//4432 4530//4425 4531//4426
f 4538//4433 4531//4426 4532//4427
f 4539//4434 4532//4427 4533//4428
f 4540//4435 4533//4428 4534//4429
f 4541//4436 4534//4429 4535//4430
f 4542//4437 4535//4430 4536//4431
f 4543//4438 4536//4431 4486//4381
f 4544//4439 4537//4432 4538//4433
f 4545//4440 4538//4433 4539//4434
f 4546//4441 4539//4434 4540//4435
f 4547//4442 4540//4435 4541//4436
f 4548//4443 4541//4436 4542//4437
f 4549//4444 4542//4437 4543//4438
f 4550//4445 4543//4438 4493//4388
f 4551//4446 4544//4439 4545//4440
f 4552//4447 4545//4440 4546//4441
f 4553//4448 4546//4441 4547//4442
f 4554//4449 4547//4442 4548//4443
f 4555//4450 4548//4443 4549//4444
f 4556//4451 4549//4444 4550//4445
f 4557//4452 4550//4445 4500//4395
f 4154//4049 4551//4446 4552//4447
f 4146//4041 4552//4447 4553//4448
f 4138//4033 4553//4448 4554//4449
f 4130//4025 4554//4449 4555//4450
f 4122//4017 4555//4450 4556//4451
f 4114//4009 4556//4451 4557//4452
f 4098//3993 4557//4452 4507//4402
f 4559//4454 4558//4453 4369//4264
f 4560//4455 4559//4454 4370//4265
f 4561//4456 4560//4455 4371//4266
f 4562//4457 4561//4456 4372//4267
f 4563//4458 4562//4457 4373//4268
f 4564//4459 4563//4458 4374//4269
f 4514//4409 4564//4459 4375//4270
f 4566//4461 4565//4460 4558//4453
f 4567//4462 4566//4461 4559//4454
f 4568//4463 4567//4462 4560//4455
f 4569//4464 4568//4463 4561//4456
f 4570//4465 4569//4464 4562//4457
f 4571//4466 4570//4465 4563//4458
f 4523//4418 4571//4466 4564//4459
f 4573//4468 4572//4467 4565//4460
f 4574//4469 4573//4468 4566//4461
f 4575//4470 4574//4469 4567//4462
f 4576//4471 4575//4470 4568//4463
f 4577//4472 4576//4471 4569//4464
f 4578//4473 4577//4472 4570//4465
f 4530//4425 4578//4473 4571//4466
f 4580//4475 4579//4474 4572//4467
f 4581//4476 4580//4475 4573//4468
f 4582//4477 4581//4476 4574//4469
f 4582//4477 4575//4470 4576//4471
f 4583//4478 4576//4471 4577//4472
f 4584//4479 4577//4472 4578//4473
f 4585//4480 4578//4473 4530//4425
f 4587//4482 4586//4481 4579//4474
f 4588//4483 4587//4482 4580//4475
f 4588//4483 4581//4476 4582//4477
f 4589//4484 4582//4477 4583//4478
f 4590//4485 4583//4478 4584//4479
f 4591//4486 4584//4479 4585//4480
f 4592//4487 4585//4480 4537//4432
f 4594//4489 4593//4488 4586//4481
f 4595//4490 4594//4489 4587//4482
f 4596//4491 4595//4490 4588//4483
f 4596//4491 4589//4484 4590//4485
f 4597//4492 4590//4485 4591//4486
f 4598//4493 4591//4486 4592//4487
f 4599//4494 4592//4487 4544//4439
f 4164//4059 4165//4060 4593//4488
f 4167//4062 4164//4059 4594//4489
f 4169//4064 4167//4062 4595//4490
f 4171//4066 4169//4064 4596//4491
f 4173//4068 4171//4066 4597//4492
f 4173//4068 4598//4493 4599//4494
f 4175//4070 4599//4494 4551//4446
f 4600//4495 4379//4274 4376//4271
f 4601//4496 4376//4271 4389//4284
f 4602//4497 4389//4284 4396//4291
f 4603//4498 4396//4291 4403//4298
f 4604//4499 4403//4298 4410//4305
f 4605//4500 4410//4305 4417//4312
f 4606//4501 4417//4312 4369//4264
f 4607//4502 4600//4495 4601//4496
f 4608//4503 4601//4496 4602//4497
f 4609//4504 4602//4497 4603//4498
f 4610//4505 4603//4498 4604//4499
f 4611//4506 4604//4499 4605//4500
f 4612//4507 4605//4500 4606//4501
f 4613//4508 4606//4501 4558//4453
f 4614//4509 4607//4502 4608//4503
f 4615//4510 4608//4503 4609//4504
f 4616//4511 4609//4504 4610//4505
f 4617//4512 4610//4505 4611//4506
f 4618//4513 4611//4506 4612//4507
f 4619//4514 4612//4507 4613//4508
f 4620//4515 4613//4508 4565//4460
f 4622//4517 4621//4516 4614//4509
f 4622//4517 4615//4510 4616//4511
f 4623//4518 4616//4511 4617//4512
f 4624//4519 4617//4512 4618//4513
f 4625//4520 4618//4513 4619//4514
f 4626//4521 4619//4514 4620//4515
f 4627//4522 4620//4515 4572//4467
f 4629//4524 4628//4523 4621//4516
f 4630//4525 4629//4524 4622//4517
f 4631//4526 4630//4525 4623//4518
f 4632//4527 4631//4526 4624//4519
f 4633//4528 4632//4527 4625//4520
f 4634//4529 4633//4528 4626//4521
f 4586//4481 4634//4529 4627//4522
f 4636//4531 4635//4530 4628//4523
f 4637//4532 4636//4531 4629//4524
f 4638//4533 4637//4532 4630//4525
f 4639//4534 4638//4533 4631//4526
f 4640//4535 4639//4534 4632//4527
f 4641//4536 4640//4535 4633//4528
f 4593//4488 4641//4536 4634//4529
f 4215//4110 4216//4111 4635//4530
f 4218//4113 4215//4110 4636//4531
f 4220//4115 4218//4113 4637//4532
f 4222//4117 4220//4115 4638//4533
f 4224//4119 4222//4117 4639//4534
f 4226//4121 4224//4119 4640//4535
f 4165//4060 4226//4121 4641//4536
f 4643//4538 4642//4537 4322//4217
f 4644//4539 4643//4538 4388//4283
f 4645//4540 4644//4539 4386//4281
f 4647//4542 4645//4540 4646//4541
f 4648//4543 4647//4542 4383//4278
f 4649//4544 4648//4543 4381//4276
f 4600//4495 4649//4544 4378//4273
f 4651//4546 4650//4545 4642//4537
f 4652//4547 4651//4546 4643//4538
f 4653//4548 4652//4547 4644//4539
f 4654//4549 4653//4548 4645//4540
f 4655//4550 4654//4549 4647//4542
f 4656//4551 4655//4550 4648//4543
f 4607//4502 4656//4551 4649//4544
f 4658//4553 4657//4552 4650//4545
f 4659//4554 4658//4553 4651//4546
f 4660//4555 4659//4554 4652//4547
f 4661//4556 4660//4555 4653//4548
f 4662//4557 4661//4556 4654//4549
f 4663//4558 4662//4557 4655//4550
f 4614//4509 4663//4558 4656//4551
f 4665//4560 4664//4559 4657//4552
f 4666//4561 4665//4560 4658//4553
f 4667//4562 4666//4561 4659//4554
f 4668//4563 4667//4562 4660//4555
f 4669//4564 4668//4563 4661//4556
f 4670//4565 4669//4564 4662//4557
f 4621//4516 4670//4565 4663//4558
f 4671//4566 4664//4559 4665//4560
f 4672//4567 4665//4560 4666//4561
f 4673//4568 4666//4561 4667//4562
f 4674//4569 4667//4562 4668//4563
f 4675//4570 4668//4563 4669//4564
f 4676//4571 4669//4564 4670//4565
f 4677//4572 4670//4565 4621//4516
f 4678//4573 4671//4566 4672//4567
f 4679//4574 4672//4567 4673//4568
f 4680//4575 4673//4568 4674//4569
f 4681//4576 4674//4569 4675//4570
f 4682//4577 4675//4570 4676//4571
f 4683//4578 4676//4571 4677//4572
f 4684//4579 4677//4572 4628//4523
f 4211//4106 4678//4573 4679//4574
f 4254//4149 4679//4574 4680//4575
f 4685//4580 4680//4575 4681//4576
f 4241//4136 4681//4576 4682//4577
f 4234//4129 4682//4577 4683//4578
f 4227//4122 4683//4578 4684//4579
f 4213//4108 4684//4579 4635//4530
f 4431//4326 4319//4214 4330//4225
f 4687//4582 4686//4581 4330//4225
f 4689//4584 4687//4582 4688//4583
f 4690//4585 4689//4584 4327//4222
f 4691//4586 4690//4585 4325//4220
f 4693//4588 4691//4586 4692//4587
f 4642//4537 4693//4588 4694//4589
f 4695//4590 4439//4334 4431//4326
f 4696//4591 4695//4590 4686//4581
f 4697//4592 4696//4591 4687//4582
f 4698//4593 4697//4592 4689//4584
f 4699//4594 4698//4593 4690//4585
f 4700//4595 4699//4594 4691//4586
f 4650//4545 4700//4595 4693//4588
f 4701//4596 4447//4342 4439//4334
f 4702//4597 4701//4596 4695//4590
f 4703//4598 4702//4597 4696//4591
f 4704//4599 4703//4598 4697//4592
f 4705//4600 4704//4599 4698//4593
f 4706//4601 4705//4600 4699//4594
f 4657//4552 4706//4601 4700//4595
f 4707//4602 4455//4350 4447//4342
f 4708//4603 4707//4602 4701//4596
f 4709//4604 4708//4603 4702//4597
f 4710//4605 4709//4604 4703//4598
f 4711//4606 4710//4605 4704//4599
f 4712//4607 4711//4606 4705//4600
f 4664//4559 4712//4607 4706//4601
f 4713//4608 4463//4358 4455//4350
f 4714//4609 4713//4608 4707//4602
f 4715//4610 4714//4609 4708//4603
f 4715//4610 4709//4604 4710//4605
f 4716//4611 4710//4605 4711//4606
f 4717//4612 4711//4606 4712//4607
f 4718//4613 4712//4607 4664//4559
f 4471//4366 4463//4358 4713//4608
f 4719//4614 4713//4608 4714//4609
f 4720//4615 4714//4609 4715//4610
f 4721//4616 4715//4610 4716//4611
f 4722//4617 4716//4611 4717//4612
f 4723//4618 4717//4612 4718//4613
f 4724//4619 4718//4613 4671//4566
f 4161//4056 4471//4366 4719//4614
f 4725//4620 4719//4614 4720//4615
f 4726//4621 4720//4615 4721//4616
f 4727//4622 4721//4616 4722//4617
f 4728//4623 4722//4617 4723//4618
f 4212//4107 4723//4618 4724//4619
f 4729//4624 4724//4619 4678//4573
f 4731//4626 4733//4628 4730//4625
f 4734//4629 4732//4627 4731//4626
f 4734//4629 4737//4632 4735//4630
f 4738//4633 4737//4632 4736//4631
f 4740//4635 4739//4634 4738//4633
f 4742//4637 4741//4636 4740//4635
f 4742//4637 4745//4640 4743//4638
f 4747//4642 4730//4625 4746//4641
f 4748//4643 4731//4626 4747//4642
f 4748//4643 4736//4631 4734//4629
f 4749//4644 4738//4633 4736//4631
f 4750//4645 4740//4635 4738//4633
f 4751//4646 4742//4637 4740//4635
f 4753//4648 4742//4637 4752//4647
f 4755//4650 4746//4641 4754//4649
f 4756//4651 4747//4642 4755//4650
f 4756//4651 4749//4644 4748//4643
f 4757//4652 4750//4645 4749//4644
f 4758//4653 4751//4646 4750//4645
f 4759//4654 4752//4647 4751//4646
f 4761//4656 4752//4647 4760//4655
f 4763//4658 4754//4649 4762//4657
f 4764//4659 4755//4650 4763//4658
f 4764//4659 4757//4652 4756//4651
f 4765//4660 4758//4653 4757//4652
f 4766//4661 4759//4654 4758//4653
f 4767//4662 4760//4655 4759//4654
f 4769//4664 4760//4655 4768//4663
f 4771//4666 4762//4657 4770//4665
f 4772//4667 4763//4658 4771//4666
f 4772//4667 4765//4660 4764//4659
f 4773//4668 4766//4661 4765//4660
f 4774//4669 4767//4662 4766//4661
f 4776//4671 4767//4662 4775//4670
f 4777//4672 4768//4663 4776//4671
f 4779//4674 4770//4665 4778//4673
f 4780//4675 4771//4666 4779//4674
f 4780//4675 4773//4668 4772//4667
f 4781//4676 4774//4669 4773//4668
f 4782//4677 4775//4670 4774//4669
f 4784//4679 4775//4670 4783//4678
f 4785//4680 4776//4671 4784//4679
f 4787//4682 4778//4673 4786//4681
f 4787//4682 4780//4675 4779//4674
f 4788//4683 4781//4676 4780//4675
f 4789//4684 4782//4677 4781//4676
f 4790//4685 4783//4678 4782//4677
f 4792//4687 4783//4678 4791//4686
f 4793//4688 4784//4679 4792//4687
f 4795//4690 4797//4692 4794//4689
f 4798//4693 4796//4691 4795//4690
f 4800//4695 4799//4694 4798//4693
f 4802//4697 4801//4696 4800//4695
f 4804//4699 4803//4698 4802//4697
f 4806//4701 4805//4700 4804//4699
f 4787//4682 4807//4702 4806//4701
f 4809//4704 4794//4689 4808//4703
f 4810//4705 4795//4690 4809//4704
f 4811//4706 4798//4693 4810//4705
f 4812//4707 4800//4695 4811//4706
f 4813//4708 4802//4697 4812//4707
f 4814//4709 4804//4699 4813//4708
f 4788//4683 4806//4701 4814//4709
f 4815//4710 4809//4704 4808//4703
f 4816//4711 4810//4705 4809//4704
f 4817//4712 4811//4706 4810//4705
f 4818//4713 4812//4707 4811//4706
f 4819//4714 4813//4708 4812//4707
f 4820//4715 4814//4709 4813//4708
f 4789//4684 4814//4709 4821//4716
f 4822//4717 4816//4711 4815//4710
f 4823//4718 4817//4712 4816//4711
f 4824//4719 4818//4713 4817//4712
f 4825//4720 4819//4714 4818//4713
f 4826//4721 4820//4715 4819//4714
f 4827//4722 4821//4716 4820//4715
f 4828//4723 4789//4684 4821//4716
f 4829//4724 4823//4718 4822//4717
f 4830//4725 4824//4719 4823//4718
f 4831//4726 4825//4720 4824//4719
f 4832//4727 4826//4721 4825//4720
f 4833//4728 4827//4722 4826//4721
f 4834//4729 4828//4723 4827//4722
f 4835//4730 4790//4685 4828//4723
f 4836//4731 4830//4725 4829//4724
f 4837//4732 4831//4726 4830//4725
f 4838//4733 4832//4727 4831//4726
f 4839//4734 4833//4728 4832//4727
f 4840//4735 4834//4729 4833//4728
f 4841//4736 4835//4730 4834//4729
f 4842//4737 4791//4686 4835//4730
f 4843//4738 4837//4732 4836//4731
f 5361//5255 4838//4733 4837//4732
f 4844//4739 4839//4734 4838//4733
f 4845//4740 4840//4735 4839//4734
f 5360//5254 4841//4736 4840//4735
f 5359//5253 4842//4737 4841//4736
f 5358//5252 4792//4687 4842//4737
f 4847//4742 4849//4744 4846//4741
f 4850//4745 4848//4743 4847//4742
f 4852//4747 4851//4746 4850//4745
f 4854//4749 4853//4748 4852//4747
f 4856//4751 4855//4750 4854//4749
f 4858//4753 4857//4752 4856//4751
f 4794//4689 4859//4754 4858//4753
f 4860//4755 4847//4742 4846//4741
f 4862//4757 4847//4742 4861//4756
f 4863//4758 4850//4745 4862//4757
f 4864//4759 4852//4747 4863//4758
f 4865//4760 4854//4749 4864//4759
f 4866//4761 4856//4751 4865//4760
f 4808//4703 4858//4753 4866//4761
f 5318//5212 4861//4756 4860//4755
f 4868//4763 4861//4756 4867//4762
f 4869//4764 4862//4757 4868//4763
f 4870//4765 4863//4758 4869//4764
f 4871//4766 4864//4759 4870//4765
f 4872//4767 4865//4760 4871//4766
f 4872//4767 4808//4703 4866//4761
f 4873//4768 5318//5212 5317//5211
f 4874//4769 4867//4762 4873//4768
f 4875//4770 4868//4763 4874//4769
f 4876//4771 4869//4764 4875//4770
f 4876//4771 4871//4766 4870//4765
f 4877//4772 4872//4767 4871//4766
f 4878//4773 4815//4710 4872//4767
f 4879//4774 5317//5211 5316//5210
f 4880//4775 4873//4768 4879//4774
f 4881//4776 4874//4769 4880//4775
f 4882//4777 4875//4770 4881//4776
f 4882//4777 4877//4772 4876//4771
f 4883//4778 4878//4773 4877//4772
f 4884//4779 4822//4717 4878//4773
f 4886//4781 5316//5210 4885//4780
f 4887//4782 4879//4774 4886//4781
f 4888//4783 4880//4775 4887//4782
f 4889//4784 4881//4776 4888//4783
f 4889//4784 4883//4778 4882//4777
f 4890//4785 4884//4779 4883//4778
f 4891//4786 4829//4724 4884//4779
f 4843//4738 4886//4781 4885//4780
f 4843//4738 4887//4782 4886//4781
f 4843//4738 4888//4783 4887//4782
f 4843//4738 4889//4784 4888//4783
f 4843//4738 4890//4785 4889//4784
f 4843//4738 4891//4786 4890//4785
f 4843//4738 4836//4731 4891//4786
f 4893//4788 4895//4790 4892//4787
f 4896//4791 4894//4789 4893//4788
f 4898//4793 4897//4792 4896//4791
f 4900//4795 4899//4794 4898//4793
f 4901//4796 5150//5044 4900//4795
f 4902//4797 5148//5042 4901//4796
f 4999//4894 4903//4798 4902//4797
f 4906//4801 4892//4787 4905//4800
f 4907//4802 4893//4788 4906//4801
f 4908//4803 4896//4791 4907//4802
f 4909//4804 4898//4793 4908//4803
f 4910//4805 4900//4795 4909//4804
f 4911//4806 4901//4796 4910//4805
f 4912//4807 4902//4797 4911//4806
f 4914//4809 4905//4800 4913//4808
f 4915//4810 4906//4801 4914//4809
f 4916//4811 4907//4802 4915//4810
f 4917//4812 4908//4803 4916//4811
f 4918//4813 4909//4804 4917//4812
f 4919//4814 4910//4805 4918//4813
f 4920//4815 4911//4806 4919//4814
f 4922//4817 4913//4808 4921//4816
f 4923//4818 4914//4809 4922//4817
f 4924//4819 4915//4810 4923//4818
f 4925//4820 4916//4811 4924//4819
f 4926//4821 4917//4812 4925//4820
f 4927//4822 4918//4813 4926//4821
f 4927//4822 4920//4815 4919//4814
f 4930//4825 4921//4816 4929//4824
f 4931//4826 4922//4817 4930//4825
f 4932//4827 4923//4818 4931//4826
f 4932//4827 4925//4820 4924//4819
f 4933//4828 4926//4821 4925//4820
f 4934//4829 4927//4822 4926//4821
f 4935//4830 4928//4823 4927//4822
f 4938//4833 4929//4824 4937//4832
f 4938//4833 4931//4826 4930//4825
f 4939//4834 4932//4827 4931//4826
f 4940//4835 4933//4828 4932//4827
f 4941//4836 4934//4829 4933//4828
f 4942//4837 4935//4830 4934//4829
f 4943//4838 4936//4831 4935//4830
f 4945//4840 4938//4833 4937//4832
f 4946//4841 4939//4834 4938//4833
f 4947//4842 4940//4835 4939//4834
f 4948//4843 4941//4836 4940//4835
f 4949//4844 4942//4837 4941//4836
f 4950//4845 4943//4838 4942//4837
f 4951//4846 4944//4839 4943//4838
f 4954//4849 4956//4851 4953//4848
f 4957//4852 4955//4850 4954//4849
f 4958//4853 5326//5220 4957//4852
f 4960//4855 4959//4854 4958//4853
f 4962//4857 4961//4856 4960//4855
f 4962//4857 5320//5214 5322//5216
f 4963//4858 4952//4847 5320//5214
f 4965//4860 4953//4848 4964//4859
f 4966//4861 4954//4849 4965//4860
f 4967//4862 4957//4852 4966//4861
f 4968//4863 4958//4853 4967//4862
f 4968//4863 4962//4857 4960//4855
f 4969//4864 4963//4858 4962//4857
f 4970//4865 4944//4839 4963//4858
f 4972//4867 4964//4859 4971//4866
f 4973//4868 4965//4860 4972//4867
f 4974//4869 4966//4861 4973//4868
f 4975//4870 4967//4862 4974//4869
f 4975//4870 4969//4864 4968//4863
f 4976//4871 4970//4865 4969//4864
f 4977//4872 4936//4831 4970//4865
f 4979//4874 4971//4866 4978//4873
f 4980//4875 4972//4867 4979//4874
f 4981//4876 4973//4868 4980//4875
f 4982//4877 4974//4869 4981//4876
f 4983//4878 4975//4870 4982//4877
f 4984//4879 4976//4871 4983//4878
f 4984//4879 4928//4823 4977//4872
f 4986//4881 4978//4873 4985//4880
f 4987//4882 4979//4874 4986//4881
f 4988//4883 4980//4875 4987//4882
f 4989//4884 4981//4876 4988//4883
f 4990//4885 4982//4877 4989//4884
f 4991//4886 4983//4878 4990//4885
f 4912//4807 4984//4879 4991//4886
f 4993//4888 4985//4880 4992//4887
f 4994//4889 4986//4881 4993//4888
f 4995//4890 4987//4882 4994//4889
f 4996//4891 4988//4883 4995//4890
f 4997//4892 4989//4884 4996//4891
f 4998//4893 4990//4885 4997//4892
f 4999//4894 4991//4886 4998//4893
f 5001//4896 4992//4887 5000//4895
f 5002//4897 4993//4888 5001//4896
f 5003//4898 4994//4889 5002//4897
f 5004//4899 4995//4890 5003//4898
f 5005//4900 4996//4891 5004//4899
f 5006//4901 4997//4892 5005//4900
f 4904//4799 4998//4893 5006//4901
f 5008//4903 5010//4905 5007//4902
f 5011//4906 5009//4904 5008//4903
f 5013//4908 5012//4907 5011//4906
f 5015//4910 5014//4909 5013//4908
f 5016//4911 5277//5171 5015//4910
f 5018//4913 5017//4912 5016//4911
f 4953//4848 5019//4914 5018//4913
f 5021//4916 5007//4902 5020//4915
f 5022//4917 5008//4903 5021//4916
f 5023//4918 5011//4906 5022//4917
f 5024//4919 5013//4908 5023//4918
f 5025//4920 5015//4910 5024//4919
f 5026//4921 5016//4911 5025//4920
f 4964//4859 5018//4913 5026//4921
f 5028//4923 5020//4915 5027//4922
f 5029//4924 5021//4916 5028//4923
f 5030//4925 5022//4917 5029//4924
f 5031//4926 5023//4918 5030//4925
f 5032//4927 5024//4919 5031//4926
f 5033//4928 5025//4920 5032//4927
f 4971//4866 5026//4921 5033//4928
f 5035//4930 5027//4922 5034//4929
f 5036//4931 5028//4923 5035//4930
f 5037//4932 5029//4924 5036//4931
f 5038//4933 5030//4925 5037//4932
f 5039//4934 5031//4926 5038//4933
f 5040//4935 5032//4927 5039//4934
f 4978//4873 5033//4928 5040//4935
f 5042//4937 5034//4929 5041//4936
f 5043//4938 5035//4930 5042//4937
f 5044//4308 5036//4931 5043//4938
f 5045//4939 5037//4932 5044//4308
f 5046//4940 5038//4933 5045//4939
f 5047//4941 5039//4934 5046//4940
f 4985//4880 5040//4935 5047//4941
f 5049//4943 5041//4936 5048//4942
f 5050//4944 5042//4937 5049//4943
f 5051//4945 5043//4938 5050//4944
f 5052//4946 5044//4308 5051//4945
f 5053//4947 5045//4939 5052//4946
f 5054//4948 5046//4940 5053//4947
f 4992//4887 5047//4941 5054//4948
f 5000//4895 5049//4943 5048//4942
f 5000//4895 5050//4944 5049//4943
f 5000//4895 5051//4945 5050//4944
f 5000//4895 5052//4946 5051//4945
f 5000//4895 5053//4947 5052//4946
f 5000//4895 5054//4948 5053//4947
f 5000//4895 4992//4887 5054//4948
f 5055//4949 4946//4841 4945//4840
f 5056//4950 4947//4842 4946//4841
f 5057//4951 4948//4843 4947//4842
f 5058//4952 4949//4844 4948//4843
f 5059//4953 4950//4845 4949//4844
f 5060//4954 4951//4846 4950//4845
f 5061//4955 4952//4847 4951//4846
f 5063//4957 5056//4950 5055//4949
f 5064//4958 5057//4951 5056//4950
f 5065//4959 5058//4952 5057//4951
f 5066//4960 5059//4953 5058//4952
f 5067//4961 5060//4954 5059//4953
f 5068//4962 5061//4955 5060//4954
f 5069//4963 5062//4956 5061//4955
f 5071//4965 5064//4958 5063//4957
f 5072//4966 5065//4959 5064//4958
f 5073//4967 5066//4960 5065//4959
f 5074//4968 5067//4961 5066//4960
f 5075//4969 5068//4962 5067//4961
f 5076//4970 5069//4963 5068//4962
f 5078//4972 5069//4963 5077//4971
f 5079//4973 5072//4966 5071//4965
f 5080//4974 5073//4967 5072//4966
f 5081//4975 5074//4968 5073//4967
f 5082//4976 5075//4969 5074//4968
f 5083//4977 5076//4970 5075//4969
f 5084//4978 5077//4971 5076//4970
f 5086//4980 5077//4971 5085//4979
f 5087//4981 5080//4974 5079//4973
f 5088//4982 5081//4975 5080//4974
f 5089//4983 5082//4976 5081//4975
f 5090//4984 5083//4977 5082//4976
f 5091//4985 5084//4978 5083//4977
f 5092//4986 5085//4979 5084//4978
f 5093//4987 5086//4980 5085//4979
f 5095//4989 5088//4982 5087//4981
f 5097//4991 5088//4982 5096//4990
f 5098//4992 5089//4983 5097//4991
f 5099//4993 5090//4984 5098//4992
f 5099//4993 5092//4986 5091//4985
f 5100//4994 5093//4987 5092//4986
f 5101//4995 5094//4988 5093//4987
f 4744//4639 5095//4989 4745//4640
f 4753//4648 5096//4990 4744//4639
f 4761//4656 5097//4991 4753//4648
f 4769//4664 5098//4992 4761//4656
f 4769//4664 5100//4994 5099//4993
f 4777//4672 5101//4995 5100//4994
f 4785//4680 5102//4996 5101//4995
f 5103//4997 4892//4787 4895//4790
f 5104//4998 4905//4800 4892//4787
f 5105//4999 4913//4808 4905//4800
f 5106//5000 4921//4816 4913//4808
f 5108//5002 4921//4816 5107//5001
f 5109//5003 4929//4824 5108//5002
f 5055//4949 4937//4832 5109//5003
f 5110//5004 5104//4998 5103//4997
f 5111//5005 5105//4999 5104//4998
f 5112//5006 5106//5000 5105//4999
f 5113//5007 5107//5001 5106//5000
f 5115//5009 5107//5001 5114//5008
f 5116//5010 5108//5002 5115//5009
f 5116//5010 5055//4949 5109//5003
f 5117//5011 5111//5005 5110//5004
f 5118//5012 5112//5006 5111//5005
f 5119//5013 5113//5007 5112//5006
f 5120//5014 5114//5008 5113//5007
f 5121//5015 5115//5009 5114//5008
f 5122//5016 5116//5010 5115//5009
f 5123//5017 5063//4957 5116//5010
f 5124//5018 5118//5012 5117//5011
f 5125//5019 5119//5013 5118//5012
f 5126//5020 5120//5014 5119//5013
f 5127//5021 5121//5015 5120//5014
f 5128//5022 5122//5016 5121//5015
f 5129//5023 5123//5017 5122//5016
f 5130//5024 5071//4965 5123//5017
f 5131//5025 5125//5019 5124//5018
f 5133//5027 5125//5019 5132//5026
f 5134//5028 5126//5020 5133//5027
f 5134//5028 5128//5022 5127//5021
f 5135//5029 5129//5023 5128//5022
f 5136//5030 5130//5024 5129//5023
f 5137//5031 5079//4973 5130//5024
f 5139//5033 5131//5025 5138//5032
f 5140//5034 5132//5026 5139//5033
f 5141//5035 5133//5027 5140//5034
f 5141//5035 5135//5029 5134//5028
f 5142//5036 5136//5030 5135//5029
f 5143//5037 5137//5031 5136//5030
f 5144//5038 5087//4981 5137//5031
f 4732//4627 5138//5032 4733//4628
f 4735//4630 5139//5033 4732//4627
f 4737//4632 5140//5034 4735//4630
f 4737//4632 5142//5036 5141//5035
f 4739//4634 5143//5037 5142//5036
f 4741//4636 5144//5038 5143//5037
f 4743//4638 5095//4989 5144//5038
f 5146//5040 4904//4799 5145//5039
f 5147//5041 4903//4798 5146//5040
f 5149//5043 5148//5042 5147//5041
f 5151//5045 5150//5044 5149//5043
f 5152//5046 4899//4794 5151//5045
f 5153//5047 4897//4792 5152//5046
f 5103//4997 4894//4789 5153//5047
f 5155//5049 5145//5039 5154//5048
f 5156//5050 5146//5040 5155//5049
f 5157//5051 5147//5041 5156//5050
f 5158//5052 5149//5043 5157//5051
f 5159//5053 5151//5045 5158//5052
f 5160//5054 5152//5046 5159//5053
f 5110//5004 5153//5047 5160//5054
f 5162//5056 5154//5048 5161//5055
f 5163//5057 5155//5049 5162//5056
f 5164//5058 5156//5050 5163//5057
f 5165//5059 5157//5051 5164//5058
f 5166//5060 5158//5052 5165//5059
f 5167//5061 5159//5053 5166//5060
f 5167//5061 5110//5004 5160//5054
f 5168//5062 5162//5056 5161//5055
f 5169//5063 5163//5057 5162//5056
f 5170//5064 5164//5058 5163//5057
f 5171//5065 5165//5059 5164//5058
f 5172//5066 5166//5060 5165//5059
f 5173//5067 5167//5061 5166//5060
f 5174//5068 5117//5011 5167//5061
f 5175//5069 5169//5063 5168//5062
f 5176//5070 5170//5064 5169//5063
f 5177//5071 5171//5065 5170//5064
f 5178//5072 5172//5066 5171//5065
f 5179//5073 5173//5067 5172//5066
f 5180//5074 5174//5068 5173//5067
f 5181//5075 5124//5018 5174//5068
f 5182//5076 5176//5070 5175//5069
f 5183//5077 5177//5071 5176//5070
f 5184//5078 5178//5072 5177//5071
f 5185//5079 5179//5073 5178//5072
f 5186//5080 5180//5074 5179//5073
f 5187//5081 5181//5075 5180//5074
f 5188//5082 5131//5025 5181//5075
f 4786//4681 5183//5077 5182//5076
f 4778//4673 5184//5078 5183//5077
f 4770//4665 5185//5079 5184//5078
f 4762//4657 5186//5080 5185//5079
f 4754//4649 5187//5081 5186//5080
f 4746//4641 5188//5082 5187//5081
f 4730//4625 5138//5032 5188//5082
f 5190//5084 5000//4895 5189//5083
f 5191//5085 5001//4896 5190//5084
f 5192//5086 5002//4897 5191//5085
f 5193//5087 5003//4898 5192//5086
f 5194//5088 5004//4899 5193//5087
f 5195//5089 5005//4900 5194//5088
f 5145//5039 5006//4901 5195//5089
f 5197//5091 5189//5083 5196//5090
f 5198//5092 5190//5084 5197//5091
f 5199//5093 5191//5085 5198//5092
f 5200//5094 5192//5086 5199//5093
f 5201//5095 5193//5087 5200//5094
f 5202//5096 5194//5088 5201//5095
f 5154//5048 5195//5089 5202//5096
f 5204//5098 5196//5090 5203//5097
f 5205//5099 5197//5091 5204//5098
f 5206//5100 5198//5092 5205//5099
f 5207//5101 5199//5093 5206//5100
f 5208//5102 5200//5094 5207//5101
f 5209//5103 5201//5095 5208//5102
f 5161//5055 5202//5096 5209//5103
f 5211//5105 5203//5097 5210//5104
f 5212//5106 5204//5098 5211//5105
f 5213//5107 5205//5099 5212//5106
f 5213//5107 5207//5101 5206//5100
f 5214//5108 5208//5102 5207//5101
f 5215//5109 5209//5103 5208//5102
f 5216//5110 5161//5055 5209//5103
f 5218//5112 5210//5104 5217//5111
f 5219//5113 5211//5105 5218//5112
f 5219//5113 5213//5107 5212//5106
f 5220//5114 5214//5108 5213//5107
f 5221//5115 5215//5109 5214//5108
f 5222//5116 5216//5110 5215//5109
f 5223//5117 5168//5062 5216//5110
f 5225//5119 5217//5111 5224//5118
f 5226//5120 5218//5112 5225//5119
f 5227//5121 5219//5113 5226//5120
f 5227//5121 5221//5115 5220//5114
f 5228//5122 5222//5116 5221//5115
f 5229//5123 5223//5117 5222//5116
f 5230//5124 5175//5069 5223//5117
f 4796//4691 5224//5118 4797//4692
f 4799//4694 5225//5119 4796//4691
f 4801//4696 5226//5120 4799//4694
f 4803//4698 5227//5121 4801//4696
f 4805//4700 5228//5122 4803//4698
f 4805//4700 5230//5124 5229//5123
f 4807//4702 5182//5076 5230//5124
f 5231//5125 5007//4902 5010//4905
f 5232//5126 5020//4915 5007//4902
f 5233//5127 5027//4922 5020//4915
f 5234//5128 5034//4929 5027//4922
f 5235//5129 5041//4936 5034//4929
f 5236//5130 5048//4942 5041//4936
f 5237//5131 5000//4895 5048//4942
f 5238//5132 5232//5126 5231//5125
f 5239//5133 5233//5127 5232//5126
f 5240//5134 5234//5128 5233//5127
f 5241//5135 5235//5129 5234//5128
f 5242//5136 5236//5130 5235//5129
f 5243//5137 5237//5131 5236//5130
f 5244//5138 5189//5083 5237//5131
f 5245//5139 5239//5133 5238//5132
f 5246//5140 5240//5134 5239//5133
f 5247//5141 5241//5135 5240//5134
f 5248//5142 5242//5136 5241//5135
f 5249//5143 5243//5137 5242//5136
f 5250//5144 5244//5138 5243//5137
f 5251//5145 5196//5090 5244//5138
f 5253//5147 5245//5139 5252//5146
f 5253//5147 5247//5141 5246//5140
f 5254//5148 5248//5142 5247//5141
f 5255//5149 5249//5143 5248//5142
f 5256//5150 5250//5144 5249//5143
f 5257//5151 5251//5145 5250//5144
f 5258//5152 5203//5097 5251//5145
f 5260//5154 5252//5146 5259//5153
f 5261//5155 5253//5147 5260//5154
f 5262//5156 5254//5148 5261//5155
f 5263//5157 5255//5149 5262//5156
f 5264//5158 5256//5150 5263//5157
f 5265//5159 5257//5151 5264//5158
f 5217//5111 5258//5152 5265//5159
f 5267//5161 5259//5153 5266//5160
f 5268//5162 5260//5154 5267//5161
f 5269//5163 5261//5155 5268//5162
f 5270//5164 5262//5156 5269//5163
f 5271//5165 5263//5157 5270//5164
f 5272//5166 5264//5158 5271//5165
f 5224//5118 5265//5159 5272//5166
f 4848//4743 5266//5160 4849//4744
f 4851//4746 5267//5161 4848//4743
f 4853//4748 5268//5162 4851//4746
f 4855//4750 5269//5163 4853//4748
f 4857//4752 5270//5164 4855//4750
f 4859//4754 5271//5165 4857//4752
f 4797//4692 5272//5166 4859//4754
f 5274//5168 4956//4851 5273//5167
f 5275//5169 5019//4914 5274//5168
f 5276//5170 5017//4912 5275//5169
f 5278//5172 5277//5171 5276//5170
f 5279//5173 5014//4909 5278//5172
f 5280//5174 5012//4907 5279//5173
f 5231//5125 5009//4904 5280//5174
f 5282//5176 5273//5167 5281//5175
f 5283//5177 5274//5168 5282//5176
f 5284//5178 5275//5169 5283//5177
f 5285//5179 5276//5170 5284//5178
f 5286//5180 5278//5172 5285//5179
f 5287//5181 5279//5173 5286//5180
f 5238//5132 5280//5174 5287//5181
f 5289//5183 5281//5175 5288//5182
f 5290//5184 5282//5176 5289//5183
f 5291//5185 5283//5177 5290//5184
f 5292//5186 5284//5178 5291//5185
f 5293//5187 5285//5179 5292//5186
f 5294//5188 5286//5180 5293//5187
f 5245//5139 5287//5181 5294//5188
f 5296//5190 5288//5182 5295//5189
f 5297//5191 5289//5183 5296//5190
f 5298//5192 5290//5184 5297//5191
f 5299//5193 5291//5185 5298//5192
f 5300//5194 5292//5186 5299//5193
f 5301//5195 5293//5187 5300//5194
f 5252//5146 5294//5188 5301//5195
f 5302//5196 5296//5190 5295//5189
f 5303//5197 5297//5191 5296//5190
f 5304//5198 5298//5192 5297//5191
f 5305//5199 5299//5193 5298//5192
f 5306//5200 5300//5194 5299//5193
f 5307//5201 5301//5195 5300//5194
f 5308//5202 5252//5146 5301//5195
f 5309//5203 5303//5197 5302//5196
f 5310//5204 5304//5198 5303//5197
f 5311//5205 5305//5199 5304//5198
f 5312//5206 5306//5200 5305//5199
f 5313//5207 5307//5201 5306//5200
f 5314//5208 5308//5202 5307//5201
f 5315//5209 5259//5153 5308//5202
f 4843//4738 5310//5204 5309//5203
f 4885//4780 5311//5205 5310//5204
f 5316//5210 5312//5206 5311//5205
f 5317//5211 5313//5207 5312//5206
f 5318//5212 5314//5208 5313//5207
f 4860//4755 5315//5209 5314//5208
f 4846//4741 5266//5160 5315//5209
f 5062//4956 5320//5214 4952//4847
f 5321//5215 5320//5214 5319//5213
f 5323//5217 5322//5216 5321//5215
f 5324//5218 4961//4856 5323//5217
f 5325//5219 4959//4854 5324//5218
f 5327//5221 5326//5220 5325//5219
f 5273//5167 4955//4850 5327//5221
f 5328//5222 5062//4956 5070//4964
f 5329//5223 5319//5213 5328//5222
f 5330//5224 5321//5215 5329//5223
f 5331//5225 5323//5217 5330//5224
f 5332//5226 5324//5218 5331//5225
f 5333//5227 5325//5219 5332//5226
f 5281//5175 5327//5221 5333//5227
f 5334//5228 5070//4964 5078//4972
f 5335//5229 5328//5222 5334//5228
f 5336//5230 5329//5223 5335//5229
f 5337//5231 5330//5224 5336//5230
f 5338//5232 5331//5225 5337//5231
f 5339//5233 5332//5226 5338//5232
f 5288//5182 5333//5227 5339//5233
f 5340//5234 5078//4972 5086//4980
f 5341//5235 5334//5228 5340//5234
f 5342//5236 5335//5229 5341//5235
f 5343//5237 5336//5230 5342//5236
f 5344//5238 5337//5231 5343//5237
f 5345//5239 5338//5232 5344//5238
f 5295//5189 5339//5233 5345//5239
f 5346//5240 5086//4980 5094//4988
f 5347//5241 5340//5234 5346//5240
f 5348//5242 5341//5235 5347//5241
f 5348//5242 5343//5237 5342//5236
f 5349//5243 5344//5238 5343//5237
f 5350//5244 5345//5239 5344//5238
f 5351//5245 5295//5189 5345//5239
f 5102//4996 5346//5240 5094//4988
f 5352//5246 5347//5241 5346//5240
f 5353//5247 5348//5242 5347//5241
f 5354//5248 5349//5243 5348//5242
f 5355//5249 5350//5244 5349//5243
f 5356//5250 5351//5245 5350//5244
f 5357//5251 5302//5196 5351//5245
f 4793//4688 5352//5246 5102//4996
f 5358//5252 5353//5247 5352//5246
f 5359//5253 5354//5248 5353//5247
f 5360//5254 5355//5249 5354//5248
f 4845//4740 5356//5250 5355//5249
f 4844//4739 5357//5251 5356//5250
f 5361//5255 5309//5203 5357//5251
f 5363//5257 5362//5256 5365//5259
f 5366//5260 5363//5257 5364//5258
f 5368//5262 5366//5260 5367//5261
f 5370//5264 5368//5262 5369//5263
f 5372//5266 5370//5264 5371//5265
f 5374//5268 5372//5266 5373//5267
f 5376//5270 5374//5268 5375//5269
f 5379//5273 5378//5272 5362//5256
f 5380//5274 5379//5273 5363//5257
f 5381//5275 5380//5274 5366//5260
f 5382//5276 5381//5275 5368//5262
f 5383//5277 5382//5276 5370//5264
f 5384//5278 5383//5277 5372//5266
f 5384//5278 5374//5268 5376//5270
f 5387//5281 5386//5280 5378//5272
f 5388//5282 5387//5281 5379//5273
f 5389//5283 5388//5282 5380//5274
f 5390//5284 5389//5283 5381//5275
f 5391//5285 5390//5284 5382//5276
f 5391//5285 5383//5277 5384//5278
f 5392//5286 5384//5278 5385//5279
f 5395//5289 5394//5288 5386//5280
f 5396//5290 5395//5289 5387//5281
f 5397//5291 5396//5290 5388//5282
f 5398//5292 5397//5291 5389//5283
f 5399//5293 5398//5292 5390//5284
f 5399//5293 5391//5285 5392//5286
f 5400//5294 5392//5286 5393//5287
f 5403//5297 5402//5296 5394//5288
f 5404//5298 5403//5297 5395//5289
f 5405//5299 5404//5298 5396//5290
f 5406//5300 5405//5299 5397//5291
f 5406//5300 5398//5292 5399//5293
f 5407//5301 5399//5293 5400//5294
f 5408//5302 5400//5294 5401//5295
f 5411//5305 5410//5304 5402//5296
f 5412//5306 5411//5305 5403//5297
f 5413//5307 5412//5306 5404//5298
f 5414//5308 5413//5307 5405//5299
f 5414//5308 5406//5300 5407//5301
f 5415//5309 5407//5301 5408//5302
f 5416//5310 5408//5302 5409//5303
f 5419//5313 5418//5312 5410//5304
f 5420//5314 5419//5313 5411//5305
f 5421//5315 5420//5314 5412//5306
f 5422//5316 5421//5315 5413//5307
f 5423//5317 5422//5316 5414//5308
f 5424//5318 5423//5317 5415//5309
f 5425//5319 5424//5318 5416//5310
f 5426//5320 5429//5323 5428//5322
f 5427//5321 5428//5322 5431//5325
f 5430//5324 5431//5325 5433//5327
f 5432//5326 5433//5327 5435//5329
f 5436//5330 5434//5328 5435//5329
f 5438//5332 5436//5330 5437//5331
f 5362//5256 5438//5332 5439//5333
f 5441//5335 5440//5334 5426//5320
f 5442//5336 5441//5335 5427//5321
f 5443//5337 5442//5336 5430//5324
f 5444//5338 5443//5337 5432//5326
f 5444//5338 5434//5328 5436//5330
f 5445//5339 5436//5330 5438//5332
f 5446//5340 5438//5332 5362//5256
f 5448//5342 5447//5341 5440//5334
f 5449//5343 5448//5342 5441//5335
f 5450//5344 5449//5343 5442//5336
f 5451//5345 5450//5344 5443//5337
f 5451//5345 5444//5338 5445//5339
f 5452//5346 5445//5339 5446//5340
f 5453//5347 5446//5340 5378//5272
f 5455//5349 5454//5348 5447//5341
f 5456//5350 5455//5349 5448//5342
f 5457//5351 5456//5350 5449//5343
f 5458//5352 5457//5351 5450//5344
f 5458//5352 5451//5345 5452//5346
f 5459//5353 5452//5346 5453//5347
f 5460//5354 5453//5347 5386//5280
f 5462//5356 5461//5355 5454//5348
f 5463//5357 5462//5356 5455//5349
f 5464//5358 5463//5357 5456//5350
f 5464//5358 5457//5351 5458//5352
f 5465//5359 5458//5352 5459//5353
f 5466//5360 5459//5353 5460//5354
f 5467//5361 5460//5354 5394//5288
f 5469//5363 5468//5362 5461//5355
f 5470//5364 5469//5363 5462//5356
f 5471//5365 5470//5364 5463//5357
f 5471//5365 5464//5358 5465//5359
f 5472//5366 5465//5359 5466//5360
f 5473//5367 5466//5360 5467//5361
f 5474//5368 5467//5361 5402//5296
f 5476//5370 5475//5369 5468//5362
f 5477//5371 5476//5370 5469//5363
f 5478//5372 5477//5371 5470//5364
f 5478//5372 5471//5365 5472//5366
f 5479//5373 5472//5366 5473//5367
f 5480//5374 5473//5367 5474//5368
f 5481//5375 5474//5368 5410//5304
f 5482//5376 5485//5379 5484//5378
f 5483//5377 5484//5378 5487//5381
f 5486//5380 5487//5381 5489//5383
f 5488//5382 5489//5383 5491//5385
f 5490//5384 5491//5385 5493//5387
f 5492//5386 5493//5387 5495//5389
f 5494//5388 5495//5389 5429//5323
f 5497//5391 5496//5390 5482//5376
f 5497//5391 5483//5377 5486//5380
f 5498//5392 5486//5380 5488//5382
f 5499//5393 5488//5382 5490//5384
f 5500//5394 5490//5384 5492//5386
f 5501//5395 5492//5386 5494//5388
f 5502//5396 5494//5388 5426//5320
f 5504//5398 5503//5397 5496//5390
f 5505//5399 5504//5398 5497//5391
f 5505//5399 5498//5392 5499//5393
f 5506//5400 5499//5393 5500//5394
f 5507//5401 5500//5394 5501//5395
f 5508//5402 5501//5395 5502//5396
f 5509//5403 5502//5396 5440//5334
f 5511//5405 5510//5404 5503//5397
f 5512//5406 5511//5405 5504//5398
f 5512//5406 5505//5399 5506//5400
f 5513//5407 5506//5400 5507//5401
f 5514//5408 5507//5401 5508//5402
f 5515//5409 5508//5402 5509//5403
f 5516//5410 5509//5403 5447//5341
f 5518//5412 5517//5411 5510//5404
f 5519//5413 5518//5412 5511//5405
f 5520//5414 5519//5413 5512//5406
f 5520//5414 5513//5407 5514//5408
f 5521//5415 5514//5408 5515//5409
f 5522//5416 5515//5409 5516//5410
f 5523//5417 5516//5410 5454//5348
f 5525//5419 5524//5418 5517//5411
f 5526//5420 5525//5419 5518//5412
f 5527//5421 5526//5420 5519//5413
f 5527//5421 5520//5414 5521//5415
f 5528//5422 5521//5415 5522//5416
f 5529//5423 5522//5416 5523//5417
f 5530//5424 5523//5417 5461//5355
f 5531//5425 5524//5418 5525//5419
f 5532//5426 5525//5419 5526//5420
f 5533//5427 5526//5420 5527//5421
f 5534//5428 5527//5421 5528//5422
f 5535//5429 5528//5422 5529//5423
f 5536//5430 5529//5423 5530//5424
f 5537//5431 5530//5424 5468//5362
f 5538//5432 5376//5270 5377//5271
f 5540//5434 5538//5432 5539//5433
f 5542//5436 5540//5434 5541//5435
f 5544//5438 5542//5436 5543//5437
f 5544//5438 5545//5439 5547//5441
f 5546//5440 5547//5441 5549//5443
f 5548//5442 5549//5443 5485//5379
f 5550//5444 5385//5279 5376//5270
f 5551//5445 5550//5444 5538//5432
f 5552//5446 5551//5445 5540//5434
f 5553//5447 5552//5446 5542//5436
f 5553//5447 5544//5438 5546//5440
f 5554//5448 5546//5440 5548//5442
f 5555//5449 5548//5442 5482//5376
f 5556//5450 5393//5287 5385//5279
f 5557//5451 5556//5450 5550//5444
f 5558//5452 5557//5451 5551//5445
f 5559//5453 5558//5452 5552//5446
f 5559//5453 5553//5447 5554//5448
f 5560//5454 5554//5448 5555//5449
f 5561//5455 5555//5449 5496//5390
f 5562//5456 5401//5295 5393//5287
f 5563//5457 5562//5456 5556//5450
f 5564//5458 5563//5457 5557//5451
f 5565//5459 5564//5458 5558//5452
f 5565//5459 5559//5453 5560//5454
f 5566//5460 5560//5454 5561//5455
f 5567//5461 5561//5455 5503//5397
f 5568//5462 5409//5303 5401//5295
f 5569//5463 5568//5462 5562//5456
f 5570//5464 5569//5463 5563//5457
f 5571//5465 5570//5464 5564//5458
f 5571//5465 5565//5459 5566//5460
f 5572//5466 5566//5460 5567//5461
f 5573//5467 5567//5461 5510//5404
f 5574//5468 5417//5311 5409//5303
f 5575//5469 5574//5468 5568//5462
f 5576//5470 5575//5469 5569//5463
f 5577//5471 5576//5470 5570//5464
f 5577//5471 5571//5465 5572//5466
f 5578//5472 5572//5466 5573//5467
f 5579//5473 5573//5467 5517//5411
f 5580//5474 5425//5319 5417//5311
f 5581//5475 5580//5474 5574//5468
f 5582//5476 5581//5475 5575//5469
f 5583//5477 5582//5476 5576//5470
f 5583//5477 5577//5471 5578//5472
f 5584//5478 5578//5472 5579//5473
f 5585//5479 5579//5473 5524//5418
f 5586//5480 5589//5483 5588//5482
f 5587//5481 5588//5482 5591//5485
f 5590//5484 5591//5485 5805//5699
f 5592//5486 5805//5699 5594//5488
f 5595//5489 5593//5487 5594//5488
f 5596//5490 5595//5489 5792//5686
f 5598//5492 5596//5490 5597//5491
f 5600//5494 5586//5480 5587//5481
f 5601//5495 5587//5481 5590//5484
f 5602//5496 5590//5484 5592//5486
f 5603//5497 5592//5486 5593//5487
f 5605//5499 5604//5498 5593//5487
f 5606//5500 5605//5499 5595//5489
f 5607//5501 5606//5500 5596//5490
f 5608//5502 5600//5494 5601//5495
f 5609//5503 5601//5495 5602//5496
f 5610//5504 5602//5496 5603//5497
f 5611//5505 5603//5497 5604//5498
f 5613//5507 5612//5506 5604//5498
f 5614//5508 5613//5507 5605//5499
f 5615//5509 5614//5508 5606//5500
f 5616//5510 5608//5502 5609//5503
f 5617//5511 5609//5503 5610//5504
f 5618//5512 5610//5504 5611//5505
f 5619//5513 5611//5505 5612//5506
f 5621//5515 5620//5514 5612//5506
f 5622//5516 5621//5515 5613//5507
f 5623//5517 5622//5516 5614//5508
f 5624//5518 5616//5510 5617//5511
f 5625//5519 5617//5511 5618//5512
f 5626//5520 5618//5512 5619//5513
f 5627//5521 5619//5513 5620//5514
f 5629//5523 5628//5522 5620//5514
f 5630//5524 5629//5523 5621//5515
f 5631//5525 5630//5524 5622//5516
f 5632//5526 5624//5518 5625//5519
f 5633//5527 5625//5519 5626//5520
f 5634//5528 5626//5520 5627//5521
f 5635//5529 5627//5521 5628//5522
f 5637//5531 5636//5530 5628//5522
f 5638//5532 5637//5531 5629//5523
f 5639//5533 5638//5532 5630//5524
f 5365//5259 5632//5526 5633//5527
f 5367//5261 5364//5258 5633//5527
f 5369//5263 5367//5261 5634//5528
f 5371//5265 5369//5263 5635//5529
f 5373//5267 5371//5265 5636//5530
f 5375//5269 5373//5267 5637//5531
f 5377//5271 5375//5269 5638//5532
f 5640//5534 5643//5537 5642//5536
f 5641//5535 5642//5536 5645//5539
f 5644//5538 5645//5539 5647//5541
f 5648//5542 5646//5540 5647//5541
f 5650//5544 5648//5542 5649//5543
f 5652//5546 5650//5544 5651//5545
f 5586//5480 5652//5546 5653//5547
f 5654//5548 5640//5534 5641//5535
f 5655//5549 5641//5535 5644//5538
f 5656//5550 5644//5538 5646//5540
f 5658//5552 5657//5551 5646//5540
f 5659//5553 5658//5552 5648//5542
f 5660//5554 5659//5553 5650//5544
f 5600//5494 5660//5554 5652//5546
f 5661//5555 5654//5548 5655//5549
f 5662//5556 5655//5549 5656//5550
f 5663//5557 5656//5550 5657//5551
f 5665//5559 5664//5558 5657//5551
f 5666//5560 5665//5559 5658//5552
f 5667//5561 5666//5560 5659//5553
f 5608//5502 5667//5561 5660//5554
f 5668//5562 5661//5555 5662//5556
f 5669//5563 5662//5556 5663//5557
f 5670//5564 5663//5557 5664//5558
f 5672//5566 5671//5565 5664//5558
f 5673//5567 5672//5566 5665//5559
f 5674//5568 5673//5567 5666//5560
f 5616//5510 5674//5568 5667//5561
f 5675//5569 5668//5562 5669//5563
f 5676//5570 5669//5563 5670//5564
f 5677//5571 5670//5564 5671//5565
f 5679//5573 5678//5572 5671//5565
f 5680//5574 5679//5573 5672//5566
f 5681//5575 5680//5574 5673//5567
f 5624//5518 5681//5575 5674//5568
f 5682//5576 5675//5569 5676//5570
f 5683//5577 5676//5570 5677//5571
f 5684//5578 5677//5571 5678//5572
f 5686//5580 5685//5579 5678//5572
f 5687//5581 5686//5580 5679//5573
f 5688//5582 5687//5581 5680//5574
f 5632//5526 5688//5582 5681//5575
f 5429//5323 5682//5576 5683//5577
f 5428//5322 5683//5577 5684//5578
f 5431//5325 5684//5578 5685//5579
f 5435//5329 5433//5327 5685//5579
f 5437//5331 5435//5329 5686//5580
f 5439//5333 5437//5331 5687//5581
f 5365//5259 5439//5333 5688//5582
f 5689//5583 5692//5586 5691//5585
f 5690//5584 5691//5585 5694//5588
f 5693//5587 5694//5588 5696//5590
f 5697//5591 5695//5589 5696//5590
f 5699//5593 5697//5591 5698//5592
f 5701//5595 5699//5593 5700//5594
f 5640//5534 5701//5595 5702//5596
f 5703//5597 5689//5583 5690//5584
f 5704//5598 5690//5584 5693//5587
f 5705//5599 5693//5587 5695//5589
f 5707//5601 5706//5600 5695//5589
f 5708//5602 5707//5601 5697//5591
f 5709//5603 5708//5602 5699//5593
f 5654//5548 5709//5603 5701//5595
f 5710//5604 5703//5597 5704//5598
f 5711//5605 5704//5598 5705//5599
f 5712//5606 5705//5599 5706//5600
f 5714//5608 5713//5607 5706//5600
f 5715//5609 5714//5608 5707//5601
f 5716//5610 5715//5609 5708//5602
f 5661//5555 5716//5610 5709//5603
f 5717//5611 5710//5604 5711//5605
f 5718//5612 5711//5605 5712//5606
f 5719//5613 5712//5606 5713//5607
f 5721//5615 5720//5614 5713//5607
f 5722//5616 5721//5615 5714//5608
f 5723//5617 5722//5616 5715//5609
f 5668//5562 5723//5617 5716//5610
f 5724//5618 5717//5611 5718//5612
f 5725//5619 5718//5612 5719//5613
f 5726//5620 5719//5613 5720//5614
f 5728//5622 5727//5621 5720//5614
f 5729//5623 5728//5622 5721//5615
f 5730//5624 5729//5623 5722//5616
f 5675//5569 5730//5624 5723//5617
f 5731//5625 5724//5618 5725//5619
f 5732//5626 5725//5619 5726//5620
f 5733//5627 5726//5620 5727//5621
f 5735//5629 5734//5628 5727//5621
f 5736//5630 5735//5629 5728//5622
f 5737//5631 5736//5630 5729//5623
f 5682//5576 5737//5631 5730//5624
f 5485//5379 5731//5625 5732//5626
f 5484//5378 5732//5626 5733//5627
f 5487//5381 5733//5627 5734//5628
f 5489//5383 5734//5628 5735//5629
f 5491//5385 5735//5629 5736//5630
f 5493//5387 5736//5630 5737//5631
f 5429//5323 5495//5389 5737//5631
f 5598//5492 5599//5493 5739//5633
f 5738//5632 5739//5633 5784//5678
f 5740//5634 5784//5678 5782//5676
f 5742//5636 5741//5635 5782//5676
f 5744//5638 5742//5636 5743//5637
f 5746//5640 5744//5638 5745//5639
f 5689//5583 5746//5640 5778//5672
f 5607//5501 5598//5492 5738//5632
f 5747//5641 5738//5632 5740//5634
f 5748//5642 5740//5634 5741//5635
f 5749//5643 5741//5635 5742//5636
f 5751//5645 5750//5644 5742//5636
f 5752//5646 5751//5645 5744//5638
f 5703//5597 5752//5646 5746//5640
f 5615//5509 5607//5501 5747//5641
f 5753//5647 5747//5641 5748//5642
f 5754//5648 5748//5642 5749//5643
f 5756//5650 5755//5649 5749//5643
f 5757//5651 5756//5650 5750//5644
f 5758//5652 5757//5651 5751//5645
f 5710//5604 5758//5652 5752//5646
f 5623//5517 5615//5509 5753//5647
f 5759//5653 5753//5647 5754//5648
f 5760//5654 5754//5648 5755//5649
f 5761//5655 5755//5649 5756//5650
f 5763//5657 5762//5656 5756//5650
f 5764//5658 5763//5657 5757//5651
f 5717//5611 5764//5658 5758//5652
f 5631//5525 5623//5517 5759//5653
f 5765//5659 5759//5653 5760//5654
f 5766//5660 5760//5654 5761//5655
f 5767//5661 5761//5655 5762//5656
f 5769//5663 5768//5662 5762//5656
f 5770//5664 5769//5663 5763//5657
f 5724//5618 5770//5664 5764//5658
f 5639//5533 5631//5525 5765//5659
f 5771//5665 5765//5659 5766//5660
f 5772//5666 5766//5660 5767//5661
f 5773//5667 5767//5661 5768//5662
f 5775//5669 5774//5668 5768//5662
f 5776//5670 5775//5669 5769//5663
f 5731//5625 5776//5670 5770//5664
f 5377//5271 5639//5533 5771//5665
f 5539//5433 5771//5665 5772//5666
f 5541//5435 5772//5666 5773//5667
f 5545//5439 5543//5437 5773//5667
f 5547//5441 5545//5439 5774//5668
f 5549//5443 5547//5441 5775//5669
f 5485//5379 5549//5443 5776//5670
f 5691//5585 5692//5586 5778//5672
f 5777//5671 5778//5672 5745//5639
f 5779//5673 5745//5639 5743//5637
f 5780//5674 5743//5637 5782//5676
f 5783//5677 5781//5675 5782//5676
f 5785//5679 5783//5677 5784//5678
f 5597//5491 5785//5679 5739//5633
f 5694//5588 5691//5585 5777//5671
f 5786//5680 5777//5671 5779//5673
f 5787//5681 5779//5673 5780//5674
f 5788//5682 5780//5674 5781//5675
f 5790//5684 5789//5683 5781//5675
f 5791//5685 5790//5684 5783//5677
f 5792//5686 5791//5685 5785//5679
f 5696//5590 5694//5588 5786//5680
f 5793//5687 5786//5680 5787//5681
f 5794//5688 5787//5681 5788//5682
f 5796//5690 5795//5689 5788//5682
f 5797//5691 5796//5690 5789//5683
f 5798//5692 5797//5691 5790//5684
f 5594//5488 5798//5692 5791//5685
f 5698//5592 5696//5590 5793//5687
f 5799//5693 5793//5687 5794//5688
f 5800//5694 5794//5688 5795//5689
f 5801//5695 5795//5689 5796//5690
f 5803//5697 5802//5696 5796//5690
f 5804//5698 5803//5697 5797//5691
f 5805//5699 5804//5698 5798//5692
f 5700//5594 5698//5592 5799//5693
f 5807//5701 5806//5700 5799//5693
f 5808//5702 5807//5701 5800//5694
f 5809//5703 5808//5702 5801//5695
f 5809//5703 5802//5696 5803//5697
f 5810//5704 5803//5697 5804//5698
f 5591//5485 5811//5705 5804//5698
f 5812//5706 5702//5596 5700//5594
f 5813//5707 5812//5706 5806//5700
f 5814//5708 5813//5707 5807//5701
f 5815//5709 5814//5708 5808//5702
f 5815//5709 5809//5703 5810//5704
f 5816//5710 5810//5704 5811//5705
f 5817//5711 5811//5705 5591//5485
f 5642//5536 5643//5537 5702//5596
f 5645//5539 5642//5536 5812//5706
f 5647//5541 5645//5539 5813//5707
f 5647//5541 5814//5708 5815//5709
f 5649//5543 5815//5709 5816//5710
f 5651//5545 5816//5710 5817//5711
f 5653//5547 5817//5711 5588//5482
f 5819//5713 5818//5712 5821//5715
f 5822//5716 5819//5713 5820//5714
f 5824//5718 5822//5716 5823//5717
f 5826//5720 5824//5718 5825//5719
f 5828//5722 5826//5720 5827//5721
f 5830//5724 5828//5722 5829//5723
f 5832//5726 5830//5724 5831//5725
f 5835//5729 5834//5728 5818//5712
f 5836//5730 5835//5729 5819//5713
f 5837//5731 5836//5730 5822//5716
f 5838//5732 5837//5731 5824//5718
f 5839//5733 5838//5732 5826//5720
f 5840//5734 5839//5733 5828//5722
f 5840//5734 5830//5724 5832//5726
f 5843//5737 5842//5736 5834//5728
f 5844//5738 5843//5737 5835//5729
f 5845//5739 5844//5738 5836//5730
f 5846//5740 5845//5739 5837//5731
f 5847//5741 5846//5740 5838//5732
f 5847//5741 5839//5733 5840//5734
f 5848//5742 5840//5734 5841//5735
f 5851//5745 5850//5744 5842//5736
f 5852//5746 5851//5745 5843//5737
f 5853//5747 5852//5746 5844//5738
f 5854//5748 5853//5747 5845//5739
f 5855//5749 5854//5748 5846//5740
f 5855//5749 5847//5741 5848//5742
f 5856//5750 5848//5742 5849//5743
f 5859//5753 5858//5752 5850//5744
f 5860//5754 5859//5753 5851//5745
f 5861//5755 5860//5754 5852//5746
f 5862//5756 5861//5755 5853//5747
f 5862//5756 5854//5748 5855//5749
f 5863//5757 5855//5749 5856//5750
f 5864//5758 5856//5750 5857//5751
f 5867//5761 5866//5760 5858//5752
f 5868//5762 5867//5761 5859//5753
f 5869//5763 5868//5762 5860//5754
f 5870//5764 5869//5763 5861//5755
f 5870//5764 5862//5756 5863//5757
f 5871//5765 5863//5757 5864//5758
f 5872//5766 5864//5758 5865//5759
f 5875//5769 5874//5768 5866//5760
f 5876//5770 5875//5769 5867//5761
f 5877//5771 5876//5770 5868//5762
f 5878//5772 5877//5771 5869//5763
f 5879//5773 5878//5772 5870//5764
f 5880//5774 5879//5773 5871//5765
f 5881//5775 5880//5774 5872//5766
f 5882//5776 5885//5779 5884//5778
f 5883//5777 5884//5778 5887//5781
f 5886//5780 5887//5781 5889//5783
f 5888//5782 5889//5783 5891//5785
f 5892//5786 5890//5784 5891//5785
f 5894//5788 5892//5786 5893//5787
f 5818//5712 5894//5788 5895//5789
f 5897//5791 5896//5790 5882//5776
f 5898//5792 5897//5791 5883//5777
f 5899//5793 5898//5792 5886//5780
f 5899//5793 5888//5782 5890//5784
f 5900//5794 5890//5784 5892//5786
f 5901//5795 5892//5786 5894//5788
f 5902//5796 5894//5788 5818//5712
f 5904//5798 5903//5797 5896//5790
f 5905//5799 5904//5798 5897//5791
f 5906//5800 5905//5799 5898//5792
f 5907//5801 5906//5800 5899//5793
f 5907//5801 5900//5794 5901//5795
f 5908//5802 5901//5795 5902//5796
f 5909//5803 5902//5796 5834//5728
f 5911//5805 5910//5804 5903//5797
f 5912//5806 5911//5805 5904//5798
f 5913//5807 5912//5806 5905//5799
f 5914//5808 5913//5807 5906//5800
f 5914//5808 5907//5801 5908//5802
f 5915//5809 5908//5802 5909//5803
f 5916//5810 5909//5803 5842//5736
f 5918//5812 5917//5811 5910//5804
f 5919//5813 5918//5812 5911//5805
f 5920//5814 5919//5813 5912//5806
f 5921//5815 5920//5814 5913//5807
f 5921//5815 5914//5808 5915//5809
f 5922//5816 5915//5809 5916//5810
f 5923//5817 5916//5810 5850//5744
f 5925//5819 5924//5818 5917//5811
f 5926//5820 5925//5819 5918//5812
f 5927//5821 5926//5820 5919//5813
f 5928//5822 5927//5821 5920//5814
f 5928//5822 5921//5815 5922//5816
f 5929//5823 5922//5816 5923//5817
f 5930//5824 5923//5817 5858//5752
f 5932//5826 5931//5825 5924//5818
f 5933//5827 5932//5826 5925//5819
f 5934//5828 5933//5827 5926//5820
f 5935//5829 5934//5828 5927//5821
f 5935//5829 5928//5822 5929//5823
f 5936//5830 5929//5823 5930//5824
f 5937//5831 5930//5824 5866//5760
f 5938//5832 5941//5835 5940//5834
f 5939//5833 5940//5834 5943//5837
f 5942//5836 5943//5837 5945//5839
f 5944//5838 5945//5839 5947//5841
f 5946//5840 5947//5841 5949//5843
f 5948//5842 5949//5843 5951//5845
f 5950//5844 5951//5845 5885//5779
f 5953//5847 5952//5846 5938//5832
f 5953//5847 5939//5833 5942//5836
f 5954//5848 5942//5836 5944//5838
f 5955//5849 5944//5838 5946//5840
f 5956//5850 5946//5840 5948//5842
f 5957//5851 5948//5842 5950//5844
f 5958//5852 5950//5844 5882//5776
f 5960//5854 5959//5853 5952//5846
f 5961//5855 5960//5854 5953//5847
f 5961//5855 5954//5848 5955//5849
f 5962//5856 5955//5849 5956//5850
f 5963//5857 5956//5850 5957//5851
f 5964//5858 5957//5851 5958//5852
f 5965//5859 5958//5852 5896//5790
f 5967//5861 5966//5860 5959//5853
f 5968//5862 5967//5861 5960//5854
f 5968//5862 5961//5855 5962//5856
f 5969//5863 5962//5856 5963//5857
f 5970//5864 5963//5857 5964//5858
f 5971//5865 5964//5858 5965//5859
f 5972//5866 5965//5859 5903//5797
f 5974//5868 5973//5867 5966//5860
f 5975//5869 5974//5868 5967//5861
f 5976//5870 5975//5869 5968//5862
f 5976//5870 5969//5863 5970//5864
f 5977//5871 5970//5864 5971//5865
f 5978//5872 5971//5865 5972//5866
f 5979//5873 5972//5866 5910//5804
f 5981//5875 5980//5874 5973//5867
f 5982//5876 5981//5875 5974//5868
f 5983//5877 5982//5876 5975//5869
f 5983//5877 5976//5870 5977//5871
f 5984//5878 5977//5871 5978//5872
f 5985//5879 5978//5872 5979//5873
f 5986//5880 5979//5873 5917//5811
f 5987//5881 5980//5874 5981//5875
f 5988//5882 5981//5875 5982//5876
f 5989//5883 5982//5876 5983//5877
f 5990//5884 5983//5877 5984//5878
f 5991//5885 5984//5878 5985//5879
f 5992//5886 5985//5879 5986//5880
f 5993//5887 5986//5880 5924//5818
f 5994//5888 5832//5726 5833//5727
f 5996//5890 5994//5888 5995//5889
f 5998//5892 5996//5890 5997//5891
f 6000//5894 5998//5892 5999//5893
f 6000//5894 6001//5895 6003//5897
f 6002//5896 6003//5897 6005//5899
f 6004//5898 6005//5899 5941//5835
f 6006//5900 5841//5735 5832//5726
f 6007//5901 6006//5900 5994//5888
f 6008//5902 6007//5901 5996//5890
f 6009//5903 6008//5902 5998//5892
f 6009//5903 6000//5894 6002//5896
f 6010//5904 6002//5896 6004//5898
f 6011//5905 6004//5898 5938//5832
f 6012//5906 5849//5743 5841//5735
f 6013//5907 6012//5906 6006//5900
f 6014//5908 6013//5907 6007//5901
f 6015//5909 6014//5908 6008//5902
f 6015//5909 6009//5903 6010//5904
f 6016//5910 6010//5904 6011//5905
f 6017//5911 6011//5905 5952//5846
f 6018//5912 5857//5751 5849//5743
f 6019//5913 6018//5912 6012//5906
f 6020//5914 6019//5913 6013//5907
f 6021//5915 6020//5914 6014//5908
f 6021//5915 6015//5909 6016//5910
f 6022//5916 6016//5910 6017//5911
f 6023//5917 6017//5911 5959//5853
f 6024//5918 5865//5759 5857//5751
f 6025//5919 6024//5918 6018//5912
f 6026//5920 6025//5919 6019//5913
f 6027//5921 6026//5920 6020//5914
f 6027//5921 6021//5915 6022//5916
f 6028//5922 6022//5916 6023//5917
f 6029//5923 6023//5917 5966//5860
f 6030//5924 5873//5767 5865//5759
f 6031//5925 6030//5924 6024//5918
f 6032//5926 6031//5925 6025//5919
f 6033//5927 6032//5926 6026//5920
f 6033//5927 6027//5921 6028//5922
f 6034//5928 6028//5922 6029//5923
f 6035//5929 6029//5923 5973//5867
f 6036//5930 5881//5775 5873//5767
f 6037//5931 6036//5930 6030//5924
f 6038//5932 6037//5931 6031//5925
f 6039//5933 6038//5932 6032//5926
f 6039//5933 6033//5927 6034//5928
f 6040//5934 6034//5928 6035//5929
f 6041//5935 6035//5929 5980//5874
f 6042//5936 6044//5938 6273//6167
f 6043//5937 6273//6167 6046//5940
f 6045//5939 6046//5940 6048//5942
f 6047//5941 6048//5942 6050//5944
f 6051//5945 6049//5943 6050//5944
f 6052//5946 6051//5945 6248//6142
f 6054//5948 6052//5946 6053//5947
f 6056//5950 6042//5936 6043//5937
f 6057//5951 6043//5937 6045//5939
f 6058//5952 6045//5939 6047//5941
f 6059//5953 6047//5941 6049//5943
f 6061//5955 6060//5954 6049//5943
f 6062//5956 6061//5955 6051//5945
f 6063//5957 6062//5956 6052//5946
f 6064//5958 6056//5950 6057//5951
f 6065//5959 6057//5951 6058//5952
f 6066//5960 6058//5952 6059//5953
f 6067//5961 6059//5953 6060//5954
f 6069//5963 6068//5962 6060//5954
f 6070//5964 6069//5963 6061//5955
f 6071//5965 6070//5964 6062//5956
f 6072//5966 6064//5958 6065//5959
f 6073//5967 6065//5959 6066//5960
f 6074//5968 6066//5960 6067//5961
f 6075//5969 6067//5961 6068//5962
f 6077//5971 6076//5970 6068//5962
f 6078//5972 6077//5971 6069//5963
f 6079//5973 6078//5972 6070//5964
f 6080//5974 6072//5966 6073//5967
f 6081//5975 6073//5967 6074//5968
f 6082//5976 6074//5968 6075//5969
f 6083//5977 6075//5969 6076//5970
f 6085//5979 6084//5978 6076//5970
f 6086//5980 6085//5979 6077//5971
f 6087//5981 6086//5980 6078//5972
f 6088//5982 6080//5974 6081//5975
f 6089//5983 6081//5975 6082//5976
f 6090//5984 6082//5976 6083//5977
f 6091//5985 6083//5977 6084//5978
f 6093//5987 6092//5986 6084//5978
f 6094//5988 6093//5987 6085//5979
f 6095//5989 6094//5988 6086//5980
f 5821//5715 6088//5982 6089//5983
f 5823//5717 5820//5714 6089//5983
f 5825//5719 5823//5717 6090//5984
f 5827//5721 5825//5719 6091//5985
f 5829//5723 5827//5721 6092//5986
f 5831//5725 5829//5723 6093//5987
f 5833//5727 5831//5725 6094//5988
f 6096//5990 6099//5993 6098//5992
f 6097//5991 6098//5992 6101//5995
f 6100//5994 6101//5995 6103//5997
f 6104//5998 6102//5996 6103//5997
f 6106//6000 6104//5998 6105//5999
f 6108//6002 6106//6000 6107//6001
f 6042//5936 6108//6002 6109//6003
f 6110//6004 6096//5990 6097//5991
f 6111//6005 6097//5991 6100//5994
f 6112//6006 6100//5994 6102//5996
f 6114//6008 6113//6007 6102//5996
f 6115//6009 6114//6008 6104//5998
f 6116//6010 6115//6009 6106//6000
f 6056//5950 6116//6010 6108//6002
f 6117//6011 6110//6004 6111//6005
f 6118//6012 6111//6005 6112//6006
f 6119//6013 6112//6006 6113//6007
f 6121//6015 6120//6014 6113//6007
f 6122//6016 6121//6015 6114//6008
f 6123//6017 6122//6016 6115//6009
f 6064//5958 6123//6017 6116//6010
f 6124//6018 6117//6011 6118//6012
f 6125//6019 6118//6012 6119//6013
f 6126//6020 6119//6013 6120//6014
f 6128//6022 6127//6021 6120//6014
f 6129//6023 6128//6022 6121//6015
f 6130//6024 6129//6023 6122//6016
f 6072//5966 6130//6024 6123//6017
f 6131//6025 6124//6018 6125//6019
f 6132//6026 6125//6019 6126//6020
f 6133//6027 6126//6020 6127//6021
f 6135//6029 6134//6028 6127//6021
f 6136//6030 6135//6029 6128//6022
f 6137//6031 6136//6030 6129//6023
f 6080//5974 6137//6031 6130//6024
f 6138//6032 6131//6025 6132//6026
f 6139//6033 6132//6026 6133//6027
f 6140//6034 6133//6027 6134//6028
f 6141//6035 6134//6028 6135//6029
f 6143//6037 6142//6036 6135//6029
f 6144//6038 6143//6037 6136//6030
f 6088//5982 6144//6038 6137//6031
f 5885//5779 6138//6032 6139//6033
f 5884//5778 6139//6033 6140//6034
f 5887//5781 6140//6034 6141//6035
f 5891//5785 5889//5783 6141//6035
f 5893//5787 5891//5785 6142//6036
f 5895//5789 5893//5787 6143//6037
f 5821//5715 5895//5789 6144//6038
f 6145//6039 6148//6042 6147//6041
f 6146//6040 6147//6041 6150//6044
f 6149//6043 6150//6044 6152//6046
f 6153//6047 6151//6045 6152//6046
f 6155//6049 6153//6047 6154//6048
f 6157//6051 6155//6049 6156//6050
f 6096//5990 6157//6051 6158//6052
f 6159//6053 6145//6039 6146//6040
f 6160//6054 6146//6040 6149//6043
f 6161//6055 6149//6043 6151//6045
f 6163//6057 6162//6056 6151//6045
f 6164//6058 6163//6057 6153//6047
f 6165//6059 6164//6058 6155//6049
f 6110//6004 6165//6059 6157//6051
f 6166//6060 6159//6053 6160//6054
f 6167//6061 6160//6054 6161//6055
f 6168//6062 6161//6055 6162//6056
f 6170//6064 6169//6063 6162//6056
f 6171//6065 6170//6064 6163//6057
f 6172//6066 6171//6065 6164//6058
f 6117//6011 6172//6066 6165//6059
f 6173//6067 6166//6060 6167//6061
f 6174//6068 6167//6061 6168//6062
f 6175//6069 6168//6062 6169//6063
f 6177//6071 6176//6070 6169//6063
f 6178//6072 6177//6071 6170//6064
f 6179//6073 6178//6072 6171//6065
f 6124//6018 6179//6073 6172//6066
f 6180//6074 6173//6067 6174//6068
f 6181//6075 6174//6068 6175//6069
f 6182//6076 6175//6069 6176//6070
f 6184//6078 6183//6077 6176//6070
f 6185//6079 6184//6078 6177//6071
f 6186//6080 6185//6079 6178//6072
f 6131//6025 6186//6080 6179//6073
f 6187//6081 6180//6074 6181//6075
f 6188//6082 6181//6075 6182//6076
f 6189//6083 6182//6076 6183//6077
f 6191//6085 6190//6084 6183//6077
f 6192//6086 6191//6085 6184//6078
f 6193//6087 6192//6086 6185//6079
f 6138//6032 6193//6087 6186//6080
f 5941//5835 6187//6081 6188//6082
f 5940//5834 6188//6082 6189//6083
f 5943//5837 6189//6083 6190//6084
f 5945//5839 6190//6084 6191//6085
f 5947//5841 6191//6085 6192//6086
f 5949//5843 6192//6086 6193//6087
f 5885//5779 5951//5845 6193//6087
f 6054//5948 6055//5949 6195//6089
f 6194//6088 6195//6089 6240//6134
f 6196//6090 6240//6134 6198//6092
f 6199//6093 6197//6091 6198//6092
f 6201//6095 6199//6093 6200//6094
f 6202//6096 6201//6095 6236//6130
f 6145//6039 6202//6096 6203//6097
f 6063//5957 6054//5948 6194//6088
f 6204//6098 6194//6088 6196//6090
f 6205//6099 6196//6090 6197//6091
f 6207//6101 6206//6100 6197//6091
f 6208//6102 6207//6101 6199//6093
f 6209//6103 6208//6102 6201//6095
f 6159//6053 6209//6103 6202//6096
f 6071//5965 6063//5957 6204//6098
f 6210//6104 6204//6098 6205//6099
f 6211//6105 6205//6099 6206//6100
f 6213//6107 6212//6106 6206//6100
f 6214//6108 6213//6107 6207//6101
f 6215//6109 6214//6108 6208//6102
f 6166//6060 6215//6109 6209//6103
f 6079//5973 6071//5965 6210//6104
f 6216//6110 6210//6104 6211//6105
f 6217//6111 6211//6105 6212//6106
f 6219//6113 6218//6112 6212//6106
f 6220//6114 6219//6113 6213//6107
f 6221//6115 6220//6114 6214//6108
f 6173//6067 6221//6115 6215//6109
f 6087//5981 6079//5973 6216//6110
f 6222//6116 6216//6110 6217//6111
f 6223//6117 6217//6111 6218//6112
f 6225//6119 6224//6118 6218//6112
f 6226//6120 6225//6119 6219//6113
f 6227//6121 6226//6120 6220//6114
f 6180//6074 6227//6121 6221//6115
f 6095//5989 6087//5981 6222//6116
f 6228//6122 6222//6116 6223//6117
f 6229//6123 6223//6117 6224//6118
f 6231//6125 6230//6124 6224//6118
f 6232//6126 6231//6125 6225//6119
f 6233//6127 6232//6126 6226//6120
f 6187//6081 6233//6127 6227//6121
f 5833//5727 6095//5989 6228//6122
f 5995//5889 6228//6122 6229//6123
f 5997//5891 6229//6123 6230//6124
f 6001//5895 5999//5893 6230//6124
f 6003//5897 6001//5895 6231//6125
f 6005//5899 6003//5897 6232//6126
f 5941//5835 6005//5899 6233//6127
f 6147//6041 6148//6042 6203//6097
f 6234//6128 6203//6097 6236//6130
f 6235//6129 6236//6130 6200//6094
f 6238//6132 6237//6131 6200//6094
f 6239//6133 6238//6132 6198//6092
f 6241//6135 6239//6133 6240//6134
f 6053//5947 6241//6135 6195//6089
f 6150//6044 6147//6041 6234//6128
f 6242//6136 6234//6128 6235//6129
f 6243//6137 6235//6129 6237//6131
f 6244//6138 6237//6131 6238//6132
f 6246//6140 6245//6139 6238//6132
f 6247//6141 6246//6140 6239//6133
f 6248//6142 6247//6141 6241//6135
f 6152//6046 6150//6044 6242//6136
f 6249//6143 6242//6136 6243//6137
f 6250//6144 6243//6137 6244//6138
f 6252//6146 6251//6145 6244//6138
f 6253//6147 6252//6146 6245//6139
f 6254//6148 6253//6147 6246//6140
f 6050//5944 6254//6148 6247//6141
f 6154//6048 6152//6046 6249//6143
f 6255//6149 6249//6143 6250//6144
f 6256//6150 6250//6144 6251//6145
f 6257//6151 6251//6145 6252//6146
f 6259//6153 6258//6152 6252//6146
f 6260//6154 6259//6153 6253//6147
f 6048//5942 6260//6154 6254//6148
f 6156//6050 6154//6048 6255//6149
f 6262//6156 6261//6155 6255//6149
f 6263//6157 6262//6156 6256//6150
f 6263//6157 6257//6151 6258//6152
f 6264//6158 6258//6152 6259//6153
f 6265//6159 6259//6153 6260//6154
f 6046//5940 6266//6160 6260//6154
f 6267//6161 6158//6052 6156//6050
f 6268//6162 6267//6161 6261//6155
f 6269//6163 6268//6162 6262//6156
f 6270//6164 6269//6163 6263//6157
f 6270//6164 6264//6158 6265//6159
f 6271//6165 6265//6159 6266//6160
f 6272//6166 6266//6160 6046//5940
f 6098//5992 6099//5993 6158//6052
f 6101//5995 6098//5992 6267//6161
f 6103//5997 6101//5995 6268//6162
f 6103//5997 6269//6163 6270//6164
f 6105//5999 6270//6164 6271//6165
f 6107//6001 6271//6165 6272//6166
f 6109//6003 6272//6166 6273//6167
f 1//1 3//3 2//2
f 2//2 6//6 5//5
f 5//5 8//8 7//7
f 9//9 8//8 10//10
f 11//11 10//10 12//12
f 13//13 12//12 14//14
f 15//15 14//14 16//16
f 17//17 2//2 18//18
f 18//18 5//5 19//19
f 19//19 7//7 20//20
f 21//21 7//7 9//9
f 22//22 9//9 11//11
f 23//23 11//11 13//13
f 24//24 13//13 15//15
f 215//215 18//18 25//25
f 25//25 19//19 26//26
f 26//26 20//20 27//27
f 28//28 20//20 21//21
f 29//29 21//21 22//22
f 30//30 22//22 23//23
f 31//31 23//23 24//24
f 32//32 25//25 33//33
f 33//33 26//26 34//34
f 34//34 27//27 35//35
f 36//36 27//27 28//28
f 37//37 28//28 29//29
f 38//38 29//29 30//30
f 39//39 30//30 31//31
f 40//40 32//32 33//33
f 41//41 33//33 34//34
f 42//42 34//34 35//35
f 43//43 35//35 36//36
f 43//43 37//37 44//44
f 44//44 38//38 45//45
f 45//45 39//39 46//46
f 47//47 214//214 40//40
f 48//48 40//40 41//41
f 49//49 41//41 42//42
f 50//50 42//42 43//43
f 50//50 44//44 51//51
f 51//51 45//45 52//52
f 52//52 46//46 53//53
f 55//55 213//213 47//47
f 56//56 47//47 48//48
f 57//57 48//48 49//49
f 58//58 49//49 50//50
f 58//58 51//51 256//256
f 256//256 52//52 59//59
f 59//59 53//53 60//60
f 61//61 63//63 62//62
f 65//65 63//63 66//66
f 67//67 66//66 68//68
f 69//69 68//68 70//70
f 71//71 70//70 72//72
f 73//73 72//72 74//74
f 75//75 74//74 76//76
f 78//78 61//61 62//62
f 79//79 62//62 65//65
f 80//80 65//65 67//67
f 81//81 67//67 69//69
f 82//82 69//69 71//71
f 82//82 73//73 83//83
f 83//83 75//75 84//84
f 86//86 77//77 78//78
f 87//87 78//78 79//79
f 88//88 79//79 80//80
f 89//89 80//80 81//81
f 89//89 82//82 90//90
f 90//90 83//83 91//91
f 91//91 84//84 92//92
f 94//94 85//85 86//86
f 95//95 86//86 87//87
f 96//96 87//87 88//88
f 97//97 88//88 89//89
f 97//97 90//90 98//98
f 98//98 91//91 99//99
f 99//99 92//92 100//100
f 102//102 93//93 94//94
f 103//103 94//94 95//95
f 104//104 95//95 96//96
f 105//105 96//96 97//97
f 105//105 98//98 106//106
f 106//106 99//99 107//107
f 107//107 100//100 108//108
f 110//110 101//101 102//102
f 111//111 102//102 103//103
f 112//112 103//103 104//104
f 113//113 104//104 105//105
f 113//113 106//106 114//114
f 114//114 107//107 115//115
f 115//115 108//108 116//116
f 15//15 109//109 110//110
f 24//24 110//110 111//111
f 31//31 111//111 112//112
f 39//39 112//112 113//113
f 39//39 114//114 46//46
f 46//46 115//115 53//53
f 53//53 116//116 60//60
f 117//117 119//119 118//118
f 118//118 122//122 121//121
f 121//121 124//124 123//123
f 123//123 126//126 125//125
f 127//127 126//126 128//128
f 129//129 128//128 130//130
f 61//61 130//130 64//64
f 131//131 118//118 132//132
f 132//132 121//121 133//133
f 133//133 123//123 134//134
f 134//134 125//125 135//135
f 136//136 125//125 127//127
f 137//137 127//127 129//129
f 77//77 129//129 61//61
f 139//139 131//131 132//132
f 140//140 132//132 133//133
f 141//141 133//133 134//134
f 141//141 135//135 142//142
f 142//142 136//136 143//143
f 143//143 137//137 144//144
f 144//144 77//77 85//85
f 146//146 138//138 139//139
f 147//147 139//139 140//140
f 148//148 140//140 141//141
f 148//148 142//142 149//149
f 149//149 143//143 150//150
f 150//150 144//144 151//151
f 151//151 85//85 93//93
f 153//153 145//145 146//146
f 154//154 146//146 147//147
f 155//155 147//147 148//148
f 156//156 148//148 149//149
f 156//156 150//150 157//157
f 157//157 151//151 158//158
f 158//158 93//93 101//101
f 160//160 152//152 153//153
f 161//161 153//153 154//154
f 162//162 154//154 155//155
f 163//163 155//155 156//156
f 163//163 157//157 164//164
f 164//164 158//158 165//165
f 165//165 101//101 109//109
f 3//3 159//159 160//160
f 6//6 160//160 161//161
f 8//8 161//161 162//162
f 10//10 162//162 163//163
f 10//10 164//164 12//12
f 12//12 165//165 14//14
f 14//14 109//109 16//16
f 166//166 168//168 167//167
f 167//167 171//171 170//170
f 170//170 173//173 172//172
f 172//172 175//175 174//174
f 176//176 175//175 1188//1083
f 177//177 1188//1083 1181//1076
f 117//117 1181//1076 120//120
f 178//178 167//167 179//179
f 179//179 170//170 180//180
f 180//180 172//172 181//181
f 182//182 172//172 174//174
f 183//183 174//174 176//176
f 184//184 176//176 177//177
f 131//131 177//177 117//117
f 186//186 178//178 179//179
f 187//187 179//179 180//180
f 188//188 180//180 181//181
f 189//189 181//181 182//182
f 189//189 183//183 190//190
f 190//190 184//184 191//191
f 191//191 131//131 138//138
f 193//193 185//185 186//186
f 194//194 186//186 187//187
f 195//195 187//187 188//188
f 195//195 189//189 196//196
f 196//196 190//190 197//197
f 197//197 191//191 198//198
f 198//198 138//138 145//145
f 200//200 192//192 193//193
f 201//201 193//193 194//194
f 202//202 194//194 195//195
f 202//202 196//196 203//203
f 203//203 197//197 204//204
f 204//204 198//198 205//205
f 205//205 145//145 152//152
f 207//207 199//199 200//200
f 208//208 200//200 201//201
f 209//209 201//201 202//202
f 209//209 203//203 210//210
f 210//210 204//204 211//211
f 211//211 205//205 212//212
f 212//212 152//152 159//159
f 213//213 206//206 207//207
f 214//214 207//207 208//208
f 32//32 208//208 209//209
f 32//32 210//210 215//215
f 215//215 211//211 17//17
f 17//17 212//212 1//1
f 1//1 159//159 4//4
f 216//216 76//76 217//217
f 216//216 219//219 218//218
f 218//218 2899//2794 220//220
f 220//220 2891//2786 221//221
f 221//221 223//223 222//222
f 222//222 225//225 224//224
f 166//166 225//225 169//169
f 226//226 75//75 216//216
f 227//227 216//216 218//218
f 227//227 220//220 228//228
f 228//228 221//221 229//229
f 229//229 222//222 230//230
f 230//230 224//224 231//231
f 231//231 166//166 178//178
f 232//232 84//84 226//226
f 233//233 226//226 227//227
f 234//234 227//227 228//228
f 234//234 229//229 235//235
f 235//235 230//230 236//236
f 236//236 231//231 237//237
f 237//237 178//178 185//185
f 238//238 92//92 232//232
f 239//239 232//232 233//233
f 240//240 233//233 234//234
f 240//240 235//235 241//241
f 241//241 236//236 242//242
f 242//242 237//237 243//243
f 243//243 185//185 192//192
f 244//244 100//100 238//238
f 245//245 238//238 239//239
f 246//246 239//239 240//240
f 246//246 241//241 247//247
f 247//247 242//242 248//248
f 248//248 243//243 249//249
f 249//249 192//192 199//199
f 250//250 108//108 244//244
f 251//251 244//244 245//245
f 252//252 245//245 246//246
f 252//252 247//247 253//253
f 253//253 248//248 254//254
f 254//254 249//249 255//255
f 255//255 199//199 206//206
f 59//59 116//116 250//250
f 256//256 250//250 251//251
f 58//58 251//251 252//252
f 58//58 253//253 57//57
f 57//57 254//254 56//56
f 56//56 255//255 55//55
f 55//55 206//206 54//54
f 469//433 258//257 257//2
f 257//2 261//259 260//5
f 260//5 263//260 262//7
f 262//7 265//261 264//9
f 266//11 265//261 267//262
f 268//13 267//262 269//263
f 270//264 269//263 271//265
f 272//266 257//2 273//18
f 273//18 260//5 274//19
f 274//19 262//7 275//20
f 275//20 264//9 276//21
f 277//22 264//9 266//11
f 278//23 266//11 268//13
f 279//267 268//13 270//264
f 280//268 273//18 281//25
f 281//25 274//19 282//26
f 282//26 275//20 283//27
f 284//28 275//20 276//21
f 285//29 276//21 277//22
f 286//30 277//22 278//23
f 287//269 278//23 279//267
f 288//270 281//25 289//33
f 289//33 282//26 290//34
f 290//34 283//27 291//35
f 292//36 283//27 284//28
f 293//37 284//28 285//29
f 294//38 285//29 286//30
f 295//271 286//30 287//269
f 296//40 288//270 289//33
f 297//41 289//33 290//34
f 298//42 290//34 291//35
f 299//43 291//35 292//36
f 299//43 293//37 300//44
f 300//44 294//38 301//45
f 301//45 295//271 302//272
f 303//47 468//432 296//40
f 304//48 296//40 297//41
f 305//49 297//41 298//42
f 305//49 299//43 306//50
f 306//50 300//44 307//51
f 307//51 301//45 308//52
f 308//52 302//272 309//273
f 311//275 467//431 303//47
f 312//276 303//47 304//48
f 313//277 304//48 305//49
f 513//477 305//49 306//50
f 513//477 307//51 314//278
f 314//278 308//52 512//476
f 512//476 309//273 315//279
f 317//281 319//283 318//282
f 320//284 318//282 321//285
f 320//284 323//287 322//286
f 322//286 325//289 324//288
f 324//288 327//291 326//290
f 328//292 327//291 329//293
f 330//294 329//293 331//295
f 333//297 316//280 317//281
f 334//298 317//281 320//284
f 335//299 320//284 322//286
f 335//299 324//288 336//300
f 336//300 326//290 337//301
f 337//301 328//292 338//302
f 338//302 330//294 339//303
f 341//305 332//296 333//297
f 342//306 333//297 334//298
f 343//307 334//298 335//299
f 343//307 336//300 344//308
f 344//308 337//301 345//309
f 345//309 338//302 346//310
f 346//310 339//303 347//311
f 349//313 340//304 341//305
f 350//314 341//305 342//306
f 351//315 342//306 343//307
f 351//315 344//308 352//316
f 352//316 345//309 353//317
f 353//317 346//310 354//318
f 354//318 347//311 355//319
f 357//321 348//312 349//313
f 358//322 349//313 350//314
f 359//323 350//314 351//315
f 359//323 352//316 360//324
f 360//324 353//317 361//325
f 361//325 354//318 362//326
f 362//326 355//319 363//327
f 365//329 356//320 357//321
f 366//330 357//321 358//322
f 367//331 358//322 359//323
f 367//331 360//324 368//332
f 368//332 361//325 369//333
f 369//333 362//326 370//334
f 370//334 363//327 371//335
f 270//264 364//328 365//329
f 279//267 365//329 366//330
f 287//269 366//330 367//331
f 287//269 368//332 295//271
f 295//271 369//333 302//272
f 302//272 370//334 309//273
f 309//273 371//335 315//279
f 372//336 374//338 373//337
f 376//340 374//338 377//341
f 378//342 377//341 379//343
f 380//344 379//343 381//345
f 382//346 381//345 383//347
f 384//348 383//347 385//349
f 316//280 385//349 319//283
f 387//351 372//336 373//337
f 388//352 373//337 376//340
f 389//353 376//340 378//342
f 390//354 378//342 380//344
f 391//355 380//344 382//346
f 391//355 384//348 392//356
f 392//356 316//280 332//296
f 394//358 386//350 387//351
f 395//359 387//351 388//352
f 396//360 388//352 389//353
f 397//361 389//353 390//354
f 397//361 391//355 398//362
f 398//362 392//356 399//363
f 399//363 332//296 340//304
f 401//365 393//357 394//358
f 402//366 394//358 395//359
f 403//367 395//359 396//360
f 404//368 396//360 397//361
f 404//368 398//362 405//369
f 405//369 399//363 406//370
f 406//370 340//304 348//312
f 408//372 400//364 401//365
f 409//373 401//365 402//366
f 410//374 402//366 403//367
f 411//375 403//367 404//368
f 411//375 405//369 412//376
f 412//376 406//370 413//377
f 413//377 348//312 356//320
f 415//379 407//371 408//372
f 416//380 408//372 409//373
f 417//381 409//373 410//374
f 418//382 410//374 411//375
f 418//382 412//376 419//383
f 419//383 413//377 420//384
f 420//384 356//320 364//328
f 258//257 414//378 415//379
f 261//259 415//379 416//380
f 263//260 416//380 417//381
f 265//261 417//381 418//382
f 265//261 419//383 267//262
f 267//262 420//384 269//263
f 269//263 364//328 271//265
f 421//385 1263//1158 422//386
f 422//386 425//389 424//388
f 424//388 427//391 426//390
f 426//390 1244//1139 428//392
f 429//393 1244//1139 430//394
f 431//395 430//394 1231//1126
f 372//336 1231//1126 375//339
f 432//396 422//386 433//397
f 433//397 424//388 434//398
f 434//398 426//390 435//399
f 436//400 426//390 428//392
f 437//401 428//392 429//393
f 438//402 429//393 431//395
f 386//350 431//395 372//336
f 440//404 432//396 433//397
f 441//405 433//397 434//398
f 442//406 434//398 435//399
f 443//407 435//399 436//400
f 443//407 437//401 444//408
f 444//408 438//402 445//409
f 445//409 386//350 393//357
f 447//411 439//403 440//404
f 448//412 440//404 441//405
f 449//413 441//405 442//406
f 450//414 442//406 443//407
f 450//414 444//408 451//415
f 451//415 445//409 452//416
f 452//416 393//357 400//364
f 454//418 446//410 447//411
f 455//419 447//411 448//412
f 456//420 448//412 449//413
f 457//421 449//413 450//414
f 457//421 451//415 458//422
f 458//422 452//416 459//423
f 459//423 400//364 407//371
f 461//425 453//417 454//418
f 462//426 454//418 455//419
f 463//427 455//419 456//420
f 464//428 456//420 457//421
f 464//428 458//422 465//429
f 465//429 459//423 466//430
f 466//430 407//371 414//378
f 467//431 460//424 461//425
f 468//432 461//425 462//426
f 288//270 462//426 463//427
f 280//268 463//427 464//428
f 280//268 465//429 272//266
f 272//266 466//430 469//433
f 469//433 414//378 259//258
f 330//294 471//435 470//434
f 470//434 473//437 472//436
f 472//436 475//439 474//438
f 476//440 475//439 477//441
f 478//442 477//441 479//443
f 480//444 479//443 481//445
f 421//385 481//445 423//387
f 339//303 470//434 482//446
f 482//446 472//436 483//447
f 483//447 474//438 484//448
f 485//449 474//438 476//440
f 486//450 476//440 478//442
f 487//451 478//442 480//444
f 432//396 480//444 421//385
f 488//452 339//303 482//446
f 489//453 482//446 483//447
f 490//454 483//447 484//448
f 491//455 484//448 485//449
f 492//456 485//449 486//450
f 492//456 487//451 493//457
f 493//457 432//396 439//403
f 494//458 347//311 488//452
f 495//459 488//452 489//453
f 496//460 489//453 490//454
f 497//461 490//454 491//455
f 497//461 492//456 498//462
f 498//462 493//457 499//463
f 499//463 439//403 446//410
f 500//464 355//319 494//458
f 501//465 494//458 495//459
f 502//466 495//459 496//460
f 503//467 496//460 497//461
f 503//467 498//462 504//468
f 504//468 499//463 505//469
f 505//469 446//410 453//417
f 506//470 363//327 500//464
f 507//471 500//464 501//465
f 508//472 501//465 502//466
f 508//472 503//467 509//473
f 509//473 504//468 510//474
f 510//474 505//469 511//475
f 511//475 453//417 460//424
f 512//476 371//335 506//470
f 314//278 506//470 507//471
f 513//477 507//471 508//472
f 513//477 509//473 313//277
f 313//277 510//474 312//276
f 312//276 511//475 311//275
f 311//275 460//424 310//274
f 729//660 515//478 514//2
f 514//2 518//480 517//5
f 517//5 520//481 519//7
f 519//7 522//482 521//9
f 523//11 522//482 524//483
f 525//484 524//483 526//485
f 527//486 526//485 528//487
f 529//488 514//2 530//489
f 530//489 517//5 531//19
f 531//19 519//7 532//20
f 532//20 521//9 533//21
f 534//22 521//9 523//11
f 535//23 523//11 525//484
f 536//490 525//484 527//486
f 537//491 530//489 538//25
f 538//25 531//19 539//26
f 539//26 532//20 540//27
f 540//27 533//21 541//28
f 542//29 533//21 534//22
f 543//30 534//22 535//23
f 544//492 535//23 536//490
f 545//493 538//25 546//33
f 546//33 539//26 547//34
f 547//34 540//27 548//35
f 549//36 540//27 541//28
f 550//37 541//28 542//29
f 551//38 542//29 543//30
f 552//494 543//30 544//492
f 553//495 545//493 546//33
f 554//41 546//33 547//34
f 555//42 547//34 548//35
f 556//43 548//35 549//36
f 556//43 550//37 557//44
f 557//44 551//38 558//45
f 558//45 552//494 559//496
f 560//47 728//659 553//495
f 561//48 553//495 554//41
f 562//49 554//41 555//42
f 563//50 555//42 556//43
f 563//50 557//44 564//51
f 564//51 558//45 565//52
f 565//52 559//496 566//497
f 568//499 727//658 560//47
f 569//500 560//47 561//48
f 570//501 561//48 562//49
f 772//703 562//49 563//50
f 772//703 564//51 571//502
f 571//502 565//52 771//702
f 771//702 566//497 572//503
f 573//504 575//506 574//505
f 574//505 578//509 577//508
f 577//508 580//511 579//510
f 581//512 580//511 582//513
f 583//514 582//513 584//515
f 585//516 584//515 586//517
f 587//518 586//517 588//519
f 589//520 574//505 590//521
f 590//521 577//508 591//522
f 591//522 579//510 592//523
f 592//523 581//512 593//524
f 594//525 581//512 583//514
f 595//526 583//514 585//516
f 596//527 585//516 587//518
f 598//529 589//520 590//521
f 599//530 590//521 591//522
f 600//531 591//522 592//523
f 600//531 593//524 601//532
f 601//532 594//525 602//533
f 602//533 595//526 603//534
f 603//534 596//527 604//535
f 606//537 597//528 598//529
f 607//538 598//529 599//530
f 608//539 599//530 600//531
f 608//539 601//532 609//540
f 609//540 602//533 610//541
f 610//541 603//534 611//542
f 611//542 604//535 612//543
f 614//545 605//536 606//537
f 615//546 606//537 607//538
f 616//547 607//538 608//539
f 616//547 609//540 617//548
f 617//548 610//541 618//549
f 618//549 611//542 619//550
f 619//550 612//543 620//551
f 622//553 613//544 614//545
f 623//554 614//545 615//546
f 624//555 615//546 616//547
f 624//555 617//548 625//556
f 625//556 618//549 626//557
f 626//557 619//550 627//558
f 627//558 620//551 628//559
f 527//486 621//552 622//553
f 536//490 622//553 623//554
f 544//492 623//554 624//555
f 544//492 625//556 552//494
f 552//494 626//557 559//496
f 559//496 627//558 566//497
f 566//497 628//559 572//503
f 629//560 631//562 630//561
f 630//561 634//565 633//564
f 633//564 636//567 635//566
f 635//566 638//569 637//568
f 637//568 640//571 639//570
f 639//570 642//573 641//572
f 573//504 642//573 576//507
f 644//575 629//560 630//561
f 645//576 630//561 633//564
f 645//576 635//566 646//577
f 646//577 637//568 647//578
f 647//578 639//570 648//579
f 648//579 641//572 649//580
f 649//580 573//504 589//520
f 651//582 643//574 644//575
f 652//583 644//575 645//576
f 653//584 645//576 646//577
f 653//584 647//578 654//585
f 654//585 648//579 655//586
f 655//586 649//580 656//587
f 656//587 589//520 597//528
f 658//589 650//581 651//582
f 659//590 651//582 652//583
f 660//591 652//583 653//584
f 660//591 654//585 661//592
f 661//592 655//586 662//593
f 662//593 656//587 663//594
f 663//594 597//528 605//536
f 665//596 657//588 658//589
f 666//597 658//589 659//590
f 667//598 659//590 660//591
f 667//598 661//592 668//599
f 668//599 662//593 669//600
f 669//600 663//594 670//601
f 670//601 605//536 613//544
f 672//603 664//595 665//596
f 673//604 665//596 666//597
f 674//605 666//597 667//598
f 674//605 668//599 675//606
f 675//606 669//600 676//607
f 676//607 670//601 677//608
f 677//608 613//544 621//552
f 515//478 671//602 672//603
f 518//480 672//603 673//604
f 520//481 673//604 674//605
f 520//481 675//606 522//482
f 522//482 676//607 524//483
f 524//483 677//608 526//485
f 526//485 621//552 528//487
f 678//609 680//611 679//610
f 679//610 683//614 682//613
f 684//615 683//614 685//616
f 686//617 685//616 687//618
f 688//619 687//618 689//620
f 688//619 691//622 690//621
f 690//621 632//563 629//560
f 693//624 678//609 679//610
f 694//625 679//610 682//613
f 695//626 682//613 684//615
f 696//627 684//615 686//617
f 696//627 688//619 697//628
f 697//628 690//621 698//629
f 698//629 629//560 643//574
f 700//631 692//623 693//624
f 701//632 693//624 694//625
f 702//633 694//625 695//626
f 703//634 695//626 696//627
f 703//634 697//628 704//635
f 704//635 698//629 705//636
f 705//636 643//574 650//581
f 707//638 699//630 700//631
f 708//639 700//631 701//632
f 709//640 701//632 702//633
f 710//641 702//633 703//634
f 710//641 704//635 711//642
f 711//642 705//636 712//643
f 712//643 650//581 657//588
f 714//645 706//637 707//638
f 715//646 707//638 708//639
f 716//647 708//639 709//640
f 717//648 709//640 710//641
f 717//648 711//642 718//649
f 718//649 712//643 719//650
f 719//650 657//588 664//595
f 721//652 713//644 714//645
f 722//653 714//645 715//646
f 723//654 715//646 716//647
f 724//655 716//647 717//648
f 724//655 718//649 725//656
f 725//656 719//650 726//657
f 726//657 664//595 671//602
f 727//658 720//651 721//652
f 728//659 721//652 722//653
f 545//493 722//653 723//654
f 537//491 723//654 724//655
f 537//491 725//656 529//488
f 529//488 726//657 729//660
f 729//660 671//602 516//479
f 587//518 731//662 730//661
f 730//661 733//664 732//663
f 732//663 735//666 734//665
f 734//665 737//668 736//667
f 738//669 737//668 1136//1031
f 739//670 1136//1031 740//671
f 678//609 740//671 681//612
f 596//527 730//661 741//672
f 741//672 732//663 742//673
f 742//673 734//665 743//674
f 743//674 736//667 744//675
f 745//676 736//667 738//669
f 746//677 738//669 739//670
f 692//623 739//670 678//609
f 747//678 596//527 741//672
f 748//679 741//672 742//673
f 748//679 743//674 749//680
f 749//680 744//675 750//681
f 750//681 745//676 751//682
f 751//682 746//677 752//683
f 752//683 692//623 699//630
f 753//684 604//535 747//678
f 754//685 747//678 748//679
f 755//686 748//679 749//680
f 755//686 750//681 756//687
f 756//687 751//682 757//688
f 757//688 752//683 758//689
f 758//689 699//630 706//637
f 759//690 612//543 753//684
f 760//691 753//684 754//685
f 761//692 754//685 755//686
f 761//692 756//687 762//693
f 762//693 757//688 763//694
f 763//694 758//689 764//695
f 764//695 706//637 713//644
f 765//696 620//551 759//690
f 766//697 759//690 760//691
f 767//698 760//691 761//692
f 768//699 761//692 762//693
f 768//699 763//694 769//700
f 769//700 764//695 770//701
f 770//701 713//644 720//651
f 771//702 628//559 765//696
f 571//502 765//696 766//697
f 772//703 766//697 767//698
f 570//501 767//698 768//699
f 570//501 769//700 569//500
f 569//500 770//701 568//499
f 568//499 720//651 567//498
f 773//704 775//705 774//2
f 774//2 778//707 777//5
f 777//5 780//708 779//7
f 779//7 782//709 781//9
f 783//11 782//709 784//710
f 785//484 784//710 786//711
f 787//712 786//711 788//713
f 789//714 774//2 790//489
f 790//489 777//5 791//19
f 791//19 779//7 792//20
f 792//20 781//9 793//21
f 794//22 781//9 783//11
f 795//23 783//11 785//484
f 796//715 785//484 787//712
f 988//883 790//489 797//25
f 797//25 791//19 798//26
f 798//26 792//20 799//27
f 799//27 793//21 800//28
f 801//29 793//21 794//22
f 802//30 794//22 795//23
f 803//716 795//23 796//715
f 804//717 797//25 805//33
f 805//33 798//26 806//34
f 806//34 799//27 807//35
f 808//36 799//27 800//28
f 809//37 800//28 801//29
f 810//38 801//29 802//30
f 811//718 802//30 803//716
f 812//495 804//717 805//33
f 813//41 805//33 806//34
f 814//42 806//34 807//35
f 815//43 807//35 808//36
f 815//43 809//37 816//44
f 816//44 810//38 817//45
f 817//45 811//718 818//719
f 819//47 987//882 812//495
f 820//48 812//495 813//41
f 821//49 813//41 814//42
f 822//50 814//42 815//43
f 822//50 816//44 823//51
f 823//51 817//45 824//52
f 824//52 818//719 825//720
f 1030//925 986//881 819//47
f 827//722 819//47 820//48
f 828//723 820//48 821//49
f 829//724 821//49 822//50
f 829//724 823//51 1029//924
f 1029//924 824//52 830//725
f 830//725 825//720 831//726
f 832//727 834//729 833//728
f 833//728 837//732 836//731
f 836//731 839//734 838//733
f 838//733 841//736 840//735
f 842//737 841//736 843//738
f 844//739 843//738 845//740
f 846//741 845//740 847//742
f 848//743 833//728 849//744
f 849//744 836//731 850//745
f 850//745 838//733 851//746
f 851//746 840//735 852//747
f 853//748 840//735 842//737
f 854//749 842//737 844//739
f 855//750 844//739 846//741
f 857//752 848//743 849//744
f 858//753 849//744 850//745
f 859//754 850//745 851//746
f 859//754 852//747 860//755
f 860//755 853//748 861//756
f 861//756 854//749 862//757
f 862//757 855//750 863//758
f 865//760 856//751 857//752
f 866//761 857//752 858//753
f 867//762 858//753 859//754
f 868//763 859//754 860//755
f 868//763 861//756 869//764
f 869//764 862//757 870//765
f 870//765 863//758 871//766
f 873//768 864//759 865//760
f 874//769 865//760 866//761
f 875//770 866//761 867//762
f 876//771 867//762 868//763
f 876//771 869//764 877//772
f 877//772 870//765 878//773
f 878//773 871//766 879//774
f 881//776 872//767 873//768
f 882//777 873//768 874//769
f 883//778 874//769 875//770
f 884//779 875//770 876//771
f 884//779 877//772 885//780
f 885//780 878//773 886//781
f 886//781 879//774 887//782
f 787//712 880//775 881//776
f 796//715 881//776 882//777
f 803//716 882//777 883//778
f 811//718 883//778 884//779
f 811//718 885//780 818//719
f 818//719 886//781 825//720
f 825//720 887//782 831//726
f 888//783 890//785 889//784
f 889//784 893//788 892//787
f 892//787 895//790 894//789
f 896//791 895//790 897//792
f 898//793 897//792 899//794
f 900//795 899//794 901//796
f 832//727 901//796 835//730
f 902//797 889//784 903//798
f 903//798 892//787 904//799
f 904//799 894//789 905//800
f 906//801 894//789 896//791
f 907//802 896//791 898//793
f 908//803 898//793 900//795
f 848//743 900//795 832//727
f 910//805 902//797 903//798
f 911//806 903//798 904//799
f 912//807 904//799 905//800
f 913//808 905//800 906//801
f 914//809 906//801 907//802
f 914//809 908//803 915//810
f 915//810 848//743 856//751
f 917//812 909//804 910//805
f 918//813 910//805 911//806
f 919//814 911//806 912//807
f 920//815 912//807 913//808
f 920//815 914//809 921//816
f 921//816 915//810 922//817
f 922//817 856//751 864//759
f 924//819 916//811 917//812
f 925//820 917//812 918//813
f 926//821 918//813 919//814
f 927//822 919//814 920//815
f 927//822 921//816 928//823
f 928//823 922//817 929//824
f 929//824 864//759 872//767
f 931//826 923//818 924//819
f 932//827 924//819 925//820
f 933//828 925//820 926//821
f 933//828 927//822 934//829
f 934//829 928//823 935//830
f 935//830 929//824 936//831
f 936//831 872//767 880//775
f 775//705 930//825 931//826
f 778//707 931//826 932//827
f 780//708 932//827 933//828
f 780//708 934//829 782//709
f 782//709 935//830 784//710
f 784//710 936//831 786//711
f 786//711 880//775 788//713
f 937//832 939//834 938//833
f 938//833 942//837 941//836
f 941//836 944//839 943//838
f 943//838 946//841 945//840
f 945//840 948//843 947//842
f 947//842 950//845 949//844
f 888//783 950//845 891//786
f 952//847 937//832 938//833
f 953//848 938//833 941//836
f 953//848 943//838 954//849
f 954//849 945//840 955//850
f 955//850 947//842 956//851
f 956//851 949//844 957//852
f 957//852 888//783 902//797
f 959//854 951//846 952//847
f 960//855 952//847 953//848
f 961//856 953//848 954//849
f 961//856 955//850 962//857
f 962//857 956//851 963//858
f 963//858 957//852 964//859
f 964//859 902//797 909//804
f 966//861 958//853 959//854
f 967//862 959//854 960//855
f 968//863 960//855 961//856
f 968//863 962//857 969//864
f 969//864 963//858 970//865
f 970//865 964//859 971//866
f 971//866 909//804 916//811
f 973//868 965//860 966//861
f 974//869 966//861 967//862
f 975//870 967//862 968//863
f 975//870 969//864 976//871
f 976//871 970//865 977//872
f 977//872 971//866 978//873
f 978//873 916//811 923//818
f 980//875 972//867 973//868
f 981//876 973//868 974//869
f 982//877 974//869 975//870
f 982//877 976//871 983//878
f 983//878 977//872 984//879
f 984//879 978//873 985//880
f 985//880 923//818 930//825
f 986//881 979//874 980//875
f 987//882 980//875 981//876
f 804//717 981//876 982//877
f 804//717 983//878 988//883
f 988//883 984//879 789//714
f 789//714 985//880 773//704
f 773//704 930//825 776//706
f 846//741 990//885 989//884
f 991//886 990//885 992//887
f 993//888 992//887 3560//3455
f 994//889 3560//3455 3552//3447
f 995//890 3552//3447 996//891
f 997//892 996//891 998//893
f 997//892 940//835 937//832
f 999//894 846//741 989//884
f 1000//895 989//884 991//886
f 1001//896 991//886 993//888
f 1002//897 993//888 994//889
f 1003//898 994//889 995//890
f 1003//898 997//892 1004//899
f 1004//899 937//832 951//846
f 1005//900 855//750 999//894
f 1006//901 999//894 1000//895
f 1007//902 1000//895 1001//896
f 1008//903 1001//896 1002//897
f 1008//903 1003//898 1009//904
f 1009//904 1004//899 1010//905
f 1010//905 951//846 958//853
f 1011//906 863//758 1005//900
f 1012//907 1005//900 1006//901
f 1013//908 1006//901 1007//902
f 1014//909 1007//902 1008//903
f 1014//909 1009//904 1015//910
f 1015//910 1010//905 1016//911
f 1016//911 958//853 965//860
f 1017//912 871//766 1011//906
f 1018//913 1011//906 1012//907
f 1019//914 1012//907 1013//908
f 1020//915 1013//908 1014//909
f 1020//915 1015//910 1021//916
f 1021//916 1016//911 1022//917
f 1022//917 965//860 972//867
f 1023//918 879//774 1017//912
f 1024//919 1017//912 1018//913
f 1025//920 1018//913 1019//914
f 1026//921 1019//914 1020//915
f 1026//921 1021//916 1027//922
f 1027//922 1022//917 1028//923
f 1028//923 972//867 979//874
f 830//725 887//782 1023//918
f 1029//924 1023//918 1024//919
f 829//724 1024//919 1025//920
f 828//723 1025//920 1026//921
f 828//723 1027//922 827//722
f 827//722 1028//923 1030//925
f 1030//925 979//874 826//721
f 1031//926 481//445 1032//927
f 1032//927 479//443 1033//928
f 1033//928 477//441 1034//929
f 1035//930 477//441 475//439
f 1036//931 475//439 473//437
f 1037//932 473//437 471//435
f 1038//933 471//435 331//295
f 1039//934 1032//927 1040//935
f 1040//935 1033//928 1041//936
f 1041//936 1034//929 1042//937
f 1043//938 1034//929 1035//930
f 1044//939 1035//930 1036//931
f 1045//940 1036//931 1037//932
f 1046//941 1037//932 1038//933
f 1047//942 1040//935 1048//943
f 1048//943 1041//936 1049//944
f 1049//944 1042//937 1050//945
f 1051//946 1042//937 1043//938
f 1052//947 1043//938 1044//939
f 1053//948 1044//939 1045//940
f 1054//949 1045//940 1046//941
f 1056//951 1047//942 1048//943
f 1057//952 1048//943 1049//944
f 1058//953 1049//944 1050//945
f 1059//954 1050//945 1051//946
f 1060//955 1051//946 1052//947
f 1060//955 1053//948 1061//956
f 1061//956 1054//949 1062//957
f 1064//959 1055//950 1056//951
f 1065//960 1056//951 1057//952
f 1066//961 1057//952 1058//953
f 1067//962 1058//953 1059//954
f 1067//962 1060//955 1068//963
f 1068//963 1061//956 1069//964
f 1069//964 1062//957 1070//965
f 1072//967 1063//958 1064//959
f 1073//968 1064//959 1065//960
f 1074//969 1065//960 1066//961
f 1075//970 1066//961 1067//962
f 1075//970 1068//963 1076//971
f 1076//971 1069//964 1077//972
f 1077//972 1070//965 1078//973
f 119//119 1071//966 1072//967
f 122//122 1072//967 1073//968
f 124//124 1073//968 1074//969
f 126//126 1074//969 1075//970
f 126//126 1076//971 128//128
f 128//128 1077//972 130//130
f 130//130 1078//973 64//64
f 1080//975 588//519 1081//976
f 1082//977 1081//976 1083//978
f 1084//979 1083//978 1085//980
f 1084//979 1087//982 1086//981
f 1086//981 1089//984 1088//983
f 1088//983 1091//986 1090//985
f 1090//985 423//387 1031//926
f 1093//988 1079//974 1080//975
f 1094//989 1080//975 1082//977
f 1095//990 1082//977 1084//979
f 1095//990 1086//981 1096//991
f 1096//991 1088//983 1097//992
f 1097//992 1090//985 1098//993
f 1098//993 1031//926 1039//934
f 1100//995 1092//987 1093//988
f 1101//996 1093//988 1094//989
f 1102//997 1094//989 1095//990
f 1102//997 1096//991 1103//998
f 1103//998 1097//992 1104//999
f 1104//999 1098//993 1105//1000
f 1105//1000 1039//934 1047//942
f 1106//1001 1100//995 1107//1002
f 1107//1002 1101//996 1108//1003
f 1108//1003 1102//997 1109//1004
f 1109//1004 1103//998 1110//1005
f 1111//1006 1103//998 1104//999
f 1112//1007 1104//999 1105//1000
f 1055//950 1105//1000 1047//942
f 1113//1008 1107//1002 1114//1009
f 1114//1009 1108//1003 1115//1010
f 1115//1010 1109//1004 1116//1011
f 1116//1011 1110//1005 1117//1012
f 1118//1013 1110//1005 1111//1006
f 1119//1014 1111//1006 1112//1007
f 1063//958 1112//1007 1055//950
f 1120//1015 1114//1009 1121//1016
f 1121//1016 1115//1010 1122//1017
f 1122//1017 1116//1011 1123//1018
f 1124//1019 1116//1011 1117//1012
f 1125//1020 1117//1012 1118//1013
f 1126//1021 1118//1013 1119//1014
f 1071//966 1119//1014 1063//958
f 835//730 1121//1016 1127//1022
f 1127//1022 1122//1017 1128//1023
f 1128//1023 1123//1018 1129//1024
f 1130//1025 1123//1018 1124//1019
f 1131//1026 1124//1019 1125//1020
f 1132//1027 1125//1020 1126//1021
f 120//120 1126//1021 1071//966
f 1133//1028 740//671 1134//1029
f 1134//1029 1136//1031 1135//1030
f 1135//1030 737//668 1137//1032
f 1137//1032 735//666 1138//1033
f 1139//1034 735//666 733//664
f 1140//1035 733//664 731//662
f 1079//974 731//662 588//519
f 1141//1036 1134//1029 1142//1037
f 1142//1037 1135//1030 1143//1038
f 1143//1038 1137//1032 1144//1039
f 1144//1039 1138//1033 1145//1040
f 1146//1041 1138//1033 1139//1034
f 1147//1042 1139//1034 1140//1035
f 1092//987 1140//1035 1079//974
f 1148//1043 1142//1037 1149//1044
f 1149//1044 1143//1038 1150//1045
f 1150//1045 1144//1039 1151//1046
f 1151//1046 1145//1040 1152//1047
f 1153//1048 1145//1040 1146//1041
f 1154//1049 1146//1041 1147//1042
f 1099//994 1147//1042 1092//987
f 1155//1050 1149//1044 1156//1051
f 1156//1051 1150//1045 1157//1052
f 1157//1052 1151//1046 1158//1053
f 1158//1053 1152//1047 1159//1054
f 1159//1054 1153//1048 1160//1055
f 1160//1055 1154//1049 1161//1056
f 1106//1001 1154//1049 1099//994
f 1162//1057 1155//1050 1156//1051
f 1163//1058 1156//1051 1157//1052
f 1164//1059 1157//1052 1158//1053
f 1165//1060 1158//1053 1159//1054
f 1165//1060 1160//1055 1166//1061
f 1166//1061 1161//1056 1167//1062
f 1167//1062 1106//1001 1113//1008
f 1169//1064 1660//1555 1162//1057
f 1170//1065 1162//1057 1163//1058
f 1171//1066 1163//1058 1164//1059
f 1172//1067 1164//1059 1165//1060
f 1172//1067 1166//1061 1173//1068
f 1173//1068 1167//1062 1174//1069
f 1174//1069 1113//1008 1120//1015
f 890//785 1168//1063 1169//1064
f 893//788 1169//1064 1170//1065
f 895//790 1170//1065 1171//1066
f 897//792 1171//1066 1172//1067
f 897//792 1173//1068 899//794
f 899//794 1174//1069 901//796
f 901//796 1120//1015 835//730
f 834//729 1127//1022 1175//1070
f 1175//1070 1128//1023 1176//1071
f 1176//1071 1129//1024 1177//1072
f 1177//1072 1130//1025 1178//1073
f 1179//1074 1130//1025 1131//1026
f 1180//1075 1131//1026 1132//1027
f 1181//1076 1132//1027 120//120
f 837//732 1175//1070 1182//1077
f 1182//1077 1176//1071 1183//1078
f 1183//1078 1177//1072 1184//1079
f 1185//1080 1177//1072 1178//1073
f 1186//1081 1178//1073 1179//1074
f 1187//1082 1179//1074 1180//1075
f 1188//1083 1180//1075 1181//1076
f 839//734 1182//1077 1189//1084
f 1190//1085 1182//1077 1183//1078
f 1191//1086 1183//1078 1184//1079
f 1191//1086 1185//1080 1192//1087
f 1192//1087 1186//1081 1193//1088
f 1193//1088 1187//1082 1194//1089
f 175//175 1187//1082 1188//1083
f 1195//1090 839//734 1189//1084
f 1196//1091 1189//1084 1190//1085
f 1197//1092 1190//1085 1191//1086
f 1197//1092 1192//1087 1198//1093
f 1198//1093 1193//1088 1199//1094
f 1199//1094 1194//1089 1200//1095
f 1200//1095 175//175 173//173
f 1201//1096 841//736 1195//1090
f 1202//1097 1195//1090 1196//1091
f 1203//1098 1196//1091 1197//1092
f 1204//1099 1197//1092 1198//1093
f 1204//1099 1199//1094 1205//1100
f 1205//1100 1200//1095 1206//1101
f 1206//1101 173//173 171//171
f 1207//1102 843//738 1201//1096
f 1208//1103 1201//1096 1202//1097
f 1209//1104 1202//1097 1203//1098
f 1209//1104 1204//1099 1210//1105
f 1210//1105 1205//1100 1211//1106
f 1211//1106 1206//1101 1212//1107
f 1212//1107 171//171 168//168
f 1213//1108 845//740 1207//1102
f 1214//1109 1207//1102 1208//1103
f 1215//1110 1208//1103 1209//1104
f 1216//1111 1209//1104 1210//1105
f 1216//1111 1211//1106 1217//1112
f 1217//1112 1212//1107 1218//1113
f 1218//1113 168//168 169//169
f 575//506 1220//1115 1219//1114
f 1219//1114 1222//1117 1221//1116
f 1221//1116 1224//1119 1223//1118
f 1223//1118 1226//1121 1225//1120
f 1227//1122 1226//1121 1228//1123
f 1229//1124 1228//1123 1230//1125
f 1231//1126 1230//1125 375//339
f 578//509 1219//1114 1232//1127
f 1232//1127 1221//1116 1233//1128
f 1233//1128 1223//1118 1234//1129
f 1234//1129 1225//1120 1235//1130
f 1236//1131 1225//1120 1227//1122
f 1237//1132 1227//1122 1229//1124
f 430//394 1229//1124 1231//1126
f 580//511 1232//1127 1238//1133
f 1238//1133 1233//1128 1239//1134
f 1239//1134 1234//1129 1240//1135
f 1241//1136 1234//1129 1235//1130
f 1242//1137 1235//1130 1236//1131
f 1243//1138 1236//1131 1237//1132
f 1244//1139 1237//1132 430//394
f 582//513 1238//1133 1245//1140
f 1245//1140 1239//1134 1246//1141
f 1246//1141 1240//1135 1247//1142
f 1247//1142 1241//1136 1248//1143
f 1249//1144 1241//1136 1242//1137
f 1250//1145 1242//1137 1243//1138
f 427//391 1243//1138 1244//1139
f 1251//1146 582//513 1245//1140
f 1251//1146 1246//1141 1252//1147
f 1252//1147 1247//1142 1253//1148
f 1253//1148 1248//1143 1254//1149
f 1255//1150 1248//1143 1249//1144
f 1256//1151 1249//1144 1250//1145
f 1256//1151 427//391 425//389
f 1257//1152 584//515 1251//1146
f 1258//1153 1251//1146 1252//1147
f 1259//1154 1252//1147 1253//1148
f 1260//1155 1253//1148 1254//1149
f 1260//1155 1255//1150 1261//1156
f 1261//1156 1256//1151 1262//1157
f 1262//1157 425//389 1263//1158
f 1081//976 586//517 1257//1152
f 1083//978 1257//1152 1258//1153
f 1085//980 1258//1153 1259//1154
f 1085//980 1260//1155 1087//982
f 1087//982 1261//1156 1089//984
f 1089//984 1262//1157 1091//986
f 1091//986 1263//1158 423//387
f 1265//1160 1267//1162 1266//1161
f 1268//1163 1266//1161 1269//1164
f 1270//1165 1269//1164 1271//1166
f 1272//1167 1271//1166 1273//1168
f 1274//1169 1273//1168 1275//1170
f 1276//1171 1275//1170 1277//1172
f 1278//1173 1277//1172 1279//1174
f 1281//1176 1264//1159 1265//1160
f 1282//1177 1265//1160 1268//1163
f 1283//1178 1268//1163 1270//1165
f 1284//1179 1270//1165 1272//1167
f 1285//1180 1272//1167 1274//1169
f 1286//1181 1274//1169 1276//1171
f 1287//1182 1276//1171 1278//1173
f 1289//1184 1280//1175 1281//1176
f 1290//1185 1281//1176 1282//1177
f 1291//1186 1282//1177 1283//1178
f 1292//1187 1283//1178 1284//1179
f 1293//1188 1284//1179 1285//1180
f 1294//1189 1285//1180 1286//1181
f 1295//1190 1286//1181 1287//1182
f 1297//1192 1288//1183 1289//1184
f 1298//1193 1289//1184 1290//1185
f 1299//1194 1290//1185 1291//1186
f 1300//1195 1291//1186 1292//1187
f 1301//1196 1292//1187 1293//1188
f 1302//1197 1293//1188 1294//1189
f 1303//1198 1294//1189 1295//1190
f 1305//1200 1296//1191 1297//1192
f 1306//1201 1297//1192 1298//1193
f 1307//1202 1298//1193 1299//1194
f 1308//1203 1299//1194 1300//1195
f 1309//1204 1300//1195 1301//1196
f 1310//1205 1301//1196 1302//1197
f 1311//1206 1302//1197 1303//1198
f 1312//1207 1305//1200 1313//1208
f 1314//1209 1305//1200 1306//1201
f 1315//1210 1306//1201 1307//1202
f 1316//1211 1307//1202 1308//1203
f 1317//1212 1308//1203 1309//1204
f 1318//1213 1309//1204 1310//1205
f 1319//1214 1310//1205 1311//1206
f 64//64 1313//1208 63//63
f 66//66 1313//1208 1314//1209
f 68//68 1314//1209 1315//1210
f 70//70 1315//1210 1316//1211
f 72//72 1316//1211 1317//1212
f 74//74 1317//1212 1318//1213
f 76//76 1318//1213 1319//1214
f 1320//1215 1322//1217 1321//1216
f 1321//1216 1325//1220 1324//1219
f 1324//1219 1327//1222 1326//1221
f 1326//1221 1329//1224 1328//1223
f 1328//1223 1331//1226 1330//1225
f 1330//1225 1333//1228 1332//1227
f 1332//1227 1267//1162 1264//1159
f 1334//1229 1321//1216 1335//1230
f 1335//1230 1324//1219 1336//1231
f 1336//1231 1326//1221 1337//1232
f 1337//1232 1328//1223 1338//1233
f 1338//1233 1330//1225 1339//1234
f 1339//1234 1332//1227 1340//1235
f 1340//1235 1264//1159 1280//1175
f 1341//1236 1335//1230 1342//1237
f 1342//1237 1336//1231 1343//1238
f 1343//1238 1337//1232 1344//1239
f 1344//1239 1338//1233 1345//1240
f 1345//1240 1339//1234 1346//1241
f 1346//1241 1340//1235 1347//1242
f 1347//1242 1280//1175 1288//1183
f 1348//1243 1342//1237 1349//1244
f 1349//1244 1343//1238 1350//1245
f 1350//1245 1344//1239 1351//1246
f 1351//1246 1345//1240 1352//1247
f 1352//1247 1346//1241 1353//1248
f 1353//1248 1347//1242 1354//1249
f 1354//1249 1288//1183 1296//1191
f 1355//1250 1349//1244 1356//1251
f 1356//1251 1350//1245 1357//1252
f 1357//1252 1351//1246 1358//1253
f 1358//1253 1352//1247 1359//1254
f 1359//1254 1353//1248 1360//1255
f 1361//1256 1353//1248 1354//1249
f 1304//1199 1354//1249 1296//1191
f 1362//1257 1356//1251 1363//1258
f 1363//1258 1357//1252 1364//1259
f 1364//1259 1358//1253 1365//1260
f 1365//1260 1359//1254 1366//1261
f 1367//1262 1359//1254 1360//1255
f 1368//1263 1360//1255 1361//1256
f 1312//1207 1361//1256 1304//1199
f 331//295 1363//1258 1038//933
f 1038//933 1364//1259 1046//941
f 1046//941 1365//1260 1054//949
f 1054//949 1366//1261 1062//957
f 1070//965 1366//1261 1367//1262
f 1078//973 1367//1262 1368//1263
f 64//64 1368//1263 1312//1207
f 1370//1265 1372//1267 1371//1266
f 1373//1268 1371//1266 1374//1269
f 1375//1270 1374//1269 1376//1271
f 1377//1272 1376//1271 1378//1273
f 1379//1274 1378//1273 1380//1275
f 1381//1276 1380//1275 1382//1277
f 1320//1215 1382//1277 1323//1218
f 1384//1279 1369//1264 1370//1265
f 1385//1280 1370//1265 1373//1268
f 1386//1281 1373//1268 1375//1270
f 1387//1282 1375//1270 1377//1272
f 1387//1282 1379//1274 1388//1283
f 1388//1283 1381//1276 1389//1284
f 1389//1284 1320//1215 1334//1229
f 1391//1286 1383//1278 1384//1279
f 1392//1287 1384//1279 1385//1280
f 1393//1288 1385//1280 1386//1281
f 1393//1288 1387//1282 1394//1289
f 1394//1289 1388//1283 1395//1290
f 1395//1290 1389//1284 1396//1291
f 1396//1291 1334//1229 1341//1236
f 1398//1293 1390//1285 1391//1286
f 1399//1294 1391//1286 1392//1287
f 1400//1295 1392//1287 1393//1288
f 1400//1295 1394//1289 1401//1296
f 1401//1296 1395//1290 1402//1297
f 1402//1297 1396//1291 1403//1298
f 1403//1298 1341//1236 1348//1243
f 1405//1300 1397//1292 1398//1293
f 1406//1301 1398//1293 1399//1294
f 1406//1301 1400//1295 1407//1302
f 1407//1302 1401//1296 1408//1303
f 1408//1303 1402//1297 1409//1304
f 1409//1304 1403//1298 1410//1305
f 1410//1305 1348//1243 1355//1250
f 1412//1307 1404//1299 1405//1300
f 1413//1308 1405//1300 1406//1301
f 1413//1308 1407//1302 1414//1309
f 1414//1309 1408//1303 1415//1310
f 1415//1310 1409//1304 1416//1311
f 1416//1311 1410//1305 1417//1312
f 1417//1312 1355//1250 1362//1257
f 318//282 1411//1306 1412//1307
f 321//285 1412//1307 1413//1308
f 321//285 1414//1309 323//287
f 323//287 1415//1310 325//289
f 325//289 1416//1311 327//291
f 327//291 1417//1312 329//293
f 329//293 1362//1257 331//295
f 1418//1313 1420//1315 1419//1314
f 1419//1314 1423//1318 1422//1317
f 1422//1317 1425//1320 1424//1319
f 1426//1321 1425//1320 1427//1322
f 1428//1323 1427//1322 1429//1324
f 1430//1325 1429//1324 1431//1326
f 1369//1264 1431//1326 1372//1267
f 1433//1328 1418//1313 1419//1314
f 1434//1329 1419//1314 1422//1317
f 1435//1330 1422//1317 1424//1319
f 1436//1331 1424//1319 1426//1321
f 1437//1332 1426//1321 1428//1323
f 1438//1333 1428//1323 1430//1325
f 1383//1278 1430//1325 1369//1264
f 1440//1335 1432//1327 1433//1328
f 1441//1336 1433//1328 1434//1329
f 1442//1337 1434//1329 1435//1330
f 1443//1338 1435//1330 1436//1331
f 1444//1339 1436//1331 1437//1332
f 1445//1340 1437//1332 1438//1333
f 1390//1285 1438//1333 1383//1278
f 1447//1342 1439//1334 1440//1335
f 1448//1343 1440//1335 1441//1336
f 1449//1344 1441//1336 1442//1337
f 1450//1345 1442//1337 1443//1338
f 1451//1346 1443//1338 1444//1339
f 1452//1347 1444//1339 1445//1340
f 1397//1292 1445//1340 1390//1285
f 1454//1349 1446//1341 1447//1342
f 1455//1350 1447//1342 1448//1343
f 1456//1351 1448//1343 1449//1344
f 1457//1352 1449//1344 1450//1345
f 1458//1353 1450//1345 1451//1346
f 1459//1354 1451//1346 1452//1347
f 1404//1299 1452//1347 1397//1292
f 1461//1356 1453//1348 1454//1349
f 1462//1357 1454//1349 1455//1350
f 1463//1358 1455//1350 1456//1351
f 1464//1359 1456//1351 1457//1352
f 1465//1360 1457//1352 1458//1353
f 1466//1361 1458//1353 1459//1354
f 1411//1306 1459//1354 1404//1299
f 374//338 1460//1355 1461//1356
f 377//341 1461//1356 1462//1357
f 379//343 1462//1357 1463//1358
f 381//345 1463//1358 1464//1359
f 383//347 1464//1359 1465//1360
f 385//349 1465//1360 1466//1361
f 319//283 1466//1361 1411//1306
f 1468//1363 1470//1365 1469//1364
f 1471//1366 1469//1364 1919//1814
f 1472//1367 1919//1814 1473//1368
f 1472//1367 1916//1811 1474//1369
f 1474//1369 1476//1371 1475//1370
f 1475//1370 1913//1808 1477//1372
f 1477//1372 1421//1316 1418//1313
f 1478//1373 1468//1363 1479//1374
f 1479//1374 1471//1366 1480//1375
f 1480//1375 1472//1367 1481//1376
f 1481//1376 1474//1369 1482//1377
f 1483//1378 1474//1369 1475//1370
f 1484//1379 1475//1370 1477//1372
f 1432//1327 1477//1372 1418//1313
f 1485//1380 1479//1374 1486//1381
f 1486//1381 1480//1375 1487//1382
f 1487//1382 1481//1376 1488//1383
f 1488//1383 1482//1377 1489//1384
f 1490//1385 1482//1377 1483//1378
f 1491//1386 1483//1378 1484//1379
f 1439//1334 1484//1379 1432//1327
f 1492//1387 1486//1381 1493//1388
f 1493//1388 1487//1382 1494//1389
f 1494//1389 1488//1383 1495//1390
f 1495//1390 1489//1384 1496//1391
f 1497//1392 1489//1384 1490//1385
f 1498//1393 1490//1385 1491//1386
f 1446//1341 1491//1386 1439//1334
f 1499//1394 1493//1388 1500//1395
f 1500//1395 1494//1389 1501//1396
f 1501//1396 1495//1390 1502//1397
f 1502//1397 1496//1391 1503//1398
f 1504//1399 1496//1391 1497//1392
f 1505//1400 1497//1392 1498//1393
f 1453//1348 1498//1393 1446//1341
f 1506//1401 1500//1395 1507//1402
f 1507//1402 1501//1396 1508//1403
f 1508//1403 1502//1397 1509//1404
f 1509//1404 1503//1398 1510//1405
f 1511//1406 1503//1398 1504//1399
f 1512//1407 1504//1399 1505//1400
f 1460//1355 1505//1400 1453//1348
f 576//507 1507//1402 1220//1115
f 1220//1115 1508//1403 1222//1117
f 1222//1117 1509//1404 1224//1119
f 1226//1121 1509//1404 1510//1405
f 1228//1123 1510//1405 1511//1406
f 1230//1125 1511//1406 1512//1407
f 375//339 1512//1407 1460//1355
f 1513//1408 1515//1410 1514//1409
f 1514//1409 1518//1413 1517//1412
f 1517//1412 1520//1415 1519//1414
f 1519//1414 1522//1417 1521//1416
f 1523//1418 1522//1417 1524//1419
f 1525//1420 1524//1419 1526//1421
f 1467//1362 1526//1421 1470//1365
f 1527//1422 1514//1409 1528//1423
f 1528//1423 1517//1412 1529//1424
f 1529//1424 1519//1414 1530//1425
f 1530//1425 1521//1416 1531//1426
f 1531//1426 1523//1418 1532//1427
f 1532//1427 1525//1420 1533//1428
f 1533//1428 1467//1362 1478//1373
f 1534//1429 1528//1423 1535//1430
f 1535//1430 1529//1424 1536//1431
f 1536//1431 1530//1425 1537//1432
f 1537//1432 1531//1426 1538//1433
f 1538//1433 1532//1427 1539//1434
f 1539//1434 1533//1428 1540//1435
f 1540//1435 1478//1373 1485//1380
f 1541//1436 1535//1430 1542//1437
f 1542//1437 1536//1431 1543//1438
f 1543//1438 1537//1432 1544//1439
f 1544//1439 1538//1433 1545//1440
f 1545//1440 1539//1434 1546//1441
f 1546//1441 1540//1435 1547//1442
f 1547//1442 1485//1380 1492//1387
f 1548//1443 1542//1437 1549//1444
f 1549//1444 1543//1438 1550//1445
f 1550//1445 1544//1439 1551//1446
f 1551//1446 1545//1440 1552//1447
f 1552//1447 1546//1441 1553//1448
f 1553//1448 1547//1442 1554//1449
f 1554//1449 1492//1387 1499//1394
f 1555//1450 1549//1444 1556//1451
f 1556//1451 1550//1445 1557//1452
f 1557//1452 1551//1446 1558//1453
f 1558//1453 1552//1447 1559//1454
f 1559//1454 1553//1448 1560//1455
f 1560//1455 1554//1449 1561//1456
f 1561//1456 1499//1394 1506//1401
f 632//563 1556//1451 631//562
f 631//562 1557//1452 634//565
f 634//565 1558//1453 636//567
f 636//567 1559//1454 638//569
f 638//569 1560//1455 640//571
f 640//571 1561//1456 642//573
f 642//573 1506//1401 576//507
f 1562//1457 1564//1459 1563//1458
f 1563//1458 1567//1462 1566//1461
f 1566//1461 1569//1464 1568//1463
f 1568//1463 1571//1466 1570//1465
f 1570//1465 1573//1468 1572//1467
f 1572//1467 1575//1470 1574//1469
f 1574//1469 1516//1411 1513//1408
f 1576//1471 1563//1458 1577//1472
f 1577//1472 1566//1461 1578//1473
f 1579//1474 1566//1461 1568//1463
f 1579//1474 1570//1465 1580//1475
f 1580//1475 1572//1467 1581//1476
f 1581//1476 1574//1469 1582//1477
f 1582//1477 1513//1408 1527//1422
f 1583//1478 1577//1472 1584//1479
f 1585//1480 1577//1472 1578//1473
f 1586//1481 1578//1473 1579//1474
f 1587//1482 1579//1474 1580//1475
f 1587//1482 1581//1476 1588//1483
f 1588//1483 1582//1477 1589//1484
f 1589//1484 1527//1422 1534//1429
f 1591//1486 1583//1478 1584//1479
f 1592//1487 1584//1479 1585//1480
f 1593//1488 1585//1480 1586//1481
f 1594//1489 1586//1481 1587//1482
f 1594//1489 1588//1483 1595//1490
f 1595//1490 1589//1484 1596//1491
f 1596//1491 1534//1429 1541//1436
f 1598//1493 1590//1485 1591//1486
f 1599//1494 1591//1486 1592//1487
f 1600//1495 1592//1487 1593//1488
f 1601//1496 1593//1488 1594//1489
f 1602//1497 1594//1489 1595//1490
f 1602//1497 1596//1491 1603//1498
f 1603//1498 1541//1436 1548//1443
f 1605//1500 1597//1492 1598//1493
f 1606//1501 1598//1493 1599//1494
f 1607//1502 1599//1494 1600//1495
f 1608//1503 1600//1495 1601//1496
f 1609//1504 1601//1496 1602//1497
f 1609//1504 1603//1498 1610//1505
f 1610//1505 1548//1443 1555//1450
f 680//611 1604//1499 1605//1500
f 683//614 1605//1500 1606//1501
f 685//616 1606//1501 1607//1502
f 687//618 1607//1502 1608//1503
f 689//620 1608//1503 1609//1504
f 689//620 1610//1505 691//622
f 691//622 1555//1450 632//563
f 1612//1507 1614//1509 1613//1508
f 1615//1510 1613//1508 1616//1511
f 1617//1512 1616//1511 1618//1513
f 1617//1512 1620//1515 1619//1514
f 1619//1514 1622//1517 1621//1516
f 1621//1516 1624//1519 1623//1518
f 1623//1518 1565//1460 1562//1457
f 1626//1521 1611//1506 1612//1507
f 1627//1522 1612//1507 1615//1510
f 1628//1523 1615//1510 1617//1512
f 1628//1523 1619//1514 1629//1524
f 1629//1524 1621//1516 1630//1525
f 1630//1525 1623//1518 1631//1526
f 1631//1526 1562//1457 1576//1471
f 1633//1528 1625//1520 1626//1521
f 1634//1529 1626//1521 1627//1522
f 1635//1530 1627//1522 1628//1523
f 1635//1530 1629//1524 1636//1531
f 1636//1531 1630//1525 1637//1532
f 1637//1532 1631//1526 1638//1533
f 1638//1533 1576//1471 1583//1478
f 1639//1534 1633//1528 1640//1535
f 1640//1535 1634//1529 1641//1536
f 1641//1536 1635//1530 1642//1537
f 1642//1537 1636//1531 1643//1538
f 1644//1539 1636//1531 1637//1532
f 1645//1540 1637//1532 1638//1533
f 1590//1485 1638//1533 1583//1478
f 1646//1541 1640//1535 1647//1542
f 1647//1542 1641//1536 1648//1543
f 1648//1543 1642//1537 1649//1544
f 1649//1544 1643//1538 1650//1545
f 1651//1546 1643//1538 1644//1539
f 1652//1547 1644//1539 1645//1540
f 1597//1492 1645//1540 1590//1485
f 1653//1548 1647//1542 1654//1549
f 1654//1549 1648//1543 1655//1550
f 1655//1550 1649//1544 1656//1551
f 1656//1551 1650//1545 1657//1552
f 1658//1553 1650//1545 1651//1546
f 1659//1554 1651//1546 1652//1547
f 1604//1499 1652//1547 1597//1492
f 891//786 1654//1549 1168//1063
f 1168//1063 1655//1550 1660//1555
f 1660//1555 1656//1551 1155//1050
f 1155//1050 1657//1552 1148//1043
f 1141//1036 1657//1552 1658//1553
f 1133//1028 1658//1553 1659//1554
f 681//612 1659//1554 1604//1499
f 1661//1556 1663//1558 1662//1557
f 1662//1557 1666//1561 1665//1560
f 1665//1560 1668//1563 1667//1562
f 1667//1562 1670//1565 1669//1564
f 1669//1564 1672//1567 1671//1566
f 1671//1566 1674//1569 1673//1568
f 1611//1506 1674//1569 1614//1509
f 1675//1570 1662//1557 1676//1571
f 1676//1571 1665//1560 1677//1572
f 1677//1572 1667//1562 1678//1573
f 1678//1573 1669//1564 1679//1574
f 1679//1574 1671//1566 1680//1575
f 1680//1575 1673//1568 1681//1576
f 1625//1520 1673//1568 1611//1506
f 1682//1577 1676//1571 1683//1578
f 1683//1578 1677//1572 1684//1579
f 1684//1579 1678//1573 1685//1580
f 1685//1580 1679//1574 1686//1581
f 1686//1581 1680//1575 1687//1582
f 1687//1582 1681//1576 1688//1583
f 1632//1527 1681//1576 1625//1520
f 1689//1584 1683//1578 1690//1585
f 1690//1585 1684//1579 1691//1586
f 1691//1586 1685//1580 1692//1587
f 1692//1587 1686//1581 1693//1588
f 1693//1588 1687//1582 1694//1589
f 1694//1589 1688//1583 1695//1590
f 1695//1590 1632//1527 1639//1534
f 1696//1591 1690//1585 1697//1592
f 1697//1592 1691//1586 1698//1593
f 1698//1593 1692//1587 1699//1594
f 1699//1594 1693//1588 1700//1595
f 1700//1595 1694//1589 1701//1596
f 1701//1596 1695//1590 1702//1597
f 1702//1597 1639//1534 1646//1541
f 1703//1598 1697//1592 1704//1599
f 1704//1599 1698//1593 1705//1600
f 1705//1600 1699//1594 1706//1601
f 1706//1601 1700//1595 1707//1602
f 1707//1602 1701//1596 1708//1603
f 1708//1603 1702//1597 1709//1604
f 1709//1604 1646//1541 1653//1548
f 940//835 1704//1599 939//834
f 939//834 1705//1600 942//837
f 942//837 1706//1601 944//839
f 944//839 1707//1602 946//841
f 946//841 1708//1603 948//843
f 948//843 1709//1604 950//845
f 950//845 1653//1548 891//786
f 1710//1605 1712//1607 1711//1606
f 1711//1606 1715//1610 1714//1609
f 1714//1609 1717//1612 1716//1611
f 1716//1611 1719//1614 1718//1613
f 1718//1613 1721//1616 1720//1615
f 1720//1615 1723//1618 1722//1617
f 1722//1617 1725//1620 1724//1619
f 1726//1621 1711//1606 1727//1622
f 1727//1622 1714//1609 1728//1623
f 1728//1623 1716//1611 1729//1624
f 1729//1624 1718//1613 1730//1625
f 1730//1625 1720//1615 1731//1626
f 1731//1626 1722//1617 1732//1627
f 1732//1627 1724//1619 1733//1628
f 1734//1629 1727//1622 1735//1630
f 1735//1630 1728//1623 1736//1631
f 1736//1631 1729//1624 1737//1632
f 1737//1632 1730//1625 1738//1633
f 1738//1633 1731//1626 1739//1634
f 1739//1634 1732//1627 1740//1635
f 1740//1635 1733//1628 1741//1636
f 1742//1637 1735//1630 1743//1638
f 1743//1638 1736//1631 1744//1639
f 1744//1639 1737//1632 1745//1640
f 1745//1640 1738//1633 1746//1641
f 1746//1641 1739//1634 1747//1642
f 1747//1642 1740//1635 1748//1643
f 1748//1643 1741//1636 1749//1644
f 1750//1645 1743//1638 1751//1646
f 1751//1646 1744//1639 1752//1647
f 1752//1647 1745//1640 1753//1648
f 1753//1648 1746//1641 1754//1649
f 1754//1649 1747//1642 1755//1650
f 1755//1650 1748//1643 1756//1651
f 1756//1651 1749//1644 1757//1652
f 1758//1653 1751//1646 1759//1654
f 1759//1654 1752//1647 1760//1655
f 1760//1655 1753//1648 1761//1656
f 1761//1656 1754//1649 1762//1657
f 1762//1657 1755//1650 1763//1658
f 1763//1658 1756//1651 1764//1659
f 1764//1659 1757//1652 1765//1660
f 1267//1162 1759//1654 1266//1161
f 1266//1161 1760//1655 1269//1164
f 1269//1164 1761//1656 1271//1166
f 1271//1166 1762//1657 1273//1168
f 1273//1168 1763//1658 1275//1170
f 1275//1170 1764//1659 1277//1172
f 1277//1172 1765//1660 1279//1174
f 1767//1662 1769//1664 1768//1663
f 1770//1665 1768//1663 1771//1666
f 1772//1667 1771//1666 1773//1668
f 1774//1669 1773//1668 1775//1670
f 1774//1669 1777//1672 1776//1671
f 1776//1671 1779//1674 1778//1673
f 1778//1673 1713//1608 1710//1605
f 1781//1676 1766//1661 1767//1662
f 1782//1677 1767//1662 1770//1665
f 1783//1678 1770//1665 1772//1667
f 1784//1679 1772//1667 1774//1669
f 1785//1680 1774//1669 1776//1671
f 1785//1680 1778//1673 1786//1681
f 1726//1621 1778//1673 1710//1605
f 1788//1683 1780//1675 1781//1676
f 1789//1684 1781//1676 1782//1677
f 1790//1685 1782//1677 1783//1678
f 1791//1686 1783//1678 1784//1679
f 1792//1687 1784//1679 1785//1680
f 1793//1688 1785//1680 1786//1681
f 1734//1629 1786//1681 1726//1621
f 1795//1690 1787//1682 1788//1683
f 1796//1691 1788//1683 1789//1684
f 1797//1692 1789//1684 1790//1685
f 1798//1693 1790//1685 1791//1686
f 1799//1694 1791//1686 1792//1687
f 1800//1695 1792//1687 1793//1688
f 1742//1637 1793//1688 1734//1629
f 1802//1697 1794//1689 1795//1690
f 1803//1698 1795//1690 1796//1691
f 1804//1699 1796//1691 1797//1692
f 1805//1700 1797//1692 1798//1693
f 1806//1701 1798//1693 1799//1694
f 1806//1701 1800//1695 1807//1702
f 1750//1645 1800//1695 1742//1637
f 1808//1703 1802//1697 1809//1704
f 1809//1704 1803//1698 1810//1705
f 1810//1705 1804//1699 1811//1706
f 1811//1706 1805//1700 1812//1707
f 1812//1707 1806//1701 1813//1708
f 1813//1708 1807//1702 1814//1709
f 1758//1653 1807//1702 1750//1645
f 1323//1218 1809//1704 1322//1217
f 1322//1217 1810//1705 1325//1220
f 1325//1220 1811//1706 1327//1222
f 1327//1222 1812//1707 1329//1224
f 1329//1224 1813//1708 1331//1226
f 1331//1226 1814//1709 1333//1228
f 1333//1228 1758//1653 1267//1162
f 1816//1711 1818//1713 1817//1712
f 1819//1714 1817//1712 1820//1715
f 1821//1716 1820//1715 1822//1717
f 1823//1718 1822//1717 1824//1719
f 1825//1720 1824//1719 1826//1721
f 1827//1722 1826//1721 1828//1723
f 1766//1661 1828//1723 1769//1664
f 1830//1725 1815//1710 1816//1711
f 1831//1726 1816//1711 1819//1714
f 1832//1727 1819//1714 1821//1716
f 1833//1728 1821//1716 1823//1718
f 1834//1729 1823//1718 1825//1720
f 1835//1730 1825//1720 1827//1722
f 1780//1675 1827//1722 1766//1661
f 1837//1732 1829//1724 1830//1725
f 1838//1733 1830//1725 1831//1726
f 1839//1734 1831//1726 1832//1727
f 1840//1735 1832//1727 1833//1728
f 1841//1736 1833//1728 1834//1729
f 1842//1737 1834//1729 1835//1730
f 1787//1682 1835//1730 1780//1675
f 1844//1739 1836//1731 1837//1732
f 1845//1740 1837//1732 1838//1733
f 1846//1741 1838//1733 1839//1734
f 1847//1742 1839//1734 1840//1735
f 1848//1743 1840//1735 1841//1736
f 1849//1744 1841//1736 1842//1737
f 1794//1689 1842//1737 1787//1682
f 1851//1746 1843//1738 1844//1739
f 1852//1747 1844//1739 1845//1740
f 1853//1748 1845//1740 1846//1741
f 1854//1749 1846//1741 1847//1742
f 1855//1750 1847//1742 1848//1743
f 1856//1751 1848//1743 1849//1744
f 1801//1696 1849//1744 1794//1689
f 1858//1753 1850//1745 1851//1746
f 1859//1754 1851//1746 1852//1747
f 1860//1755 1852//1747 1853//1748
f 1861//1756 1853//1748 1854//1749
f 1862//1757 1854//1749 1855//1750
f 1863//1758 1855//1750 1856//1751
f 1808//1703 1856//1751 1801//1696
f 1371//1266 1857//1752 1858//1753
f 1374//1269 1858//1753 1859//1754
f 1376//1271 1859//1754 1860//1755
f 1378//1273 1860//1755 1861//1756
f 1380//1275 1861//1756 1862//1757
f 1382//1277 1862//1757 1863//1758
f 1323//1218 1863//1758 1808//1703
f 1864//1759 1866//1761 1865//1760
f 1865//1760 1869//1764 1868//1763
f 1868//1763 1871//1766 1870//1765
f 1870//1765 1873//1768 1872//1767
f 1872//1767 1875//1770 1874//1769
f 1874//1769 1877//1772 1876//1771
f 1876//1771 1818//1713 1815//1710
f 1878//1773 1865//1760 1879//1774
f 1879//1774 1868//1763 1880//1775
f 1880//1775 1870//1765 1881//1776
f 1881//1776 1872//1767 1882//1777
f 1882//1777 1874//1769 1883//1778
f 1883//1778 1876//1771 1884//1779
f 1829//1724 1876//1771 1815//1710
f 1936//1831 1879//1774 1885//1780
f 1885//1780 1880//1775 1886//1781
f 1886//1781 1881//1776 1887//1782
f 1887//1782 1882//1777 1888//1783
f 1888//1783 1883//1778 1889//1784
f 1889//1784 1884//1779 1890//1785
f 1836//1731 1884//1779 1829//1724
f 1891//1786 1885//1780 1892//1787
f 1892//1787 1886//1781 1893//1788
f 1893//1788 1887//1782 1894//1789
f 1894//1789 1888//1783 1895//1790
f 1895//1790 1889//1784 1896//1791
f 1896//1791 1890//1785 1897//1792
f 1843//1738 1890//1785 1836//1731
f 1898//1793 1892//1787 1899//1794
f 1899//1794 1893//1788 1900//1795
f 1900//1795 1894//1789 1901//1796
f 1901//1796 1895//1790 1902//1797
f 1902//1797 1896//1791 1903//1798
f 1903//1798 1897//1792 1904//1799
f 1850//1745 1897//1792 1843//1738
f 1911//1806 1899//1794 1905//1800
f 1905//1800 1900//1795 1906//1801
f 1906//1801 1901//1796 1907//1802
f 1907//1802 1902//1797 1908//1803
f 1908//1803 1903//1798 1909//1804
f 1909//1804 1904//1799 1910//1805
f 1857//1752 1904//1799 1850//1745
f 1421//1316 1905//1800 1420//1315
f 1420//1315 1906//1801 1423//1318
f 1423//1318 1907//1802 1425//1320
f 1425//1320 1908//1803 1427//1322
f 1427//1322 1909//1804 1429//1324
f 1429//1324 1910//1805 1431//1326
f 1372//1267 1910//1805 1857//1752
f 1911//1806 1913//1808 1912//1807
f 1912//1807 1476//1371 1914//1809
f 1914//1809 1916//1811 1915//1810
f 1917//1812 1916//1811 1473//1368
f 1918//1813 1473//1368 1919//1814
f 1920//1815 1919//1814 1469//1364
f 1921//1816 1469//1364 1470//1365
f 1898//1793 1912//1807 1922//1817
f 1922//1817 1914//1809 1923//1818
f 1923//1818 1915//1810 1924//1819
f 1924//1819 1917//1812 1925//1820
f 1926//1821 1917//1812 1918//1813
f 1927//1822 1918//1813 1920//1815
f 1928//1823 1920//1815 1921//1816
f 1891//1786 1922//1817 1929//1824
f 1929//1824 1923//1818 1930//1825
f 1930//1825 1924//1819 1931//1826
f 1931//1826 1925//1820 1932//1827
f 1933//1828 1925//1820 1926//1821
f 1934//1829 1926//1821 1927//1822
f 1935//1830 1927//1822 1928//1823
f 1936//1831 1929//1824 1937//1832
f 1937//1832 1930//1825 1938//1833
f 1938//1833 1931//1826 1939//1834
f 1939//1834 1932//1827 1940//1835
f 1941//1836 1932//1827 1933//1828
f 1942//1837 1933//1828 1934//1829
f 1943//1838 1934//1829 1935//1830
f 1878//1773 1937//1832 1944//1839
f 1944//1839 1938//1833 1945//1840
f 1945//1840 1939//1834 1946//1841
f 1946//1841 1940//1835 1947//1842
f 1948//1843 1940//1835 1941//1836
f 1949//1844 1941//1836 1942//1837
f 1950//1845 1942//1837 1943//1838
f 1864//1759 1944//1839 1951//1846
f 1951//1846 1945//1840 1952//1847
f 1952//1847 1946//1841 1953//1848
f 1954//1849 1946//1841 1947//1842
f 1955//1850 1947//1842 1948//1843
f 1956//1851 1948//1843 1949//1844
f 1971//1866 1949//1844 1950//1845
f 1958//1853 1960//1855 1959//1854
f 1961//1856 1959//1854 1962//1857
f 1963//1858 1962//1857 1964//1859
f 1965//1860 1964//1859 1966//1861
f 1967//1862 1966//1861 1968//1863
f 1969//1864 1968//1863 1970//1865
f 1971//1866 1970//1865 1867//1762
f 1972//1867 1958//1853 1973//1868
f 1974//1869 1958//1853 1961//1856
f 1975//1870 1961//1856 1963//1858
f 1976//1871 1963//1858 1965//1860
f 1977//1872 1965//1860 1967//1862
f 1978//1873 1967//1862 1969//1864
f 1950//1845 1969//1864 1971//1866
f 1979//1874 1973//1868 1980//1875
f 1981//1876 1973//1868 1974//1869
f 1982//1877 1974//1869 1975//1870
f 1983//1878 1975//1870 1976//1871
f 1984//1879 1976//1871 1977//1872
f 1985//1880 1977//1872 1978//1873
f 1943//1838 1978//1873 1950//1845
f 1986//1881 1980//1875 1987//1882
f 1988//1883 1980//1875 1981//1876
f 1989//1884 1981//1876 1982//1877
f 1990//1885 1982//1877 1983//1878
f 1991//1886 1983//1878 1984//1879
f 1992//1887 1984//1879 1985//1880
f 1935//1830 1985//1880 1943//1838
f 1993//1888 1987//1882 1994//1889
f 1995//1890 1987//1882 1988//1883
f 1996//1891 1988//1883 1989//1884
f 1997//1892 1989//1884 1990//1885
f 1998//1893 1990//1885 1991//1886
f 1999//1894 1991//1886 1992//1887
f 1928//1823 1992//1887 1935//1830
f 2000//1895 1994//1889 2001//1896
f 2002//1897 1994//1889 1995//1890
f 2003//1898 1995//1890 1996//1891
f 2004//1899 1996//1891 1997//1892
f 2005//1900 1997//1892 1998//1893
f 2006//1901 1998//1893 1999//1894
f 1921//1816 1999//1894 1928//1823
f 1516//1411 2001//1896 1515//1410
f 1518//1413 2001//1896 2002//1897
f 1520//1415 2002//1897 2003//1898
f 1522//1417 2003//1898 2004//1899
f 1524//1419 2004//1899 2005//1900
f 1526//1421 2005//1900 2006//1901
f 1470//1365 2006//1901 1921//1816
f 2007//1902 2009//1904 2008//1903
f 2008//1903 2012//1907 2011//1906
f 2011//1906 2014//1909 2013//1908
f 2013//1908 2016//1911 2015//1910
f 2015//1910 2018//1913 2017//1912
f 2017//1912 2020//1915 2019//1914
f 2019//1914 1960//1855 1957//1852
f 2021//1916 2008//1903 2022//1917
f 2022//1917 2011//1906 2023//1918
f 2023//1918 2013//1908 2024//1919
f 2024//1919 2015//1910 2025//1920
f 2025//1920 2017//1912 2026//1921
f 2026//1921 2019//1914 2027//1922
f 2027//1922 1957//1852 1972//1867
f 2028//1923 2022//1917 2029//1924
f 2029//1924 2023//1918 2030//1925
f 2030//1925 2024//1919 2031//1926
f 2031//1926 2025//1920 2032//1927
f 2032//1927 2026//1921 2033//1928
f 2033//1928 2027//1922 2034//1929
f 2034//1929 1972//1867 1979//1874
f 2035//1930 2029//1924 2036//1931
f 2036//1931 2030//1925 2037//1932
f 2037//1932 2031//1926 2038//1933
f 2038//1933 2032//1927 2039//1934
f 2039//1934 2033//1928 2040//1935
f 2040//1935 2034//1929 2041//1936
f 2041//1936 1979//1874 1986//1881
f 2042//1937 2036//1931 2043//1938
f 2043//1938 2037//1932 2044//1939
f 2044//1939 2038//1933 2045//1940
f 2045//1940 2039//1934 2046//1941
f 2046//1941 2040//1935 2047//1942
f 2047//1942 2041//1936 2048//1943
f 2048//1943 1986//1881 1993//1888
f 2050//1945 2042//1937 2043//1938
f 2050//1945 2044//1939 2051//1946
f 2051//1946 2045//1940 2052//1947
f 2052//1947 2046//1941 2053//1948
f 2053//1948 2047//1942 2054//1949
f 2054//1949 2048//1943 2055//1950
f 2055//1950 1993//1888 2000//1895
f 1564//1459 2049//1944 2050//1945
f 1564//1459 2051//1946 1567//1462
f 1567//1462 2052//1947 1569//1464
f 1569//1464 2053//1948 1571//1466
f 1571//1466 2054//1949 1573//1468
f 1573//1468 2055//1950 1575//1470
f 1575//1470 2000//1895 1516//1411
f 2056//1951 2058//1953 2057//1952
f 2057//1952 2061//1956 2060//1955
f 2062//1957 2061//1956 2063//1958
f 2064//1959 2063//1958 2065//1960
f 2064//1959 2067//1962 2066//1961
f 2066//1961 2069//1964 2068//1963
f 2068//1963 2010//1905 2007//1902
f 2070//1965 2057//1952 2071//1966
f 2072//1967 2057//1952 2060//1955
f 2073//1968 2060//1955 2062//1957
f 2074//1969 2062//1957 2064//1959
f 2075//1970 2064//1959 2066//1961
f 2075//1970 2068//1963 2076//1971
f 2076//1971 2007//1902 2021//1916
f 2077//1972 2071//1966 2078//1973
f 2079//1974 2071//1966 2072//1967
f 2080//1975 2072//1967 2073//1968
f 2081//1976 2073//1968 2074//1969
f 2082//1977 2074//1969 2075//1970
f 2083//1978 2075//1970 2076//1971
f 2083//1978 2021//1916 2028//1923
f 2084//1979 2078//1973 2085//1980
f 2085//1980 2079//1974 2086//1981
f 2087//1982 2079//1974 2080//1975
f 2088//1983 2080//1975 2081//1976
f 2089//1984 2081//1976 2082//1977
f 2090//1985 2082//1977 2083//1978
f 2035//1930 2083//1978 2028//1923
f 2091//1986 2085//1980 2092//1987
f 2092//1987 2086//1981 2093//1988
f 2094//1989 2086//1981 2087//1982
f 2095//1990 2087//1982 2088//1983
f 2096//1991 2088//1983 2089//1984
f 2097//1992 2089//1984 2090//1985
f 2042//1937 2090//1985 2035//1930
f 2098//1993 2092//1987 2099//1994
f 2099//1994 2093//1988 2100//1995
f 2101//1996 2093//1988 2094//1989
f 2102//1997 2094//1989 2095//1990
f 2103//1998 2095//1990 2096//1991
f 2104//1999 2096//1991 2097//1992
f 2049//1944 2097//1992 2042//1937
f 1614//1509 2099//1994 1613//1508
f 1613//1508 2100//1995 1616//1511
f 1618//1513 2100//1995 2101//1996
f 1620//1515 2101//1996 2102//1997
f 1622//1517 2102//1997 2103//1998
f 1624//1519 2103//1998 2104//1999
f 1565//1460 2104//1999 2049//1944
f 2106//2001 2108//2003 2107//2002
f 2109//2004 2107//2002 2110//2005
f 2109//2004 2112//2007 2111//2006
f 2111//2006 2114//2009 2113//2008
f 2113//2008 2116//2011 2115//2010
f 2115//2010 2118//2013 2117//2012
f 2117//2012 2059//1954 2056//1951
f 2120//2015 2105//2000 2106//2001
f 2121//2016 2106//2001 2109//2004
f 2122//2017 2109//2004 2111//2006
f 2123//2018 2111//2006 2113//2008
f 2123//2018 2115//2010 2124//2019
f 2124//2019 2117//2012 2125//2020
f 2125//2020 2056//1951 2070//1965
f 2127//2022 2119//2014 2120//2015
f 2128//2023 2120//2015 2121//2016
f 2129//2024 2121//2016 2122//2017
f 2130//2025 2122//2017 2123//2018
f 2131//2026 2123//2018 2124//2019
f 2131//2026 2125//2020 2132//2027
f 2132//2027 2070//1965 2077//1972
f 2134//2029 2126//2021 2127//2022
f 2135//2030 2127//2022 2128//2023
f 2136//2031 2128//2023 2129//2024
f 2137//2032 2129//2024 2130//2025
f 2138//2033 2130//2025 2131//2026
f 2139//2034 2131//2026 2132//2027
f 2139//2034 2077//1972 2084//1979
f 2141//2036 2133//2028 2134//2029
f 2142//2037 2134//2029 2135//2030
f 2143//2038 2135//2030 2136//2031
f 2144//2039 2136//2031 2137//2032
f 2145//2040 2137//2032 2138//2033
f 2146//2041 2138//2033 2139//2034
f 2146//2041 2084//1979 2091//1986
f 2148//2043 2140//2035 2141//2036
f 2149//2044 2141//2036 2142//2037
f 2150//2045 2142//2037 2143//2038
f 2151//2046 2143//2038 2144//2039
f 2152//2047 2144//2039 2145//2040
f 2153//2048 2145//2040 2146//2041
f 2153//2048 2091//1986 2098//1993
f 1663//1558 2147//2042 2148//2043
f 1663//1558 2149//2044 1666//1561
f 1666//1561 2150//2045 1668//1563
f 1670//1565 2150//2045 2151//2046
f 1672//1567 2151//2046 2152//2047
f 1674//1569 2152//2047 2153//2048
f 1674//1569 2098//1993 1614//1509
f 2154//2049 2156//2051 2155//2050
f 2155//2050 2159//2054 2158//2053
f 2158//2053 2435//2330 2160//2055
f 2160//2055 2162//2057 2161//2056
f 2161//2056 2164//2059 2163//2058
f 2163//2058 2166//2061 2165//2060
f 2165//2060 2168//2063 2167//2062
f 2169//2064 2155//2050 2170//2065
f 2170//2065 2158//2053 2171//2066
f 2171//2066 2160//2055 2172//2067
f 2172//2067 2161//2056 2173//2068
f 2173//2068 2163//2058 2174//2069
f 2175//2070 2163//2058 2165//2060
f 2176//2071 2165//2060 2167//2062
f 2177//2072 2170//2065 2178//2073
f 2178//2073 2171//2066 2179//2074
f 2179//2074 2172//2067 2180//2075
f 2180//2075 2173//2068 2181//2076
f 2182//2077 2173//2068 2174//2069
f 2183//2078 2174//2069 2175//2070
f 2510//2405 2175//2070 2176//2071
f 2184//2079 2178//2073 2185//2080
f 2185//2080 2179//2074 2186//2081
f 2186//2081 2180//2075 2187//2082
f 2187//2082 2181//2076 2188//2083
f 2189//2084 2181//2076 2182//2077
f 2190//2085 2182//2077 2183//2078
f 2191//2086 2183//2078 2510//2405
f 2192//2087 2185//2080 2193//2088
f 2193//2088 2186//2081 2194//2089
f 2194//2089 2187//2082 2195//2090
f 2195//2090 2188//2083 2196//2091
f 2197//2092 2188//2083 2189//2084
f 2198//2093 2189//2084 2190//2085
f 2495//2390 2190//2085 2191//2086
f 2199//2094 2193//2088 2200//2095
f 2200//2095 2194//2089 2201//2096
f 2201//2096 2195//2090 2202//2097
f 2202//2097 2196//2091 2203//2098
f 2204//2099 2196//2091 2197//2092
f 2205//2100 2197//2092 2198//2093
f 2487//2382 2198//2093 2495//2390
f 1713//1608 2200//2095 1712//1607
f 1712//1607 2201//2096 1715//1610
f 1715//1610 2202//2097 1717//1612
f 1717//1612 2203//2098 1719//1614
f 1719//1614 2204//2099 1721//1616
f 1721//1616 2205//2100 1723//1618
f 1725//1620 2205//2100 2487//2382
f 2207//2102 2209//2104 2208//2103
f 2210//2105 2208//2103 2211//2106
f 2212//2107 2211//2106 2213//2108
f 2214//2109 2213//2108 2391//2286
f 2215//2110 2391//2286 2389//2284
f 2216//2111 2389//2284 2387//2282
f 2154//2049 2387//2282 2157//2052
f 2218//2113 2206//2101 2207//2102
f 2219//2114 2207//2102 2210//2105
f 2220//2115 2210//2105 2212//2107
f 2221//2116 2212//2107 2214//2109
f 2222//2117 2214//2109 2215//2110
f 2223//2118 2215//2110 2216//2111
f 2169//2064 2216//2111 2154//2049
f 2225//2120 2217//2112 2218//2113
f 2226//2121 2218//2113 2219//2114
f 2227//2122 2219//2114 2220//2115
f 2228//2123 2220//2115 2221//2116
f 2229//2124 2221//2116 2222//2117
f 2230//2125 2222//2117 2223//2118
f 2177//2072 2223//2118 2169//2064
f 2232//2127 2224//2119 2225//2120
f 2233//2128 2225//2120 2226//2121
f 2234//2129 2226//2121 2227//2122
f 2235//2130 2227//2122 2228//2123
f 2236//2131 2228//2123 2229//2124
f 2237//2132 2229//2124 2230//2125
f 2184//2079 2230//2125 2177//2072
f 2239//2134 2231//2126 2232//2127
f 2240//2135 2232//2127 2233//2128
f 2241//2136 2233//2128 2234//2129
f 2242//2137 2234//2129 2235//2130
f 2243//2138 2235//2130 2236//2131
f 2244//2139 2236//2131 2237//2132
f 2192//2087 2237//2132 2184//2079
f 2246//2141 2238//2133 2239//2134
f 2247//2142 2239//2134 2240//2135
f 2248//2143 2240//2135 2241//2136
f 2249//2144 2241//2136 2242//2137
f 2250//2145 2242//2137 2243//2138
f 2251//2146 2243//2138 2244//2139
f 2199//2094 2244//2139 2192//2087
f 1768//1663 2245//2140 2246//2141
f 1771//1666 2246//2141 2247//2142
f 1773//1668 2247//2142 2248//2143
f 1775//1670 2248//2143 2249//2144
f 1777//1672 2249//2144 2250//2145
f 1777//1672 2251//2146 1779//1674
f 1779//1674 2199//2094 1713//1608
f 2252//2147 2254//2149 2253//2148
f 2253//2148 2257//2152 2256//2151
f 2256//2151 2259//2154 2258//2153
f 2260//2155 2259//2154 2261//2156
f 2262//2157 2261//2156 2263//2158
f 2264//2159 2263//2158 2265//2160
f 2206//2101 2265//2160 2209//2104
f 2266//2161 2253//2148 2267//2162
f 2267//2162 2256//2151 2268//2163
f 2268//2163 2258//2153 2269//2164
f 2270//2165 2258//2153 2260//2155
f 2271//2166 2260//2155 2262//2157
f 2272//2167 2262//2157 2264//2159
f 2217//2112 2264//2159 2206//2101
f 2273//2168 2267//2162 2274//2169
f 2274//2169 2268//2163 2275//2170
f 2275//2170 2269//2164 2276//2171
f 2277//2172 2269//2164 2270//2165
f 2278//2173 2270//2165 2271//2166
f 2279//2174 2271//2166 2272//2167
f 2224//2119 2272//2167 2217//2112
f 2280//2175 2274//2169 2281//2176
f 2281//2176 2275//2170 2282//2177
f 2283//2178 2275//2170 2276//2171
f 2284//2179 2276//2171 2277//2172
f 2285//2180 2277//2172 2278//2173
f 2286//2181 2278//2173 2279//2174
f 2231//2126 2279//2174 2224//2119
f 2287//2182 2281//2176 2288//2183
f 2288//2183 2282//2177 2289//2184
f 2290//2185 2282//2177 2283//2178
f 2291//2186 2283//2178 2284//2179
f 2292//2187 2284//2179 2285//2180
f 2293//2188 2285//2180 2286//2181
f 2238//2133 2286//2181 2231//2126
f 2294//2189 2288//2183 2295//2190
f 2296//2191 2288//2183 2289//2184
f 2297//2192 2289//2184 2290//2185
f 2298//2193 2290//2185 2291//2186
f 2299//2194 2291//2186 2292//2187
f 2300//2195 2292//2187 2293//2188
f 2245//2140 2293//2188 2238//2133
f 1817//1712 2294//2189 2295//2190
f 1820//1715 2295//2190 2296//2191
f 1822//1717 2296//2191 2297//2192
f 1824//1719 2297//2192 2298//2193
f 1826//1721 2298//2193 2299//2194
f 1828//1723 2299//2194 2300//2195
f 1769//1664 2300//2195 2245//2140
f 1959//1854 2302//2197 2301//2196
f 2301//2196 2377//2272 2303//2198
f 2303//2198 2305//2200 2304//2199
f 2304//2199 2307//2202 2306//2201
f 2306//2201 2355//2250 2308//2203
f 2308//2203 2310//2205 2309//2204
f 2309//2204 2255//2150 2252//2147
f 1962//1857 2301//2196 2311//2206
f 2311//2206 2303//2198 2312//2207
f 2312//2207 2304//2199 2313//2208
f 2313//2208 2306//2201 2314//2209
f 2314//2209 2308//2203 2315//2210
f 2315//2210 2309//2204 2316//2211
f 2316//2211 2252//2147 2266//2161
f 1964//1859 2311//2206 2317//2212
f 2317//2212 2312//2207 2318//2213
f 2318//2213 2313//2208 2319//2214
f 2319//2214 2314//2209 2320//2215
f 2320//2215 2315//2210 2321//2216
f 2321//2216 2316//2211 2322//2217
f 2322//2217 2266//2161 2273//2168
f 1966//1861 2317//2212 2323//2218
f 2323//2218 2318//2213 2324//2219
f 2324//2219 2319//2214 2325//2220
f 2325//2220 2320//2215 2326//2221
f 2326//2221 2321//2216 2327//2222
f 2327//2222 2322//2217 2328//2223
f 2328//2223 2273//2168 2280//2175
f 1968//1863 2323//2218 2329//2224
f 2329//2224 2324//2219 2330//2225
f 2330//2225 2325//2220 2331//2226
f 2331//2226 2326//2221 2332//2227
f 2332//2227 2327//2222 2333//2228
f 2333//2228 2328//2223 2334//2229
f 2334//2229 2280//2175 2287//2182
f 1970//1865 2329//2224 2335//2230
f 2335//2230 2330//2225 2336//2231
f 2336//2231 2331//2226 2337//2232
f 2337//2232 2332//2227 2338//2233
f 2338//2233 2333//2228 2339//2234
f 2339//2234 2334//2229 2340//2235
f 2340//2235 2287//2182 2294//2189
f 1867//1762 2335//2230 1866//1761
f 1866//1761 2336//2231 1869//1764
f 1869//1764 2337//2232 1871//1766
f 1871//1766 2338//2233 1873//1768
f 1873//1768 2339//2234 1875//1770
f 1875//1770 2340//2235 1877//1772
f 1877//1772 2294//2189 1818//1713
f 2341//2236 2265//2160 2342//2237
f 2342//2237 2263//2158 2343//2238
f 2343//2238 2261//2156 2344//2239
f 2344//2239 2259//2154 2345//2240
f 2346//2241 2259//2154 2257//2152
f 2347//2242 2257//2152 2254//2149
f 2310//2205 2254//2149 2255//2150
f 2348//2243 2342//2237 2349//2244
f 2349//2244 2343//2238 2350//2245
f 2350//2245 2344//2239 2351//2246
f 2351//2246 2345//2240 2352//2247
f 2353//2248 2345//2240 2346//2241
f 2354//2249 2346//2241 2347//2242
f 2355//2250 2347//2242 2310//2205
f 2356//2251 2349//2244 2357//2252
f 2357//2252 2350//2245 2358//2253
f 2358//2253 2351//2246 2359//2254
f 2359//2254 2352//2247 2360//2255
f 2361//2256 2352//2247 2353//2248
f 2362//2257 2353//2248 2354//2249
f 2307//2202 2354//2249 2355//2250
f 2363//2258 2357//2252 2364//2259
f 2364//2259 2358//2253 2365//2260
f 2365//2260 2359//2254 2366//2261
f 2366//2261 2360//2255 2367//2262
f 2367//2262 2361//2256 2368//2263
f 2369//2264 2361//2256 2362//2257
f 2305//2200 2362//2257 2307//2202
f 2370//2265 2364//2259 2371//2266
f 2371//2266 2365//2260 2372//2267
f 2372//2267 2366//2261 2373//2268
f 2373//2268 2367//2262 2374//2269
f 2374//2269 2368//2263 2375//2270
f 2376//2271 2368//2263 2369//2264
f 2377//2272 2369//2264 2305//2200
f 2378//2273 2371//2266 2379//2274
f 2379//2274 2372//2267 2380//2275
f 2380//2275 2373//2268 2381//2276
f 2381//2276 2374//2269 2382//2277
f 2382//2277 2375//2270 2383//2278
f 2383//2278 2376//2271 2384//2279
f 2302//2197 2376//2271 2377//2272
f 2010//1905 2379//2274 2009//1904
f 2009//1904 2380//2275 2012//1907
f 2012//1907 2381//2276 2014//1909
f 2014//1909 2382//2277 2016//1911
f 2016//1911 2383//2278 2018//1913
f 2018//1913 2384//2279 2020//1915
f 2020//1915 2302//2197 1960//1855
f 2385//2280 2387//2282 2386//2281
f 2386//2281 2389//2284 2388//2283
f 2388//2283 2391//2286 2390//2285
f 2390//2285 2213//2108 2392//2287
f 2392//2287 2211//2106 2393//2288
f 2393//2288 2208//2103 2394//2289
f 2394//2289 2209//2104 2341//2236
f 2395//2290 2386//2281 2396//2291
f 2396//2291 2388//2283 2397//2292
f 2397//2292 2390//2285 2398//2293
f 2398//2293 2392//2287 2399//2294
f 2399//2294 2393//2288 2400//2295
f 2400//2295 2394//2289 2401//2296
f 2401//2296 2341//2236 2348//2243
f 2402//2297 2396//2291 2403//2298
f 2403//2298 2397//2292 2404//2299
f 2404//2299 2398//2293 2405//2300
f 2405//2300 2399//2294 2406//2301
f 2406//2301 2400//2295 2407//2302
f 2407//2302 2401//2296 2408//2303
f 2408//2303 2348//2243 2356//2251
f 2409//2304 2403//2298 2410//2305
f 2410//2305 2404//2299 2411//2306
f 2411//2306 2405//2300 2412//2307
f 2412//2307 2406//2301 2413//2308
f 2413//2308 2407//2302 2414//2309
f 2414//2309 2408//2303 2415//2310
f 2415//2310 2356//2251 2363//2258
f 2416//2311 2410//2305 2417//2312
f 2417//2312 2411//2306 2418//2313
f 2418//2313 2412//2307 2419//2314
f 2419//2314 2413//2308 2420//2315
f 2420//2315 2414//2309 2421//2316
f 2421//2316 2415//2310 2422//2317
f 2422//2317 2363//2258 2370//2265
f 2423//2318 2417//2312 2424//2319
f 2424//2319 2418//2313 2425//2320
f 2425//2320 2419//2314 2426//2321
f 2426//2321 2420//2315 2427//2322
f 2427//2322 2421//2316 2428//2323
f 2428//2323 2422//2317 2429//2324
f 2429//2324 2370//2265 2378//2273
f 2059//1954 2424//2319 2058//1953
f 2058//1953 2425//2320 2061//1956
f 2061//1956 2426//2321 2063//1958
f 2063//1958 2427//2322 2065//1960
f 2065//1960 2428//2323 2067//1962
f 2067//1962 2429//2324 2069//1964
f 2069//1964 2378//2273 2010//1905
f 2430//2325 2166//2061 2431//2326
f 2431//2326 2164//2059 2432//2327
f 2432//2327 2162//2057 2433//2328
f 2433//2328 2435//2330 2434//2329
f 2434//2329 2159//2054 2436//2331
f 2436//2331 2156//2051 2437//2332
f 2437//2332 2157//2052 2385//2280
f 2438//2333 2431//2326 2439//2334
f 2439//2334 2432//2327 2440//2335
f 2440//2335 2433//2328 2441//2336
f 2441//2336 2434//2329 2442//2337
f 2442//2337 2436//2331 2443//2338
f 2443//2338 2437//2332 2444//2339
f 2444//2339 2385//2280 2395//2290
f 2445//2340 2439//2334 2446//2341
f 2446//2341 2440//2335 2447//2342
f 2447//2342 2441//2336 2448//2343
f 2448//2343 2442//2337 2449//2344
f 2449//2344 2443//2338 2450//2345
f 2450//2345 2444//2339 2451//2346
f 2451//2346 2395//2290 2402//2297
f 2452//2347 2446//2341 2453//2348
f 2453//2348 2447//2342 2454//2349
f 2454//2349 2448//2343 2455//2350
f 2455//2350 2449//2344 2456//2351
f 2456//2351 2450//2345 2457//2352
f 2457//2352 2451//2346 2458//2353
f 2458//2353 2402//2297 2409//2304
f 2459//2354 2453//2348 2460//2355
f 2460//2355 2454//2349 2461//2356
f 2461//2356 2455//2350 2462//2357
f 2462//2357 2456//2351 2463//2358
f 2463//2358 2457//2352 2464//2359
f 2464//2359 2458//2353 2465//2360
f 2465//2360 2409//2304 2416//2311
f 2466//2361 2460//2355 2467//2362
f 2467//2362 2461//2356 2468//2363
f 2468//2363 2462//2357 2469//2364
f 2469//2364 2463//2358 2470//2365
f 2470//2365 2464//2359 2471//2366
f 2471//2366 2465//2360 2472//2367
f 2472//2367 2416//2311 2423//2318
f 2108//2003 2467//2362 2107//2002
f 2107//2002 2468//2363 2110//2005
f 2110//2005 2469//2364 2112//2007
f 2112//2007 2470//2365 2114//2009
f 2114//2009 2471//2366 2116//2011
f 2116//2011 2472//2367 2118//2013
f 2118//2013 2423//2318 2059//1954
f 2473//2368 2475//2370 2474//2369
f 2474//2369 2478//2373 2477//2372
f 2477//2372 2480//2375 2479//2374
f 2479//2374 2482//2377 2481//2376
f 2483//2378 2482//2377 2484//2379
f 2485//2380 2484//2379 2486//2381
f 2487//2382 2486//2381 1725//1620
f 2488//2383 2474//2369 2489//2384
f 2489//2384 2477//2372 2490//2385
f 2490//2385 2479//2374 2491//2386
f 2491//2386 2481//2376 2492//2387
f 2493//2388 2481//2376 2483//2378
f 2494//2389 2483//2378 2485//2380
f 2495//2390 2485//2380 2487//2382
f 2496//2391 2489//2384 2497//2392
f 2497//2392 2490//2385 2498//2393
f 2498//2393 2491//2386 2499//2394
f 2500//2395 2491//2386 2492//2387
f 2501//2396 2492//2387 2493//2388
f 2502//2397 2493//2388 2494//2389
f 2191//2086 2494//2389 2495//2390
f 2503//2398 2497//2392 2504//2399
f 2504//2399 2498//2393 2505//2400
f 2506//2401 2498//2393 2499//2394
f 2507//2402 2499//2394 2500//2395
f 2508//2403 2500//2395 2501//2396
f 2509//2404 2501//2396 2502//2397
f 2510//2405 2502//2397 2191//2086
f 2511//2406 2504//2399 2512//2407
f 2513//2408 2504//2399 2505//2400
f 2514//2409 2505//2400 2506//2401
f 2515//2410 2506//2401 2507//2402
f 2516//2411 2507//2402 2508//2403
f 2517//2412 2508//2403 2509//2404
f 2176//2071 2509//2404 2510//2405
f 2518//2413 2512//2407 2519//2414
f 2520//2415 2512//2407 2513//2408
f 2521//2416 2513//2408 2514//2409
f 2522//2417 2514//2409 2515//2410
f 2523//2418 2515//2410 2516//2411
f 2524//2419 2516//2411 2517//2412
f 2167//2062 2517//2412 2176//2071
f 2526//2421 2518//2413 2519//2414
f 2527//2422 2519//2414 2520//2415
f 2528//2423 2520//2415 2521//2416
f 2529//2424 2521//2416 2522//2417
f 2530//2425 2522//2417 2523//2418
f 2531//2426 2523//2418 2524//2419
f 2168//2063 2524//2419 2167//2062
f 2532//2427 2534//2429 2533//2428
f 2533//2428 2537//2432 2536//2431
f 2536//2431 2539//2434 2538//2433
f 2538//2433 2541//2436 2540//2435
f 2540//2435 2543//2438 2542//2437
f 2542//2437 2545//2440 2544//2439
f 2473//2368 2545//2440 2476//2371
f 2546//2441 2533//2428 2547//2442
f 2547//2442 2536//2431 2548//2443
f 2548//2443 2538//2433 2549//2444
f 2549//2444 2540//2435 2550//2445
f 2551//2446 2540//2435 2542//2437
f 2552//2447 2542//2437 2544//2439
f 2488//2383 2544//2439 2473//2368
f 2553//2448 2547//2442 2554//2449
f 2554//2449 2548//2443 2555//2450
f 2555//2450 2549//2444 2556//2451
f 2556//2451 2550//2445 2557//2452
f 2558//2453 2550//2445 2551//2446
f 2559//2454 2551//2446 2552//2447
f 2496//2391 2552//2447 2488//2383
f 2560//2455 2554//2449 2561//2456
f 2561//2456 2555//2450 2562//2457
f 2562//2457 2556//2451 2563//2458
f 2563//2458 2557//2452 2564//2459
f 2565//2460 2557//2452 2558//2453
f 2566//2461 2558//2453 2559//2454
f 2503//2398 2559//2454 2496//2391
f 2567//2462 2561//2456 2568//2463
f 2568//2463 2562//2457 2569//2464
f 2569//2464 2563//2458 2570//2465
f 2570//2465 2564//2459 2571//2466
f 2572//2467 2564//2459 2565//2460
f 2573//2468 2565//2460 2566//2461
f 2511//2406 2566//2461 2503//2398
f 2574//2469 2568//2463 2575//2470
f 2575//2470 2569//2464 2576//2471
f 2576//2471 2570//2465 2577//2472
f 2577//2472 2571//2466 2578//2473
f 2578//2473 2572//2467 2579//2474
f 2580//2475 2572//2467 2573//2468
f 2518//2413 2573//2468 2511//2406
f 2581//2476 2575//2470 2582//2477
f 2582//2477 2576//2471 2583//2478
f 2583//2478 2577//2472 2584//2479
f 2584//2479 2578//2473 2585//2480
f 2585//2480 2579//2474 2586//2481
f 2586//2481 2580//2475 2587//2482
f 2525//2420 2580//2475 2518//2413
f 2588//2483 2590//2485 2589//2484
f 2592//2487 2590//2485 2593//2488
f 2594//2489 2593//2488 2595//2490
f 2594//2489 2597//2492 2596//2491
f 2596//2491 2599//2494 2598//2493
f 2598//2493 2601//2496 2600//2495
f 2600//2495 2535//2430 2532//2427
f 2602//2497 2589//2484 2603//2498
f 2603//2498 2592//2487 2604//2499
f 2604//2499 2594//2489 2605//2500
f 2605//2500 2596//2491 2606//2501
f 2606//2501 2598//2493 2607//2502
f 2607//2502 2600//2495 2608//2503
f 2608//2503 2532//2427 2546//2441
f 2609//2504 2603//2498 2610//2505
f 2610//2505 2604//2499 2611//2506
f 2611//2506 2605//2500 2612//2507
f 2612//2507 2606//2501 2613//2508
f 2613//2508 2607//2502 2614//2509
f 2614//2509 2608//2503 2615//2510
f 2615//2510 2546//2441 2553//2448
f 2616//2511 2610//2505 2617//2512
f 2617//2512 2611//2506 2618//2513
f 2618//2513 2612//2507 2619//2514
f 2619//2514 2613//2508 2620//2515
f 2620//2515 2614//2509 2621//2516
f 2621//2516 2615//2510 2622//2517
f 2622//2517 2553//2448 2560//2455
f 2623//2518 2617//2512 2624//2519
f 2624//2519 2618//2513 2625//2520
f 2625//2520 2619//2514 2626//2521
f 2626//2521 2620//2515 2627//2522
f 2627//2522 2621//2516 2628//2523
f 2628//2523 2622//2517 2629//2524
f 2629//2524 2560//2455 2567//2462
f 2630//2525 2624//2519 2631//2526
f 2631//2526 2625//2520 2632//2527
f 2632//2527 2626//2521 2633//2528
f 2633//2528 2627//2522 2634//2529
f 2634//2529 2628//2523 2635//2530
f 2635//2530 2629//2524 2636//2531
f 2636//2531 2567//2462 2574//2469
f 2637//2532 2631//2526 2638//2533
f 2638//2533 2632//2527 2639//2534
f 2639//2534 2633//2528 2640//2535
f 2640//2535 2634//2529 2641//2536
f 2641//2536 2635//2530 2642//2537
f 2642//2537 2636//2531 2643//2538
f 2643//2538 2574//2469 2581//2476
f 2645//2540 2647//2542 2646//2541
f 2645//2540 2649//2544 2648//2543
f 2648//2543 2651//2546 2650//2545
f 2650//2545 2653//2548 2652//2547
f 2652//2547 2655//2550 2654//2549
f 2654//2549 2657//2552 2656//2551
f 2656//2551 2591//2486 2588//2483
f 2659//2554 2644//2539 2645//2540
f 2659//2554 2648//2543 2660//2555
f 2660//2555 2650//2545 2661//2556
f 2661//2556 2652//2547 2662//2557
f 2662//2557 2654//2549 2663//2558
f 2663//2558 2656//2551 2664//2559
f 2664//2559 2588//2483 2602//2497
f 2666//2561 2658//2553 2659//2554
f 2667//2562 2659//2554 2660//2555
f 2667//2562 2661//2556 2668//2563
f 2668//2563 2662//2557 2669//2564
f 2669//2564 2663//2558 2670//2565
f 2670//2565 2664//2559 2671//2566
f 2671//2566 2602//2497 2609//2504
f 2673//2568 2665//2560 2666//2561
f 2674//2569 2666//2561 2667//2562
f 2674//2569 2668//2563 2675//2570
f 2675//2570 2669//2564 2676//2571
f 2676//2571 2670//2565 2677//2572
f 2677//2572 2671//2566 2678//2573
f 2678//2573 2609//2504 2616//2511
f 2680//2575 2672//2567 2673//2568
f 2681//2576 2673//2568 2674//2569
f 2681//2576 2675//2570 2682//2577
f 2683//2578 2675//2570 2676//2571
f 2684//2579 2676//2571 2677//2572
f 2685//2580 2677//2572 2678//2573
f 2685//2580 2616//2511 2623//2518
f 2687//2582 2679//2574 2680//2575
f 2687//2582 2681//2576 2688//2583
f 2689//2584 2681//2576 2682//2577
f 2690//2585 2682//2577 2683//2578
f 2691//2586 2683//2578 2684//2579
f 2692//2587 2684//2579 2685//2580
f 2692//2587 2623//2518 2630//2525
f 2694//2589 2686//2581 2687//2582
f 2694//2589 2688//2583 2695//2590
f 2696//2591 2688//2583 2689//2584
f 2697//2592 2689//2584 2690//2585
f 2698//2593 2690//2585 2691//2586
f 2699//2594 2691//2586 2692//2587
f 2699//2594 2630//2525 2637//2532
f 2701//2596 2703//2598 2702//2597
f 2704//2599 2702//2597 2705//2600
f 2706//2601 2705//2600 2707//2602
f 2708//2603 2707//2602 2709//2604
f 2710//2605 2709//2604 2711//2606
f 2712//2607 2711//2606 2713//2608
f 2644//2539 2713//2608 2647//2542
f 2715//2610 2700//2595 2701//2596
f 2716//2611 2701//2596 2704//2599
f 2717//2612 2704//2599 2706//2601
f 2718//2613 2706//2601 2708//2603
f 2719//2614 2708//2603 2710//2605
f 2720//2615 2710//2605 2712//2607
f 2658//2553 2712//2607 2644//2539
f 2722//2617 2714//2609 2715//2610
f 2723//2618 2715//2610 2716//2611
f 2724//2619 2716//2611 2717//2612
f 2725//2620 2717//2612 2718//2613
f 2726//2621 2718//2613 2719//2614
f 2727//2622 2719//2614 2720//2615
f 2665//2560 2720//2615 2658//2553
f 2729//2624 2721//2616 2722//2617
f 2730//2625 2722//2617 2723//2618
f 2731//2626 2723//2618 2724//2619
f 2732//2627 2724//2619 2725//2620
f 2733//2628 2725//2620 2726//2621
f 2734//2629 2726//2621 2727//2622
f 2672//2567 2727//2622 2665//2560
f 2736//2631 2728//2623 2729//2624
f 2737//2632 2729//2624 2730//2625
f 2738//2633 2730//2625 2731//2626
f 2739//2634 2731//2626 2732//2627
f 2740//2635 2732//2627 2733//2628
f 2741//2636 2733//2628 2734//2629
f 2679//2574 2734//2629 2672//2567
f 2743//2638 2735//2630 2736//2631
f 2744//2639 2736//2631 2737//2632
f 2745//2640 2737//2632 2738//2633
f 2746//2641 2738//2633 2739//2634
f 2747//2642 2739//2634 2740//2635
f 2748//2643 2740//2635 2741//2636
f 2686//2581 2741//2636 2679//2574
f 2750//2645 2742//2637 2743//2638
f 2751//2646 2743//2638 2744//2639
f 2752//2647 2744//2639 2745//2640
f 2753//2648 2745//2640 2746//2641
f 2754//2649 2746//2641 2747//2642
f 2755//2650 2747//2642 2748//2643
f 2693//2588 2748//2643 2686//2581
f 2756//2651 2758//2653 2757//2652
f 2757//2652 2761//2656 2760//2655
f 2760//2655 2763//2658 2762//2657
f 2762//2657 2765//2660 2764//2659
f 2764//2659 2767//2662 2766//2661
f 2766//2661 2769//2664 2768//2663
f 2700//2595 2769//2664 2703//2598
f 2770//2665 2757//2652 2771//2666
f 2771//2666 2760//2655 2772//2667
f 2772//2667 2762//2657 2773//2668
f 2773//2668 2764//2659 2774//2669
f 2774//2669 2766//2661 2775//2670
f 2775//2670 2768//2663 2776//2671
f 2714//2609 2768//2663 2700//2595
f 2777//2672 2771//2666 2778//2673
f 2778//2673 2772//2667 2779//2674
f 2779//2674 2773//2668 2780//2675
f 2780//2675 2774//2669 2781//2676
f 2781//2676 2775//2670 2782//2677
f 2782//2677 2776//2671 2783//2678
f 2721//2616 2776//2671 2714//2609
f 2784//2679 2778//2673 2785//2680
f 2785//2680 2779//2674 2786//2681
f 2786//2681 2780//2675 2787//2682
f 2787//2682 2781//2676 2788//2683
f 2788//2683 2782//2677 2789//2684
f 2789//2684 2783//2678 2790//2685
f 2728//2623 2783//2678 2721//2616
f 2791//2686 2785//2680 2792//2687
f 2792//2687 2786//2681 2793//2688
f 2793//2688 2787//2682 2794//2689
f 2794//2689 2788//2683 2795//2690
f 2795//2690 2789//2684 2796//2691
f 2796//2691 2790//2685 2797//2692
f 2735//2630 2790//2685 2728//2623
f 2799//2694 2791//2686 2792//2687
f 2800//2695 2792//2687 2793//2688
f 2801//2696 2793//2688 2794//2689
f 2802//2697 2794//2689 2795//2690
f 2803//2698 2795//2690 2796//2691
f 2804//2699 2796//2691 2797//2692
f 2742//2637 2797//2692 2735//2630
f 2806//2701 2798//2693 2799//2694
f 2807//2702 2799//2694 2800//2695
f 2808//2703 2800//2695 2801//2696
f 2809//2704 2801//2696 2802//2697
f 2810//2705 2802//2697 2803//2698
f 2811//2706 2803//2698 2804//2699
f 2749//2644 2804//2699 2742//2637
f 2813//2708 2815//2710 2814//2709
f 2816//2711 2814//2709 2817//2712
f 2818//2713 2817//2712 2819//2714
f 2820//2715 2819//2714 2821//2716
f 2822//2717 2821//2716 2823//2718
f 2824//2719 2823//2718 2825//2720
f 2756//2651 2825//2720 2759//2654
f 2826//2721 2812//2707 2813//2708
f 2827//2722 2813//2708 2816//2711
f 2828//2723 2816//2711 2818//2713
f 2829//2724 2818//2713 2820//2715
f 2830//2725 2820//2715 2822//2717
f 2831//2726 2822//2717 2824//2719
f 2770//2665 2824//2719 2756//2651
f 2833//2728 3878//3773 2826//2721
f 2834//2729 2826//2721 2827//2722
f 2835//2730 2827//2722 2828//2723
f 2836//2731 2828//2723 2829//2724
f 2837//2732 2829//2724 2830//2725
f 2838//2733 2830//2725 2831//2726
f 2777//2672 2831//2726 2770//2665
f 2839//2734 2832//2727 2833//2728
f 2840//2735 2833//2728 2834//2729
f 2841//2736 2834//2729 2835//2730
f 2842//2737 2835//2730 2836//2731
f 2843//2738 2836//2731 2837//2732
f 2844//2739 2837//2732 2838//2733
f 2784//2679 2838//2733 2777//2672
f 2846//2741 3865//3760 2839//2734
f 2847//2742 2839//2734 2840//2735
f 2848//2743 2840//2735 2841//2736
f 2849//2744 2841//2736 2842//2737
f 2850//2745 2842//2737 2843//2738
f 2851//2746 2843//2738 2844//2739
f 2851//2746 2784//2679 2791//2686
f 2852//2747 2845//2740 2846//2741
f 2853//2748 2846//2741 2847//2742
f 2854//2749 2847//2742 2848//2743
f 2855//2750 2848//2743 2849//2744
f 2856//2751 2849//2744 2850//2745
f 2856//2751 2851//2746 2857//2752
f 2857//2752 2791//2686 2798//2693
f 2859//2754 3852//3747 2852//2747
f 2860//2755 2852//2747 2853//2748
f 2861//2756 2853//2748 2854//2749
f 3500//3395 2854//2749 2855//2750
f 3500//3395 2856//2751 2862//2757
f 2862//2757 2857//2752 3487//3382
f 3487//3382 2798//2693 2805//2700
f 2864//2759 2866//2761 2865//2760
f 2867//2762 2865//2760 2868//2763
f 2869//2764 2868//2763 2870//2765
f 2871//2766 2870//2765 2872//2767
f 2873//2768 2872//2767 2874//2769
f 2875//2770 2874//2769 2876//2771
f 225//225 2876//2771 169//169
f 2878//2773 2863//2758 2864//2759
f 2879//2774 2864//2759 2867//2762
f 2880//2775 2867//2762 2869//2764
f 2881//2776 2869//2764 2871//2766
f 2882//2777 2871//2766 2873//2768
f 2883//2778 2873//2768 2875//2770
f 223//223 2875//2770 225//225
f 2885//2780 2877//2772 2878//2773
f 2886//2781 2878//2773 2879//2774
f 2887//2782 2879//2774 2880//2775
f 2888//2783 2880//2775 2881//2776
f 2889//2784 2881//2776 2882//2777
f 2890//2785 2882//2777 2883//2778
f 2891//2786 2883//2778 223//223
f 2893//2788 2884//2779 2885//2780
f 2894//2789 2885//2780 2886//2781
f 2895//2790 2886//2781 2887//2782
f 2896//2791 2887//2782 2888//2783
f 2897//2792 2888//2783 2889//2784
f 2898//2793 2889//2784 2890//2785
f 2899//2794 2890//2785 2891//2786
f 2901//2796 2892//2787 2893//2788
f 2902//2797 2893//2788 2894//2789
f 2903//2798 2894//2789 2895//2790
f 2904//2799 2895//2790 2896//2791
f 2905//2800 2896//2791 2897//2792
f 2906//2801 2897//2792 2898//2793
f 219//219 2898//2793 2899//2794
f 2908//2803 2900//2795 2901//2796
f 2909//2804 2901//2796 2902//2797
f 2910//2805 2902//2797 2903//2798
f 2911//2806 2903//2798 2904//2799
f 2912//2807 2904//2799 2905//2800
f 2913//2808 2905//2800 2906//2801
f 217//217 2906//2801 219//219
f 1278//1173 2907//2802 2908//2803
f 1287//1182 2908//2803 2909//2804
f 1295//1190 2909//2804 2910//2805
f 1303//1198 2910//2805 2911//2806
f 1311//1206 2911//2806 2912//2807
f 1319//1214 2912//2807 2913//2808
f 76//76 2913//2808 217//217
f 2914//2809 2916//2811 2915//2810
f 2915//2810 2919//2814 2918//2813
f 2918//2813 2921//2816 2920//2815
f 2920//2815 2923//2818 2922//2817
f 2924//2819 2923//2818 2925//2820
f 2926//2821 2925//2820 2927//2822
f 2863//2758 2927//2822 2866//2761
f 2929//2824 2914//2809 2915//2810
f 2930//2825 2915//2810 2918//2813
f 2931//2826 2918//2813 2920//2815
f 2932//2827 2920//2815 2922//2817
f 2933//2828 2922//2817 2924//2819
f 2934//2829 2924//2819 2926//2821
f 2877//2772 2926//2821 2863//2758
f 2936//2831 2928//2823 2929//2824
f 2937//2832 2929//2824 2930//2825
f 2938//2833 2930//2825 2931//2826
f 2939//2834 2931//2826 2932//2827
f 2940//2835 2932//2827 2933//2828
f 2941//2836 2933//2828 2934//2829
f 2884//2779 2934//2829 2877//2772
f 2943//2838 2935//2830 2936//2831
f 2944//2839 2936//2831 2937//2832
f 2945//2840 2937//2832 2938//2833
f 2946//2841 2938//2833 2939//2834
f 2947//2842 2939//2834 2940//2835
f 2948//2843 2940//2835 2941//2836
f 2892//2787 2941//2836 2884//2779
f 2950//2845 2942//2837 2943//2838
f 2951//2846 2943//2838 2944//2839
f 2952//2847 2944//2839 2945//2840
f 2953//2848 2945//2840 2946//2841
f 2954//2849 2946//2841 2947//2842
f 2955//2850 2947//2842 2948//2843
f 2900//2795 2948//2843 2892//2787
f 2957//2852 2949//2844 2950//2845
f 2958//2853 2950//2845 2951//2846
f 2959//2854 2951//2846 2952//2847
f 2960//2855 2952//2847 2953//2848
f 2961//2856 2953//2848 2954//2849
f 2961//2856 2955//2850 2962//2857
f 2962//2857 2900//2795 2907//2802
f 2964//2859 2966//2861 2965//2860
f 2967//2862 2965//2860 2968//2863
f 2969//2864 2968//2863 2970//2865
f 2971//2866 2970//2865 2972//2867
f 2973//2868 2972//2867 2974//2869
f 2975//2870 2974//2869 4029//3924
f 2914//2809 4029//3924 2917//2812
f 2977//2872 2963//2858 2964//2859
f 2978//2873 2964//2859 2967//2862
f 2979//2874 2967//2862 2969//2864
f 2980//2875 2969//2864 2971//2866
f 2981//2876 2971//2866 2973//2868
f 2982//2877 2973//2868 2975//2870
f 2928//2823 2975//2870 2914//2809
f 2984//2879 2976//2871 2977//2872
f 2985//2880 2977//2872 2978//2873
f 2986//2881 2978//2873 2979//2874
f 2987//2882 2979//2874 2980//2875
f 2988//2883 2980//2875 2981//2876
f 2989//2884 2981//2876 2982//2877
f 2935//2830 2982//2877 2928//2823
f 2991//2886 2983//2878 2984//2879
f 2992//2887 2984//2879 2985//2880
f 2993//2888 2985//2880 2986//2881
f 2994//2889 2986//2881 2987//2882
f 2995//2890 2987//2882 2988//2883
f 2996//2891 2988//2883 2989//2884
f 2942//2837 2989//2884 2935//2830
f 2998//2893 2990//2885 2991//2886
f 2999//2894 2991//2886 2992//2887
f 3000//2895 2992//2887 2993//2888
f 3001//2896 2993//2888 2994//2889
f 3002//2897 2994//2889 2995//2890
f 3003//2898 2995//2890 2996//2891
f 2949//2844 2996//2891 2942//2837
f 3005//2900 2997//2892 2998//2893
f 3006//2901 2998//2893 2999//2894
f 3007//2902 2999//2894 3000//2895
f 3008//2903 3000//2895 3001//2896
f 3009//2904 3001//2896 3002//2897
f 3010//2905 3002//2897 3003//2898
f 2956//2851 3003//2898 2949//2844
f 1724//1619 3004//2899 3005//2900
f 1733//1628 3005//2900 3006//2901
f 1741//1636 3006//2901 3007//2902
f 1749//1644 3007//2902 3008//2903
f 1757//1652 3008//2903 3009//2904
f 1765//1660 3009//2904 3010//2905
f 1279//1174 3010//2905 2956//2851
f 3011//2906 2535//2430 3012//2907
f 3013//2908 3012//2907 3014//2909
f 3015//2910 3014//2909 3087//2982
f 3016//2911 3087//2982 3017//2912
f 3018//2913 3017//2912 3072//2967
f 3019//2914 3072//2967 3020//2915
f 2963//2858 3020//2915 2966//2861
f 3021//2916 2534//2429 3011//2906
f 3022//2917 3011//2906 3013//2908
f 3023//2918 3013//2908 3015//2910
f 3024//2919 3015//2910 3016//2911
f 3025//2920 3016//2911 3018//2913
f 3026//2921 3018//2913 3019//2914
f 2976//2871 3019//2914 2963//2858
f 3027//2922 2537//2432 3021//2916
f 3028//2923 3021//2916 3022//2917
f 3029//2924 3022//2917 3023//2918
f 3030//2925 3023//2918 3024//2919
f 3031//2926 3024//2919 3025//2920
f 3032//2927 3025//2920 3026//2921
f 2983//2878 3026//2921 2976//2871
f 3033//2928 2539//2434 3027//2922
f 3034//2929 3027//2922 3028//2923
f 3035//2930 3028//2923 3029//2924
f 3036//2931 3029//2924 3030//2925
f 3037//2932 3030//2925 3031//2926
f 3038//2933 3031//2926 3032//2927
f 2990//2885 3032//2927 2983//2878
f 3039//2934 2541//2436 3033//2928
f 3040//2935 3033//2928 3034//2929
f 3041//2936 3034//2929 3035//2930
f 3042//2937 3035//2930 3036//2931
f 3043//2938 3036//2931 3037//2932
f 3043//2938 3038//2933 3044//2939
f 3044//2939 2990//2885 2997//2892
f 3045//2940 2543//2438 3039//2934
f 3046//2941 3039//2934 3040//2935
f 3047//2942 3040//2935 3041//2936
f 3048//2943 3041//2936 3042//2937
f 3049//2944 3042//2937 3043//2938
f 3049//2944 3044//2939 3050//2945
f 3050//2945 2997//2892 3004//2899
f 2475//2370 2545//2440 3045//2940
f 2478//2373 3045//2940 3046//2941
f 2480//2375 3046//2941 3047//2942
f 2482//2377 3047//2942 3048//2943
f 2482//2377 3049//2944 2484//2379
f 2484//2379 3050//2945 2486//2381
f 2486//2381 3004//2899 1725//1620
f 3051//2946 3053//2948 3052//2947
f 3052//2947 3056//2951 3055//2950
f 3055//2950 3058//2953 3057//2952
f 3057//2952 3060//2955 3059//2954
f 3059//2954 3062//2957 3061//2956
f 3061//2956 3064//2959 3063//2958
f 3063//2958 2966//2861 3020//2915
f 3065//2960 3052//2947 3066//2961
f 3066//2961 3055//2950 3067//2962
f 3067//2962 3057//2952 3068//2963
f 3068//2963 3059//2954 3069//2964
f 3069//2964 3061//2956 3070//2965
f 3070//2965 3063//2958 3071//2966
f 3071//2966 3020//2915 3072//2967
f 3073//2968 3066//2961 3074//2969
f 3074//2969 3067//2962 3075//2970
f 3075//2970 3068//2963 3076//2971
f 3076//2971 3069//2964 3077//2972
f 3077//2972 3070//2965 3078//2973
f 3078//2973 3071//2966 3079//2974
f 3079//2974 3072//2967 3017//2912
f 3080//2975 3074//2969 3081//2976
f 3081//2976 3075//2970 3082//2977
f 3082//2977 3076//2971 3083//2978
f 3083//2978 3077//2972 3084//2979
f 3084//2979 3078//2973 3085//2980
f 3085//2980 3079//2974 3086//2981
f 3086//2981 3017//2912 3087//2982
f 3088//2983 3081//2976 3089//2984
f 3089//2984 3082//2977 3090//2985
f 3090//2985 3083//2978 3091//2986
f 3091//2986 3084//2979 3092//2987
f 3092//2987 3085//2980 3093//2988
f 3093//2988 3086//2981 3094//2989
f 3094//2989 3087//2982 3014//2909
f 3095//2990 3089//2984 3096//2991
f 3096//2991 3090//2985 3097//2992
f 3097//2992 3091//2986 3098//2993
f 3098//2993 3092//2987 3099//2994
f 3099//2994 3093//2988 3100//2995
f 3100//2995 3094//2989 3101//2996
f 3101//2996 3014//2909 3012//2907
f 2591//2486 3096//2991 2590//2485
f 2590//2485 3097//2992 2593//2488
f 2593//2488 3098//2993 2595//2490
f 2595//2490 3099//2994 2597//2492
f 2597//2492 3100//2995 2599//2494
f 2599//2494 3101//2996 2601//2496
f 2601//2496 3012//2907 2535//2430
f 3102//2997 3104//2999 3103//2998
f 3103//2998 3107//3002 3106//3001
f 3106//3001 3109//3004 3108//3003
f 3108//3003 3111//3006 3110//3005
f 3110//3005 3113//3008 3112//3007
f 3114//3009 3113//3008 3115//3010
f 3051//2946 3115//3010 3054//2949
f 3116//3011 3103//2998 3117//3012
f 3117//3012 3106//3001 3118//3013
f 3118//3013 3108//3003 3119//3014
f 3119//3014 3110//3005 3120//3015
f 3120//3015 3112//3007 3121//3016
f 3121//3016 3114//3009 3122//3017
f 3122//3017 3051//2946 3065//2960
f 3123//3018 3117//3012 3124//3019
f 3124//3019 3118//3013 3125//3020
f 3125//3020 3119//3014 3126//3021
f 3126//3021 3120//3015 3127//3022
f 3127//3022 3121//3016 3128//3023
f 3128//3023 3122//3017 3129//3024
f 3129//3024 3065//2960 3073//2968
f 3130//3025 3124//3019 3131//3026
f 3131//3026 3125//3020 3132//3027
f 3132//3027 3126//3021 3133//3028
f 3133//3028 3127//3022 3134//3029
f 3134//3029 3128//3023 3135//3030
f 3135//3030 3129//3024 3136//3031
f 3136//3031 3073//2968 3080//2975
f 3137//3032 3131//3026 3138//3033
f 3138//3033 3132//3027 3139//3034
f 3139//3034 3133//3028 3140//3035
f 3140//3035 3134//3029 3141//3036
f 3141//3036 3135//3030 3142//3037
f 3142//3037 3136//3031 3143//3038
f 3143//3038 3080//2975 3088//2983
f 3144//3039 3138//3033 3145//3040
f 3145//3040 3139//3034 3146//3041
f 3146//3041 3140//3035 3147//3042
f 3147//3042 3141//3036 3148//3043
f 3148//3043 3142//3037 3149//3044
f 3149//3044 3143//3038 3150//3045
f 3150//3045 3088//2983 3095//2990
f 2646//2541 3144//3039 3145//3040
f 2646//2541 3146//3041 2649//2544
f 2649//2544 3147//3042 2651//2546
f 2651//2546 3148//3043 2653//2548
f 2653//2548 3149//3044 2655//2550
f 2655//2550 3150//3045 2657//2552
f 2657//2552 3095//2990 2591//2486
f 3152//3047 3154//3049 3153//3048
f 3155//3050 3153//3048 3156//3051
f 3157//3052 3156//3051 3158//3053
f 3159//3054 3158//3053 3160//3055
f 3161//3056 3160//3055 3162//3057
f 3163//3058 3162//3057 3164//3059
f 3102//2997 3164//3059 3105//3000
f 3166//3061 3151//3046 3152//3047
f 3167//3062 3152//3047 3155//3050
f 3168//3063 3155//3050 3157//3052
f 3169//3064 3157//3052 3159//3054
f 3170//3065 3159//3054 3161//3056
f 3171//3066 3161//3056 3163//3058
f 3116//3011 3163//3058 3102//2997
f 3173//3068 3165//3060 3166//3061
f 3174//3069 3166//3061 3167//3062
f 3175//3070 3167//3062 3168//3063
f 3176//3071 3168//3063 3169//3064
f 3177//3072 3169//3064 3170//3065
f 3178//3073 3170//3065 3171//3066
f 3123//3018 3171//3066 3116//3011
f 3180//3075 3172//3067 3173//3068
f 3181//3076 3173//3068 3174//3069
f 3182//3077 3174//3069 3175//3070
f 3183//3078 3175//3070 3176//3071
f 3184//3079 3176//3071 3177//3072
f 3185//3080 3177//3072 3178//3073
f 3130//3025 3178//3073 3123//3018
f 3187//3082 3179//3074 3180//3075
f 3188//3083 3180//3075 3181//3076
f 3189//3084 3181//3076 3182//3077
f 3190//3085 3182//3077 3183//3078
f 3191//3086 3183//3078 3184//3079
f 3192//3087 3184//3079 3185//3080
f 3137//3032 3185//3080 3130//3025
f 3194//3089 3186//3081 3187//3082
f 3195//3090 3187//3082 3188//3083
f 3196//3091 3188//3083 3189//3084
f 3197//3092 3189//3084 3190//3085
f 3198//3093 3190//3085 3191//3086
f 3199//3094 3191//3086 3192//3087
f 3144//3039 3192//3087 3137//3032
f 2702//2597 3193//3088 3194//3089
f 2705//2600 3194//3089 3195//3090
f 2707//2602 3195//3090 3196//3091
f 2709//2604 3196//3091 3197//3092
f 2711//2606 3197//3092 3198//3093
f 2713//2608 3198//3093 3199//3094
f 2647//2542 3199//3094 3144//3039
f 2814//2709 3201//3096 3200//3095
f 3200//3095 3203//3098 3202//3097
f 3202//3097 3205//3100 3204//3099
f 3204//3099 3207//3102 3206//3101
f 3206//3101 3209//3104 3208//3103
f 3208//3103 3211//3106 3210//3105
f 3151//3046 3211//3106 3154//3049
f 2817//2712 3200//3095 3212//3107
f 3212//3107 3202//3097 3213//3108
f 3213//3108 3204//3099 3214//3109
f 3214//3109 3206//3101 3215//3110
f 3215//3110 3208//3103 3216//3111
f 3216//3111 3210//3105 3217//3112
f 3165//3060 3210//3105 3151//3046
f 2819//2714 3212//3107 3218//3113
f 3218//3113 3213//3108 3219//3114
f 3219//3114 3214//3109 3220//3115
f 3220//3115 3215//3110 3221//3116
f 3221//3116 3216//3111 3222//3117
f 3223//3118 3216//3111 3217//3112
f 3172//3067 3217//3112 3165//3060
f 2821//2716 3218//3113 3224//3119
f 3224//3119 3219//3114 3225//3120
f 3225//3120 3220//3115 3226//3121
f 3226//3121 3221//3116 3227//3122
f 3228//3123 3221//3116 3222//3117
f 3229//3124 3222//3117 3223//3118
f 3179//3074 3223//3118 3172//3067
f 2823//2718 3224//3119 3230//3125
f 3230//3125 3225//3120 3231//3126
f 3232//3127 3225//3120 3226//3121
f 3233//3128 3226//3121 3227//3122
f 3234//3129 3227//3122 3228//3123
f 3235//3130 3228//3123 3229//3124
f 3186//3081 3229//3124 3179//3074
f 2825//2720 3230//3125 3236//3131
f 3237//3132 3230//3125 3231//3126
f 3238//3133 3231//3126 3232//3127
f 3239//3134 3232//3127 3233//3128
f 3240//3135 3233//3128 3234//3129
f 3241//3136 3234//3129 3235//3130
f 3193//3088 3235//3130 3186//3081
f 2758//2653 2825//2720 3236//3131
f 2761//2656 3236//3131 3237//3132
f 2763//2658 3237//3132 3238//3133
f 2765//2660 3238//3133 3239//3134
f 2765//2660 3240//3135 2767//2662
f 2767//2662 3241//3136 2769//2664
f 2703//2598 3241//3136 3193//3088
f 3242//3137 2526//2421 3243//3138
f 3243//3138 2527//2422 3244//3139
f 3244//3139 2528//2423 3245//3140
f 3245//3140 2529//2424 3246//3141
f 3246//3141 2530//2425 3247//3142
f 3247//3142 2531//2426 3248//3143
f 3248//3143 2168//2063 2430//2325
f 3250//3145 3242//3137 3243//3138
f 3250//3145 3244//3139 3251//3146
f 3251//3146 3245//3140 3252//3147
f 3252//3147 3246//3141 3253//3148
f 3253//3148 3247//3142 3254//3149
f 3254//3149 3248//3143 3255//3150
f 3255//3150 2430//2325 2438//2333
f 3257//3152 3249//3144 3250//3145
f 3258//3153 3250//3145 3251//3146
f 3258//3153 3252//3147 3259//3154
f 3259//3154 3253//3148 3260//3155
f 3260//3155 3254//3149 3261//3156
f 3261//3156 3255//3150 3262//3157
f 3262//3157 2438//2333 2445//2340
f 3264//3159 3256//3151 3257//3152
f 3265//3160 3257//3152 3258//3153
f 3266//3161 3258//3153 3259//3154
f 3266//3161 3260//3155 3267//3162
f 3267//3162 3261//3156 3268//3163
f 3268//3163 3262//3157 3269//3164
f 3269//3164 2445//2340 2452//2347
f 3271//3166 3263//3158 3264//3159
f 3272//3167 3264//3159 3265//3160
f 3273//3168 3265//3160 3266//3161
f 3274//3169 3266//3161 3267//3162
f 3274//3169 3268//3163 3275//3170
f 3275//3170 3269//3164 3276//3171
f 3276//3171 2452//2347 2459//2354
f 3278//3173 3270//3165 3271//3166
f 3279//3174 3271//3166 3272//3167
f 3280//3175 3272//3167 3273//3168
f 3281//3176 3273//3168 3274//3169
f 3282//3177 3274//3169 3275//3170
f 3282//3177 3276//3171 3283//3178
f 3283//3178 2459//2354 2466//2361
f 3285//3180 3277//3172 3278//3173
f 3286//3181 3278//3173 3279//3174
f 3287//3182 3279//3174 3280//3175
f 3288//3183 3280//3175 3281//3176
f 3289//3184 3281//3176 3282//3177
f 3289//3184 3283//3178 3290//3185
f 3290//3185 2466//2361 2108//2003
f 3292//3187 2581//2476 2582//2477
f 3293//3188 2582//2477 2583//2478
f 3294//3189 2583//2478 2584//2479
f 3295//3190 2584//2479 2585//2480
f 3296//3191 2585//2480 2586//2481
f 3297//3192 2586//2481 2587//2482
f 3297//3192 2525//2420 3242//3137
f 3299//3194 3291//3186 3292//3187
f 3300//3195 3292//3187 3293//3188
f 3301//3196 3293//3188 3294//3189
f 3302//3197 3294//3189 3295//3190
f 3303//3198 3295//3190 3296//3191
f 3303//3198 3297//3192 3304//3199
f 3304//3199 3242//3137 3249//3144
f 3306//3201 3298//3193 3299//3194
f 3307//3202 3299//3194 3300//3195
f 3308//3203 3300//3195 3301//3196
f 3309//3204 3301//3196 3302//3197
f 3309//3204 3303//3198 3310//3205
f 3310//3205 3304//3199 3311//3206
f 3311//3206 3249//3144 3256//3151
f 3313//3208 3305//3200 3306//3201
f 3314//3209 3306//3201 3307//3202
f 3315//3210 3307//3202 3308//3203
f 3316//3211 3308//3203 3309//3204
f 3316//3211 3310//3205 3317//3212
f 3317//3212 3311//3206 3318//3213
f 3318//3213 3256//3151 3263//3158
f 3320//3215 3312//3207 3313//3208
f 3321//3216 3313//3208 3314//3209
f 3322//3217 3314//3209 3315//3210
f 3323//3218 3315//3210 3316//3211
f 3323//3218 3317//3212 3324//3219
f 3324//3219 3318//3213 3325//3220
f 3325//3220 3263//3158 3270//3165
f 3327//3222 3319//3214 3320//3215
f 3328//3223 3320//3215 3321//3216
f 3329//3224 3321//3216 3322//3217
f 3330//3225 3322//3217 3323//3218
f 3331//3226 3323//3218 3324//3219
f 3331//3226 3325//3220 3332//3227
f 3332//3227 3270//3165 3277//3172
f 3334//3229 3326//3221 3327//3222
f 3335//3230 3327//3222 3328//3223
f 3336//3231 3328//3223 3329//3224
f 3337//3232 3329//3224 3330//3225
f 3338//3233 3330//3225 3331//3226
f 3339//3234 3331//3226 3332//3227
f 3339//3234 3277//3172 3284//3179
f 3341//3236 2637//2532 2638//2533
f 3342//3237 2638//2533 2639//2534
f 3343//3238 2639//2534 2640//2535
f 3344//3239 2640//2535 2641//2536
f 3345//3240 2641//2536 2642//2537
f 3346//3241 2642//2537 2643//2538
f 3291//3186 2643//2538 2581//2476
f 3348//3243 3340//3235 3341//3236
f 3349//3244 3341//3236 3342//3237
f 3350//3245 3342//3237 3343//3238
f 3351//3246 3343//3238 3344//3239
f 3352//3247 3344//3239 3345//3240
f 3353//3248 3345//3240 3346//3241
f 3298//3193 3346//3241 3291//3186
f 3355//3250 3347//3242 3348//3243
f 3356//3251 3348//3243 3349//3244
f 3357//3252 3349//3244 3350//3245
f 3358//3253 3350//3245 3351//3246
f 3359//3254 3351//3246 3352//3247
f 3360//3255 3352//3247 3353//3248
f 3305//3200 3353//3248 3298//3193
f 3362//3257 3354//3249 3355//3250
f 3363//3258 3355//3250 3356//3251
f 3364//3259 3356//3251 3357//3252
f 3365//3260 3357//3252 3358//3253
f 3366//3261 3358//3253 3359//3254
f 3367//3262 3359//3254 3360//3255
f 3312//3207 3360//3255 3305//3200
f 3369//3264 3361//3256 3362//3257
f 3370//3265 3362//3257 3363//3258
f 3371//3266 3363//3258 3364//3259
f 3372//3267 3364//3259 3365//3260
f 3373//3268 3365//3260 3366//3261
f 3374//3269 3366//3261 3367//3262
f 3319//3214 3367//3262 3312//3207
f 3376//3271 3368//3263 3369//3264
f 3377//3272 3369//3264 3370//3265
f 3378//3273 3370//3265 3371//3266
f 3379//3274 3371//3266 3372//3267
f 3380//3275 3372//3267 3373//3268
f 3381//3276 3373//3268 3374//3269
f 3326//3221 3374//3269 3319//3214
f 3383//3278 3375//3270 3376//3271
f 3383//3278 3377//3272 3384//3279
f 3384//3279 3378//3273 3385//3280
f 3386//3281 3378//3273 3379//3274
f 3387//3282 3379//3274 3380//3275
f 3388//3283 3380//3275 3381//3276
f 3333//3228 3381//3276 3326//3221
f 3389//3284 2694//2589 3390//3285
f 3391//3286 2694//2589 2695//2590
f 3391//3286 2696//2591 3392//3287
f 3392//3287 2697//2592 3393//3288
f 3393//3288 2698//2593 3394//3289
f 3394//3289 2699//2594 3395//3290
f 3340//3235 2699//2594 2637//2532
f 3396//3291 3390//3285 3397//3292
f 3398//3293 3390//3285 3391//3286
f 3398//3293 3392//3287 3399//3294
f 3399//3294 3393//3288 3400//3295
f 3400//3295 3394//3289 3401//3296
f 3401//3296 3395//3290 3402//3297
f 3347//3242 3395//3290 3340//3235
f 3403//3298 3397//3292 3404//3299
f 3404//3299 3398//3293 3405//3300
f 3406//3301 3398//3293 3399//3294
f 3406//3301 3400//3295 3407//3302
f 3407//3302 3401//3296 3408//3303
f 3408//3303 3402//3297 3409//3304
f 3354//3249 3402//3297 3347//3242
f 3410//3305 3404//3299 3411//3306
f 3411//3306 3405//3300 3412//3307
f 3413//3308 3405//3300 3406//3301
f 3414//3309 3406//3301 3407//3302
f 3415//3310 3407//3302 3408//3303
f 3416//3311 3408//3303 3409//3304
f 3361//3256 3409//3304 3354//3249
f 3417//3312 3411//3306 3418//3313
f 3418//3313 3412//3307 3419//3314
f 3420//3315 3412//3307 3413//3308
f 3421//3316 3413//3308 3414//3309
f 3422//3317 3414//3309 3415//3310
f 3423//3318 3415//3310 3416//3311
f 3368//3263 3416//3311 3361//3256
f 3424//3319 3418//3313 3425//3320
f 3426//3321 3418//3313 3419//3314
f 3427//3322 3419//3314 3420//3315
f 3428//3323 3420//3315 3421//3316
f 3429//3324 3421//3316 3422//3317
f 3430//3325 3422//3317 3423//3318
f 3375//3270 3423//3318 3368//3263
f 3431//3326 3425//3320 3432//3327
f 3433//3328 3425//3320 3426//3321
f 3434//3329 3426//3321 3427//3322
f 3435//3330 3427//3322 3428//3323
f 3436//3331 3428//3323 3429//3324
f 3437//3332 3429//3324 3430//3325
f 3382//3277 3430//3325 3375//3270
f 3438//3333 2750//2645 3439//3334
f 3439//3334 2751//2646 3440//3335
f 3440//3335 2752//2647 3441//3336
f 3441//3336 2753//2648 3442//3337
f 3442//3337 2754//2649 3443//3338
f 3443//3338 2755//2650 3444//3339
f 3444//3339 2693//2588 3389//3284
f 3445//3340 3439//3334 3446//3341
f 3446//3341 3440//3335 3447//3342
f 3447//3342 3441//3336 3448//3343
f 3448//3343 3442//3337 3449//3344
f 3449//3344 3443//3338 3450//3345
f 3450//3345 3444//3339 3451//3346
f 3451//3346 3389//3284 3396//3291
f 3452//3347 3446//3341 3453//3348
f 3453//3348 3447//3342 3454//3349
f 3454//3349 3448//3343 3455//3350
f 3455//3350 3449//3344 3456//3351
f 3456//3351 3450//3345 3457//3352
f 3457//3352 3451//3346 3458//3353
f 3458//3353 3396//3291 3403//3298
f 3459//3354 3453//3348 3460//3355
f 3460//3355 3454//3349 3461//3356
f 3461//3356 3455//3350 3462//3357
f 3462//3357 3456//3351 3463//3358
f 3463//3358 3457//3352 3464//3359
f 3464//3359 3458//3353 3465//3360
f 3465//3360 3403//3298 3410//3305
f 3466//3361 3460//3355 3467//3362
f 3467//3362 3461//3356 3468//3363
f 3468//3363 3462//3357 3469//3364
f 3469//3364 3463//3358 3470//3365
f 3470//3365 3464//3359 3471//3366
f 3471//3366 3465//3360 3472//3367
f 3472//3367 3410//3305 3417//3312
f 3473//3368 3467//3362 3474//3369
f 3474//3369 3468//3363 3475//3370
f 3475//3370 3469//3364 3476//3371
f 3476//3371 3470//3365 3477//3372
f 3477//3372 3471//3366 3478//3373
f 3478//3373 3472//3367 3479//3374
f 3479//3374 3417//3312 3424//3319
f 3480//3375 3474//3369 3481//3376
f 3481//3376 3475//3370 3482//3377
f 3482//3377 3476//3371 3483//3378
f 3483//3378 3477//3372 3484//3379
f 3484//3379 3478//3373 3485//3380
f 3485//3380 3479//3374 3486//3381
f 3486//3381 3424//3319 3431//3326
f 3487//3382 2806//2701 3488//3383
f 3488//3383 2807//2702 3489//3384
f 3489//3384 2808//2703 3490//3385
f 3490//3385 2809//2704 3491//3386
f 3491//3386 2810//2705 3492//3387
f 3492//3387 2811//2706 3493//3388
f 3493//3388 2749//2644 3438//3333
f 2862//2757 3488//3383 3494//3389
f 3494//3389 3489//3384 3495//3390
f 3495//3390 3490//3385 3496//3391
f 3496//3391 3491//3386 3497//3392
f 3497//3392 3492//3387 3498//3393
f 3498//3393 3493//3388 3499//3394
f 3499//3394 3438//3333 3445//3340
f 3501//3396 2862//2757 3494//3389
f 3502//3397 3494//3389 3495//3390
f 3503//3398 3495//3390 3496//3391
f 3504//3399 3496//3391 3497//3392
f 3505//3400 3497//3392 3498//3393
f 3506//3401 3498//3393 3499//3394
f 3506//3401 3445//3340 3452//3347
f 3507//3402 3500//3395 3501//3396
f 3508//3403 3501//3396 3502//3397
f 3509//3404 3502//3397 3503//3398
f 3510//3405 3503//3398 3504//3399
f 3511//3406 3504//3399 3505//3400
f 3512//3407 3505//3400 3506//3401
f 3512//3407 3452//3347 3459//3354
f 3513//3408 2861//2756 3507//3402
f 3514//3409 3507//3402 3508//3403
f 3515//3410 3508//3403 3509//3404
f 3516//3411 3509//3404 3510//3405
f 3517//3412 3510//3405 3511//3406
f 3518//3413 3511//3406 3512//3407
f 3518//3413 3459//3354 3466//3361
f 3519//3414 2860//2755 3513//3408
f 3520//3415 3513//3408 3514//3409
f 3521//3416 3514//3409 3515//3410
f 3522//3417 3515//3410 3516//3411
f 3523//3418 3516//3411 3517//3412
f 3524//3419 3517//3412 3518//3413
f 3524//3419 3466//3361 3473//3368
f 3525//3420 2859//2754 3519//3414
f 3526//3421 3519//3414 3520//3415
f 3527//3422 3520//3415 3521//3416
f 3528//3423 3521//3416 3522//3417
f 3529//3424 3522//3417 3523//3418
f 3530//3425 3523//3418 3524//3419
f 3530//3425 3473//3368 3480//3375
f 3531//3426 1661//1556 3532//3427
f 3532//3427 1675//1570 3533//3428
f 3533//3428 1682//1577 3534//3429
f 3534//3429 1689//1584 3535//3430
f 3535//3430 1696//1591 3536//3431
f 3536//3431 1703//1598 3537//3432
f 3537//3432 940//835 998//893
f 3538//3433 3532//3427 3539//3434
f 3539//3434 3533//3428 3540//3435
f 3540//3435 3534//3429 3541//3436
f 3541//3436 3535//3430 3542//3437
f 3542//3437 3536//3431 3543//3438
f 3543//3438 3537//3432 3544//3439
f 3544//3439 998//893 996//891
f 3545//3440 3539//3434 3546//3441
f 3546//3441 3540//3435 3547//3442
f 3547//3442 3541//3436 3548//3443
f 3548//3443 3542//3437 3549//3444
f 3549//3444 3543//3438 3550//3445
f 3550//3445 3544//3439 3551//3446
f 3551//3446 996//891 3552//3447
f 3553//3448 3546//3441 3554//3449
f 3554//3449 3547//3442 3555//3450
f 3555//3450 3548//3443 3556//3451
f 3556//3451 3549//3444 3557//3452
f 3557//3452 3550//3445 3558//3453
f 3558//3453 3551//3446 3559//3454
f 3559//3454 3552//3447 3560//3455
f 3561//3456 3554//3449 3562//3457
f 3562//3457 3555//3450 3563//3458
f 3563//3458 3556//3451 3564//3459
f 3564//3459 3557//3452 3565//3460
f 3565//3460 3558//3453 3566//3461
f 3566//3461 3559//3454 3567//3462
f 3567//3462 3560//3455 992//887
f 3568//3463 3562//3457 3569//3464
f 3569//3464 3563//3458 3570//3465
f 3570//3465 3564//3459 3571//3466
f 3571//3466 3565//3460 3572//3467
f 3572//3467 3566//3461 3573//3468
f 3573//3468 3567//3462 3574//3469
f 3574//3469 992//887 990//885
f 3575//3470 3569//3464 3576//3471
f 3576//3471 3570//3465 3577//3472
f 3577//3472 3571//3466 3578//3473
f 3578//3473 3572//3467 3579//3474
f 3579//3474 3573//3468 3580//3475
f 3580//3475 3574//3469 3581//3476
f 3581//3476 990//885 847//742
f 3582//3477 3672//3567 3583//3478
f 3585//3480 3672//3567 3664//3559
f 3586//3481 3664//3559 3587//3482
f 3588//3483 3587//3482 3589//3484
f 3590//3485 3589//3484 3642//3537
f 3591//3486 3642//3537 3634//3529
f 3531//3426 3634//3529 1664//1559
f 3592//3487 3583//3478 3593//3488
f 3594//3489 3583//3478 3585//3480
f 3595//3490 3585//3480 3586//3481
f 3596//3491 3586//3481 3588//3483
f 3597//3492 3588//3483 3590//3485
f 3598//3493 3590//3485 3591//3486
f 3538//3433 3591//3486 3531//3426
f 3599//3494 3593//3488 3600//3495
f 3601//3496 3593//3488 3594//3489
f 3602//3497 3594//3489 3595//3490
f 3603//3498 3595//3490 3596//3491
f 3604//3499 3596//3491 3597//3492
f 3605//3500 3597//3492 3598//3493
f 3545//3440 3598//3493 3538//3433
f 3607//3502 3599//3494 3600//3495
f 3608//3503 3600//3495 3601//3496
f 3609//3504 3601//3496 3602//3497
f 3610//3505 3602//3497 3603//3498
f 3611//3506 3603//3498 3604//3499
f 3612//3507 3604//3499 3605//3500
f 3612//3507 3545//3440 3553//3448
f 3614//3509 3606//3501 3607//3502
f 3615//3510 3607//3502 3608//3503
f 3616//3511 3608//3503 3609//3504
f 3617//3512 3609//3504 3610//3505
f 3618//3513 3610//3505 3611//3506
f 3618//3513 3612//3507 3619//3514
f 3619//3514 3553//3448 3561//3456
f 3621//3516 3613//3508 3614//3509
f 3622//3517 3614//3509 3615//3510
f 3623//3518 3615//3510 3616//3511
f 3624//3519 3616//3511 3617//3512
f 3625//3520 3617//3512 3618//3513
f 3625//3520 3619//3514 3626//3521
f 3626//3521 3561//3456 3568//3463
f 3627//3522 2105//2000 3628//3523
f 3628//3523 2119//2014 3629//3524
f 3629//3524 2126//2021 3630//3525
f 3630//3525 2133//2028 3631//3526
f 3631//3526 2140//2035 3632//3527
f 3632//3527 2147//2042 3633//3528
f 3633//3528 1664//1559 3634//3529
f 3635//3530 3628//3523 3636//3531
f 3636//3531 3629//3524 3637//3532
f 3637//3532 3630//3525 3638//3533
f 3638//3533 3631//3526 3639//3534
f 3639//3534 3632//3527 3640//3535
f 3640//3535 3633//3528 3641//3536
f 3641//3536 3634//3529 3642//3537
f 3643//3538 3636//3531 3644//3539
f 3644//3539 3637//3532 3645//3540
f 3645//3540 3638//3533 3646//3541
f 3646//3541 3639//3534 3647//3542
f 3647//3542 3640//3535 3648//3543
f 3648//3543 3641//3536 3649//3544
f 3649//3544 3642//3537 3589//3484
f 3650//3545 3644//3539 3651//3546
f 3651//3546 3645//3540 3652//3547
f 3652//3547 3646//3541 3653//3548
f 3653//3548 3647//3542 3654//3549
f 3654//3549 3648//3543 3655//3550
f 3655//3550 3649//3544 3656//3551
f 3656//3551 3589//3484 3587//3482
f 3657//3552 3651//3546 3658//3553
f 3658//3553 3652//3547 3659//3554
f 3659//3554 3653//3548 3660//3555
f 3660//3555 3654//3549 3661//3556
f 3661//3556 3655//3550 3662//3557
f 3662//3557 3656//3551 3663//3558
f 3663//3558 3587//3482 3664//3559
f 3665//3560 3658//3553 3666//3561
f 3666//3561 3659//3554 3667//3562
f 3667//3562 3660//3555 3668//3563
f 3668//3563 3661//3556 3669//3564
f 3669//3564 3662//3557 3670//3565
f 3670//3565 3663//3558 3671//3566
f 3671//3566 3664//3559 3672//3567
f 3673//3568 3666//3561 3674//3569
f 3674//3569 3667//3562 3675//3570
f 3675//3570 3668//3563 4079//3974
f 4079//3974 3669//3564 3676//3571
f 3676//3571 3670//3565 3677//3572
f 3677//3572 3671//3566 4060//3955
f 4060//3955 3672//3567 3584//3479
f 3339//3234 3285//3180 3678//3573
f 3678//3573 3286//3181 3679//3574
f 3679//3574 3287//3182 3680//3575
f 3680//3575 3288//3183 3681//3576
f 3682//3577 3288//3183 3289//3184
f 3683//3578 3289//3184 3290//3185
f 3627//3522 3290//3185 2108//2003
f 3338//3233 3678//3573 3684//3579
f 3684//3579 3679//3574 3685//3580
f 3685//3580 3680//3575 3686//3581
f 3686//3581 3681//3576 3687//3582
f 3687//3582 3682//3577 3688//3583
f 3689//3584 3682//3577 3683//3578
f 3635//3530 3683//3578 3627//3522
f 3337//3232 3684//3579 3690//3585
f 3690//3585 3685//3580 3691//3586
f 3691//3586 3686//3581 3692//3587
f 3692//3587 3687//3582 3693//3588
f 3693//3588 3688//3583 3694//3589
f 3695//3590 3688//3583 3689//3584
f 3643//3538 3689//3584 3635//3530
f 3336//3231 3690//3585 3696//3591
f 3696//3591 3691//3586 3697//3592
f 3697//3592 3692//3587 3698//3593
f 3698//3593 3693//3588 3699//3594
f 3699//3594 3694//3589 3700//3595
f 3700//3595 3695//3590 3701//3596
f 3650//3545 3695//3590 3643//3538
f 3335//3230 3696//3591 3702//3597
f 3702//3597 3697//3592 3703//3598
f 3703//3598 3698//3593 3704//3599
f 3704//3599 3699//3594 3705//3600
f 3705//3600 3700//3595 3706//3601
f 3706//3601 3701//3596 3707//3602
f 3707//3602 3650//3545 3657//3552
f 3334//3229 3702//3597 3708//3603
f 3708//3603 3703//3598 3709//3604
f 3709//3604 3704//3599 3710//3605
f 3710//3605 3705//3600 3711//3606
f 3711//3606 3706//3601 3712//3607
f 3712//3607 3707//3602 3713//3608
f 3713//3608 3657//3552 3665//3560
f 3333//3228 3708//3603 3714//3609
f 3714//3609 3709//3604 3715//3610
f 3715//3610 3710//3605 3716//3611
f 3716//3611 3711//3606 3717//3612
f 3717//3612 3712//3607 3718//3613
f 3718//3613 3713//3608 3719//3614
f 3719//3614 3665//3560 3673//3568
f 3721//3616 3382//3277 3383//3278
f 3722//3617 3383//3278 3384//3279
f 3723//3618 3384//3279 3385//3280
f 3724//3619 3385//3280 3386//3281
f 3725//3620 3386//3281 3387//3282
f 3726//3621 3387//3282 3388//3283
f 3714//3609 3388//3283 3333//3228
f 3728//3623 3720//3615 3721//3616
f 3729//3624 3721//3616 3722//3617
f 3730//3625 3722//3617 3723//3618
f 3731//3626 3723//3618 3724//3619
f 3732//3627 3724//3619 3725//3620
f 3733//3628 3725//3620 3726//3621
f 3715//3610 3726//3621 3714//3609
f 3735//3630 3727//3622 3728//3623
f 3736//3631 3728//3623 3729//3624
f 3737//3632 3729//3624 3730//3625
f 3738//3633 3730//3625 3731//3626
f 3739//3634 3731//3626 3732//3627
f 3740//3635 3732//3627 3733//3628
f 3716//3611 3733//3628 3715//3610
f 3742//3637 3734//3629 3735//3630
f 3743//3638 3735//3630 3736//3631
f 3744//3639 3736//3631 3737//3632
f 3745//3640 3737//3632 3738//3633
f 3746//3641 3738//3633 3739//3634
f 3747//3642 3739//3634 3740//3635
f 3717//3612 3740//3635 3716//3611
f 3749//3644 3741//3636 3742//3637
f 3750//3645 3742//3637 3743//3638
f 3751//3646 3743//3638 3744//3639
f 3752//3647 3744//3639 3745//3640
f 3753//3648 3745//3640 3746//3641
f 3754//3649 3746//3641 3747//3642
f 3718//3613 3747//3642 3717//3612
f 3756//3651 3748//3643 3749//3644
f 3757//3652 3749//3644 3750//3645
f 3758//3653 3750//3645 3751//3646
f 3759//3654 3751//3646 3752//3647
f 3760//3655 3752//3647 3753//3648
f 3761//3656 3753//3648 3754//3649
f 3719//3614 3754//3649 3718//3613
f 3762//3657 3755//3650 3756//3651
f 3763//3658 3756//3651 3757//3652
f 3764//3659 3757//3652 3758//3653
f 3765//3660 3758//3653 3759//3654
f 3766//3661 3759//3654 3760//3655
f 3767//3662 3760//3655 3761//3656
f 3673//3568 3761//3656 3719//3614
f 3768//3663 3432//3327 3769//3664
f 3770//3665 3432//3327 3433//3328
f 3771//3666 3433//3328 3434//3329
f 3772//3667 3434//3329 3435//3330
f 3773//3668 3435//3330 3436//3331
f 3774//3669 3436//3331 3437//3332
f 3720//3615 3437//3332 3382//3277
f 3776//3671 3768//3663 3769//3664
f 3777//3672 3769//3664 3770//3665
f 3778//3673 3770//3665 3771//3666
f 3779//3674 3771//3666 3772//3667
f 3780//3675 3772//3667 3773//3668
f 3781//3676 3773//3668 3774//3669
f 3727//3622 3774//3669 3720//3615
f 3783//3678 3775//3670 3776//3671
f 3784//3679 3776//3671 3777//3672
f 3785//3680 3777//3672 3778//3673
f 3786//3681 3778//3673 3779//3674
f 3787//3682 3779//3674 3780//3675
f 3788//3683 3780//3675 3781//3676
f 3734//3629 3781//3676 3727//3622
f 3790//3685 3782//3677 3783//3678
f 3791//3686 3783//3678 3784//3679
f 3792//3687 3784//3679 3785//3680
f 3793//3688 3785//3680 3786//3681
f 3794//3689 3786//3681 3787//3682
f 3795//3690 3787//3682 3788//3683
f 3741//3636 3788//3683 3734//3629
f 3797//3692 3789//3684 3790//3685
f 3798//3693 3790//3685 3791//3686
f 3799//3694 3791//3686 3792//3687
f 3800//3695 3792//3687 3793//3688
f 3801//3696 3793//3688 3794//3689
f 3802//3697 3794//3689 3795//3690
f 3748//3643 3795//3690 3741//3636
f 3804//3699 3796//3691 3797//3692
f 3805//3700 3797//3692 3798//3693
f 3806//3701 3798//3693 3799//3694
f 3807//3702 3799//3694 3800//3695
f 3808//3703 3800//3695 3801//3696
f 3809//3704 3801//3696 3802//3697
f 3755//3650 3802//3697 3748//3643
f 3104//2999 3803//3698 3804//3699
f 3107//3002 3804//3699 3805//3700
f 3109//3004 3805//3700 3806//3701
f 3111//3006 3806//3701 3807//3702
f 3113//3008 3807//3702 3808//3703
f 3113//3008 3809//3704 3115//3010
f 3115//3010 3755//3650 3054//2949
f 3810//3705 3481//3376 3811//3706
f 3811//3706 3482//3377 3812//3707
f 3812//3707 3483//3378 3813//3708
f 3813//3708 3484//3379 3814//3709
f 3814//3709 3485//3380 3815//3710
f 3815//3710 3486//3381 3816//3711
f 3816//3711 3431//3326 3768//3663
f 3817//3712 3811//3706 3818//3713
f 3818//3713 3812//3707 3819//3714
f 3819//3714 3813//3708 3820//3715
f 3820//3715 3814//3709 3821//3716
f 3821//3716 3815//3710 3822//3717
f 3822//3717 3816//3711 3823//3718
f 3823//3718 3768//3663 3775//3670
f 3824//3719 3818//3713 3825//3720
f 3825//3720 3819//3714 3826//3721
f 3826//3721 3820//3715 3827//3722
f 3827//3722 3821//3716 3828//3723
f 3828//3723 3822//3717 3829//3724
f 3829//3724 3823//3718 3830//3725
f 3830//3725 3775//3670 3782//3677
f 3831//3726 3825//3720 3832//3727
f 3832//3727 3826//3721 3833//3728
f 3833//3728 3827//3722 3834//3729
f 3834//3729 3828//3723 3835//3730
f 3835//3730 3829//3724 3836//3731
f 3836//3731 3830//3725 3837//3732
f 3837//3732 3782//3677 3789//3684
f 3838//3733 3832//3727 3839//3734
f 3839//3734 3833//3728 3840//3735
f 3840//3735 3834//3729 3841//3736
f 3841//3736 3835//3730 3842//3737
f 3842//3737 3836//3731 3843//3738
f 3843//3738 3837//3732 3844//3739
f 3844//3739 3789//3684 3796//3691
f 3845//3740 3839//3734 3846//3741
f 3846//3741 3840//3735 3847//3742
f 3847//3742 3841//3736 3848//3743
f 3848//3743 3842//3737 3849//3744
f 3849//3744 3843//3738 3850//3745
f 3850//3745 3844//3739 3851//3746
f 3851//3746 3796//3691 3803//3698
f 3154//3049 3846//3741 3153//3048
f 3153//3048 3847//3742 3156//3051
f 3156//3051 3848//3743 3158//3053
f 3158//3053 3849//3744 3160//3055
f 3160//3055 3850//3745 3162//3057
f 3162//3057 3851//3746 3164//3059
f 3164//3059 3803//3698 3105//3000
f 3852//3747 3525//3420 3853//3748
f 3853//3748 3526//3421 3854//3749
f 3854//3749 3527//3422 3855//3750
f 3855//3750 3528//3423 3856//3751
f 3857//3752 3528//3423 3529//3424
f 3858//3753 3529//3424 3530//3425
f 3858//3753 3480//3375 3810//3705
f 3859//3754 3852//3747 3853//3748
f 3859//3754 3854//3749 3860//3755
f 3860//3755 3855//3750 3861//3756
f 3861//3756 3856//3751 3862//3757
f 3862//3757 3857//3752 3863//3758
f 3863//3758 3858//3753 3864//3759
f 3864//3759 3810//3705 3817//3712
f 3866//3761 2845//2740 3859//3754
f 3867//3762 3859//3754 3860//3755
f 3867//3762 3861//3756 3868//3763
f 3868//3763 3862//3757 3869//3764
f 3869//3764 3863//3758 3870//3765
f 3870//3765 3864//3759 3871//3766
f 3871//3766 3817//3712 3824//3719
f 3872//3767 3865//3760 3866//3761
f 3873//3768 3866//3761 3867//3762
f 3874//3769 3867//3762 3868//3763
f 3875//3770 3868//3763 3869//3764
f 3875//3770 3870//3765 3876//3771
f 3876//3771 3871//3766 3877//3772
f 3877//3772 3824//3719 3831//3726
f 3879//3774 2832//2727 3872//3767
f 3880//3775 3872//3767 3873//3768
f 3881//3776 3873//3768 3874//3769
f 3882//3777 3874//3769 3875//3770
f 3883//3778 3875//3770 3876//3771
f 3883//3778 3877//3772 3884//3779
f 3884//3779 3831//3726 3838//3733
f 3885//3780 3878//3773 3879//3774
f 3886//3781 3879//3774 3880//3775
f 3887//3782 3880//3775 3881//3776
f 3888//3783 3881//3776 3882//3777
f 3889//3784 3882//3777 3883//3778
f 3890//3785 3883//3778 3884//3779
f 3890//3785 3838//3733 3845//3740
f 3201//3096 2812//2707 3885//3780
f 3203//3098 3885//3780 3886//3781
f 3205//3100 3886//3781 3887//3782
f 3207//3102 3887//3782 3888//3783
f 3209//3104 3888//3783 3889//3784
f 3211//3106 3889//3784 3890//3785
f 3211//3106 3845//3740 3154//3049
f 3891//3786 3576//3471 3892//3787
f 3892//3787 3577//3472 3893//3788
f 3893//3788 3578//3473 3894//3789
f 3894//3789 3579//3474 3895//3790
f 3895//3790 3580//3475 3896//3791
f 3896//3791 3581//3476 3897//3792
f 3897//3792 847//742 1213//1108
f 3898//3793 3892//3787 3899//3794
f 3899//3794 3893//3788 3900//3795
f 3900//3795 3894//3789 3901//3796
f 3901//3796 3895//3790 3902//3797
f 3902//3797 3896//3791 3903//3798
f 3903//3798 3897//3792 3904//3799
f 3904//3799 1213//1108 1214//1109
f 3905//3800 3899//3794 3906//3801
f 3906//3801 3900//3795 3907//3802
f 3907//3802 3901//3796 3908//3803
f 3908//3803 3902//3797 3909//3804
f 3909//3804 3903//3798 3910//3805
f 3910//3805 3904//3799 3911//3806
f 3911//3806 1214//1109 1215//1110
f 3912//3807 3906//3801 3913//3808
f 3914//3809 3906//3801 3907//3802
f 3914//3809 3908//3803 3915//3810
f 3916//3811 3908//3803 3909//3804
f 3917//3812 3909//3804 3910//3805
f 3918//3813 3910//3805 3911//3806
f 1216//1111 3911//3806 1215//1110
f 3920//3815 3912//3807 3913//3808
f 3921//3816 3913//3808 3914//3809
f 3922//3817 3914//3809 3915//3810
f 3923//3818 3915//3810 3916//3811
f 3924//3819 3916//3811 3917//3812
f 3925//3820 3917//3812 3918//3813
f 1217//1112 3918//3813 1216//1111
f 3927//3822 3919//3814 3920//3815
f 3928//3823 3920//3815 3921//3816
f 3929//3824 3921//3816 3922//3817
f 3930//3825 3922//3817 3923//3818
f 3931//3826 3923//3818 3924//3819
f 3932//3827 3924//3819 3925//3820
f 1218//1113 3925//3820 1217//1112
f 2865//2760 3926//3821 3927//3822
f 2868//2763 3927//3822 3928//3823
f 2870//2765 3928//3823 3929//3824
f 2872//2767 3929//3824 3930//3825
f 2874//2769 3930//3825 3931//3826
f 2876//2771 3931//3826 3932//3827
f 169//169 3932//3827 1218//1113
f 3934//3829 3584//3479 3582//3477
f 3935//3830 3582//3477 3592//3487
f 3936//3831 3592//3487 3599//3494
f 3937//3832 3599//3494 3606//3501
f 3938//3833 3606//3501 3613//3508
f 3938//3833 3620//3515 3939//3834
f 3939//3834 3575//3470 3891//3786
f 3941//3836 3933//3828 3934//3829
f 3942//3837 3934//3829 3935//3830
f 3943//3838 3935//3830 3936//3831
f 3944//3839 3936//3831 3937//3832
f 3945//3840 3937//3832 3938//3833
f 3945//3840 3939//3834 3946//3841
f 3946//3841 3891//3786 3898//3793
f 3948//3843 3940//3835 3941//3836
f 3949//3844 3941//3836 3942//3837
f 3950//3845 3942//3837 3943//3838
f 3951//3846 3943//3838 3944//3839
f 3952//3847 3944//3839 3945//3840
f 3952//3847 3946//3841 3953//3848
f 3953//3848 3898//3793 3905//3800
f 3955//3850 3947//3842 3948//3843
f 3956//3851 3948//3843 3949//3844
f 3957//3852 3949//3844 3950//3845
f 3958//3853 3950//3845 3951//3846
f 3959//3854 3951//3846 3952//3847
f 3960//3855 3952//3847 3953//3848
f 3912//3807 3953//3848 3905//3800
f 3961//3856 3955//3850 3962//3857
f 3962//3857 3956//3851 3963//3858
f 3963//3858 3957//3852 3964//3859
f 3964//3859 3958//3853 3965//3860
f 3965//3860 3959//3854 3966//3861
f 3967//3862 3959//3854 3960//3855
f 3919//3814 3960//3855 3912//3807
f 3968//3863 3962//3857 3969//3864
f 3969//3864 3963//3858 3970//3865
f 3970//3865 3964//3859 3971//3866
f 3971//3866 3965//3860 3972//3867
f 3972//3867 3966//3861 3973//3868
f 3974//3869 3966//3861 3967//3862
f 3926//3821 3967//3862 3919//3814
f 2917//2812 3969//3864 2916//2811
f 2916//2811 3970//3865 2919//2814
f 2919//2814 3971//3866 2921//2816
f 2921//2816 3972//3867 2923//2818
f 2923//2818 3973//3868 2925//2820
f 2927//2822 3973//3868 3974//3869
f 2866//2761 3974//3869 3926//3821
f 3975//3870 3933//3828 3976//3871
f 3976//3871 3940//3835 3977//3872
f 3977//3872 3947//3842 3978//3873
f 3978//3873 3954//3849 3979//3874
f 3980//3875 3954//3849 3961//3856
f 3981//3876 3961//3856 3968//3863
f 4028//3923 3968//3863 2917//2812
f 3982//3877 3976//3871 3983//3878
f 3983//3878 3977//3872 3984//3879
f 3984//3879 3978//3873 3985//3880
f 3985//3880 3979//3874 3986//3881
f 3987//3882 3979//3874 3980//3875
f 3988//3883 3980//3875 3981//3876
f 3989//3884 3981//3876 4028//3923
f 3990//3885 3983//3878 3991//3886
f 3991//3886 3984//3879 3992//3887
f 3992//3887 3985//3880 3993//3888
f 3993//3888 3986//3881 3994//3889
f 3995//3890 3986//3881 3987//3882
f 3996//3891 3987//3882 3988//3883
f 4025//3920 3988//3883 3989//3884
f 3997//3892 3991//3886 3998//3893
f 3998//3893 3992//3887 3999//3894
f 3999//3894 3993//3888 4000//3895
f 4000//3895 3994//3889 4001//3896
f 4002//3897 3994//3889 3995//3890
f 4003//3898 3995//3890 3996//3891
f 4004//3899 3996//3891 4025//3920
f 4005//3900 3998//3893 4006//3901
f 4006//3901 3999//3894 4007//3902
f 4007//3902 4000//3895 4008//3903
f 4009//3904 4000//3895 4001//3896
f 4010//3905 4001//3896 4002//3897
f 4011//3906 4002//3897 4003//3898
f 4022//3917 4003//3898 4004//3899
f 4012//3907 4006//3901 4013//3908
f 4013//3908 4007//3902 4014//3909
f 4014//3909 4008//3903 4015//3910
f 4016//3911 4008//3903 4009//3904
f 4017//3912 4009//3904 4010//3905
f 4018//3913 4010//3905 4011//3906
f 4019//3914 4011//3906 4022//3917
f 3053//2948 4019//3914 4020//3915
f 4020//3915 4022//3917 4021//3916
f 4021//3916 4004//3899 4023//3918
f 4023//3918 4025//3920 4024//3919
f 4024//3919 3989//3884 4026//3921
f 4026//3921 4028//3923 4027//3922
f 4027//3922 2917//2812 4029//3924
f 3056//2951 4020//3915 4030//3925
f 4030//3925 4021//3916 4031//3926
f 4031//3926 4023//3918 4032//3927
f 4032//3927 4024//3919 4033//3928
f 4033//3928 4026//3921 4034//3929
f 4034//3929 4027//3922 4035//3930
f 4035//3930 4029//3924 2974//2869
f 3058//2953 4030//3925 4036//3931
f 4036//3931 4031//3926 4037//3932
f 4037//3932 4032//3927 4038//3933
f 4038//3933 4033//3928 4039//3934
f 4039//3934 4034//3929 4040//3935
f 4040//3935 4035//3930 4041//3936
f 4041//3936 2974//2869 2972//2867
f 4042//3937 3058//2953 4036//3931
f 4043//3938 4036//3931 4037//3932
f 4043//3938 4038//3933 4044//3939
f 4044//3939 4039//3934 4045//3940
f 4045//3940 4040//3935 4046//3941
f 4046//3941 4041//3936 4047//3942
f 4047//3942 2972//2867 2970//2865
f 4048//3943 3060//2955 4042//3937
f 4049//3944 4042//3937 4043//3938
f 4050//3945 4043//3938 4044//3939
f 4050//3945 4045//3940 4051//3946
f 4051//3946 4046//3941 4052//3947
f 4052//3947 4047//3942 4053//3948
f 4053//3948 2970//2865 2968//2863
f 4054//3949 3062//2957 4048//3943
f 4055//3950 4048//3943 4049//3944
f 4056//3951 4049//3944 4050//3945
f 4056//3951 4051//3946 4057//3952
f 4057//3952 4052//3947 4058//3953
f 4058//3953 4053//3948 4059//3954
f 4059//3954 2968//2863 2965//2860
f 4061//3956 3584//3479 3975//3870
f 4062//3957 3975//3870 3982//3877
f 4063//3958 3982//3877 3990//3885
f 4064//3959 3990//3885 3997//3892
f 4065//3960 3997//3892 4005//3900
f 4066//3961 4005//3900 4012//3907
f 3762//3657 4012//3907 3054//2949
f 4067//3962 4060//3955 4061//3956
f 4068//3963 4061//3956 4062//3957
f 4069//3964 4062//3957 4063//3958
f 4070//3965 4063//3958 4064//3959
f 4071//3966 4064//3959 4065//3960
f 4072//3967 4065//3960 4066//3961
f 3763//3658 4066//3961 3762//3657
f 4073//3968 3677//3572 4067//3962
f 4074//3969 4067//3962 4068//3963
f 4075//3970 4068//3963 4069//3964
f 4076//3971 4069//3964 4070//3965
f 4077//3972 4070//3965 4071//3966
f 4078//3973 4071//3966 4072//3967
f 3764//3659 4072//3967 3763//3658
f 4080//3975 3676//3571 4073//3968
f 4081//3976 4073//3968 4074//3969
f 4082//3977 4074//3969 4075//3970
f 4083//3978 4075//3970 4076//3971
f 4084//3979 4076//3971 4077//3972
f 4084//3979 4078//3973 4085//3980
f 4085//3980 3764//3659 3765//3660
f 4086//3981 4079//3974 4080//3975
f 4087//3982 4080//3975 4081//3976
f 4088//3983 4081//3976 4082//3977
f 4089//3984 4082//3977 4083//3978
f 4089//3984 4084//3979 4090//3985
f 4090//3985 4085//3980 4091//3986
f 4091//3986 3765//3660 3766//3661
f 4092//3987 3675//3570 4086//3981
f 4093//3988 4086//3981 4087//3982
f 4094//3989 4087//3982 4088//3983
f 4095//3990 4088//3983 4089//3984
f 4095//3990 4090//3985 4096//3991
f 4096//3991 4091//3986 4097//3992
f 4097//3992 3766//3661 3767//3662
f 4099//3994 4101//3996 4100//3995
f 4102//3997 4100//3995 4103//3998
f 4102//3997 4105//4000 4104//3999
f 4106//4001 4105//4000 4107//4002
f 4108//4003 4107//4002 4109//4004
f 4110//4005 4109//4004 4111//4006
f 4110//4005 4113//4008 4112//4007
f 4115//4010 4098//3993 4099//3994
f 4116//4011 4099//3994 4102//3997
f 4116//4011 4104//3999 4117//4012
f 4117//4012 4106//4001 4118//4013
f 4118//4013 4108//4003 4119//4014
f 4119//4014 4110//4005 4120//4015
f 4121//4016 4110//4005 4112//4007
f 4123//4018 4114//4009 4115//4010
f 4124//4019 4115//4010 4116//4011
f 4124//4019 4117//4012 4125//4020
f 4125//4020 4118//4013 4126//4021
f 4126//4021 4119//4014 4127//4022
f 4127//4022 4120//4015 4128//4023
f 4129//4024 4120//4015 4121//4016
f 4131//4026 4122//4017 4123//4018
f 4132//4027 4123//4018 4124//4019
f 4132//4027 4125//4020 4133//4028
f 4133//4028 4126//4021 4134//4029
f 4134//4029 4127//4022 4135//4030
f 4135//4030 4128//4023 4136//4031
f 4137//4032 4128//4023 4129//4024
f 4139//4034 4130//4025 4131//4026
f 4140//4035 4131//4026 4132//4027
f 4140//4035 4133//4028 4141//4036
f 4141//4036 4134//4029 4142//4037
f 4142//4037 4135//4030 4143//4038
f 4144//4039 4135//4030 4136//4031
f 4145//4040 4136//4031 4137//4032
f 4147//4042 4138//4033 4139//4034
f 4148//4043 4139//4034 4140//4035
f 4148//4043 4141//4036 4149//4044
f 4149//4044 4142//4037 4150//4045
f 4150//4045 4143//4038 4151//4046
f 4152//4047 4143//4038 4144//4039
f 4153//4048 4144//4039 4145//4040
f 4155//4050 4146//4041 4147//4042
f 4155//4050 4148//4043 4156//4051
f 4156//4051 4149//4044 4157//4052
f 4157//4052 4150//4045 4158//4053
f 4158//4053 4151//4046 4159//4054
f 4160//4055 4151//4046 4152//4047
f 4161//4056 4152//4047 4153//4048
f 4163//4058 4165//4060 4164//4059
f 4166//4061 4164//4059 4167//4062
f 4168//4063 4167//4062 4169//4064
f 4170//4065 4169//4064 4171//4066
f 4172//4067 4171//4066 4173//4068
f 4174//4069 4173//4068 4175//4070
f 4155//4050 4175//4070 4154//4049
f 4177//4072 4162//4057 4163//4058
f 4178//4073 4163//4058 4166//4061
f 4179//4074 4166//4061 4168//4063
f 4180//4075 4168//4063 4170//4065
f 4181//4076 4170//4065 4172//4067
f 4182//4077 4172//4067 4174//4069
f 4156//4051 4174//4069 4155//4050
f 4183//4078 4177//4072 4184//4079
f 4184//4079 4178//4073 4185//4080
f 4185//4080 4179//4074 4186//4081
f 4186//4081 4180//4075 4187//4082
f 4187//4082 4181//4076 4188//4083
f 4188//4083 4182//4077 4189//4084
f 4157//4052 4182//4077 4156//4051
f 4190//4085 4184//4079 4191//4086
f 4191//4086 4185//4080 4192//4087
f 4192//4087 4186//4081 4193//4088
f 4193//4088 4187//4082 4194//4089
f 4194//4089 4188//4083 4195//4090
f 4195//4090 4189//4084 4196//4091
f 4196//4091 4157//4052 4158//4053
f 4197//4092 4191//4086 4198//4093
f 4198//4093 4192//4087 4199//4094
f 4199//4094 4193//4088 4200//4095
f 4200//4095 4194//4089 4201//4096
f 4201//4096 4195//4090 4202//4097
f 4202//4097 4196//4091 4203//4098
f 4203//4098 4158//4053 4159//4054
f 4204//4099 4198//4093 4205//4100
f 4205//4100 4199//4094 4206//4101
f 4206//4101 4200//4095 4207//4102
f 4207//4102 4201//4096 4208//4103
f 4208//4103 4202//4097 4209//4104
f 4209//4104 4203//4098 4210//4105
f 4210//4105 4159//4054 4160//4055
f 4211//4106 4205//4100 4729//4624
f 4729//4624 4206//4101 4212//4107
f 4212//4107 4207//4102 4728//4623
f 4728//4623 4208//4103 4727//4622
f 4727//4622 4209//4104 4726//4621
f 4726//4621 4210//4105 4725//4620
f 4725//4620 4160//4055 4161//4056
f 4214//4109 4216//4111 4215//4110
f 4217//4112 4215//4110 4218//4113
f 4219//4114 4218//4113 4220//4115
f 4221//4116 4220//4115 4222//4117
f 4223//4118 4222//4117 4224//4119
f 4225//4120 4224//4119 4226//4121
f 4162//4057 4226//4121 4165//4060
f 4227//4122 4214//4109 4228//4123
f 4229//4124 4214//4109 4217//4112
f 4230//4125 4217//4112 4219//4114
f 4231//4126 4219//4114 4221//4116
f 4232//4127 4221//4116 4223//4118
f 4233//4128 4223//4118 4225//4120
f 4176//4071 4225//4120 4162//4057
f 4234//4129 4228//4123 4235//4130
f 4236//4131 4228//4123 4229//4124
f 4237//4132 4229//4124 4230//4125
f 4238//4133 4230//4125 4231//4126
f 4239//4134 4231//4126 4232//4127
f 4240//4135 4232//4127 4233//4128
f 4240//4135 4176//4071 4183//4078
f 4242//4137 4234//4129 4235//4130
f 4243//4138 4235//4130 4236//4131
f 4244//4139 4236//4131 4237//4132
f 4245//4140 4237//4132 4238//4133
f 4245//4140 4239//4134 4246//4141
f 4246//4141 4240//4135 4247//4142
f 4247//4142 4183//4078 4190//4085
f 4248//4143 4241//4136 4242//4137
f 4249//4144 4242//4137 4243//4138
f 4250//4145 4243//4138 4244//4139
f 4251//4146 4244//4139 4245//4140
f 4251//4146 4246//4141 4252//4147
f 4252//4147 4247//4142 4253//4148
f 4253//4148 4190//4085 4197//4092
f 4255//4150 4685//4580 4248//4143
f 4256//4151 4248//4143 4249//4144
f 4257//4152 4249//4144 4250//4145
f 4258//4153 4250//4145 4251//4146
f 4258//4153 4252//4147 4259//4154
f 4259//4154 4253//4148 4260//4155
f 4260//4155 4197//4092 4204//4099
f 4262//4157 4264//4159 4263//4158
f 4265//4160 4263//4158 4266//4161
f 4267//4162 4266//4161 4520//4415
f 4268//4163 4520//4415 4269//4164
f 4270//4165 4269//4164 4517//4412
f 4271//4166 4517//4412 4272//4167
f 4368//4263 4272//4167 4273//4168
f 4275//4170 4261//4156 4262//4157
f 4276//4171 4262//4157 4265//4160
f 4277//4172 4265//4160 4267//4162
f 4278//4173 4267//4162 4268//4163
f 4279//4174 4268//4163 4270//4165
f 4280//4175 4270//4165 4271//4166
f 4360//4255 4271//4166 4368//4263
f 4282//4177 4274//4169 4275//4170
f 4283//4178 4275//4170 4276//4171
f 4284//4179 4276//4171 4277//4172
f 4285//4180 4277//4172 4278//4173
f 4286//4181 4278//4173 4279//4174
f 4287//4182 4279//4174 4280//4175
f 4288//4183 4280//4175 4360//4255
f 4290//4185 4281//4176 4282//4177
f 4291//4186 4282//4177 4283//4178
f 4292//4187 4283//4178 4284//4179
f 4293//4188 4284//4179 4285//4180
f 4294//4189 4285//4180 4286//4181
f 4295//4190 4286//4181 4287//4182
f 4295//4190 4288//4183 4345//4240
f 4297//4192 4289//4184 4290//4185
f 4298//4193 4290//4185 4291//4186
f 4299//4194 4291//4186 4292//4187
f 4299//4194 4293//4188 4300//4195
f 4300//4195 4294//4189 4301//4196
f 4301//4196 4295//4190 4302//4197
f 4302//4197 4345//4240 4303//4198
f 4305//4200 4296//4191 4297//4192
f 4305//4200 4298//4193 4306//4201
f 4306//4201 4299//4194 4307//4202
f 4307//4202 4300//4195 4308//4203
f 4308//4203 4301//4196 4309//4204
f 4309//4204 4302//4197 4310//4205
f 4310//4205 4303//4198 4311//4206
f 4312//4207 4305//4200 4313//4208
f 4313//4208 4306//4201 4314//4209
f 4314//4209 4307//4202 4315//4210
f 4315//4210 4308//4203 4316//4211
f 4316//4211 4309//4204 4317//4212
f 4317//4212 4310//4205 4318//4213
f 4318//4213 4311//4206 4319//4214
f 4321//4216 4322//4217 4694//4589
f 4323//4218 4694//4589 4692//4587
f 4324//4219 4692//4587 4325//4220
f 4326//4221 4325//4220 4327//4222
f 4328//4223 4327//4222 4688//4583
f 4328//4223 4330//4225 4329//4224
f 4329//4224 4319//4214 4311//4206
f 4332//4227 4320//4215 4321//4216
f 4333//4228 4321//4216 4323//4218
f 4334//4229 4323//4218 4324//4219
f 4335//4230 4324//4219 4326//4221
f 4335//4230 4328//4223 4336//4231
f 4336//4231 4329//4224 4337//4232
f 4337//4232 4311//4206 4303//4198
f 4339//4234 4331//4226 4332//4227
f 4340//4235 4332//4227 4333//4228
f 4341//4236 4333//4228 4334//4229
f 4342//4237 4334//4229 4335//4230
f 4342//4237 4336//4231 4343//4238
f 4343//4238 4337//4232 4344//4239
f 4344//4239 4303//4198 4345//4240
f 4347//4242 4338//4233 4339//4234
f 4348//4243 4339//4234 4340//4235
f 4349//4244 4340//4235 4341//4236
f 4350//4245 4341//4236 4342//4237
f 4351//4246 4342//4237 4343//4238
f 4352//4247 4343//4238 4344//4239
f 4352//4247 4345//4240 4288//4183
f 4354//4249 4346//4241 4347//4242
f 4355//4250 4347//4242 4348//4243
f 4356//4251 4348//4243 4349//4244
f 4357//4252 4349//4244 4350//4245
f 4358//4253 4350//4245 4351//4246
f 4359//4254 4351//4246 4352//4247
f 4360//4255 4352//4247 4288//4183
f 4362//4257 4353//4248 4354//4249
f 4363//4258 4354//4249 4355//4250
f 4364//4259 4355//4250 4356//4251
f 4365//4260 4356//4251 4357//4252
f 4366//4261 4357//4252 4358//4253
f 4367//4262 4358//4253 4359//4254
f 4368//4263 4359//4254 4360//4255
f 4370//4265 4361//4256 4362//4257
f 4371//4266 4362//4257 4363//4258
f 4372//4267 4363//4258 4364//4259
f 4373//4268 4364//4259 4365//4260
f 4374//4269 4365//4260 4366//4261
f 4375//4270 4366//4261 4367//4262
f 4273//4168 4367//4262 4368//4263
f 4377//4272 4379//4274 4378//4273
f 4380//4275 4378//4273 4381//4276
f 4382//4277 4381//4276 4383//4278
f 4384//4279 4383//4278 4646//4541
f 4385//4280 4646//4541 4386//4281
f 4387//4282 4386//4281 4388//4283
f 4320//4215 4388//4283 4322//4217
f 4390//4285 4376//4271 4377//4272
f 4391//4286 4377//4272 4380//4275
f 4392//4287 4380//4275 4382//4277
f 4393//4288 4382//4277 4384//4279
f 4394//4289 4384//4279 4385//4280
f 4395//4290 4385//4280 4387//4282
f 4331//4226 4387//4282 4320//4215
f 4397//4292 4389//4284 4390//4285
f 4398//4293 4390//4285 4391//4286
f 4399//4294 4391//4286 4392//4287
f 4400//4295 4392//4287 4393//4288
f 4401//4296 4393//4288 4394//4289
f 4402//4297 4394//4289 4395//4290
f 4338//4233 4395//4290 4331//4226
f 4404//4299 4396//4291 4397//4292
f 4405//4300 4397//4292 4398//4293
f 4406//4301 4398//4293 4399//4294
f 4407//4302 4399//4294 4400//4295
f 4408//4303 4400//4295 4401//4296
f 4409//4304 4401//4296 4402//4297
f 4346//4241 4402//4297 4338//4233
f 4411//4306 4403//4298 4404//4299
f 4412//4307 4404//4299 4405//4300
f 4413//4308 4405//4300 4406//4301
f 4414//4309 4406//4301 4407//4302
f 4415//4310 4407//4302 4408//4303
f 4416//4311 4408//4303 4409//4304
f 4353//4248 4409//4304 4346//4241
f 4418//4313 4410//4305 4411//4306
f 4419//4314 4411//4306 4412//4307
f 4420//4315 4412//4307 4413//4308
f 4421//4316 4413//4308 4414//4309
f 4422//4317 4414//4309 4415//4310
f 4423//4318 4415//4310 4416//4311
f 4361//4256 4416//4311 4353//4248
f 4424//4319 4313//4208 4425//4320
f 4425//4320 4314//4209 4426//4321
f 4426//4321 4315//4210 4427//4322
f 4427//4322 4316//4211 4428//4323
f 4428//4323 4317//4212 4429//4324
f 4429//4324 4318//4213 4430//4325
f 4430//4325 4319//4214 4431//4326
f 4432//4327 4425//4320 4433//4328
f 4433//4328 4426//4321 4434//4329
f 4434//4329 4427//4322 4435//4330
f 4435//4330 4428//4323 4436//4331
f 4436//4331 4429//4324 4437//4332
f 4437//4332 4430//4325 4438//4333
f 4438//4333 4431//4326 4439//4334
f 4440//4335 4433//4328 4441//4336
f 4441//4336 4434//4329 4442//4337
f 4442//4337 4435//4330 4443//4338
f 4443//4338 4436//4331 4444//4339
f 4444//4339 4437//4332 4445//4340
f 4445//4340 4438//4333 4446//4341
f 4447//4342 4438//4333 4439//4334
f 4448//4343 4441//4336 4449//4344
f 4449//4344 4442//4337 4450//4345
f 4450//4345 4443//4338 4451//4346
f 4451//4346 4444//4339 4452//4347
f 4452//4347 4445//4340 4453//4348
f 4453//4348 4446//4341 4454//4349
f 4455//4350 4446//4341 4447//4342
f 4456//4351 4449//4344 4457//4352
f 4457//4352 4450//4345 4458//4353
f 4458//4353 4451//4346 4459//4354
f 4459//4354 4452//4347 4460//4355
f 4460//4355 4453//4348 4461//4356
f 4461//4356 4454//4349 4462//4357
f 4462//4357 4455//4350 4463//4358
f 4464//4359 4457//4352 4465//4360
f 4466//4361 4457//4352 4458//4353
f 4467//4362 4458//4353 4459//4354
f 4468//4363 4459//4354 4460//4355
f 4468//4363 4461//4356 4469//4364
f 4469//4364 4462//4357 4470//4365
f 4470//4365 4463//4358 4471//4366
f 4112//4007 4464//4359 4465//4360
f 4121//4016 4465//4360 4466//4361
f 4129//4024 4466//4361 4467//4362
f 4137//4032 4467//4362 4468//4363
f 4137//4032 4469//4364 4145//4040
f 4145//4040 4470//4365 4153//4048
f 4153//4048 4471//4366 4161//4056
f 4472//4367 4261//4156 4473//4368
f 4473//4368 4274//4169 4474//4369
f 4474//4369 4281//4176 4475//4370
f 4475//4370 4289//4184 4476//4371
f 4477//4372 4289//4184 4296//4191
f 4478//4373 4296//4191 4304//4199
f 4424//4319 4304//4199 4312//4207
f 4479//4374 4473//4368 4480//4375
f 4480//4375 4474//4369 4481//4376
f 4481//4376 4475//4370 4482//4377
f 4482//4377 4476//4371 4483//4378
f 4484//4379 4476//4371 4477//4372
f 4485//4380 4477//4372 4478//4373
f 4485//4380 4424//4319 4432//4327
f 4486//4381 4480//4375 4487//4382
f 4487//4382 4481//4376 4488//4383
f 4488//4383 4482//4377 4489//4384
f 4489//4384 4483//4378 4490//4385
f 4490//4385 4484//4379 4491//4386
f 4491//4386 4485//4380 4492//4387
f 4492//4387 4432//4327 4440//4335
f 4493//4388 4487//4382 4494//4389
f 4494//4389 4488//4383 4495//4390
f 4495//4390 4489//4384 4496//4391
f 4496//4391 4490//4385 4497//4392
f 4497//4392 4491//4386 4498//4393
f 4498//4393 4492//4387 4499//4394
f 4499//4394 4440//4335 4448//4343
f 4500//4395 4494//4389 4501//4396
f 4502//4397 4494//4389 4495//4390
f 4503//4398 4495//4390 4496//4391
f 4503//4398 4497//4392 4504//4399
f 4504//4399 4498//4393 4505//4400
f 4505//4400 4499//4394 4506//4401
f 4506//4401 4448//4343 4456//4351
f 4508//4403 4500//4395 4501//4396
f 4509//4404 4501//4396 4502//4397
f 4510//4405 4502//4397 4503//4398
f 4510//4405 4504//4399 4511//4406
f 4511//4406 4505//4400 4512//4407
f 4512//4407 4506//4401 4513//4408
f 4513//4408 4456//4351 4464//4359
f 4100//3995 4507//4402 4508//4403
f 4103//3998 4508//4403 4509//4404
f 4105//4000 4509//4404 4510//4405
f 4105//4000 4511//4406 4107//4002
f 4107//4002 4512//4407 4109//4004
f 4109//4004 4513//4408 4111//4006
f 4111//4006 4464//4359 4113//4008
f 4515//4410 4273//4168 4272//4167
f 4516//4411 4272//4167 4517//4412
f 4518//4413 4517//4412 4269//4164
f 4519//4414 4269//4164 4520//4415
f 4521//4416 4520//4415 4266//4161
f 4522//4417 4266//4161 4263//4158
f 4472//4367 4263//4158 4264//4159
f 4524//4419 4514//4409 4515//4410
f 4525//4420 4515//4410 4516//4411
f 4526//4421 4516//4411 4518//4413
f 4527//4422 4518//4413 4519//4414
f 4528//4423 4519//4414 4521//4416
f 4529//4424 4521//4416 4522//4417
f 4479//4374 4522//4417 4472//4367
f 4531//4426 4523//4418 4524//4419
f 4532//4427 4524//4419 4525//4420
f 4533//4428 4525//4420 4526//4421
f 4534//4429 4526//4421 4527//4422
f 4535//4430 4527//4422 4528//4423
f 4536//4431 4528//4423 4529//4424
f 4536//4431 4479//4374 4486//4381
f 4537//4432 4531//4426 4538//4433
f 4538//4433 4532//4427 4539//4434
f 4539//4434 4533//4428 4540//4435
f 4540//4435 4534//4429 4541//4436
f 4541//4436 4535//4430 4542//4437
f 4542//4437 4536//4431 4543//4438
f 4543//4438 4486//4381 4493//4388
f 4544//4439 4538//4433 4545//4440
f 4545//4440 4539//4434 4546//4441
f 4546//4441 4540//4435 4547//4442
f 4547//4442 4541//4436 4548//4443
f 4548//4443 4542//4437 4549//4444
f 4549//4444 4543//4438 4550//4445
f 4550//4445 4493//4388 4500//4395
f 4551//4446 4545//4440 4552//4447
f 4552//4447 4546//4441 4553//4448
f 4553//4448 4547//4442 4554//4449
f 4554//4449 4548//4443 4555//4450
f 4555//4450 4549//4444 4556//4451
f 4556//4451 4550//4445 4557//4452
f 4557//4452 4500//4395 4507//4402
f 4154//4049 4552//4447 4146//4041
f 4146//4041 4553//4448 4138//4033
f 4138//4033 4554//4449 4130//4025
f 4130//4025 4555//4450 4122//4017
f 4122//4017 4556//4451 4114//4009
f 4114//4009 4557//4452 4098//3993
f 4098//3993 4507//4402 4101//3996
f 4559//4454 4369//4264 4370//4265
f 4560//4455 4370//4265 4371//4266
f 4561//4456 4371//4266 4372//4267
f 4562//4457 4372//4267 4373//4268
f 4563//4458 4373//4268 4374//4269
f 4564//4459 4374//4269 4375//4270
f 4514//4409 4375//4270 4273//4168
f 4566//4461 4558//4453 4559//4454
f 4567//4462 4559//4454 4560//4455
f 4568//4463 4560//4455 4561//4456
f 4569//4464 4561//4456 4562//4457
f 4570//4465 4562//4457 4563//4458
f 4571//4466 4563//4458 4564//4459
f 4523//4418 4564//4459 4514//4409
f 4573//4468 4565//4460 4566//4461
f 4574//4469 4566//4461 4567//4462
f 4575//4470 4567//4462 4568//4463
f 4576//4471 4568//4463 4569//4464
f 4577//4472 4569//4464 4570//4465
f 4578//4473 4570//4465 4571//4466
f 4530//4425 4571//4466 4523//4418
f 4580//4475 4572//4467 4573//4468
f 4581//4476 4573//4468 4574//4469
f 4582//4477 4574//4469 4575//4470
f 4582//4477 4576//4471 4583//4478
f 4583//4478 4577//4472 4584//4479
f 4584//4479 4578//4473 4585//4480
f 4585//4480 4530//4425 4537//4432
f 4587//4482 4579//4474 4580//4475
f 4588//4483 4580//4475 4581//4476
f 4588//4483 4582//4477 4589//4484
f 4589//4484 4583//4478 4590//4485
f 4590//4485 4584//4479 4591//4486
f 4591//4486 4585//4480 4592//4487
f 4592//4487 4537//4432 4544//4439
f 4594//4489 4586//4481 4587//4482
f 4595//4490 4587//4482 4588//4483
f 4596//4491 4588//4483 4589//4484
f 4596//4491 4590//4485 4597//4492
f 4597//4492 4591//4486 4598//4493
f 4598//4493 4592//4487 4599//4494
f 4599//4494 4544//4439 4551//4446
f 4164//4059 4593//4488 4594//4489
f 4167//4062 4594//4489 4595//4490
f 4169//4064 4595//4490 4596//4491
f 4171//4066 4596//4491 4597//4492
f 4173//4068 4597//4492 4598//4493
f 4173//4068 4599//4494 4175//4070
f 4175//4070 4551//4446 4154//4049
f 4600//4495 4376//4271 4601//4496
f 4601//4496 4389//4284 4602//4497
f 4602//4497 4396//4291 4603//4498
f 4603//4498 4403//4298 4604//4499
f 4604//4499 4410//4305 4605//4500
f 4605//4500 4417//4312 4606//4501
f 4606//4501 4369//4264 4558//4453
f 4607//4502 4601//4496 4608//4503
f 4608//4503 4602//4497 4609//4504
f 4609//4504 4603//4498 4610//4505
f 4610//4505 4604//4499 4611//4506
f 4611//4506 4605//4500 4612//4507
f 4612//4507 4606//4501 4613//4508
f 4613//4508 4558//4453 4565//4460
f 4614//4509 4608//4503 4615//4510
f 4615//4510 4609//4504 4616//4511
f 4616//4511 4610//4505 4617//4512
f 4617//4512 4611//4506 4618//4513
f 4618//4513 4612//4507 4619//4514
f 4619//4514 4613//4508 4620//4515
f 4620//4515 4565//4460 4572//4467
f 4622//4517 4614//4509 4615//4510
f 4622//4517 4616//4511 4623//4518
f 4623//4518 4617//4512 4624//4519
f 4624//4519 4618//4513 4625//4520
f 4625//4520 4619//4514 4626//4521
f 4626//4521 4620//4515 4627//4522
f 4627//4522 4572//4467 4579//4474
f 4629//4524 4621//4516 4622//4517
f 4630//4525 4622//4517 4623//4518
f 4631//4526 4623//4518 4624//4519
f 4632//4527 4624//4519 4625//4520
f 4633//4528 4625//4520 4626//4521
f 4634//4529 4626//4521 4627//4522
f 4586//4481 4627//4522 4579//4474
f 4636//4531 4628//4523 4629//4524
f 4637//4532 4629//4524 4630//4525
f 4638//4533 4630//4525 4631//4526
f 4639//4534 4631//4526 4632//4527
f 4640//4535 4632//4527 4633//4528
f 4641//4536 4633//4528 4634//4529
f 4593//4488 4634//4529 4586//4481
f 4215//4110 4635//4530 4636//4531
f 4218//4113 4636//4531 4637//4532
f 4220//4115 4637//4532 4638//4533
f 4222//4117 4638//4533 4639//4534
f 4224//4119 4639//4534 4640//4535
f 4226//4121 4640//4535 4641//4536
f 4165//4060 4641//4536 4593//4488
f 4643//4538 4322//4217 4388//4283
f 4644//4539 4388//4283 4386//4281
f 4645//4540 4386//4281 4646//4541
f 4647//4542 4646//4541 4383//4278
f 4648//4543 4383//4278 4381//4276
f 4649//4544 4381//4276 4378//4273
f 4600//4495 4378//4273 4379//4274
f 4651//4546 4642//4537 4643//4538
f 4652//4547 4643//4538 4644//4539
f 4653//4548 4644//4539 4645//4540
f 4654//4549 4645//4540 4647//4542
f 4655//4550 4647//4542 4648//4543
f 4656//4551 4648//4543 4649//4544
f 4607//4502 4649//4544 4600//4495
f 4658//4553 4650//4545 4651//4546
f 4659//4554 4651//4546 4652//4547
f 4660//4555 4652//4547 4653//4548
f 4661//4556 4653//4548 4654//4549
f 4662//4557 4654//4549 4655//4550
f 4663//4558 4655//4550 4656//4551
f 4614//4509 4656//4551 4607//4502
f 4665//4560 4657//4552 4658//4553
f 4666//4561 4658//4553 4659//4554
f 4667//4562 4659//4554 4660//4555
f 4668//4563 4660//4555 4661//4556
f 4669//4564 4661//4556 4662//4557
f 4670//4565 4662//4557 4663//4558
f 4621//4516 4663//4558 4614//4509
f 4671//4566 4665//4560 4672//4567
f 4672//4567 4666//4561 4673//4568
f 4673//4568 4667//4562 4674//4569
f 4674//4569 4668//4563 4675//4570
f 4675//4570 4669//4564 4676//4571
f 4676//4571 4670//4565 4677//4572
f 4677//4572 4621//4516 4628//4523
f 4678//4573 4672//4567 4679//4574
f 4679//4574 4673//4568 4680//4575
f 4680//4575 4674//4569 4681//4576
f 4681//4576 4675//4570 4682//4577
f 4682//4577 4676//4571 4683//4578
f 4683//4578 4677//4572 4684//4579
f 4684//4579 4628//4523 4635//4530
f 4211//4106 4679//4574 4254//4149
f 4254//4149 4680//4575 4685//4580
f 4685//4580 4681//4576 4241//4136
f 4241//4136 4682//4577 4234//4129
f 4234//4129 4683//4578 4227//4122
f 4227//4122 4684//4579 4213//4108
f 4213//4108 4635//4530 4216//4111
f 4431//4326 4330//4225 4686//4581
f 4687//4582 4330//4225 4688//4583
f 4689//4584 4688//4583 4327//4222
f 4690//4585 4327//4222 4325//4220
f 4691//4586 4325//4220 4692//4587
f 4693//4588 4692//4587 4694//4589
f 4642//4537 4694//4589 4322//4217
f 4695//4590 4431//4326 4686//4581
f 4696//4591 4686//4581 4687//4582
f 4697//4592 4687//4582 4689//4584
f 4698//4593 4689//4584 4690//4585
f 4699//4594 4690//4585 4691//4586
f 4700//4595 4691//4586 4693//4588
f 4650//4545 4693//4588 4642//4537
f 4701//4596 4439//4334 4695//4590
f 4702//4597 4695//4590 4696//4591
f 4703//4598 4696//4591 4697//4592
f 4704//4599 4697//4592 4698//4593
f 4705//4600 4698//4593 4699//4594
f 4706//4601 4699//4594 4700//4595
f 4657//4552 4700//4595 4650//4545
f 4707//4602 4447//4342 4701//4596
f 4708//4603 4701//4596 4702//4597
f 4709//4604 4702//4597 4703//4598
f 4710//4605 4703//4598 4704//4599
f 4711//4606 4704//4599 4705//4600
f 4712//4607 4705//4600 4706//4601
f 4664//4559 4706//4601 4657//4552
f 4713//4608 4455//4350 4707//4602
f 4714//4609 4707//4602 4708//4603
f 4715//4610 4708//4603 4709//4604
f 4715//4610 4710//4605 4716//4611
f 4716//4611 4711//4606 4717//4612
f 4717//4612 4712//4607 4718//4613
f 4718//4613 4664//4559 4671//4566
f 4471//4366 4713//4608 4719//4614
f 4719//4614 4714//4609 4720//4615
f 4720//4615 4715//4610 4721//4616
f 4721//4616 4716//4611 4722//4617
f 4722//4617 4717//4612 4723//4618
f 4723//4618 4718//4613 4724//4619
f 4724//4619 4671//4566 4678//4573
f 4161//4056 4719//4614 4725//4620
f 4725//4620 4720//4615 4726//4621
f 4726//4621 4721//4616 4727//4622
f 4727//4622 4722//4617 4728//4623
f 4728//4623 4723//4618 4212//4107
f 4212//4107 4724//4619 4729//4624
f 4729//4624 4678//4573 4211//4106
f 4731//4626 4732//4627 4733//4628
f 4734//4629 4735//4630 4732//4627
f 4734//4629 4736//4631 4737//4632
f 4738//4633 4739//4634 4737//4632
f 4740//4635 4741//4636 4739//4634
f 4742//4637 4743//4638 4741//4636
f 4742//4637 4744//4639 4745//4640
f 4747//4642 4731//4626 4730//4625
f 4748//4643 4734//4629 4731//4626
f 4748//4643 4749//4644 4736//4631
f 4749//4644 4750//4645 4738//4633
f 4750//4645 4751//4646 4740//4635
f 4751//4646 4752//4647 4742//4637
f 4753//4648 4744//4639 4742//4637
f 4755//4650 4747//4642 4746//4641
f 4756//4651 4748//4643 4747//4642
f 4756//4651 4757//4652 4749//4644
f 4757//4652 4758//4653 4750//4645
f 4758//4653 4759//4654 4751//4646
f 4759//4654 4760//4655 4752//4647
f 4761//4656 4753//4648 4752//4647
f 4763//4658 4755//4650 4754//4649
f 4764//4659 4756//4651 4755//4650
f 4764//4659 4765//4660 4757//4652
f 4765//4660 4766//4661 4758//4653
f 4766//4661 4767//4662 4759//4654
f 4767//4662 4768//4663 4760//4655
f 4769//4664 4761//4656 4760//4655
f 4771//4666 4763//4658 4762//4657
f 4772//4667 4764//4659 4763//4658
f 4772//4667 4773//4668 4765//4660
f 4773//4668 4774//4669 4766//4661
f 4774//4669 4775//4670 4767//4662
f 4776//4671 4768//4663 4767//4662
f 4777//4672 4769//4664 4768//4663
f 4779//4674 4771//4666 4770//4665
f 4780//4675 4772//4667 4771//4666
f 4780//4675 4781//4676 4773//4668
f 4781//4676 4782//4677 4774//4669
f 4782//4677 4783//4678 4775//4670
f 4784//4679 4776//4671 4775//4670
f 4785//4680 4777//4672 4776//4671
f 4787//4682 4779//4674 4778//4673
f 4787//4682 4788//4683 4780//4675
f 4788//4683 4789//4684 4781//4676
f 4789//4684 4790//4685 4782//4677
f 4790//4685 4791//4686 4783//4678
f 4792//4687 4784//4679 4783//4678
f 4793//4688 4785//4680 4784//4679
f 4795//4690 4796//4691 4797//4692
f 4798//4693 4799//4694 4796//4691
f 4800//4695 4801//4696 4799//4694
f 4802//4697 4803//4698 4801//4696
f 4804//4699 4805//4700 4803//4698
f 4806//4701 4807//4702 4805//4700
f 4787//4682 4786//4681 4807//4702
f 4809//4704 4795//4690 4794//4689
f 4810//4705 4798//4693 4795//4690
f 4811//4706 4800//4695 4798//4693
f 4812//4707 4802//4697 4800//4695
f 4813//4708 4804//4699 4802//4697
f 4814//4709 4806//4701 4804//4699
f 4788//4683 4787//4682 4806//4701
f 4815//4710 4816//4711 4809//4704
f 4816//4711 4817//4712 4810//4705
f 4817//4712 4818//4713 4811//4706
f 4818//4713 4819//4714 4812//4707
f 4819//4714 4820//4715 4813//4708
f 4820//4715 4821//4716 4814//4709
f 4789//4684 4788//4683 4814//4709
f 4822//4717 4823//4718 4816//4711
f 4823//4718 4824//4719 4817//4712
f 4824//4719 4825//4720 4818//4713
f 4825//4720 4826//4721 4819//4714
f 4826//4721 4827//4722 4820//4715
f 4827//4722 4828//4723 4821//4716
f 4828//4723 4790//4685 4789//4684
f 4829//4724 4830//4725 4823//4718
f 4830//4725 4831//4726 4824//4719
f 4831//4726 4832//4727 4825//4720
f 4832//4727 4833//4728 4826//4721
f 4833//4728 4834//4729 4827//4722
f 4834//4729 4835//4730 4828//4723
f 4835//4730 4791//4686 4790//4685
f 4836//4731 4837//4732 4830//4725
f 4837//4732 4838//4733 4831//4726
f 4838//4733 4839//4734 4832//4727
f 4839//4734 4840//4735 4833//4728
f 4840//4735 4841//4736 4834//4729
f 4841//4736 4842//4737 4835//4730
f 4842//4737 4792//4687 4791//4686
f 4843//4738 5361//5255 4837//4732
f 5361//5255 4844//4739 4838//4733
f 4844//4739 4845//4740 4839//4734
f 4845//4740 5360//5254 4840//4735
f 5360//5254 5359//5253 4841//4736
f 5359//5253 5358//5252 4842//4737
f 5358//5252 4793//4688 4792//4687
f 4847//4742 4848//4743 4849//4744
f 4850//4745 4851//4746 4848//4743
f 4852//4747 4853//4748 4851//4746
f 4854//4749 4855//4750 4853//4748
f 4856//4751 4857//4752 4855//4750
f 4858//4753 4859//4754 4857//4752
f 4794//4689 4797//4692 4859//4754
f 4860//4755 4861//4756 4847//4742
f 4862//4757 4850//4745 4847//4742
f 4863//4758 4852//4747 4850//4745
f 4864//4759 4854//4749 4852//4747
f 4865//4760 4856//4751 4854//4749
f 4866//4761 4858//4753 4856//4751
f 4808//4703 4794//4689 4858//4753
f 5318//5212 4867//4762 4861//4756
f 4868//4763 4862//4757 4861//4756
f 4869//4764 4863//4758 4862//4757
f 4870//4765 4864//4759 4863//4758
f 4871//4766 4865//4760 4864//4759
f 4872//4767 4866//4761 4865//4760
f 4872//4767 4815//4710 4808//4703
f 4873//4768 4867//4762 5318//5212
f 4874//4769 4868//4763 4867//4762
f 4875//4770 4869//4764 4868//4763
f 4876//4771 4870//4765 4869//4764
f 4876//4771 4877//4772 4871//4766
f 4877//4772 4878//4773 4872//4767
f 4878//4773 4822//4717 4815//4710
f 4879//4774 4873//4768 5317//5211
f 4880//4775 4874//4769 4873//4768
f 4881//4776 4875//4770 4874//4769
f 4882//4777 4876//4771 4875//4770
f 4882//4777 4883//4778 4877//4772
f 4883//4778 4884//4779 4878//4773
f 4884//4779 4829//4724 4822//4717
f 4886//4781 4879//4774 5316//5210
f 4887//4782 4880//4775 4879//4774
f 4888//4783 4881//4776 4880//4775
f 4889//4784 4882//4777 4881//4776
f 4889//4784 4890//4785 4883//4778
f 4890//4785 4891//4786 4884//4779
f 4891//4786 4836//4731 4829//4724
f 4893//4788 4894//4789 4895//4790
f 4896//4791 4897//4792 4894//4789
f 4898//4793 4899//4794 4897//4792
f 4900//4795 5150//5044 4899//4794
f 4901//4796 5148//5042 5150//5044
f 4902//4797 4903//4798 5148//5042
f 4999//4894 4904//4799 4903//4798
f 4906//4801 4893//4788 4892//4787
f 4907//4802 4896//4791 4893//4788
f 4908//4803 4898//4793 4896//4791
f 4909//4804 4900//4795 4898//4793
f 4910//4805 4901//4796 4900//4795
f 4911//4806 4902//4797 4901//4796
f 4912//4807 4999//4894 4902//4797
f 4914//4809 4906//4801 4905//4800
f 4915//4810 4907//4802 4906//4801
f 4916//4811 4908//4803 4907//4802
f 4917//4812 4909//4804 4908//4803
f 4918//4813 4910//4805 4909//4804
f 4919//4814 4911//4806 4910//4805
f 4920//4815 4912//4807 4911//4806
f 4922//4817 4914//4809 4913//4808
f 4923//4818 4915//4810 4914//4809
f 4924//4819 4916//4811 4915//4810
f 4925//4820 4917//4812 4916//4811
f 4926//4821 4918//4813 4917//4812
f 4927//4822 4919//4814 4918//4813
f 4927//4822 4928//4823 4920//4815
f 4930//4825 4922//4817 4921//4816
f 4931//4826 4923//4818 4922//4817
f 4932//4827 4924//4819 4923//4818
f 4932//4827 4933//4828 4925//4820
f 4933//4828 4934//4829 4926//4821
f 4934//4829 4935//4830 4927//4822
f 4935//4830 4936//4831 4928//4823
f 4938//4833 4930//4825 4929//4824
f 4938//4833 4939//4834 4931//4826
f 4939//4834 4940//4835 4932//4827
f 4940//4835 4941//4836 4933//4828
f 4941//4836 4942//4837 4934//4829
f 4942//4837 4943//4838 4935//4830
f 4943//4838 4944//4839 4936//4831
f 4945//4840 4946//4841 4938//4833
f 4946//4841 4947//4842 4939//4834
f 4947//4842 4948//4843 4940//4835
f 4948//4843 4949//4844 4941//4836
f 4949//4844 4950//4845 4942//4837
f 4950//4845 4951//4846 4943//4838
f 4951//4846 4952//4847 4944//4839
f 4954//4849 4955//4850 4956//4851
f 4957//4852 5326//5220 4955//4850
f 4958//4853 4959//4854 5326//5220
f 4960//4855 4961//4856 4959//4854
f 4962//4857 5322//5216 4961//4856
f 4962//4857 4963//4858 5320//5214
f 4963//4858 4944//4839 4952//4847
f 4965//4860 4954//4849 4953//4848
f 4966//4861 4957//4852 4954//4849
f 4967//4862 4958//4853 4957//4852
f 4968//4863 4960//4855 4958//4853
f 4968//4863 4969//4864 4962//4857
f 4969//4864 4970//4865 4963//4858
f 4970//4865 4936//4831 4944//4839
f 4972//4867 4965//4860 4964//4859
f 4973//4868 4966//4861 4965//4860
f 4974//4869 4967//4862 4966//4861
f 4975//4870 4968//4863 4967//4862
f 4975//4870 4976//4871 4969//4864
f 4976//4871 4977//4872 4970//4865
f 4977//4872 4928//4823 4936//4831
f 4979//4874 4972//4867 4971//4866
f 4980//4875 4973//4868 4972//4867
f 4981//4876 4974//4869 4973//4868
f 4982//4877 4975//4870 4974//4869
f 4983//4878 4976//4871 4975//4870
f 4984//4879 4977//4872 4976//4871
f 4984//4879 4920//4815 4928//4823
f 4986//4881 4979//4874 4978//4873
f 4987//4882 4980//4875 4979//4874
f 4988//4883 4981//4876 4980//4875
f 4989//4884 4982//4877 4981//4876
f 4990//4885 4983//4878 4982//4877
f 4991//4886 4984//4879 4983//4878
f 4912//4807 4920//4815 4984//4879
f 4993//4888 4986//4881 4985//4880
f 4994//4889 4987//4882 4986//4881
f 4995//4890 4988//4883 4987//4882
f 4996//4891 4989//4884 4988//4883
f 4997//4892 4990//4885 4989//4884
f 4998//4893 4991//4886 4990//4885
f 4999//4894 4912//4807 4991//4886
f 5001//4896 4993//4888 4992//4887
f 5002//4897 4994//4889 4993//4888
f 5003//4898 4995//4890 4994//4889
f 5004//4899 4996//4891 4995//4890
f 5005//4900 4997//4892 4996//4891
f 5006//4901 4998//4893 4997//4892
f 4904//4799 4999//4894 4998//4893
f 5008//4903 5009//4904 5010//4905
f 5011//4906 5012//4907 5009//4904
f 5013//4908 5014//4909 5012//4907
f 5015//4910 5277//5171 5014//4909
f 5016//4911 5017//4912 5277//5171
f 5018//4913 5019//4914 5017//4912
f 4953//4848 4956//4851 5019//4914
f 5021//4916 5008//4903 5007//4902
f 5022//4917 5011//4906 5008//4903
f 5023//4918 5013//4908 5011//4906
f 5024//4919 5015//4910 5013//4908
f 5025//4920 5016//4911 5015//4910
f 5026//4921 5018//4913 5016//4911
f 4964//4859 4953//4848 5018//4913
f 5028//4923 5021//4916 5020//4915
f 5029//4924 5022//4917 5021//4916
f 5030//4925 5023//4918 5022//4917
f 5031//4926 5024//4919 5023//4918
f 5032//4927 5025//4920 5024//4919
f 5033//4928 5026//4921 5025//4920
f 4971//4866 4964//4859 5026//4921
f 5035//4930 5028//4923 5027//4922
f 5036//4931 5029//4924 5028//4923
f 5037//4932 5030//4925 5029//4924
f 5038//4933 5031//4926 5030//4925
f 5039//4934 5032//4927 5031//4926
f 5040//4935 5033//4928 5032//4927
f 4978//4873 4971//4866 5033//4928
f 5042//4937 5035//4930 5034//4929
f 5043//4938 5036//4931 5035//4930
f 5044//4308 5037//4932 5036//4931
f 5045//4939 5038//4933 5037//4932
f 5046//4940 5039//4934 5038//4933
f 5047//4941 5040//4935 5039//4934
f 4985//4880 4978//4873 5040//4935
f 5049//4943 5042//4937 5041//4936
f 5050//4944 5043//4938 5042//4937
f 5051//4945 5044//4308 5043//4938
f 5052//4946 5045//4939 5044//4308
f 5053//4947 5046//4940 5045//4939
f 5054//4948 5047//4941 5046//4940
f 4992//4887 4985//4880 5047//4941
f 5055//4949 5056//4950 4946//4841
f 5056//4950 5057//4951 4947//4842
f 5057//4951 5058//4952 4948//4843
f 5058//4952 5059//4953 4949//4844
f 5059//4953 5060//4954 4950//4845
f 5060//4954 5061//4955 4951//4846
f 5061//4955 5062//4956 4952//4847
f 5063//4957 5064//4958 5056//4950
f 5064//4958 5065//4959 5057//4951
f 5065//4959 5066//4960 5058//4952
f 5066//4960 5067//4961 5059//4953
f 5067//4961 5068//4962 5060//4954
f 5068//4962 5069//4963 5061//4955
f 5069//4963 5070//4964 5062//4956
f 5071//4965 5072//4966 5064//4958
f 5072//4966 5073//4967 5065//4959
f 5073//4967 5074//4968 5066//4960
f 5074//4968 5075//4969 5067//4961
f 5075//4969 5076//4970 5068//4962
f 5076//4970 5077//4971 5069//4963
f 5078//4972 5070//4964 5069//4963
f 5079//4973 5080//4974 5072//4966
f 5080//4974 5081//4975 5073//4967
f 5081//4975 5082//4976 5074//4968
f 5082//4976 5083//4977 5075//4969
f 5083//4977 5084//4978 5076//4970
f 5084//4978 5085//4979 5077//4971
f 5086//4980 5078//4972 5077//4971
f 5087//4981 5088//4982 5080//4974
f 5088//4982 5089//4983 5081//4975
f 5089//4983 5090//4984 5082//4976
f 5090//4984 5091//4985 5083//4977
f 5091//4985 5092//4986 5084//4978
f 5092//4986 5093//4987 5085//4979
f 5093//4987 5094//4988 5086//4980
f 5095//4989 5096//4990 5088//4982
f 5097//4991 5089//4983 5088//4982
f 5098//4992 5090//4984 5089//4983
f 5099//4993 5091//4985 5090//4984
f 5099//4993 5100//4994 5092//4986
f 5100//4994 5101//4995 5093//4987
f 5101//4995 5102//4996 5094//4988
f 4744//4639 5096//4990 5095//4989
f 4753//4648 5097//4991 5096//4990
f 4761//4656 5098//4992 5097//4991
f 4769//4664 5099//4993 5098//4992
f 4769//4664 4777//4672 5100//4994
f 4777//4672 4785//4680 5101//4995
f 4785//4680 4793//4688 5102//4996
f 5103//4997 5104//4998 4892//4787
f 5104//4998 5105//4999 4905//4800
f 5105//4999 5106//5000 4913//4808
f 5106//5000 5107//5001 4921//4816
f 5108//5002 4929//4824 4921//4816
f 5109//5003 4937//4832 4929//4824
f 5055//4949 4945//4840 4937//4832
f 5110//5004 5111//5005 5104//4998
f 5111//5005 5112//5006 5105//4999
f 5112//5006 5113//5007 5106//5000
f 5113//5007 5114//5008 5107//5001
f 5115//5009 5108//5002 5107//5001
f 5116//5010 5109//5003 5108//5002
f 5116//5010 5063//4957 5055//4949
f 5117//5011 5118//5012 5111//5005
f 5118//5012 5119//5013 5112//5006
f 5119//5013 5120//5014 5113//5007
f 5120//5014 5121//5015 5114//5008
f 5121//5015 5122//5016 5115//5009
f 5122//5016 5123//5017 5116//5010
f 5123//5017 5071//4965 5063//4957
f 5124//5018 5125//5019 5118//5012
f 5125//5019 5126//5020 5119//5013
f 5126//5020 5127//5021 5120//5014
f 5127//5021 5128//5022 5121//5015
f 5128//5022 5129//5023 5122//5016
f 5129//5023 5130//5024 5123//5017
f 5130//5024 5079//4973 5071//4965
f 5131//5025 5132//5026 5125//5019
f 5133//5027 5126//5020 5125//5019
f 5134//5028 5127//5021 5126//5020
f 5134//5028 5135//5029 5128//5022
f 5135//5029 5136//5030 5129//5023
f 5136//5030 5137//5031 5130//5024
f 5137//5031 5087//4981 5079//4973
f 5139//5033 5132//5026 5131//5025
f 5140//5034 5133//5027 5132//5026
f 5141//5035 5134//5028 5133//5027
f 5141//5035 5142//5036 5135//5029
f 5142//5036 5143//5037 5136//5030
f 5143//5037 5144//5038 5137//5031
f 5144//5038 5095//4989 5087//4981
f 4732//4627 5139//5033 5138//5032
f 4735//4630 5140//5034 5139//5033
f 4737//4632 5141//5035 5140//5034
f 4737//4632 4739//4634 5142//5036
f 4739//4634 4741//4636 5143//5037
f 4741//4636 4743//4638 5144//5038
f 4743//4638 4745//4640 5095//4989
f 5146//5040 4903//4798 4904//4799
f 5147//5041 5148//5042 4903//4798
f 5149//5043 5150//5044 5148//5042
f 5151//5045 4899//4794 5150//5044
f 5152//5046 4897//4792 4899//4794
f 5153//5047 4894//4789 4897//4792
f 5103//4997 4895//4790 4894//4789
f 5155//5049 5146//5040 5145//5039
f 5156//5050 5147//5041 5146//5040
f 5157//5051 5149//5043 5147//5041
f 5158//5052 5151//5045 5149//5043
f 5159//5053 5152//5046 5151//5045
f 5160//5054 5153//5047 5152//5046
f 5110//5004 5103//4997 5153//5047
f 5162//5056 5155//5049 5154//5048
f 5163//5057 5156//5050 5155//5049
f 5164//5058 5157//5051 5156//5050
f 5165//5059 5158//5052 5157//5051
f 5166//5060 5159//5053 5158//5052
f 5167//5061 5160//5054 5159//5053
f 5167//5061 5117//5011 5110//5004
f 5168//5062 5169//5063 5162//5056
f 5169//5063 5170//5064 5163//5057
f 5170//5064 5171//5065 5164//5058
f 5171//5065 5172//5066 5165//5059
f 5172//5066 5173//5067 5166//5060
f 5173//5067 5174//5068 5167//5061
f 5174//5068 5124//5018 5117//5011
f 5175//5069 5176//5070 5169//5063
f 5176//5070 5177//5071 5170//5064
f 5177//5071 5178//5072 5171//5065
f 5178//5072 5179//5073 5172//5066
f 5179//5073 5180//5074 5173//5067
f 5180//5074 5181//5075 5174//5068
f 5181//5075 5131//5025 5124//5018
f 5182//5076 5183//5077 5176//5070
f 5183//5077 5184//5078 5177//5071
f 5184//5078 5185//5079 5178//5072
f 5185//5079 5186//5080 5179//5073
f 5186//5080 5187//5081 5180//5074
f 5187//5081 5188//5082 5181//5075
f 5188//5082 5138//5032 5131//5025
f 4786//4681 4778//4673 5183//5077
f 4778//4673 4770//4665 5184//5078
f 4770//4665 4762//4657 5185//5079
f 4762//4657 4754//4649 5186//5080
f 4754//4649 4746//4641 5187//5081
f 4746//4641 4730//4625 5188//5082
f 4730//4625 4733//4628 5138//5032
f 5190//5084 5001//4896 5000//4895
f 5191//5085 5002//4897 5001//4896
f 5192//5086 5003//4898 5002//4897
f 5193//5087 5004//4899 5003//4898
f 5194//5088 5005//4900 5004//4899
f 5195//5089 5006//4901 5005//4900
f 5145//5039 4904//4799 5006//4901
f 5197//5091 5190//5084 5189//5083
f 5198//5092 5191//5085 5190//5084
f 5199//5093 5192//5086 5191//5085
f 5200//5094 5193//5087 5192//5086
f 5201//5095 5194//5088 5193//5087
f 5202//5096 5195//5089 5194//5088
f 5154//5048 5145//5039 5195//5089
f 5204//5098 5197//5091 5196//5090
f 5205//5099 5198//5092 5197//5091
f 5206//5100 5199//5093 5198//5092
f 5207//5101 5200//5094 5199//5093
f 5208//5102 5201//5095 5200//5094
f 5209//5103 5202//5096 5201//5095
f 5161//5055 5154//5048 5202//5096
f 5211//5105 5204//5098 5203//5097
f 5212//5106 5205//5099 5204//5098
f 5213//5107 5206//5100 5205//5099
f 5213//5107 5214//5108 5207//5101
f 5214//5108 5215//5109 5208//5102
f 5215//5109 5216//5110 5209//5103
f 5216//5110 5168//5062 5161//5055
f 5218//5112 5211//5105 5210//5104
f 5219//5113 5212//5106 5211//5105
f 5219//5113 5220//5114 5213//5107
f 5220//5114 5221//5115 5214//5108
f 5221//5115 5222//5116 5215//5109
f 5222//5116 5223//5117 5216//5110
f 5223//5117 5175//5069 5168//5062
f 5225//5119 5218//5112 5217//5111
f 5226//5120 5219//5113 5218//5112
f 5227//5121 5220//5114 5219//5113
f 5227//5121 5228//5122 5221//5115
f 5228//5122 5229//5123 5222//5116
f 5229//5123 5230//5124 5223//5117
f 5230//5124 5182//5076 5175//5069
f 4796//4691 5225//5119 5224//5118
f 4799//4694 5226//5120 5225//5119
f 4801//4696 5227//5121 5226//5120
f 4803//4698 5228//5122 5227//5121
f 4805//4700 5229//5123 5228//5122
f 4805//4700 4807//4702 5230//5124
f 4807//4702 4786//4681 5182//5076
f 5231//5125 5232//5126 5007//4902
f 5232//5126 5233//5127 5020//4915
f 5233//5127 5234//5128 5027//4922
f 5234//5128 5235//5129 5034//4929
f 5235//5129 5236//5130 5041//4936
f 5236//5130 5237//5131 5048//4942
f 5237//5131 5189//5083 5000//4895
f 5238//5132 5239//5133 5232//5126
f 5239//5133 5240//5134 5233//5127
f 5240//5134 5241//5135 5234//5128
f 5241//5135 5242//5136 5235//5129
f 5242//5136 5243//5137 5236//5130
f 5243//5137 5244//5138 5237//5131
f 5244//5138 5196//5090 5189//5083
f 5245//5139 5246//5140 5239//5133
f 5246//5140 5247//5141 5240//5134
f 5247//5141 5248//5142 5241//5135
f 5248//5142 5249//5143 5242//5136
f 5249//5143 5250//5144 5243//5137
f 5250//5144 5251//5145 5244//5138
f 5251//5145 5203//5097 5196//5090
f 5253//5147 5246//5140 5245//5139
f 5253//5147 5254//5148 5247//5141
f 5254//5148 5255//5149 5248//5142
f 5255//5149 5256//5150 5249//5143
f 5256//5150 5257//5151 5250//5144
f 5257//5151 5258//5152 5251//5145
f 5258//5152 5210//5104 5203//5097
f 5260//5154 5253//5147 5252//5146
f 5261//5155 5254//5148 5253//5147
f 5262//5156 5255//5149 5254//5148
f 5263//5157 5256//5150 5255//5149
f 5264//5158 5257//5151 5256//5150
f 5265//5159 5258//5152 5257//5151
f 5217//5111 5210//5104 5258//5152
f 5267//5161 5260//5154 5259//5153
f 5268//5162 5261//5155 5260//5154
f 5269//5163 5262//5156 5261//5155
f 5270//5164 5263//5157 5262//5156
f 5271//5165 5264//5158 5263//5157
f 5272//5166 5265//5159 5264//5158
f 5224//5118 5217//5111 5265//5159
f 4848//4743 5267//5161 5266//5160
f 4851//4746 5268//5162 5267//5161
f 4853//4748 5269//5163 5268//5162
f 4855//4750 5270//5164 5269//5163
f 4857//4752 5271//5165 5270//5164
f 4859//4754 5272//5166 5271//5165
f 4797//4692 5224//5118 5272//5166
f 5274//5168 5019//4914 4956//4851
f 5275//5169 5017//4912 5019//4914
f 5276//5170 5277//5171 5017//4912
f 5278//5172 5014//4909 5277//5171
f 5279//5173 5012//4907 5014//4909
f 5280//5174 5009//4904 5012//4907
f 5231//5125 5010//4905 5009//4904
f 5282//5176 5274//5168 5273//5167
f 5283//5177 5275//5169 5274//5168
f 5284//5178 5276//5170 5275//5169
f 5285//5179 5278//5172 5276//5170
f 5286//5180 5279//5173 5278//5172
f 5287//5181 5280//5174 5279//5173
f 5238//5132 5231//5125 5280//5174
f 5289//5183 5282//5176 5281//5175
f 5290//5184 5283//5177 5282//5176
f 5291//5185 5284//5178 5283//5177
f 5292//5186 5285//5179 5284//5178
f 5293//5187 5286//5180 5285//5179
f 5294//5188 5287//5181 5286//5180
f 5245//5139 5238//5132 5287//5181
f 5296//5190 5289//5183 5288//5182
f 5297//5191 5290//5184 5289//5183
f 5298//5192 5291//5185 5290//5184
f 5299//5193 5292//5186 5291//5185
f 5300//5194 5293//5187 5292//5186
f 5301//5195 5294//5188 5293//5187
f 5252//5146 5245//5139 5294//5188
f 5302//5196 5303//5197 5296//5190
f 5303//5197 5304//5198 5297//5191
f 5304//5198 5305//5199 5298//5192
f 5305//5199 5306//5200 5299//5193
f 5306//5200 5307//5201 5300//5194
f 5307//5201 5308//5202 5301//5195
f 5308//5202 5259//5153 5252//5146
f 5309//5203 5310//5204 5303//5197
f 5310//5204 5311//5205 5304//5198
f 5311//5205 5312//5206 5305//5199
f 5312//5206 5313//5207 5306//5200
f 5313//5207 5314//5208 5307//5201
f 5314//5208 5315//5209 5308//5202
f 5315//5209 5266//5160 5259//5153
f 4843//4738 4885//4780 5310//5204
f 4885//4780 5316//5210 5311//5205
f 5316//5210 5317//5211 5312//5206
f 5317//5211 5318//5212 5313//5207
f 5318//5212 4860//4755 5314//5208
f 4860//4755 4846//4741 5315//5209
f 4846//4741 4849//4744 5266//5160
f 5062//4956 5319//5213 5320//5214
f 5321//5215 5322//5216 5320//5214
f 5323//5217 4961//4856 5322//5216
f 5324//5218 4959//4854 4961//4856
f 5325//5219 5326//5220 4959//4854
f 5327//5221 4955//4850 5326//5220
f 5273//5167 4956//4851 4955//4850
f 5328//5222 5319//5213 5062//4956
f 5329//5223 5321//5215 5319//5213
f 5330//5224 5323//5217 5321//5215
f 5331//5225 5324//5218 5323//5217
f 5332//5226 5325//5219 5324//5218
f 5333//5227 5327//5221 5325//5219
f 5281//5175 5273//5167 5327//5221
f 5334//5228 5328//5222 5070//4964
f 5335//5229 5329//5223 5328//5222
f 5336//5230 5330//5224 5329//5223
f 5337//5231 5331//5225 5330//5224
f 5338//5232 5332//5226 5331//5225
f 5339//5233 5333//5227 5332//5226
f 5288//5182 5281//5175 5333//5227
f 5340//5234 5334//5228 5078//4972
f 5341//5235 5335//5229 5334//5228
f 5342//5236 5336//5230 5335//5229
f 5343//5237 5337//5231 5336//5230
f 5344//5238 5338//5232 5337//5231
f 5345//5239 5339//5233 5338//5232
f 5295//5189 5288//5182 5339//5233
f 5346//5240 5340//5234 5086//4980
f 5347//5241 5341//5235 5340//5234
f 5348//5242 5342//5236 5341//5235
f 5348//5242 5349//5243 5343//5237
f 5349//5243 5350//5244 5344//5238
f 5350//5244 5351//5245 5345//5239
f 5351//5245 5302//5196 5295//5189
f 5102//4996 5352//5246 5346//5240
f 5352//5246 5353//5247 5347//5241
f 5353//5247 5354//5248 5348//5242
f 5354//5248 5355//5249 5349//5243
f 5355//5249 5356//5250 5350//5244
f 5356//5250 5357//5251 5351//5245
f 5357//5251 5309//5203 5302//5196
f 4793//4688 5358//5252 5352//5246
f 5358//5252 5359//5253 5353//5247
f 5359//5253 5360//5254 5354//5248
f 5360//5254 4845//4740 5355//5249
f 4845//4740 4844//4739 5356//5250
f 4844//4739 5361//5255 5357//5251
f 5361//5255 4843//4738 5309//5203
f 5363//5257 5365//5259 5364//5258
f 5366//5260 5364//5258 5367//5261
f 5368//5262 5367//5261 5369//5263
f 5370//5264 5369//5263 5371//5265
f 5372//5266 5371//5265 5373//5267
f 5374//5268 5373//5267 5375//5269
f 5376//5270 5375//5269 5377//5271
f 5379//5273 5362//5256 5363//5257
f 5380//5274 5363//5257 5366//5260
f 5381//5275 5366//5260 5368//5262
f 5382//5276 5368//5262 5370//5264
f 5383//5277 5370//5264 5372//5266
f 5384//5278 5372//5266 5374//5268
f 5384//5278 5376//5270 5385//5279
f 5387//5281 5378//5272 5379//5273
f 5388//5282 5379//5273 5380//5274
f 5389//5283 5380//5274 5381//5275
f 5390//5284 5381//5275 5382//5276
f 5391//5285 5382//5276 5383//5277
f 5391//5285 5384//5278 5392//5286
f 5392//5286 5385//5279 5393//5287
f 5395//5289 5386//5280 5387//5281
f 5396//5290 5387//5281 5388//5282
f 5397//5291 5388//5282 5389//5283
f 5398//5292 5389//5283 5390//5284
f 5399//5293 5390//5284 5391//5285
f 5399//5293 5392//5286 5400//5294
f 5400//5294 5393//5287 5401//5295
f 5403//5297 5394//5288 5395//5289
f 5404//5298 5395//5289 5396//5290
f 5405//5299 5396//5290 5397//5291
f 5406//5300 5397//5291 5398//5292
f 5406//5300 5399//5293 5407//5301
f 5407//5301 5400//5294 5408//5302
f 5408//5302 5401//5295 5409//5303
f 5411//5305 5402//5296 5403//5297
f 5412//5306 5403//5297 5404//5298
f 5413//5307 5404//5298 5405//5299
f 5414//5308 5405//5299 5406//5300
f 5414//5308 5407//5301 5415//5309
f 5415//5309 5408//5302 5416//5310
f 5416//5310 5409//5303 5417//5311
f 5419//5313 5410//5304 5411//5305
f 5420//5314 5411//5305 5412//5306
f 5421//5315 5412//5306 5413//5307
f 5422//5316 5413//5307 5414//5308
f 5423//5317 5414//5308 5415//5309
f 5424//5318 5415//5309 5416//5310
f 5425//5319 5416//5310 5417//5311
f 5426//5320 5428//5322 5427//5321
f 5427//5321 5431//5325 5430//5324
f 5430//5324 5433//5327 5432//5326
f 5432//5326 5435//5329 5434//5328
f 5436//5330 5435//5329 5437//5331
f 5438//5332 5437//5331 5439//5333
f 5362//5256 5439//5333 5365//5259
f 5441//5335 5426//5320 5427//5321
f 5442//5336 5427//5321 5430//5324
f 5443//5337 5430//5324 5432//5326
f 5444//5338 5432//5326 5434//5328
f 5444//5338 5436//5330 5445//5339
f 5445//5339 5438//5332 5446//5340
f 5446//5340 5362//5256 5378//5272
f 5448//5342 5440//5334 5441//5335
f 5449//5343 5441//5335 5442//5336
f 5450//5344 5442//5336 5443//5337
f 5451//5345 5443//5337 5444//5338
f 5451//5345 5445//5339 5452//5346
f 5452//5346 5446//5340 5453//5347
f 5453//5347 5378//5272 5386//5280
f 5455//5349 5447//5341 5448//5342
f 5456//5350 5448//5342 5449//5343
f 5457//5351 5449//5343 5450//5344
f 5458//5352 5450//5344 5451//5345
f 5458//5352 5452//5346 5459//5353
f 5459//5353 5453//5347 5460//5354
f 5460//5354 5386//5280 5394//5288
f 5462//5356 5454//5348 5455//5349
f 5463//5357 5455//5349 5456//5350
f 5464//5358 5456//5350 5457//5351
f 5464//5358 5458//5352 5465//5359
f 5465//5359 5459//5353 5466//5360
f 5466//5360 5460//5354 5467//5361
f 5467//5361 5394//5288 5402//5296
f 5469//5363 5461//5355 5462//5356
f 5470//5364 5462//5356 5463//5357
f 5471//5365 5463//5357 5464//5358
f 5471//5365 5465//5359 5472//5366
f 5472//5366 5466//5360 5473//5367
f 5473//5367 5467//5361 5474//5368
f 5474//5368 5402//5296 5410//5304
f 5476//5370 5468//5362 5469//5363
f 5477//5371 5469//5363 5470//5364
f 5478//5372 5470//5364 5471//5365
f 5478//5372 5472//5366 5479//5373
f 5479//5373 5473//5367 5480//5374
f 5480//5374 5474//5368 5481//5375
f 5481//5375 5410//5304 5418//5312
f 5482//5376 5484//5378 5483//5377
f 5483//5377 5487//5381 5486//5380
f 5486//5380 5489//5383 5488//5382
f 5488//5382 5491//5385 5490//5384
f 5490//5384 5493//5387 5492//5386
f 5492//5386 5495//5389 5494//5388
f 5494//5388 5429//5323 5426//5320
f 5497//5391 5482//5376 5483//5377
f 5497//5391 5486//5380 5498//5392
f 5498//5392 5488//5382 5499//5393
f 5499//5393 5490//5384 5500//5394
f 5500//5394 5492//5386 5501//5395
f 5501//5395 5494//5388 5502//5396
f 5502//5396 5426//5320 5440//5334
f 5504//5398 5496//5390 5497//5391
f 5505//5399 5497//5391 5498//5392
f 5505//5399 5499//5393 5506//5400
f 5506//5400 5500//5394 5507//5401
f 5507//5401 5501//5395 5508//5402
f 5508//5402 5502//5396 5509//5403
f 5509//5403 5440//5334 5447//5341
f 5511//5405 5503//5397 5504//5398
f 5512//5406 5504//5398 5505//5399
f 5512//5406 5506//5400 5513//5407
f 5513//5407 5507//5401 5514//5408
f 5514//5408 5508//5402 5515//5409
f 5515//5409 5509//5403 5516//5410
f 5516//5410 5447//5341 5454//5348
f 5518//5412 5510//5404 5511//5405
f 5519//5413 5511//5405 5512//5406
f 5520//5414 5512//5406 5513//5407
f 5520//5414 5514//5408 5521//5415
f 5521//5415 5515//5409 5522//5416
f 5522//5416 5516//5410 5523//5417
f 5523//5417 5454//5348 5461//5355
f 5525//5419 5517//5411 5518//5412
f 5526//5420 5518//5412 5519//5413
f 5527//5421 5519//5413 5520//5414
f 5527//5421 5521//5415 5528//5422
f 5528//5422 5522//5416 5529//5423
f 5529//5423 5523//5417 5530//5424
f 5530//5424 5461//5355 5468//5362
f 5531//5425 5525//5419 5532//5426
f 5532//5426 5526//5420 5533//5427
f 5533//5427 5527//5421 5534//5428
f 5534//5428 5528//5422 5535//5429
f 5535//5429 5529//5423 5536//5430
f 5536//5430 5530//5424 5537//5431
f 5537//5431 5468//5362 5475//5369
f 5538//5432 5377//5271 5539//5433
f 5540//5434 5539//5433 5541//5435
f 5542//5436 5541//5435 5543//5437
f 5544//5438 5543//5437 5545//5439
f 5544//5438 5547//5441 5546//5440
f 5546//5440 5549//5443 5548//5442
f 5548//5442 5485//5379 5482//5376
f 5550//5444 5376//5270 5538//5432
f 5551//5445 5538//5432 5540//5434
f 5552//5446 5540//5434 5542//5436
f 5553//5447 5542//5436 5544//5438
f 5553//5447 5546//5440 5554//5448
f 5554//5448 5548//5442 5555//5449
f 5555//5449 5482//5376 5496//5390
f 5556//5450 5385//5279 5550//5444
f 5557//5451 5550//5444 5551//5445
f 5558//5452 5551//5445 5552//5446
f 5559//5453 5552//5446 5553//5447
f 5559//5453 5554//5448 5560//5454
f 5560//5454 5555//5449 5561//5455
f 5561//5455 5496//5390 5503//5397
f 5562//5456 5393//5287 5556//5450
f 5563//5457 5556//5450 5557//5451
f 5564//5458 5557//5451 5558//5452
f 5565//5459 5558//5452 5559//5453
f 5565//5459 5560//5454 5566//5460
f 5566//5460 5561//5455 5567//5461
f 5567//5461 5503//5397 5510//5404
f 5568//5462 5401//5295 5562//5456
f 5569//5463 5562//5456 5563//5457
f 5570//5464 5563//5457 5564//5458
f 5571//5465 5564//5458 5565//5459
f 5571//5465 5566//5460 5572//5466
f 5572//5466 5567//5461 5573//5467
f 5573//5467 5510//5404 5517//5411
f 5574//5468 5409//5303 5568//5462
f 5575//5469 5568//5462 5569//5463
f 5576//5470 5569//5463 5570//5464
f 5577//5471 5570//5464 5571//5465
f 5577//5471 5572//5466 5578//5472
f 5578//5472 5573//5467 5579//5473
f 5579//5473 5517//5411 5524//5418
f 5580//5474 5417//5311 5574//5468
f 5581//5475 5574//5468 5575//5469
f 5582//5476 5575//5469 5576//5470
f 5583//5477 5576//5470 5577//5471
f 5583//5477 5578//5472 5584//5478
f 5584//5478 5579//5473 5585//5479
f 5585//5479 5524//5418 5531//5425
f 5586//5480 5588//5482 5587//5481
f 5587//5481 5591//5485 5590//5484
f 5590//5484 5805//5699 5592//5486
f 5592//5486 5594//5488 5593//5487
f 5595//5489 5594//5488 5792//5686
f 5596//5490 5792//5686 5597//5491
f 5598//5492 5597//5491 5599//5493
f 5600//5494 5587//5481 5601//5495
f 5601//5495 5590//5484 5602//5496
f 5602//5496 5592//5486 5603//5497
f 5603//5497 5593//5487 5604//5498
f 5605//5499 5593//5487 5595//5489
f 5606//5500 5595//5489 5596//5490
f 5607//5501 5596//5490 5598//5492
f 5608//5502 5601//5495 5609//5503
f 5609//5503 5602//5496 5610//5504
f 5610//5504 5603//5497 5611//5505
f 5611//5505 5604//5498 5612//5506
f 5613//5507 5604//5498 5605//5499
f 5614//5508 5605//5499 5606//5500
f 5615//5509 5606//5500 5607//5501
f 5616//5510 5609//5503 5617//5511
f 5617//5511 5610//5504 5618//5512
f 5618//5512 5611//5505 5619//5513
f 5619//5513 5612//5506 5620//5514
f 5621//5515 5612//5506 5613//5507
f 5622//5516 5613//5507 5614//5508
f 5623//5517 5614//5508 5615//5509
f 5624//5518 5617//5511 5625//5519
f 5625//5519 5618//5512 5626//5520
f 5626//5520 5619//5513 5627//5521
f 5627//5521 5620//5514 5628//5522
f 5629//5523 5620//5514 5621//5515
f 5630//5524 5621//5515 5622//5516
f 5631//5525 5622//5516 5623//5517
f 5632//5526 5625//5519 5633//5527
f 5633//5527 5626//5520 5634//5528
f 5634//5528 5627//5521 5635//5529
f 5635//5529 5628//5522 5636//5530
f 5637//5531 5628//5522 5629//5523
f 5638//5532 5629//5523 5630//5524
f 5639//5533 5630//5524 5631//5525
f 5365//5259 5633//5527 5364//5258
f 5367//5261 5633//5527 5634//5528
f 5369//5263 5634//5528 5635//5529
f 5371//5265 5635//5529 5636//5530
f 5373//5267 5636//5530 5637//5531
f 5375//5269 5637//5531 5638//5532
f 5377//5271 5638//5532 5639//5533
f 5640//5534 5642//5536 5641//5535
f 5641//5535 5645//5539 5644//5538
f 5644//5538 5647//5541 5646//5540
f 5648//5542 5647//5541 5649//5543
f 5650//5544 5649//5543 5651//5545
f 5652//5546 5651//5545 5653//5547
f 5586//5480 5653//5547 5589//5483
f 5654//5548 5641//5535 5655//5549
f 5655//5549 5644//5538 5656//5550
f 5656//5550 5646//5540 5657//5551
f 5658//5552 5646//5540 5648//5542
f 5659//5553 5648//5542 5650//5544
f 5660//5554 5650//5544 5652//5546
f 5600//5494 5652//5546 5586//5480
f 5661//5555 5655//5549 5662//5556
f 5662//5556 5656//5550 5663//5557
f 5663//5557 5657//5551 5664//5558
f 5665//5559 5657//5551 5658//5552
f 5666//5560 5658//5552 5659//5553
f 5667//5561 5659//5553 5660//5554
f 5608//5502 5660//5554 5600//5494
f 5668//5562 5662//5556 5669//5563
f 5669//5563 5663//5557 5670//5564
f 5670//5564 5664//5558 5671//5565
f 5672//5566 5664//5558 5665//5559
f 5673//5567 5665//5559 5666//5560
f 5674//5568 5666//5560 5667//5561
f 5616//5510 5667//5561 5608//5502
f 5675//5569 5669//5563 5676//5570
f 5676//5570 5670//5564 5677//5571
f 5677//5571 5671//5565 5678//5572
f 5679//5573 5671//5565 5672//5566
f 5680//5574 5672//5566 5673//5567
f 5681//5575 5673//5567 5674//5568
f 5624//5518 5674//5568 5616//5510
f 5682//5576 5676//5570 5683//5577
f 5683//5577 5677//5571 5684//5578
f 5684//5578 5678//5572 5685//5579
f 5686//5580 5678//5572 5679//5573
f 5687//5581 5679//5573 5680//5574
f 5688//5582 5680//5574 5681//5575
f 5632//5526 5681//5575 5624//5518
f 5429//5323 5683//5577 5428//5322
f 5428//5322 5684//5578 5431//5325
f 5431//5325 5685//5579 5433//5327
f 5435//5329 5685//5579 5686//5580
f 5437//5331 5686//5580 5687//5581
f 5439//5333 5687//5581 5688//5582
f 5365//5259 5688//5582 5632//5526
f 5689//5583 5691//5585 5690//5584
f 5690//5584 5694//5588 5693//5587
f 5693//5587 5696//5590 5695//5589
f 5697//5591 5696//5590 5698//5592
f 5699//5593 5698//5592 5700//5594
f 5701//5595 5700//5594 5702//5596
f 5640//5534 5702//5596 5643//5537
f 5703//5597 5690//5584 5704//5598
f 5704//5598 5693//5587 5705//5599
f 5705//5599 5695//5589 5706//5600
f 5707//5601 5695//5589 5697//5591
f 5708//5602 5697//5591 5699//5593
f 5709//5603 5699//5593 5701//5595
f 5654//5548 5701//5595 5640//5534
f 5710//5604 5704//5598 5711//5605
f 5711//5605 5705//5599 5712//5606
f 5712//5606 5706//5600 5713//5607
f 5714//5608 5706//5600 5707//5601
f 5715//5609 5707//5601 5708//5602
f 5716//5610 5708//5602 5709//5603
f 5661//5555 5709//5603 5654//5548
f 5717//5611 5711//5605 5718//5612
f 5718//5612 5712//5606 5719//5613
f 5719//5613 5713//5607 5720//5614
f 5721//5615 5713//5607 5714//5608
f 5722//5616 5714//5608 5715//5609
f 5723//5617 5715//5609 5716//5610
f 5668//5562 5716//5610 5661//5555
f 5724//5618 5718//5612 5725//5619
f 5725//5619 5719//5613 5726//5620
f 5726//5620 5720//5614 5727//5621
f 5728//5622 5720//5614 5721//5615
f 5729//5623 5721//5615 5722//5616
f 5730//5624 5722//5616 5723//5617
f 5675//5569 5723//5617 5668//5562
f 5731//5625 5725//5619 5732//5626
f 5732//5626 5726//5620 5733//5627
f 5733//5627 5727//5621 5734//5628
f 5735//5629 5727//5621 5728//5622
f 5736//5630 5728//5622 5729//5623
f 5737//5631 5729//5623 5730//5624
f 5682//5576 5730//5624 5675//5569
f 5485//5379 5732//5626 5484//5378
f 5484//5378 5733//5627 5487//5381
f 5487//5381 5734//5628 5489//5383
f 5489//5383 5735//5629 5491//5385
f 5491//5385 5736//5630 5493//5387
f 5493//5387 5737//5631 5495//5389
f 5429//5323 5737//5631 5682//5576
f 5598//5492 5739//5633 5738//5632
f 5738//5632 5784//5678 5740//5634
f 5740//5634 5782//5676 5741//5635
f 5742//5636 5782//5676 5743//5637
f 5744//5638 5743//5637 5745//5639
f 5746//5640 5745//5639 5778//5672
f 5689//5583 5778//5672 5692//5586
f 5607//5501 5738//5632 5747//5641
f 5747//5641 5740//5634 5748//5642
f 5748//5642 5741//5635 5749//5643
f 5749//5643 5742//5636 5750//5644
f 5751//5645 5742//5636 5744//5638
f 5752//5646 5744//5638 5746//5640
f 5703//5597 5746//5640 5689//5583
f 5615//5509 5747//5641 5753//5647
f 5753//5647 5748//5642 5754//5648
f 5754//5648 5749//5643 5755//5649
f 5756//5650 5749//5643 5750//5644
f 5757//5651 5750//5644 5751//5645
f 5758//5652 5751//5645 5752//5646
f 5710//5604 5752//5646 5703//5597
f 5623//5517 5753//5647 5759//5653
f 5759//5653 5754//5648 5760//5654
f 5760//5654 5755//5649 5761//5655
f 5761//5655 5756//5650 5762//5656
f 5763//5657 5756//5650 5757//5651
f 5764//5658 5757//5651 5758//5652
f 5717//5611 5758//5652 5710//5604
f 5631//5525 5759//5653 5765//5659
f 5765//5659 5760//5654 5766//5660
f 5766//5660 5761//5655 5767//5661
f 5767//5661 5762//5656 5768//5662
f 5769//5663 5762//5656 5763//5657
f 5770//5664 5763//5657 5764//5658
f 5724//5618 5764//5658 5717//5611
f 5639//5533 5765//5659 5771//5665
f 5771//5665 5766//5660 5772//5666
f 5772//5666 5767//5661 5773//5667
f 5773//5667 5768//5662 5774//5668
f 5775//5669 5768//5662 5769//5663
f 5776//5670 5769//5663 5770//5664
f 5731//5625 5770//5664 5724//5618
f 5377//5271 5771//5665 5539//5433
f 5539//5433 5772//5666 5541//5435
f 5541//5435 5773//5667 5543//5437
f 5545//5439 5773//5667 5774//5668
f 5547//5441 5774//5668 5775//5669
f 5549//5443 5775//5669 5776//5670
f 5485//5379 5776//5670 5731//5625
f 5691//5585 5778//5672 5777//5671
f 5777//5671 5745//5639 5779//5673
f 5779//5673 5743//5637 5780//5674
f 5780//5674 5782//5676 5781//5675
f 5783//5677 5782//5676 5784//5678
f 5785//5679 5784//5678 5739//5633
f 5597//5491 5739//5633 5599//5493
f 5694//5588 5777//5671 5786//5680
f 5786//5680 5779//5673 5787//5681
f 5787//5681 5780//5674 5788//5682
f 5788//5682 5781//5675 5789//5683
f 5790//5684 5781//5675 5783//5677
f 5791//5685 5783//5677 5785//5679
f 5792//5686 5785//5679 5597//5491
f 5696//5590 5786//5680 5793//5687
f 5793//5687 5787//5681 5794//5688
f 5794//5688 5788//5682 5795//5689
f 5796//5690 5788//5682 5789//5683
f 5797//5691 5789//5683 5790//5684
f 5798//5692 5790//5684 5791//5685
f 5594//5488 5791//5685 5792//5686
f 5698//5592 5793//5687 5799//5693
f 5799//5693 5794//5688 5800//5694
f 5800//5694 5795//5689 5801//5695
f 5801//5695 5796//5690 5802//5696
f 5803//5697 5796//5690 5797//5691
f 5804//5698 5797//5691 5798//5692
f 5805//5699 5798//5692 5594//5488
f 5700//5594 5799//5693 5806//5700
f 5807//5701 5799//5693 5800//5694
f 5808//5702 5800//5694 5801//5695
f 5809//5703 5801//5695 5802//5696
f 5809//5703 5803//5697 5810//5704
f 5810//5704 5804//5698 5811//5705
f 5591//5485 5804//5698 5805//5699
f 5812//5706 5700//5594 5806//5700
f 5813//5707 5806//5700 5807//5701
f 5814//5708 5807//5701 5808//5702
f 5815//5709 5808//5702 5809//5703
f 5815//5709 5810//5704 5816//5710
f 5816//5710 5811//5705 5817//5711
f 5817//5711 5591//5485 5588//5482
f 5642//5536 5702//5596 5812//5706
f 5645//5539 5812//5706 5813//5707
f 5647//5541 5813//5707 5814//5708
f 5647//5541 5815//5709 5649//5543
f 5649//5543 5816//5710 5651//5545
f 5651//5545 5817//5711 5653//5547
f 5653//5547 5588//5482 5589//5483
f 5819//5713 5821//5715 5820//5714
f 5822//5716 5820//5714 5823//5717
f 5824//5718 5823//5717 5825//5719
f 5826//5720 5825//5719 5827//5721
f 5828//5722 5827//5721 5829//5723
f 5830//5724 5829//5723 5831//5725
f 5832//5726 5831//5725 5833//5727
f 5835//5729 5818//5712 5819//5713
f 5836//5730 5819//5713 5822//5716
f 5837//5731 5822//5716 5824//5718
f 5838//5732 5824//5718 5826//5720
f 5839//5733 5826//5720 5828//5722
f 5840//5734 5828//5722 5830//5724
f 5840//5734 5832//5726 5841//5735
f 5843//5737 5834//5728 5835//5729
f 5844//5738 5835//5729 5836//5730
f 5845//5739 5836//5730 5837//5731
f 5846//5740 5837//5731 5838//5732
f 5847//5741 5838//5732 5839//5733
f 5847//5741 5840//5734 5848//5742
f 5848//5742 5841//5735 5849//5743
f 5851//5745 5842//5736 5843//5737
f 5852//5746 5843//5737 5844//5738
f 5853//5747 5844//5738 5845//5739
f 5854//5748 5845//5739 5846//5740
f 5855//5749 5846//5740 5847//5741
f 5855//5749 5848//5742 5856//5750
f 5856//5750 5849//5743 5857//5751
f 5859//5753 5850//5744 5851//5745
f 5860//5754 5851//5745 5852//5746
f 5861//5755 5852//5746 5853//5747
f 5862//5756 5853//5747 5854//5748
f 5862//5756 5855//5749 5863//5757
f 5863//5757 5856//5750 5864//5758
f 5864//5758 5857//5751 5865//5759
f 5867//5761 5858//5752 5859//5753
f 5868//5762 5859//5753 5860//5754
f 5869//5763 5860//5754 5861//5755
f 5870//5764 5861//5755 5862//5756
f 5870//5764 5863//5757 5871//5765
f 5871//5765 5864//5758 5872//5766
f 5872//5766 5865//5759 5873//5767
f 5875//5769 5866//5760 5867//5761
f 5876//5770 5867//5761 5868//5762
f 5877//5771 5868//5762 5869//5763
f 5878//5772 5869//5763 5870//5764
f 5879//5773 5870//5764 5871//5765
f 5880//5774 5871//5765 5872//5766
f 5881//5775 5872//5766 5873//5767
f 5882//5776 5884//5778 5883//5777
f 5883//5777 5887//5781 5886//5780
f 5886//5780 5889//5783 5888//5782
f 5888//5782 5891//5785 5890//5784
f 5892//5786 5891//5785 5893//5787
f 5894//5788 5893//5787 5895//5789
f 5818//5712 5895//5789 5821//5715
f 5897//5791 5882//5776 5883//5777
f 5898//5792 5883//5777 5886//5780
f 5899//5793 5886//5780 5888//5782
f 5899//5793 5890//5784 5900//5794
f 5900//5794 5892//5786 5901//5795
f 5901//5795 5894//5788 5902//5796
f 5902//5796 5818//5712 5834//5728
f 5904//5798 5896//5790 5897//5791
f 5905//5799 5897//5791 5898//5792
f 5906//5800 5898//5792 5899//5793
f 5907//5801 5899//5793 5900//5794
f 5907//5801 5901//5795 5908//5802
f 5908//5802 5902//5796 5909//5803
f 5909//5803 5834//5728 5842//5736
f 5911//5805 5903//5797 5904//5798
f 5912//5806 5904//5798 5905//5799
f 5913//5807 5905//5799 5906//5800
f 5914//5808 5906//5800 5907//5801
f 5914//5808 5908//5802 5915//5809
f 5915//5809 5909//5803 5916//5810
f 5916//5810 5842//5736 5850//5744
f 5918//5812 5910//5804 5911//5805
f 5919//5813 5911//5805 5912//5806
f 5920//5814 5912//5806 5913//5807
f 5921//5815 5913//5807 5914//5808
f 5921//5815 5915//5809 5922//5816
f 5922//5816 5916//5810 5923//5817
f 5923//5817 5850//5744 5858//5752
f 5925//5819 5917//5811 5918//5812
f 5926//5820 5918//5812 5919//5813
f 5927//5821 5919//5813 5920//5814
f 5928//5822 5920//5814 5921//5815
f 5928//5822 5922//5816 5929//5823
f 5929//5823 5923//5817 5930//5824
f 5930//5824 5858//5752 5866//5760
f 5932//5826 5924//5818 5925//5819
f 5933//5827 5925//5819 5926//5820
f 5934//5828 5926//5820 5927//5821
f 5935//5829 5927//5821 5928//5822
f 5935//5829 5929//5823 5936//5830
f 5936//5830 5930//5824 5937//5831
f 5937//5831 5866//5760 5874//5768
f 5938//5832 5940//5834 5939//5833
f 5939//5833 5943//5837 5942//5836
f 5942//5836 5945//5839 5944//5838
f 5944//5838 5947//5841 5946//5840
f 5946//5840 5949//5843 5948//5842
f 5948//5842 5951//5845 5950//5844
f 5950//5844 5885//5779 5882//5776
f 5953//5847 5938//5832 5939//5833
f 5953//5847 5942//5836 5954//5848
f 5954//5848 5944//5838 5955//5849
f 5955//5849 5946//5840 5956//5850
f 5956//5850 5948//5842 5957//5851
f 5957//5851 5950//5844 5958//5852
f 5958//5852 5882//5776 5896//5790
f 5960//5854 5952//5846 5953//5847
f 5961//5855 5953//5847 5954//5848
f 5961//5855 5955//5849 5962//5856
f 5962//5856 5956//5850 5963//5857
f 5963//5857 5957//5851 5964//5858
f 5964//5858 5958//5852 5965//5859
f 5965//5859 5896//5790 5903//5797
f 5967//5861 5959//5853 5960//5854
f 5968//5862 5960//5854 5961//5855
f 5968//5862 5962//5856 5969//5863
f 5969//5863 5963//5857 5970//5864
f 5970//5864 5964//5858 5971//5865
f 5971//5865 5965//5859 5972//5866
f 5972//5866 5903//5797 5910//5804
f 5974//5868 5966//5860 5967//5861
f 5975//5869 5967//5861 5968//5862
f 5976//5870 5968//5862 5969//5863
f 5976//5870 5970//5864 5977//5871
f 5977//5871 5971//5865 5978//5872
f 5978//5872 5972//5866 5979//5873
f 5979//5873 5910//5804 5917//5811
f 5981//5875 5973//5867 5974//5868
f 5982//5876 5974//5868 5975//5869
f 5983//5877 5975//5869 5976//5870
f 5983//5877 5977//5871 5984//5878
f 5984//5878 5978//5872 5985//5879
f 5985//5879 5979//5873 5986//5880
f 5986//5880 5917//5811 5924//5818
f 5987//5881 5981//5875 5988//5882
f 5988//5882 5982//5876 5989//5883
f 5989//5883 5983//5877 5990//5884
f 5990//5884 5984//5878 5991//5885
f 5991//5885 5985//5879 5992//5886
f 5992//5886 5986//5880 5993//5887
f 5993//5887 5924//5818 5931//5825
f 5994//5888 5833//5727 5995//5889
f 5996//5890 5995//5889 5997//5891
f 5998//5892 5997//5891 5999//5893
f 6000//5894 5999//5893 6001//5895
f 6000//5894 6003//5897 6002//5896
f 6002//5896 6005//5899 6004//5898
f 6004//5898 5941//5835 5938//5832
f 6006//5900 5832//5726 5994//5888
f 6007//5901 5994//5888 5996//5890
f 6008//5902 5996//5890 5998//5892
f 6009//5903 5998//5892 6000//5894
f 6009//5903 6002//5896 6010//5904
f 6010//5904 6004//5898 6011//5905
f 6011//5905 5938//5832 5952//5846
f 6012//5906 5841//5735 6006//5900
f 6013//5907 6006//5900 6007//5901
f 6014//5908 6007//5901 6008//5902
f 6015//5909 6008//5902 6009//5903
f 6015//5909 6010//5904 6016//5910
f 6016//5910 6011//5905 6017//5911
f 6017//5911 5952//5846 5959//5853
f 6018//5912 5849//5743 6012//5906
f 6019//5913 6012//5906 6013//5907
f 6020//5914 6013//5907 6014//5908
f 6021//5915 6014//5908 6015//5909
f 6021//5915 6016//5910 6022//5916
f 6022//5916 6017//5911 6023//5917
f 6023//5917 5959//5853 5966//5860
f 6024//5918 5857//5751 6018//5912
f 6025//5919 6018//5912 6019//5913
f 6026//5920 6019//5913 6020//5914
f 6027//5921 6020//5914 6021//5915
f 6027//5921 6022//5916 6028//5922
f 6028//5922 6023//5917 6029//5923
f 6029//5923 5966//5860 5973//5867
f 6030//5924 5865//5759 6024//5918
f 6031//5925 6024//5918 6025//5919
f 6032//5926 6025//5919 6026//5920
f 6033//5927 6026//5920 6027//5921
f 6033//5927 6028//5922 6034//5928
f 6034//5928 6029//5923 6035//5929
f 6035//5929 5973//5867 5980//5874
f 6036//5930 5873//5767 6030//5924
f 6037//5931 6030//5924 6031//5925
f 6038//5932 6031//5925 6032//5926
f 6039//5933 6032//5926 6033//5927
f 6039//5933 6034//5928 6040//5934
f 6040//5934 6035//5929 6041//5935
f 6041//5935 5980//5874 5987//5881
f 6042//5936 6273//6167 6043//5937
f 6043//5937 6046//5940 6045//5939
f 6045//5939 6048//5942 6047//5941
f 6047//5941 6050//5944 6049//5943
f 6051//5945 6050//5944 6248//6142
f 6052//5946 6248//6142 6053//5947
f 6054//5948 6053//5947 6055//5949
f 6056//5950 6043//5937 6057//5951
f 6057//5951 6045//5939 6058//5952
f 6058//5952 6047//5941 6059//5953
f 6059//5953 6049//5943 6060//5954
f 6061//5955 6049//5943 6051//5945
f 6062//5956 6051//5945 6052//5946
f 6063//5957 6052//5946 6054//5948
f 6064//5958 6057//5951 6065//5959
f 6065//5959 6058//5952 6066//5960
f 6066//5960 6059//5953 6067//5961
f 6067//5961 6060//5954 6068//5962
f 6069//5963 6060//5954 6061//5955
f 6070//5964 6061//5955 6062//5956
f 6071//5965 6062//5956 6063//5957
f 6072//5966 6065//5959 6073//5967
f 6073//5967 6066//5960 6074//5968
f 6074//5968 6067//5961 6075//5969
f 6075//5969 6068//5962 6076//5970
f 6077//5971 6068//5962 6069//5963
f 6078//5972 6069//5963 6070//5964
f 6079//5973 6070//5964 6071//5965
f 6080//5974 6073//5967 6081//5975
f 6081//5975 6074//5968 6082//5976
f 6082//5976 6075//5969 6083//5977
f 6083//5977 6076//5970 6084//5978
f 6085//5979 6076//5970 6077//5971
f 6086//5980 6077//5971 6078//5972
f 6087//5981 6078//5972 6079//5973
f 6088//5982 6081//5975 6089//5983
f 6089//5983 6082//5976 6090//5984
f 6090//5984 6083//5977 6091//5985
f 6091//5985 6084//5978 6092//5986
f 6093//5987 6084//5978 6085//5979
f 6094//5988 6085//5979 6086//5980
f 6095//5989 6086//5980 6087//5981
f 5821//5715 6089//5983 5820//5714
f 5823//5717 6089//5983 6090//5984
f 5825//5719 6090//5984 6091//5985
f 5827//5721 6091//5985 6092//5986
f 5829//5723 6092//5986 6093//5987
f 5831//5725 6093//5987 6094//5988
f 5833//5727 6094//5988 6095//5989
f 6096//5990 6098//5992 6097//5991
f 6097//5991 6101//5995 6100//5994
f 6100//5994 6103//5997 6102//5996
f 6104//5998 6103//5997 6105//5999
f 6106//6000 6105//5999 6107//6001
f 6108//6002 6107//6001 6109//6003
f 6042//5936 6109//6003 6044//5938
f 6110//6004 6097//5991 6111//6005
f 6111//6005 6100//5994 6112//6006
f 6112//6006 6102//5996 6113//6007
f 6114//6008 6102//5996 6104//5998
f 6115//6009 6104//5998 6106//6000
f 6116//6010 6106//6000 6108//6002
f 6056//5950 6108//6002 6042//5936
f 6117//6011 6111//6005 6118//6012
f 6118//6012 6112//6006 6119//6013
f 6119//6013 6113//6007 6120//6014
f 6121//6015 6113//6007 6114//6008
f 6122//6016 6114//6008 6115//6009
f 6123//6017 6115//6009 6116//6010
f 6064//5958 6116//6010 6056//5950
f 6124//6018 6118//6012 6125//6019
f 6125//6019 6119//6013 6126//6020
f 6126//6020 6120//6014 6127//6021
f 6128//6022 6120//6014 6121//6015
f 6129//6023 6121//6015 6122//6016
f 6130//6024 6122//6016 6123//6017
f 6072//5966 6123//6017 6064//5958
f 6131//6025 6125//6019 6132//6026
f 6132//6026 6126//6020 6133//6027
f 6133//6027 6127//6021 6134//6028
f 6135//6029 6127//6021 6128//6022
f 6136//6030 6128//6022 6129//6023
f 6137//6031 6129//6023 6130//6024
f 6080//5974 6130//6024 6072//5966
f 6138//6032 6132//6026 6139//6033
f 6139//6033 6133//6027 6140//6034
f 6140//6034 6134//6028 6141//6035
f 6141//6035 6135//6029 6142//6036
f 6143//6037 6135//6029 6136//6030
f 6144//6038 6136//6030 6137//6031
f 6088//5982 6137//6031 6080//5974
f 5885//5779 6139//6033 5884//5778
f 5884//5778 6140//6034 5887//5781
f 5887//5781 6141//6035 5889//5783
f 5891//5785 6141//6035 6142//6036
f 5893//5787 6142//6036 6143//6037
f 5895//5789 6143//6037 6144//6038
f 5821//5715 6144//6038 6088//5982
f 6145//6039 6147//6041 6146//6040
f 6146//6040 6150//6044 6149//6043
f 6149//6043 6152//6046 6151//6045
f 6153//6047 6152//6046 6154//6048
f 6155//6049 6154//6048 6156//6050
f 6157//6051 6156//6050 6158//6052
f 6096//5990 6158//6052 6099//5993
f 6159//6053 6146//6040 6160//6054
f 6160//6054 6149//6043 6161//6055
f 6161//6055 6151//6045 6162//6056
f 6163//6057 6151//6045 6153//6047
f 6164//6058 6153//6047 6155//6049
f 6165//6059 6155//6049 6157//6051
f 6110//6004 6157//6051 6096//5990
f 6166//6060 6160//6054 6167//6061
f 6167//6061 6161//6055 6168//6062
f 6168//6062 6162//6056 6169//6063
f 6170//6064 6162//6056 6163//6057
f 6171//6065 6163//6057 6164//6058
f 6172//6066 6164//6058 6165//6059
f 6117//6011 6165//6059 6110//6004
f 6173//6067 6167//6061 6174//6068
f 6174//6068 6168//6062 6175//6069
f 6175//6069 6169//6063 6176//6070
f 6177//6071 6169//6063 6170//6064
f 6178//6072 6170//6064 6171//6065
f 6179//6073 6171//6065 6172//6066
f 6124//6018 6172//6066 6117//6011
f 6180//6074 6174//6068 6181//6075
f 6181//6075 6175//6069 6182//6076
f 6182//6076 6176//6070 6183//6077
f 6184//6078 6176//6070 6177//6071
f 6185//6079 6177//6071 6178//6072
f 6186//6080 6178//6072 6179//6073
f 6131//6025 6179//6073 6124//6018
f 6187//6081 6181//6075 6188//6082
f 6188//6082 6182//6076 6189//6083
f 6189//6083 6183//6077 6190//6084
f 6191//6085 6183//6077 6184//6078
f 6192//6086 6184//6078 6185//6079
f 6193//6087 6185//6079 6186//6080
f 6138//6032 6186//6080 6131//6025
f 5941//5835 6188//6082 5940//5834
f 5940//5834 6189//6083 5943//5837
f 5943//5837 6190//6084 5945//5839
f 5945//5839 6191//6085 5947//5841
f 5947//5841 6192//6086 5949//5843
f 5949//5843 6193//6087 5951//5845
f 5885//5779 6193//6087 6138//6032
f 6054//5948 6195//6089 6194//6088
f 6194//6088 6240//6134 6196//6090
f 6196//6090 6198//6092 6197//6091
f 6199//6093 6198//6092 6200//6094
f 6201//6095 6200//6094 6236//6130
f 6202//6096 6236//6130 6203//6097
f 6145//6039 6203//6097 6148//6042
f 6063//5957 6194//6088 6204//6098
f 6204//6098 6196//6090 6205//6099
f 6205//6099 6197//6091 6206//6100
f 6207//6101 6197//6091 6199//6093
f 6208//6102 6199//6093 6201//6095
f 6209//6103 6201//6095 6202//6096
f 6159//6053 6202//6096 6145//6039
f 6071//5965 6204//6098 6210//6104
f 6210//6104 6205//6099 6211//6105
f 6211//6105 6206//6100 6212//6106
f 6213//6107 6206//6100 6207//6101
f 6214//6108 6207//6101 6208//6102
f 6215//6109 6208//6102 6209//6103
f 6166//6060 6209//6103 6159//6053
f 6079//5973 6210//6104 6216//6110
f 6216//6110 6211//6105 6217//6111
f 6217//6111 6212//6106 6218//6112
f 6219//6113 6212//6106 6213//6107
f 6220//6114 6213//6107 6214//6108
f 6221//6115 6214//6108 6215//6109
f 6173//6067 6215//6109 6166//6060
f 6087//5981 6216//6110 6222//6116
f 6222//6116 6217//6111 6223//6117
f 6223//6117 6218//6112 6224//6118
f 6225//6119 6218//6112 6219//6113
f 6226//6120 6219//6113 6220//6114
f 6227//6121 6220//6114 6221//6115
f 6180//6074 6221//6115 6173//6067
f 6095//5989 6222//6116 6228//6122
f 6228//6122 6223//6117 6229//6123
f 6229//6123 6224//6118 6230//6124
f 6231//6125 6224//6118 6225//6119
f 6232//6126 6225//6119 6226//6120
f 6233//6127 6226//6120 6227//6121
f 6187//6081 6227//6121 6180//6074
f 5833//5727 6228//6122 5995//5889
f 5995//5889 6229//6123 5997//5891
f 5997//5891 6230//6124 5999//5893
f 6001//5895 6230//6124 6231//6125
f 6003//5897 6231//6125 6232//6126
f 6005//5899 6232//6126 6233//6127
f 5941//5835 6233//6127 6187//6081
f 6147//6041 6203//6097 6234//6128
f 6234//6128 6236//6130 6235//6129
f 6235//6129 6200//6094 6237//6131
f 6238//6132 6200//6094 6198//6092
f 6239//6133 6198//6092 6240//6134
f 6241//6135 6240//6134 6195//6089
f 6053//5947 6195//6089 6055//5949
f 6150//6044 6234//6128 6242//6136
f 6242//6136 6235//6129 6243//6137
f 6243//6137 6237//6131 6244//6138
f 6244//6138 6238//6132 6245//6139
f 6246//6140 6238//6132 6239//6133
f 6247//6141 6239//6133 6241//6135
f 6248//6142 6241//6135 6053//5947
f 6152//6046 6242//6136 6249//6143
f 6249//6143 6243//6137 6250//6144
f 6250//6144 6244//6138 6251//6145
f 6252//6146 6244//6138 6245//6139
f 6253//6147 6245//6139 6246//6140
f 6254//6148 6246//6140 6247//6141
f 6050//5944 6247//6141 6248//6142
f 6154//6048 6249//6143 6255//6149
f 6255//6149 6250//6144 6256//6150
f 6256//6150 6251//6145 6257//6151
f 6257//6151 6252//6146 6258//6152
f 6259//6153 6252//6146 6253//6147
f 6260//6154 6253//6147 6254//6148
f 6048//5942 6254//6148 6050//5944
f 6156//6050 6255//6149 6261//6155
f 6262//6156 6255//6149 6256//6150
f 6263//6157 6256//6150 6257//6151
f 6263//6157 6258//6152 6264//6158
f 6264//6158 6259//6153 6265//6159
f 6265//6159 6260//6154 6266//6160
f 6046//5940 6260//6154 6048//5942
f 6267//6161 6156//6050 6261//6155
f 6268//6162 6261//6155 6262//6156
f 6269//6163 6262//6156 6263//6157
f 6270//6164 6263//6157 6264//6158
f 6270//6164 6265//6159 6271//6165
f 6271//6165 6266//6160 6272//6166
f 6272//6166 6046//5940 6273//6167
f 6098//5992 6158//6052 6267//6161
f 6101//5995 6267//6161 6268//6162
f 6103//5997 6268//6162 6269//6163
f 6103//5997 6270//6164 6105//5999
f 6105//5999 6271//6165 6107//6001
f 6107//6001 6272//6166 6109//6003
f 6109//6003 6273//6167 6044//5938
