# Blender 5.2.0 LTS
# www.blender.org
o Gumbo_LOD3_6
v 13.703703 6.000000 -0.000000
v 13.677334 5.677342 -0.158167
v 13.999999 5.703704 -0.000000
v 14.000000 6.000000 -0.000000
v 13.661512 4.941874 -0.253067
v 14.000000 4.962963 -0.000000
v 13.656239 4.000000 -0.284701
v 14.000000 4.000000 -0.000000
v 13.661513 3.058126 -0.253067
v 14.000000 3.037037 -0.000000
v 13.677334 2.322657 -0.158167
v 13.999999 2.296296 -0.000000
v 13.703703 2.000000 -0.000000
v 14.000000 2.000000 -0.000000
v 12.962963 6.000000 -0.000000
v 12.941862 5.661525 -0.253067
v 12.929201 4.929220 -0.404908
v 12.924980 3.999999 -0.455521
v 12.929201 3.070779 -0.404908
v 12.941861 2.338474 -0.253067
v 12.962963 2.000000 -0.000000
v 12.000000 6.000000 -0.000000
v 11.999985 5.656252 -0.284701
v 11.999974 4.925002 -0.455521
v 11.999971 3.999999 -0.512461
v 11.999975 3.074996 -0.455521
v 11.999984 2.343746 -0.284701
v 12.000000 2.000000 -0.000000
v 11.058111 5.661525 -0.253067
v 11.070755 4.929219 -0.404908
v 11.074970 3.999999 -0.455521
v 11.070755 3.070778 -0.404908
v 11.058111 2.338474 -0.253067
v 11.037037 2.000000 -0.000000
v 10.322647 5.677341 -0.158167
v 10.338458 4.941873 -0.253067
v 10.343728 3.999999 -0.284701
v 10.338457 3.058125 -0.253067
v 10.322648 2.322657 -0.158167
v 10.296296 2.000000 -0.000000
v 10.000000 6.000000 -0.000000
v 10.000000 4.962963 -0.000000
v 10.000000 4.000000 -0.000000
v 10.000000 2.296296 -0.000000
v 10.000000 2.000000 -0.000000
v 13.840242 2.319494 6.342421
v 13.182208 1.971854 6.402551
v 13.281633 1.711183 7.918753
v 14.000000 2.000001 8.000000
v 12.513626 1.684233 6.461540
v 12.561274 1.491750 7.896004
v 11.852118 1.501405 6.509198
v 11.855925 1.376310 7.912253
v 11.215301 1.468142 6.535333
v 11.182592 1.399467 7.948002
v 10.620792 1.629217 6.529757
v 10.558282 1.595828 7.983750
v 10.086215 2.029403 6.482279
v 10.000000 2.000001 8.000000
v 13.795511 2.408952 4.562744
v 13.205019 2.006612 4.790957
v 12.551359 1.684565 4.945588
v 11.874795 1.484728 5.022310
v 11.215595 1.449017 5.016796
v 10.614027 1.619348 4.924722
v 10.110355 2.037636 4.741761
v 13.827462 2.345053 2.849815
v 13.309320 1.921130 3.214439
v 12.644813 1.604527 3.444803
v 11.912438 1.426265 3.539767
v 11.190698 1.417367 3.498191
v 10.558089 1.608856 3.318936
v 10.093113 2.031755 3.000861
v 13.897756 2.204476 1.392483
v 13.454365 1.821085 1.803462
v 12.764334 1.555899 2.055840
v 11.953530 1.425999 2.149749
v 11.147824 1.448465 2.085322
v 10.473084 1.640378 1.862692
v 10.055178 2.018818 1.481992
v 13.968047 2.063899 0.379595
v 13.599407 1.812150 0.688494
v 12.880268 1.650463 0.875354
v 11.986557 1.583916 0.940434
v 11.094198 1.617585 0.883991
v 10.379118 1.756547 0.706283
v 10.017242 2.005881 0.407567
v 13.508993 5.508994 6.425396
v 14.004836 4.805411 6.208023
v 14.487986 5.087156 7.544308
v 14.000000 6.000000 8.000000
v 14.409372 4.232339 6.032002
v 14.872755 4.367641 7.230608
v 14.658890 3.743495 5.927382
v 15.085325 3.770313 7.089113
v 14.689680 3.292595 5.924214
v 15.056711 3.224026 7.150037
v 14.438034 2.833355 6.052544
v 14.717929 2.657637 7.443595
v 13.371511 5.371511 4.668952
v 13.875009 4.809117 4.708301
v 14.273236 4.277303 4.691492
v 14.515298 3.773723 4.643527
v 14.550295 3.296035 4.589410
v 14.327332 2.841893 4.554149
v 13.469713 5.469712 2.939428
v 13.954058 4.999536 3.191391
v 14.314291 4.437688 3.313556
v 14.516079 3.837743 3.323202
v 14.525093 3.253273 3.237607
v 14.306997 2.737852 3.074052
v 13.685756 5.685756 1.445587
v 14.097536 5.277931 1.803540
v 14.382475 4.648654 2.002676
v 14.522768 3.912299 2.052068
v 14.500616 3.183236 1.960785
v 14.298212 2.575837 1.737899
v 13.901797 5.901798 0.396190
v 14.160998 5.545565 0.690994
v 14.327730 4.845360 0.863331
v 14.396898 3.974136 0.915781
v 14.363404 3.104848 0.850922
v 14.222154 2.410451 0.671334
v 10.214062 5.844309 6.378740
v 10.759940 6.383936 6.253250
v 10.655212 6.614178 7.697301
v 10.000000 6.000000 8.000000
v 11.271639 6.605549 6.178060
v 11.264370 6.902180 7.496511
v 11.775778 6.569004 6.155426
v 11.865450 6.924387 7.412007
v 12.298971 6.334159 6.187601
v 12.496429 6.741174 7.458169
v 12.867837 5.960870 6.276839
v 13.195286 6.412920 7.649373
v 10.274000 5.800716 4.609232
v 10.749110 6.304085 4.697837
v 11.251424 6.511144 4.759761
v 11.772882 6.471654 4.791420
v 12.305421 6.235376 4.789228
v 12.840984 5.852075 4.749600
v 10.231188 5.831854 2.889040
v 10.660027 6.300195 3.162933
v 11.210789 6.511176 3.337208
v 11.825306 6.499206 3.406931
v 12.445412 6.298698 3.367165
v 13.012936 5.944064 3.212976
v 10.137001 5.900358 1.415727
v 10.529993 6.297837 1.780410
v 11.156801 6.497855 2.005999
v 11.901603 6.518533 2.088902
v 12.648577 6.377995 2.025528
v 13.281901 6.094361 1.812287
v 10.042812 5.968862 0.386859
v 10.396315 6.222581 0.682142
v 11.096527 6.363393 0.861731
v 11.970318 6.396508 0.924277
v 12.844549 6.327138 0.868434
v 13.546087 6.160498 0.692855
v 10.296296 6.000000 -0.000000
v 11.037037 6.000000 -0.000000
v 9.644665 2.573856 6.524019
v 9.406710 3.173690 6.517777
v 9.296356 3.164936 7.927137
v 9.358509 3.814779 6.481842
v 9.213085 3.815347 7.877045
v 9.486228 4.482996 6.434498
v 9.304684 4.506793 7.854275
v 9.776024 5.164215 6.394035
v 9.656126 2.553720 4.920183
v 9.416285 3.170116 5.003304
v 9.374491 3.844920 5.002448
v 9.514404 4.536225 4.928936
v 9.819688 5.202126 4.794090
v 9.644696 2.507119 3.315792
v 9.402740 3.154437 3.489004
v 9.353828 3.892140 3.526716
v 9.484544 4.638658 3.435146
v 9.781467 5.312419 3.220514
v 9.663069 2.442831 1.860918
v 9.443738 3.126881 2.080163
v 9.389324 3.942813 2.142495
v 9.491970 4.762473 2.050687
v 9.743815 5.457706 1.807507
v 9.763938 2.369632 0.705631
v 9.616938 3.087672 0.882066
v 9.573780 3.983309 0.937640
v 9.632012 4.879848 0.873118
v 9.789175 5.600596 0.689269
v 10.000000 3.037037 -0.000000
v 10.000000 5.703704 -0.000000
v 21.703703 6.000000 -0.000000
v 21.677334 5.677341 -0.158168
v 22.000000 5.703704 -0.000000
v 22.000000 6.000000 -0.000000
v 21.661514 4.941873 -0.253068
v 22.000000 4.962963 -0.000000
v 21.656240 3.999999 -0.284701
v 22.000000 4.000000 -0.000000
v 21.661514 3.058125 -0.253068
v 22.000000 3.037037 -0.000000
v 21.677336 2.322657 -0.158167
v 22.000000 2.296296 -0.000000
v 21.703703 2.000000 -0.000000
v 22.000000 2.000000 -0.000000
v 20.941862 5.661524 -0.253068
v 20.929199 4.929219 -0.404908
v 20.924980 3.999998 -0.455522
v 20.929199 3.070778 -0.404908
v 20.941862 2.338474 -0.253067
v 20.962963 2.000000 -0.000000
v 20.000000 6.000000 -0.000000
v 19.999985 5.656252 -0.284701
v 19.999975 4.925002 -0.455522
v 19.999971 3.999999 -0.512462
v 19.999977 3.074996 -0.455521
v 19.999983 2.343746 -0.284701
v 20.000000 2.000000 -0.000000
v 19.058113 5.661526 -0.253068
v 19.070757 4.929220 -0.404908
v 19.074972 3.999999 -0.455521
v 19.070757 3.070779 -0.404908
v 19.058113 2.338474 -0.253067
v 19.037039 2.000000 -0.000000
v 18.322649 5.677342 -0.158167
v 18.338461 4.941874 -0.253068
v 18.343731 4.000000 -0.284701
v 18.338461 3.058126 -0.253067
v 18.322651 2.322657 -0.158167
v 18.296299 2.000000 -0.000000
v 18.000000 6.000000 -0.000000
v 18.000000 5.703704 -0.000000
v 18.000000 4.962963 -0.000000
v 18.000000 4.000000 -0.000000
v 18.000000 3.037037 -0.000000
v 18.000000 2.000000 -0.000000
v 22.018436 2.095563 6.482001
v 21.482548 1.697013 6.527774
v 21.447857 1.595913 7.978821
v 22.000000 2.000001 8.000000
v 20.885590 1.542024 6.529528
v 20.838785 1.401441 7.932227
v 20.243837 1.583979 6.499652
v 20.181126 1.380598 7.885633
v 19.573576 1.776257 6.450536
v 19.483215 1.497401 7.864453
v 18.891081 2.072239 6.394569
v 18.753393 1.715863 7.894104
v 18.212639 2.425306 6.344140
v 18.000000 2.000001 8.000000
v 22.023602 2.122321 4.741406
v 21.515545 1.706059 4.924493
v 20.904064 1.542670 5.016536
v 20.231573 1.588480 5.022069
v 19.540485 1.799819 4.945626
v 18.873217 2.133013 4.791739
v 18.272179 2.544391 4.564944
v 22.019913 2.103208 3.000561
v 21.550497 1.681967 3.319525
v 20.907623 1.496083 3.500169
v 20.172691 1.513218 3.543097
v 19.427116 1.701030 3.448919
v 18.752298 2.027181 3.218241
v 18.229650 2.459330 2.851671
v 22.011799 2.061160 1.481814
v 21.591068 1.683650 1.863422
v 20.909679 1.494972 2.087344
v 20.095560 1.477307 2.152952
v 19.276638 1.612835 2.059614
v 18.580837 1.883738 1.806701
v 18.136089 2.272196 1.393583
v 22.003687 2.019112 0.407511
v 21.640919 1.770023 0.706730
v 20.923656 1.632042 0.884982
v 20.028543 1.599862 0.941848
v 19.132221 1.668177 0.876909
v 18.411337 1.831679 0.689745
v 18.042530 2.085061 0.379939
v 21.805244 5.888716 6.374060
v 22.194908 5.198449 6.421590
v 22.365728 5.232061 7.926784
v 22.000000 6.000000 8.000000
v 22.482924 4.515681 6.471826
v 22.608067 4.499199 7.906284
v 22.639286 3.852209 6.513876
v 22.709837 3.805488 7.920927
v 22.633997 3.219833 6.536849
v 22.653868 3.155002 7.953142
v 22.437046 2.630352 6.529854
v 22.422979 2.551815 7.985357
v 21.750711 5.857556 4.603241
v 22.172640 5.247818 4.811699
v 22.485016 4.581538 4.954153
v 22.657072 3.897283 5.024476
v 22.658033 3.233617 5.016544
v 22.457134 2.629107 4.924229
v 21.789661 5.879812 2.883985
v 22.220470 5.351597 3.230850
v 22.526058 4.677982 3.450697
v 22.682608 3.937652 3.540558
v 22.666309 3.209291 3.497467
v 22.453348 2.571581 3.318457
v 21.875355 5.928778 1.412731
v 22.259945 5.481217 1.812789
v 22.517759 4.786226 2.058896
v 22.635324 3.970265 2.149952
v 22.599171 3.159793 2.084858
v 22.395819 2.481271 1.862511
v 21.961048 5.977743 0.385923
v 22.212605 5.608109 0.691258
v 22.371836 4.887483 0.876185
v 22.434649 3.992066 0.940489
v 22.396954 3.098063 0.883955
v 22.254663 2.381677 0.706368
v 18.491562 5.508438 6.424285
v 19.153587 5.977517 6.266606
v 18.827847 6.429192 7.639376
v 18.000000 6.000000 8.000000
v 19.751068 6.380188 6.165574
v 19.558060 6.783427 7.435999
v 20.299490 6.644548 6.123495
v 20.215511 6.990166 7.380121
v 20.814341 6.698691 6.142678
v 21.311094 6.470716 6.225430
v 18.629202 5.370800 4.667530
v 19.176170 5.866169 4.741020
v 19.734463 6.275575 4.771125
v 20.287569 6.539215 4.765124
v 20.818985 6.597291 4.730292
v 21.312201 6.390005 4.673905
v 18.530888 5.469112 2.938228
v 18.998665 5.953948 3.207090
v 19.581499 6.327417 3.354999
v 20.215704 6.548130 3.389297
v 20.837591 6.574696 3.317331
v 21.383471 6.365720 3.146446
v 18.314600 5.685400 1.444876
v 18.724136 6.099648 1.809294
v 19.365437 6.393548 2.019539
v 20.119850 6.545258 2.080307
v 20.868738 6.532929 1.996297
v 21.493454 6.334718 1.772205
v 18.098314 5.901687 0.395968
v 18.455658 6.162066 0.692106
v 19.159531 6.331799 0.867091
v 20.035963 6.404560 0.922444
v 20.911001 6.374022 0.859686
v 21.610685 6.233858 0.680339
v 18.296299 6.000000 -0.000000
v 19.037037 6.000000 -0.000000
v 20.962963 6.000000 -0.000000
v 17.684725 2.953301 6.018161
v 17.382648 2.700105 7.382666
v 17.444984 3.401134 5.880432
v 17.449608 3.824685 5.891567
v 17.025787 3.821171 7.025806
v 17.654787 4.279833 6.012179
v 17.194933 4.401477 7.194942
v 18.016708 4.822457 6.202880
v 17.785091 2.976544 4.537239
v 17.564354 3.409813 4.567565
v 17.574184 3.855037 4.625842
v 17.778793 4.323053 4.681984
v 18.142393 4.824695 4.705907
v 17.775272 2.846148 3.067430
v 17.555391 3.342193 3.228823
v 17.545509 3.899987 3.316226
v 17.721132 4.472056 3.310012
v 18.057756 5.010923 3.190554
v 17.746798 2.638432 1.736266
v 17.542244 3.233823 1.958471
v 17.509588 3.947291 2.050316
v 17.635988 4.667762 2.001919
v 17.908607 5.284157 1.803399
v 17.791199 2.429709 0.671279
v 17.649065 3.120254 0.850775
v 17.612419 3.984709 0.915708
v 17.677551 4.851091 0.863363
v 17.840752 5.547412 0.691022
v 18.000000 2.296296 -0.000000
v 21.703703 12.000000 -0.000001
v 21.677334 11.677336 -0.158168
v 22.000000 11.703704 -0.000001
v 22.000000 12.000000 -0.000001
v 21.661514 10.941865 -0.253068
v 22.000000 10.962963 -0.000001
v 21.656240 9.999992 -0.284702
v 22.000000 10.000000 -0.000001
v 21.661514 9.058121 -0.253068
v 22.000000 9.037038 -0.000001
v 21.677336 8.322655 -0.158168
v 22.000000 8.296296 -0.000001
v 21.703703 8.000000 -0.000001
v 22.000000 8.000000 -0.000001
v 20.962963 12.000000 -0.000001
v 20.941862 11.661516 -0.253068
v 20.929199 10.929208 -0.404909
v 20.924980 9.999989 -0.455522
v 20.929199 9.070771 -0.404909
v 20.941862 8.338470 -0.253068
v 20.962963 8.000000 -0.000001
v 20.000000 12.000000 -0.000001
v 19.999985 11.656242 -0.284702
v 19.999975 10.924989 -0.455522
v 19.999971 9.999988 -0.512462
v 19.999977 9.074989 -0.455522
v 19.999983 8.343742 -0.284702
v 20.000000 8.000000 -0.000001
v 19.058113 11.661517 -0.253068
v 19.070757 10.929209 -0.404909
v 19.074972 9.999989 -0.455522
v 19.070757 9.070773 -0.404909
v 19.058113 8.338471 -0.253068
v 19.037039 8.000000 -0.000001
v 18.322649 11.677336 -0.158168
v 18.338461 10.941866 -0.253068
v 18.343731 9.999993 -0.284702
v 18.338461 9.058122 -0.253068
v 18.322651 8.322656 -0.158168
v 18.296299 8.000000 -0.000001
v 18.000000 12.000000 -0.000001
v 18.000000 11.703703 -0.000001
v 18.000000 10.962963 -0.000001
v 18.000000 10.000000 -0.000001
v 18.000000 8.000000 -0.000001
v 21.805244 8.111281 6.374060
v 21.311092 7.529279 6.225429
v 21.411613 7.329005 7.671868
v 22.000000 8.000001 8.000000
v 20.814337 7.301301 6.142676
v 20.825073 7.023128 7.461993
v 20.299484 7.355445 6.123494
v 20.215511 7.009828 7.380121
v 19.751059 7.619806 6.165573
v 19.558060 7.216567 7.435999
v 19.153566 8.022478 6.266606
v 18.827847 7.570805 7.639376
v 18.491528 8.491560 6.424285
v 18.000000 8.000001 8.000000
v 21.750711 8.142440 4.603241
v 21.312201 7.609989 4.673903
v 20.818983 7.402702 4.730289
v 20.287565 7.460778 4.765122
v 19.734449 7.724419 4.771124
v 19.176146 8.133825 4.741019
v 18.629156 8.629196 4.667530
v 21.789661 8.120184 2.883984
v 21.383472 7.634274 3.146444
v 20.837591 7.425298 3.317329
v 20.215700 7.451863 3.389296
v 19.581488 7.672576 3.354998
v 18.998642 8.046047 3.207090
v 18.530849 8.530884 2.938228
v 21.875355 8.071220 1.412731
v 21.493454 7.665278 1.772205
v 20.868736 7.467066 1.996295
v 20.119848 7.454737 2.080306
v 19.365429 7.606446 2.019538
v 18.724125 7.900349 1.809294
v 18.314577 8.314598 1.444876
v 21.961048 8.022256 0.385923
v 21.610683 7.766139 0.680339
v 20.911003 7.625975 0.859686
v 20.035963 7.595437 0.922444
v 19.159527 7.668198 0.867090
v 18.455654 7.837931 0.692106
v 18.098307 8.098311 0.395968
v 22.018436 11.904410 6.482000
v 22.437046 11.369616 6.529853
v 22.422977 11.448165 7.985356
v 22.000000 12.000001 7.999999
v 22.633997 10.780135 6.536848
v 22.653866 10.844971 7.953142
v 22.639286 10.147766 6.513875
v 22.709837 10.194488 7.920927
v 22.482924 9.484303 6.471826
v 22.608067 9.500785 7.906283
v 22.194906 8.801542 6.421590
v 22.365730 8.767932 7.926784
v 22.023602 11.877645 4.741405
v 22.457132 11.370857 4.924229
v 22.658031 10.766353 5.016543
v 22.657070 10.102695 5.024476
v 22.485016 9.418447 4.954153
v 22.172640 8.752173 4.811699
v 22.019913 11.896763 3.000560
v 22.453350 11.428389 3.318456
v 22.666309 10.790682 3.497467
v 22.682608 10.062326 3.540558
v 22.526056 9.322003 3.450697
v 22.220470 8.648396 3.230850
v 22.011799 11.938823 1.481813
v 22.395821 11.518707 1.862511
v 22.599171 10.840186 2.084857
v 22.635326 10.029717 2.149952
v 22.517759 9.213762 2.058896
v 22.259945 8.518776 1.812789
v 22.003687 11.980882 0.407510
v 22.254662 11.618312 0.706367
v 22.396954 10.901926 0.883955
v 22.434650 10.007924 0.940489
v 22.371836 9.112511 0.876185
v 22.212606 8.391886 0.691258
v 18.212639 11.574689 6.344139
v 18.891262 11.927819 6.394532
v 18.753706 12.284251 7.894041
v 18.000000 12.000001 7.999999
v 19.573807 12.223809 6.450489
v 19.483616 12.502734 7.864372
v 20.244034 12.416062 6.499612
v 20.181463 12.619501 7.885564
v 20.885704 12.457978 6.529504
v 20.838984 12.598601 7.932186
v 21.482584 12.302960 6.527765
v 21.447920 12.404084 7.978807
v 18.272179 11.455600 4.564943
v 18.873310 11.867006 4.791720
v 19.540604 12.200199 4.945601
v 20.231674 12.411519 5.022048
v 20.904123 12.457307 5.016523
v 21.515562 12.293901 4.924488
v 18.229650 11.540663 2.851670
v 18.752338 11.972816 3.218233
v 19.427166 12.298960 3.448908
v 20.172733 12.486759 3.543088
v 20.907648 12.503882 3.500163
v 21.550505 12.317993 3.319523
v 18.136089 11.727800 1.393582
v 18.580849 12.116251 1.806698
v 19.276653 12.387145 2.059610
v 20.095572 12.522663 2.152948
v 20.909687 12.504994 2.087342
v 21.591070 12.316319 1.863420
v 18.042530 11.914937 0.379938
v 18.411337 12.168310 0.689744
v 19.132225 12.331805 0.876907
v 20.028543 12.400116 0.941847
v 20.923656 12.367935 0.884981
v 21.640919 12.229959 0.706729
v 18.296299 12.000000 -0.000001
v 19.037037 12.000000 -0.000001
v 18.016712 9.177579 6.202926
v 17.534939 8.898873 7.534974
v 17.654894 9.720291 6.012322
v 17.195133 9.598749 7.195190
v 17.449823 10.175528 5.891810
v 17.026163 10.179214 7.026225
v 17.445253 10.599117 5.880720
v 17.073601 10.719852 7.073655
v 17.684942 11.046894 6.018385
v 17.383022 11.300253 7.383054
v 18.142380 9.175322 4.705930
v 17.778837 9.677006 4.682057
v 17.574287 10.145063 4.625966
v 17.564489 10.590306 4.567713
v 17.785202 11.023547 4.537353
v 18.057739 8.989080 3.190563
v 17.721144 9.527964 3.310042
v 17.545551 10.100049 3.316278
v 17.555449 10.657851 3.228885
v 17.775318 11.153882 3.067478
v 17.908594 8.715842 1.803402
v 17.635990 9.332240 2.001928
v 17.509598 10.052713 2.050331
v 17.542261 10.766185 1.958489
v 17.746811 11.361572 1.736280
v 17.840748 8.452585 0.691022
v 17.677549 9.148907 0.863364
v 17.612419 10.015287 0.915710
v 17.649067 10.879744 0.850776
v 17.791199 11.570289 0.671280
v 18.000000 8.296296 -0.000001
v 18.000000 9.037037 -0.000001
v 13.703703 12.000000 -0.000001
v 13.677334 11.677336 -0.158168
v 13.999999 11.703704 -0.000001
v 14.000000 12.000000 -0.000001
v 13.661512 10.941865 -0.253068
v 14.000000 10.962963 -0.000001
v 13.656239 9.999992 -0.284701
v 14.000000 10.000000 -0.000001
v 13.661513 9.058121 -0.253068
v 14.000000 9.037038 -0.000001
v 13.677334 8.322655 -0.158168
v 13.999999 8.296296 -0.000001
v 13.703703 8.000000 -0.000001
v 14.000000 8.000000 -0.000001
v 12.962963 12.000000 -0.000001
v 12.941862 11.661516 -0.253068
v 12.929201 10.929208 -0.404908
v 12.924980 9.999989 -0.455522
v 12.929201 9.070771 -0.404908
v 12.941861 8.338470 -0.253068
v 12.962963 8.000000 -0.000001
v 12.000000 12.000000 -0.000001
v 11.999985 11.656242 -0.284701
v 11.999974 10.924989 -0.455522
v 11.999971 9.999988 -0.512462
v 11.999975 9.074989 -0.455522
v 11.999984 8.343742 -0.284701
v 12.000000 8.000000 -0.000001
v 11.058111 11.661517 -0.253068
v 11.070755 10.929209 -0.404908
v 11.074970 9.999989 -0.455522
v 11.070755 9.070773 -0.404908
v 11.058111 8.338471 -0.253068
v 11.037037 8.000000 -0.000001
v 10.322647 11.677336 -0.158168
v 10.338458 10.941866 -0.253068
v 10.343728 9.999993 -0.284701
v 10.338457 9.058122 -0.253068
v 10.322648 8.322656 -0.158168
v 10.296296 8.000000 -0.000001
v 10.000000 12.000000 -0.000001
v 10.000000 11.703703 -0.000001
v 10.000000 10.962963 -0.000001
v 10.000000 10.000000 -0.000001
v 10.000000 8.296296 -0.000001
v 10.000000 8.000000 -0.000001
v 13.509687 8.490289 6.426824
v 12.868238 8.038711 6.277666
v 13.195287 7.587078 7.649373
v 14.000000 8.000001 8.000000
v 12.299177 7.665622 6.188024
v 12.496429 7.258821 7.458169
v 11.775865 7.430899 6.155604
v 11.865450 7.075607 7.412007
v 11.271666 7.394417 6.178113
v 11.264370 7.097814 7.496511
v 10.759944 7.616055 6.253256
v 10.655212 7.385819 7.697301
v 10.214062 8.155688 6.378740
v 10.000000 8.000001 8.000000
v 13.372400 8.627569 4.670779
v 12.841498 8.147389 4.750658
v 12.305684 7.764345 4.789769
v 11.772992 7.528224 4.791648
v 11.251457 7.488815 4.759829
v 10.749115 7.695905 4.697845
v 10.274000 8.199280 4.609232
v 13.470463 8.529511 2.940969
v 13.013371 8.055485 3.213867
v 12.445634 7.701066 3.367621
v 11.825399 7.500690 3.407123
v 11.210816 7.488789 3.337265
v 10.660030 7.699796 3.162940
v 10.231188 8.168142 2.889039
v 13.686200 8.313785 1.446500
v 13.282159 7.905369 1.812815
v 12.648708 7.621864 2.025799
v 11.901659 7.481404 2.089016
v 11.156817 7.502123 2.006033
v 10.529996 7.702157 1.780414
v 10.137001 8.099641 1.415727
v 13.901937 8.098058 0.396475
v 13.546167 7.839417 0.693020
v 12.844591 7.672816 0.868519
v 11.970336 7.603471 0.924313
v 11.096533 7.636599 0.861741
v 10.396315 7.777415 0.682143
v 10.042812 8.031137 0.386859
v 13.787360 11.574758 6.344326
v 14.315022 11.046928 6.018505
v 14.616937 11.300253 7.383054
v 14.000000 12.000001 7.999999
v 14.554724 10.599092 5.880869
v 14.926332 10.719852 7.073655
v 14.550255 10.175377 5.892150
v 14.973763 10.179214 7.026225
v 14.345401 9.719917 6.013082
v 14.804800 9.598749 7.195190
v 13.983949 9.176844 6.204395
v 14.465020 8.898873 7.534974
v 13.727821 11.455689 4.565183
v 14.214766 11.023591 4.537507
v 14.435503 10.590272 4.567904
v 14.425834 10.144871 4.626402
v 14.221560 9.676527 4.683028
v 13.858480 9.174380 4.707812
v 13.770350 11.540737 2.851873
v 14.224651 11.153919 3.067607
v 14.444544 10.657822 3.229047
v 14.454547 10.099886 3.316646
v 14.279186 9.527560 3.310862
v 13.942984 8.988287 3.192151
v 13.863912 11.727845 1.393702
v 14.253163 11.361594 1.736357
v 14.457722 10.766168 1.958585
v 14.490445 10.052618 2.050549
v 14.364194 9.332001 2.002414
v 14.091825 8.715371 1.804343
v 13.957471 11.914950 0.379976
v 14.208784 11.570295 0.671305
v 14.350916 10.879739 0.850806
v 14.387581 10.015257 0.915778
v 14.322494 9.148832 0.863515
v 14.159374 8.452438 0.691316
v 10.086215 11.970592 6.482278
v 10.613808 12.363507 6.527993
v 10.551497 12.403327 7.978835
v 10.000000 12.000001 7.999999
v 11.191444 12.505945 6.529736
v 11.160548 12.597512 7.932281
v 11.808369 12.448098 6.499873
v 11.818537 12.618413 7.885729
v 12.453831 12.240158 6.450773
v 12.516851 12.501890 7.864571
v 13.117079 11.932314 6.394802
v 13.246877 12.283799 7.894196
v 10.110355 11.962356 4.741760
v 10.608104 12.371710 4.924652
v 11.194862 12.519154 5.016631
v 11.835423 12.452980 5.022185
v 12.494574 12.221483 4.945803
v 13.137111 11.872954 4.791973
v 10.093113 11.968238 3.000860
v 10.553943 12.383699 3.319497
v 11.175968 12.556151 3.500036
v 11.883905 12.521836 3.543010
v 12.602470 12.316998 3.448952
v 13.256379 11.977884 3.218395
v 10.055178 11.981178 1.481991
v 10.470881 12.355238 1.863213
v 11.139922 12.535950 2.087019
v 11.938023 12.543441 2.152690
v 12.740906 12.397836 2.059507
v 13.424294 12.119261 1.806750
v 10.017242 11.994118 0.407566
v 10.378479 12.242085 0.706486
v 11.091890 12.377563 0.884651
v 11.981985 12.406569 0.941572
v 12.873274 12.335125 0.876759
v 13.590266 12.169246 0.689724
v 10.296296 12.000000 -0.000001
v 11.037037 12.000000 -0.000001
v 9.776024 8.835777 6.394035
v 9.568029 8.763919 7.886152
v 9.486227 9.516989 6.434498
v 9.358511 10.185199 6.481841
v 9.213085 10.184632 7.877044
v 9.406710 10.826283 6.517776
v 9.296356 10.835042 7.927137
v 9.644665 11.426123 6.524018
v 9.557619 11.441230 7.977229
v 9.819688 8.797865 4.794090
v 9.514405 9.463758 4.928936
v 9.374491 10.155058 5.002448
v 9.416285 10.829858 5.003304
v 9.656126 11.446259 4.920182
v 9.781468 8.687572 3.220514
v 9.484543 9.361328 3.435145
v 9.353827 10.107841 3.526715
v 9.402740 10.845540 3.489004
v 9.644695 11.492862 3.315792
v 9.743815 8.542290 1.807507
v 9.491970 9.237517 2.050687
v 9.389324 10.057173 2.142495
v 9.443738 10.873104 2.080162
v 9.663069 11.557157 1.860918
v 9.789175 8.399400 0.689269
v 9.632012 9.120146 0.873118
v 9.573780 10.016684 0.937639
v 9.616937 10.912319 0.882065
v 9.763938 11.630362 0.705630
v 10.000000 9.037037 -0.000001
v 17.370724 5.750284 8.249717
v 17.023708 4.978214 7.849686
v 17.534897 5.101196 7.534896
v 16.766823 4.355364 7.543435
v 16.628965 3.829185 7.375417
v 16.639034 3.347127 7.390089
v 17.073133 3.280604 7.073158
v 16.825930 2.856641 7.631907
v 17.218552 2.305179 8.145325
v 16.696564 5.600454 8.399548
v 16.515186 4.903287 8.038880
v 16.384115 4.325927 7.754229
v 16.315029 3.832755 7.588197
v 16.319607 3.388155 7.583388
v 16.409529 2.956508 7.782407
v 16.596476 2.502198 8.227854
v 15.999962 5.550510 8.449491
v 16.008337 4.876567 8.102708
v 16.025078 4.312801 7.827834
v 16.043833 3.830267 7.665051
v 16.058250 3.400023 7.654544
v 16.061983 2.993123 7.836493
v 16.048676 2.580624 8.251084
v 15.303371 5.600454 8.399547
v 15.502179 4.898204 8.041401
v 15.667991 4.315620 7.764759
v 15.775244 3.820107 7.606886
v 15.798380 3.379066 7.605045
v 15.711840 2.959904 7.796503
v 15.490060 2.530023 8.218520
v 14.629232 5.750284 8.249717
v 14.995724 4.968350 7.855191
v 15.291124 4.334023 7.565514
v 15.469121 3.800660 7.414604
v 15.483397 3.321623 7.436379
v 15.287640 2.850269 7.664758
v 14.835531 2.339960 8.133657
v 17.370724 8.249714 8.249712
v 17.477074 7.898094 8.374570
v 18.124834 7.685375 8.124857
v 17.540886 7.468533 8.449487
v 18.199734 7.348300 8.199773
v 17.562157 7.000000 8.474459
v 18.224701 7.000000 8.224744
v 17.540886 6.531466 8.449488
v 18.199734 6.651701 8.199772
v 17.477074 6.101905 8.374574
v 18.124834 6.314626 8.124858
v 16.696564 8.399543 8.399541
v 16.756676 8.025726 8.524400
v 16.792744 7.540672 8.599316
v 16.804766 6.999999 8.624289
v 16.792744 6.459326 8.599319
v 16.756676 5.974270 8.524405
v 15.999962 8.449488 8.449486
v 15.999957 8.068272 8.574344
v 15.999954 7.564719 8.649260
v 15.999953 6.999998 8.674232
v 15.999954 6.435278 8.649262
v 15.999957 5.931726 8.574347
v 15.303371 8.399546 8.399544
v 15.243244 8.025727 8.524402
v 15.207169 7.540672 8.599318
v 15.195145 6.999997 8.624290
v 15.207170 6.459323 8.599319
v 15.243244 5.974269 8.524405
v 14.629232 8.249717 8.249715
v 14.522858 7.898095 8.374573
v 14.459034 7.468532 8.449489
v 14.437759 6.999997 8.474461
v 14.459033 6.531463 8.449489
v 14.522858 6.101902 8.374575
v 13.875125 7.685374 8.124857
v 13.800200 7.348298 8.199773
v 13.775225 6.999997 8.224744
v 13.800200 6.651697 8.199772
v 13.875124 6.314622 8.124858
v 16.817095 11.148170 7.632222
v 16.631443 10.654906 7.389331
v 16.623505 10.171184 7.374542
v 16.763756 9.644248 7.542948
v 17.022669 9.021343 7.849641
v 16.377113 11.056900 7.781732
v 16.290447 10.615929 7.578742
v 16.293564 10.166363 7.583535
v 16.371964 9.671547 7.751605
v 16.511131 9.094826 8.038443
v 16.000187 11.466638 8.266658
v 16.000088 11.026459 7.831576
v 16.000021 10.602927 7.641882
v 15.999981 10.164751 7.653201
v 15.999963 9.680646 7.821157
v 15.999958 9.119320 8.101377
v 15.623039 11.056862 7.781749
v 15.709585 10.615909 7.578751
v 15.706394 10.166354 7.583539
v 15.627964 9.671545 7.751606
v 15.488791 9.094828 8.038445
v 14.790219 11.703647 8.148160
v 15.182982 11.148121 7.632242
v 15.368550 10.654881 7.389342
v 15.376442 10.171173 7.374547
v 15.236174 9.644247 7.542950
v 14.977263 9.021345 7.849643
v 13.148528 7.364958 7.809144
v 13.120473 7.174550 7.905007
v 13.111121 6.999996 7.936960
v 13.120473 6.825444 7.905006
v 13.148528 6.635036 7.809144
v 12.499860 7.108093 7.628623
v 12.501919 7.034709 7.730896
v 12.502604 6.999996 7.764987
v 12.501918 6.965283 7.730896
v 12.499860 6.891900 7.628623
v 11.908966 6.957361 7.574848
v 11.935075 6.950767 7.672552
v 11.943779 6.999996 7.705120
v 11.935075 7.049226 7.672552
v 11.908966 7.042630 7.574848
v 11.355690 6.955348 7.639371
v 11.410481 6.944714 7.725089
v 11.428745 6.999996 7.753661
v 11.410481 7.055279 7.725089
v 11.355689 7.044646 7.639371
v 10.819878 7.144631 7.813747
v 10.918676 7.038540 7.883615
v 10.951610 6.999996 7.906904
v 10.918676 6.961453 7.883615
v 10.819877 6.855363 7.813747
v 10.281374 7.567799 8.089528
v 10.450200 7.254238 8.143247
v 10.506474 6.999997 8.161152
v 10.450201 6.745757 8.143247
v 10.281375 6.432198 8.089528
v 21.234791 7.045399 7.776600
v 21.697416 7.476779 8.075641
v 21.128696 6.970517 7.839440
v 21.515865 7.181422 8.121026
v 21.093334 6.999996 7.860385
v 21.455349 6.999997 8.136153
v 21.128696 7.029476 7.839440
v 21.515867 6.818573 8.121025
v 21.234791 6.954596 7.776600
v 21.697416 6.523217 8.075641
v 21.411613 6.670992 7.671868
v 20.727617 6.867109 7.596032
v 20.669144 6.889060 7.676455
v 20.649652 6.999996 7.703262
v 20.669144 7.110931 7.676454
v 20.727617 7.132883 7.596032
v 20.825073 6.976867 7.461993
v 20.169464 6.891936 7.537253
v 20.141838 6.911582 7.631533
v 20.132627 6.999996 7.662959
v 20.141836 7.088411 7.631533
v 20.169464 7.108057 7.537253
v 19.553905 7.069905 7.603586
v 19.551411 7.012609 7.704138
v 19.550581 6.999997 7.737656
v 19.551411 6.987385 7.704138
v 19.553904 6.930089 7.603586
v 18.874506 7.351043 7.798347
v 18.902502 7.166673 7.893730
v 18.911835 6.999999 7.925524
v 18.902502 6.833325 7.893729
v 18.874504 6.648954 7.798347
v 14.004312 1.041455 11.304425
v 13.175887 1.083282 11.293384
v 13.159191 1.061924 11.993535
v 14.000000 1.000001 12.000000
v 12.343933 1.043290 11.275058
v 12.312504 1.023573 11.979311
v 11.518640 0.995026 11.247227
v 11.466587 0.966576 11.965088
v 10.710194 1.012034 11.207672
v 10.628096 0.972562 11.958623
v 9.928785 1.167858 11.154176
v 9.803683 1.123161 11.967673
v 9.184605 1.536044 11.084517
v 9.000000 1.500001 12.000000
v 14.013800 1.154878 10.629938
v 13.211365 1.139479 10.606474
v 12.400794 1.080290 10.586926
v 11.597407 1.038153 10.561627
v 10.816527 1.073914 10.520914
v 10.073474 1.248416 10.455116
v 9.383571 1.622504 10.354569
v 14.023288 1.323856 9.969397
v 13.252651 1.230443 9.929182
v 12.467021 1.139103 9.909938
v 11.686705 1.096901 9.896811
v 10.932014 1.150900 9.874957
v 10.223257 1.348163 9.829521
v 9.580745 1.735754 9.745653
v 14.027599 1.531977 9.315655
v 13.286774 1.356097 9.257881
v 12.526552 1.224263 9.239108
v 11.770348 1.172214 9.241299
v 11.041575 1.235689 9.246412
v 10.363647 1.450428 9.236411
v 9.759976 1.852171 9.193257
v 14.021563 1.762829 8.661571
v 13.300758 1.516369 8.588946
v 12.563324 1.340301 8.569458
v 11.832150 1.265035 8.583606
v 11.130129 1.320979 8.611891
v 10.480152 1.538540 8.634813
v 9.905111 1.948128 8.632875
v 18.000000 0.100739 11.268454
v 17.321785 0.172262 11.278947
v 17.319946 0.058358 12.000000
v 18.000000 0.000001 12.000000
v 16.655355 0.324696 11.289922
v 16.652807 0.208964 12.000000
v 15.995554 0.522937 11.299666
v 15.992912 0.415127 12.000000
v 15.337217 0.731879 11.306471
v 15.334592 0.640150 12.000001
v 14.675190 0.916420 11.308627
v 14.672177 0.847340 11.999999
v 18.000000 0.366806 10.587896
v 17.323576 0.472782 10.619293
v 16.659712 0.630267 10.642712
v 16.002604 0.808241 10.656820
v 15.346450 0.975682 10.660282
v 14.685449 1.101568 10.651767
v 18.000000 0.743985 9.939550
v 17.319735 0.898125 9.998571
v 16.660938 1.063240 10.035638
v 16.012751 1.213850 10.051003
v 15.364318 1.324476 10.044916
v 14.704782 1.369638 10.017631
v 18.000000 1.178056 9.304638
v 17.304672 1.386500 9.394313
v 16.654097 1.561178 9.445960
v 16.024685 1.682577 9.461748
v 15.392855 1.731185 9.443848
v 14.735020 1.687489 9.394426
v 18.000002 1.614800 8.664379
v 17.272808 1.876115 8.784052
v 16.634254 2.061643 8.850945
v 16.037096 2.157231 8.868597
v 15.434092 2.148727 8.840556
v 14.777994 2.021977 8.770365
v 22.062132 1.060629 11.325092
v 21.508350 0.634971 11.319502
v 21.451996 0.574959 12.000000
v 22.000000 1.000001 12.000000
v 20.875160 0.352580 11.305943
v 20.831364 0.291503 12.000000
v 20.185146 0.185709 11.289238
v 20.156975 0.120956 12.000000
v 19.460892 0.106611 11.274209
v 19.447704 0.034641 12.000001
v 18.724981 0.087536 11.265673
v 18.722424 0.003881 11.999999
v 22.075890 1.223198 10.660874
v 21.518414 0.796134 10.650534
v 20.880619 0.516775 10.626162
v 20.186192 0.359642 10.597734
v 19.458818 0.299256 10.575231
v 18.722191 0.310137 10.568624
v 22.058912 1.443065 10.001801
v 21.499790 1.015629 9.987537
v 20.863722 0.743923 9.954775
v 20.173206 0.604426 9.918554
v 19.450750 0.573617 9.893916
v 18.718847 0.627977 9.895901
v 22.028847 1.675584 9.342326
v 21.470087 1.250637 9.324957
v 20.840462 0.993860 9.285909
v 20.159306 0.881732 9.244765
v 19.445953 0.890735 9.221115
v 18.719740 0.997349 9.234543
v 22.003326 1.876111 8.676907
v 21.446903 1.458338 8.657236
v 20.826818 1.226420 8.613684
v 20.157574 1.153232 8.569435
v 19.453684 1.211649 8.547677
v 18.729656 1.374547 8.571595
v 22.917732 4.946621 11.306231
v 22.885849 4.243346 11.303126
v 22.934452 4.285743 12.000034
v 23.000000 5.000001 12.000000
v 22.870083 3.541265 11.305365
v 22.885031 3.561353 12.000044
v 22.825130 2.856165 11.310810
v 22.809299 2.848707 12.000038
v 22.705688 2.203835 11.317335
v 22.664839 2.169683 12.000023
v 22.466454 1.600060 11.322805
v 22.409214 1.546155 12.000007
v 22.795120 5.060963 10.633317
v 22.831783 4.365646 10.619223
v 22.858849 3.674939 10.619814
v 22.836554 3.002092 10.629683
v 22.725138 2.360352 10.643421
v 22.484838 1.762971 10.655621
v 22.637100 5.283247 9.973746
v 22.762493 4.589156 9.943979
v 22.839176 3.899974 9.940263
v 22.837156 3.228237 9.953391
v 22.726435 2.586482 9.974161
v 22.477018 1.987246 9.993365
v 22.448616 5.553699 9.320011
v 22.668228 4.850387 9.273054
v 22.798923 4.153964 9.263578
v 22.820515 3.476351 9.278675
v 22.712824 2.829470 9.305439
v 22.455664 2.225240 9.330958
v 22.234602 5.812542 8.664598
v 22.539223 5.085851 8.602102
v 22.725933 4.374507 8.586629
v 22.780214 3.688185 8.602275
v 22.687550 3.036561 8.633138
v 22.433426 2.429311 8.663316
v 22.917732 9.053376 11.306230
v 22.970692 8.393833 11.308937
v 23.069168 8.334775 11.999915
v 23.000000 9.000001 11.999999
v 23.002468 7.704391 11.310562
v 23.110668 7.667820 11.999866
v 23.013058 6.999999 11.311103
v 23.124500 7.000001 11.999848
v 23.002468 6.295607 11.310563
v 23.110668 6.332182 11.999866
v 22.970692 5.606164 11.308938
v 22.795120 8.939033 10.633316
v 22.804165 8.326196 10.643819
v 22.809593 7.673149 10.650119
v 22.811401 6.999998 10.652220
v 22.809591 6.326846 10.650120
v 22.804167 5.673800 10.643820
v 22.637100 8.716746 9.973745
v 22.581579 8.166265 9.996243
v 22.548267 7.589662 10.009743
v 22.537163 6.999997 10.014242
v 22.548265 6.410332 10.009743
v 22.581577 5.833728 9.996244
v 22.448616 8.446296 9.320010
v 22.314930 7.948449 9.357899
v 22.234718 7.469499 9.380631
v 22.207981 6.999997 9.388209
v 22.234718 6.530494 9.380631
v 22.314932 6.051544 9.357900
v 22.234602 8.187455 8.664598
v 22.016209 7.707152 8.720469
v 21.885174 7.328228 8.753991
v 21.841496 6.999996 8.765165
v 21.885174 6.671763 8.753991
v 22.016211 6.292842 8.720469
v 22.062132 12.939351 11.325091
v 22.466455 12.399905 11.322793
v 22.409212 12.453830 12.000007
v 22.000000 13.000001 11.999999
v 22.705688 11.796129 11.317319
v 22.664837 11.830297 12.000021
v 22.825130 11.143806 11.310796
v 22.809299 11.151277 12.000037
v 22.870083 10.458717 11.305355
v 22.885031 10.438638 12.000044
v 22.885849 9.756645 11.303123
v 22.934454 9.714255 12.000033
v 22.075890 12.776765 10.660873
v 22.484837 12.236983 10.655604
v 22.725140 11.639606 10.643401
v 22.836555 10.997874 10.629665
v 22.858849 10.325038 10.619803
v 22.831783 9.634342 10.619219
v 22.058912 12.556889 10.001800
v 22.477018 12.012706 9.993352
v 22.726437 11.413474 9.974144
v 22.837156 10.771729 9.953377
v 22.839178 10.100004 9.940252
v 22.762495 9.410831 9.943975
v 22.028847 12.324371 9.342325
v 22.455664 11.774714 9.330950
v 22.712826 11.170491 9.305429
v 22.820515 10.523619 9.278666
v 22.798923 9.846016 9.263573
v 22.668230 9.149603 9.273050
v 22.003326 12.123859 8.676906
v 22.433426 11.570653 8.663312
v 22.687551 10.963406 8.633134
v 22.780216 10.311788 8.602271
v 22.725933 9.625476 8.586627
v 22.539225 8.914140 8.602100
v 18.000000 13.899630 11.265058
v 18.717033 13.855680 11.262528
v 18.713837 13.934426 11.999999
v 18.000000 14.000001 11.999999
v 19.452126 13.819133 11.271692
v 19.438236 13.884875 11.999999
v 20.179729 13.749607 11.287540
v 20.151125 13.809001 11.999999
v 20.874296 13.606724 11.305062
v 20.830429 13.664460 12.000000
v 21.510281 13.350099 11.319249
v 21.454081 13.408908 11.999998
v 18.000000 13.634372 10.584965
v 18.715843 13.645250 10.565907
v 19.451820 13.641988 10.573054
v 20.181868 13.589042 10.596265
v 20.879932 13.450882 10.625398
v 21.519960 13.191968 10.650314
v 18.000000 13.258000 9.939065
v 18.714596 13.343017 9.895442
v 19.446068 13.387607 9.893545
v 20.170326 13.361527 9.918301
v 20.863279 13.234543 9.954642
v 21.500839 12.976409 9.987498
v 18.000000 12.824298 9.306707
v 18.717606 12.988855 9.236440
v 19.443615 13.090159 9.222623
v 20.157887 13.101284 9.245778
v 20.840277 12.995310 9.286431
v 21.470648 12.745314 9.325106
v 18.000002 12.387038 8.667236
v 18.729202 12.622641 8.574203
v 19.453217 12.783813 8.549745
v 20.157337 12.842536 8.570823
v 20.826864 12.770795 8.614399
v 21.447096 12.540574 8.657439
v 13.999999 13.899769 11.263776
v 14.662668 13.965169 11.271921
v 14.662997 14.088035 11.999999
v 14.000000 14.000001 11.999999
v 15.328917 13.998824 11.276990
v 15.329081 14.134845 11.999999
v 15.997257 14.004916 11.278909
v 15.997038 14.144938 11.999999
v 16.666206 13.987625 11.277606
v 16.665651 14.122823 12.000000
v 17.334282 13.951138 11.273013
v 17.333712 14.073007 11.999998
v 14.000000 13.634816 10.583864
v 14.664775 13.641879 10.613000
v 15.330849 13.641603 10.630635
v 15.997812 13.637349 10.636710
v 16.665262 13.632485 10.631166
v 17.332794 13.630371 10.613936
v 14.000000 13.258751 9.938897
v 14.673950 13.186122 9.997198
v 15.338512 13.139436 10.032201
v 15.998542 13.120990 10.043897
v 16.658897 13.133073 10.032279
v 17.324432 13.177979 9.997337
v 14.000000 12.825187 9.307508
v 14.694825 12.665858 9.398480
v 15.355543 12.568587 9.452949
v 15.999287 12.534586 9.470958
v 16.643188 12.565063 9.452555
v 17.304382 12.661229 9.397789
v 13.999999 12.387733 8.668330
v 14.732037 12.149046 8.790812
v 15.385580 12.005310 8.864141
v 15.999888 11.956884 8.888380
v 16.614222 12.004124 8.863598
v 17.267841 12.147388 8.789861
v 15.432259 11.525868 8.237044
v 16.568073 11.525934 8.237015
v 17.209988 11.703731 8.148125
v 9.117376 12.522047 11.126648
v 9.826732 12.999017 11.206565
v 9.734974 12.994195 12.003888
v 9.000000 12.500001 11.999999
v 10.599259 13.328536 11.248818
v 10.530096 13.340424 12.004977
v 11.418905 13.546988 11.264537
v 11.369762 13.576402 12.004199
v 12.269613 13.690755 11.264849
v 12.238370 13.739845 12.002488
v 13.135329 13.796223 11.260886
v 13.120317 13.868472 12.000776
v 9.297542 12.451838 10.408253
v 9.972504 12.914758 10.505681
v 10.714974 13.229076 10.552380
v 11.506955 13.426517 10.565948
v 12.330452 13.538804 10.563985
v 13.167464 13.597665 10.564091
v 9.508190 12.326951 9.790603
v 10.145077 12.777238 9.866851
v 10.853099 13.074142 9.894085
v 11.612429 13.244206 9.893604
v 12.403239 13.313968 9.886713
v 13.205706 13.309969 9.894711
v 9.717018 12.184964 9.219485
v 10.317242 12.622279 9.255690
v 10.989496 12.895837 9.252355
v 11.713840 13.029273 9.232675
v 12.470333 13.046219 9.219843
v 13.239032 12.970311 9.237056
v 9.891724 12.063455 8.640687
v 10.461786 12.485702 8.637812
v 11.100025 12.726260 8.605612
v 11.789704 12.810935 8.568325
v 12.514084 12.765534 8.550191
v 13.256430 12.615864 8.575445
v 13.999999 1.574660 15.451766
v 13.300013 1.582158 15.448481
v 13.316954 2.000170 15.999861
v 14.000000 2.000001 16.000000
v 12.572256 1.585349 15.438627
v 12.615028 2.000541 15.999556
v 11.835863 1.586232 15.422201
v 11.913300 2.000912 15.999250
v 11.109967 1.586804 15.399199
v 11.230837 2.001081 15.999111
v 10.413700 1.589065 15.369622
v 10.586713 2.000845 15.999306
v 9.766195 1.595011 15.333467
v 10.000000 2.000001 16.000000
v 14.000000 1.291120 14.831230
v 13.268753 1.309601 14.826048
v 12.508930 1.303982 14.810465
v 11.738676 1.290988 14.784421
v 10.976140 1.287346 14.747857
v 10.239465 1.309783 14.700715
v 9.546801 1.375025 14.642941
v 14.000000 1.120633 14.157087
v 13.231107 1.151901 14.150948
v 12.438169 1.131781 14.132759
v 11.637446 1.098290 14.102862
v 10.845197 1.089449 14.061604
v 10.077678 1.143275 14.009327
v 9.351151 1.297787 13.946375
v 14.000000 1.034450 13.448037
v 13.195009 1.078455 13.441570
v 12.373098 1.044085 13.423203
v 11.547884 0.991249 13.394485
v 10.732981 0.979857 13.356966
v 9.942007 1.069818 13.312196
v 9.188580 1.321041 13.261725
v 13.999999 1.003822 12.722775
v 13.168393 1.058663 12.716303
v 12.326836 1.016236 12.699490
v 11.485694 0.952975 12.676241
v 10.655334 0.945314 12.650465
v 9.846118 1.069688 12.626064
v 9.068418 1.402531 12.606949
v 18.056910 1.431316 15.470690
v 17.389263 1.444792 15.533118
v 17.337898 2.004345 16.068924
v 18.000000 2.000001 16.000000
v 16.713461 1.469902 15.547486
v 16.672785 2.005561 16.088223
v 16.033070 1.501045 15.530165
v 16.005550 2.004692 16.074436
v 15.351652 1.532620 15.497524
v 15.337082 2.002781 16.044111
v 14.672773 1.559026 15.465934
v 14.668268 2.000870 16.013784
v 18.072845 0.943195 14.873985
v 17.400692 0.968110 14.921888
v 16.721565 1.024477 14.928270
v 16.038696 1.098629 14.907763
v 15.355323 1.176898 14.875000
v 14.674678 1.245617 14.844611
v 18.061462 0.545821 14.219225
v 17.385832 0.582713 14.249097
v 16.708324 0.672479 14.247244
v 16.029963 0.793136 14.225389
v 15.351772 0.922702 14.195261
v 14.674775 1.039195 14.168584
v 18.036423 0.249376 13.515748
v 17.358326 0.297013 13.528608
v 16.684967 0.417099 13.521076
v 16.014400 0.580259 13.501200
v 15.344680 0.757121 13.477034
v 14.673862 0.918309 13.456627
v 18.011383 0.064042 12.772893
v 17.331816 0.119424 12.774288
v 16.662720 0.261530 12.766438
v 15.999540 0.455692 12.753351
v 15.337728 0.667241 12.739038
v 14.672732 0.861507 12.727509
v 21.228809 1.661556 14.609263
v 20.793322 1.406732 14.774950
v 20.581326 1.771287 15.184101
v 21.000000 2.000001 15.000000
v 20.295334 1.296273 14.943234
v 20.112713 1.705901 15.378748
v 19.753771 1.286842 15.105532
v 19.607212 1.749962 15.570800
v 19.187563 1.335098 15.253262
v 19.077890 1.849588 15.747119
v 18.615633 1.397703 15.377842
v 18.537798 1.950895 15.894565
v 21.436815 1.403509 14.158178
v 20.976871 1.109002 14.292702
v 20.449455 0.949848 14.432268
v 19.874960 0.889868 14.568526
v 19.273769 0.892885 14.693130
v 18.666269 0.922720 14.797732
v 21.620975 1.217094 13.659225
v 21.133240 0.877529 13.755720
v 20.577600 0.671392 13.864155
v 19.973328 0.566917 13.974625
v 19.339699 0.532339 14.077229
v 18.695984 0.535895 14.162063
v 21.778254 1.093547 13.124888
v 21.263706 0.711744 13.182366
v 20.682287 0.465671 13.257201
v 20.051422 0.325863 13.338674
v 19.388536 0.262855 13.416067
v 18.711061 0.247181 13.478665
v 21.905605 1.024104 12.567653
v 21.369532 0.611077 12.591006
v 20.766031 0.337453 12.629715
v 20.111786 0.174584 12.675517
v 19.423475 0.093824 12.720155
v 18.717781 0.066526 12.755367
v 22.656216 6.541239 14.220571
v 22.466877 5.735079 14.462248
v 22.297909 6.182789 14.766947
v 22.500000 7.000001 14.499999
v 22.346964 4.850005 14.523058
v 22.165243 5.275611 14.847474
v 22.229837 3.943067 14.485583
v 22.035561 4.341106 14.826312
v 22.048861 3.071312 14.432404
v 21.842422 3.441911 14.788193
v 21.737398 2.291792 14.446104
v 21.519381 2.640663 14.817845
v 22.794474 6.115907 13.875140
v 22.628733 5.327486 14.066426
v 22.520004 4.472947 14.109908
v 22.407370 3.602784 14.073204
v 22.229906 2.767493 14.023936
v 21.926693 2.017570 14.029719
v 22.906376 5.736560 13.472038
v 22.769947 4.969383 13.600889
v 22.672354 4.149995 13.629528
v 22.561121 3.321733 13.603820
v 22.383793 2.527937 13.569626
v 22.087898 1.811945 13.572806
v 22.876991 4.670143 13.087040
v 22.791983 3.886706 13.103423
v 22.684052 3.101388 13.092070
v 22.508751 2.350128 13.076310
v 22.221636 1.668867 13.079473
v 22.936337 4.439138 12.546288
v 22.866880 3.688640 12.553095
v 22.769125 2.943221 12.552597
v 22.603020 2.231549 12.550831
v 22.328529 1.582287 12.553837
v 23.017532 5.166049 12.526136
v 23.090988 5.797530 12.511972
v 23.069168 5.665228 11.999916
v 23.135061 6.404814 12.503475
v 23.149754 7.000000 12.500642
v 23.135063 7.595184 12.503475
v 23.090988 8.202468 12.511971
v 22.983526 5.415755 13.019592
v 23.064854 5.981924 12.974428
v 23.113651 6.502388 12.947330
v 23.129917 6.999999 12.938296
v 23.113651 7.497610 12.947330
v 23.064854 8.018073 12.974428
v 22.983526 8.584241 13.019591
v 22.991724 6.206387 13.395871
v 23.042934 6.617797 13.350171
v 23.060001 6.999998 13.334937
v 23.042933 7.382200 13.350170
v 22.991726 7.793609 13.395870
v 22.906376 8.263434 13.472037
v 22.872562 6.458900 13.784886
v 22.919418 6.743938 13.730735
v 22.935038 7.000000 13.712684
v 22.919418 7.256060 13.730735
v 22.872562 7.541097 13.784886
v 22.794474 7.884089 13.875139
v 22.708332 6.727444 14.150065
v 22.739601 6.873708 14.107764
v 22.750027 7.000000 14.093664
v 22.739605 7.126292 14.107765
v 22.708334 7.272553 14.150066
v 22.656216 7.458758 14.220571
v 21.228809 12.338429 14.609262
v 21.737396 11.708188 14.446103
v 21.519382 11.359331 14.817843
v 21.000000 12.000001 14.999999
v 22.048861 10.928668 14.432404
v 21.842422 10.558080 14.788192
v 22.229837 10.056916 14.485581
v 22.035561 9.658885 14.826311
v 22.346964 9.149983 14.523057
v 22.165245 8.724381 14.847473
v 22.466877 8.264914 14.462246
v 22.297909 7.817208 14.766946
v 21.436815 12.596460 14.158177
v 21.926695 11.982399 14.029719
v 22.229906 11.232479 14.023935
v 22.407370 10.397194 14.073204
v 22.520004 9.527038 14.109907
v 22.628733 8.672504 14.066425
v 21.620975 12.782864 13.659225
v 22.087898 12.188016 13.572805
v 22.383793 11.472030 13.569625
v 22.561119 10.678242 13.603820
v 22.672352 9.849988 13.629529
v 22.769947 9.030607 13.600888
v 21.778254 12.906409 13.124887
v 22.221634 12.331093 13.079473
v 22.508751 11.649838 13.076309
v 22.684052 10.898586 13.092068
v 22.791983 10.113276 13.103421
v 22.876989 9.329846 13.087039
v 21.905605 12.975864 12.567652
v 22.328529 12.417680 12.553836
v 22.603020 11.768422 12.550830
v 22.769123 11.056755 12.552595
v 22.866882 10.311345 12.553093
v 22.936337 9.560854 12.546287
v 23.017532 8.833948 12.526135
v 18.056807 12.568114 15.470994
v 18.614914 12.597179 15.378123
v 18.537800 12.049070 15.894564
v 18.000000 12.000001 15.999999
v 19.186798 12.658484 15.253488
v 19.077890 12.150356 15.747118
v 19.753298 12.707646 15.105683
v 19.607212 12.249976 15.570799
v 20.295242 12.700279 14.943313
v 20.112711 12.294045 15.378747
v 20.793470 12.592001 14.774971
v 20.581327 12.228683 15.184100
v 18.072712 13.056075 14.874096
v 18.663935 13.060599 14.797833
v 19.271236 13.085688 14.693212
v 19.873394 13.091578 14.568582
v 20.449188 13.038512 14.432297
v 20.977404 12.886726 14.292710
v 18.061350 13.453564 14.218925
v 18.691601 13.432682 14.161784
v 19.334896 13.426948 14.077006
v 19.970360 13.397729 13.974474
v 20.577112 13.306396 13.864076
v 21.134275 13.114318 13.755698
v 18.036356 13.750261 13.515103
v 18.704647 13.706780 13.478068
v 19.381483 13.677245 13.415590
v 20.047060 13.622048 13.338351
v 20.681581 13.501582 13.257034
v 21.265245 13.276238 13.182318
v 18.011364 13.935845 12.772254
v 18.709816 13.876244 12.754775
v 19.414698 13.831560 12.719682
v 20.106361 13.760489 12.675198
v 20.765163 13.621718 12.629548
v 21.371460 13.373947 12.590958
v 13.998229 12.559747 15.459126
v 14.667484 12.618902 15.473183
v 14.665067 12.056174 16.014215
v 14.000000 12.000001 15.999999
v 15.345982 12.636932 15.503606
v 15.332836 12.070223 16.044689
v 16.028942 12.627353 15.534496
v 16.001762 12.056889 16.074963
v 16.711588 12.603680 15.549957
v 16.670298 12.030912 16.088577
v 17.389133 12.579429 15.534089
v 17.336893 12.007035 16.069077
v 13.997732 13.045363 14.858118
v 14.667819 13.110594 14.869850
v 15.349045 13.135127 14.895393
v 16.035776 13.130452 14.921667
v 16.722383 13.108058 14.935596
v 17.403238 13.079435 14.924098
v 13.998087 13.444526 14.204337
v 14.666807 13.517302 14.212541
v 15.345455 13.549411 14.230489
v 16.029133 13.549971 14.249140
v 16.712940 13.528104 14.259457
v 17.391977 13.492928 14.252398
v 13.998867 13.744905 13.505147
v 14.665179 13.825078 13.509580
v 15.338646 13.864389 13.519330
v 16.015881 13.869700 13.529577
v 16.693502 13.847876 13.535501
v 17.368122 13.805775 13.532283
v 13.999645 13.934172 12.767914
v 14.663664 14.019971 12.769291
v 15.332043 14.064666 12.772354
v 16.002893 14.073428 12.775641
v 16.674322 14.051429 12.777695
v 17.344442 14.003844 12.777052
v 9.756572 11.529397 15.261550
v 10.423592 11.624960 15.275826
v 10.610546 11.100568 15.949422
v 10.000000 11.000001 15.999999
v 11.121758 11.797352 15.312158
v 11.256905 11.270571 15.935087
v 11.839688 12.011799 15.359599
v 11.929050 11.477763 15.944987
v 12.566000 12.233530 15.407205
v 12.616962 11.689898 15.967111
v 13.289307 12.427770 15.444029
v 13.310619 11.874726 15.989450
v 9.519175 11.916935 14.575806
v 10.220867 12.074580 14.628552
v 10.958344 12.277482 14.689624
v 11.718186 12.500823 14.751067
v 12.486979 12.719795 14.804933
v 13.251299 12.909578 14.843267
v 9.306313 12.185189 13.924773
v 10.026508 12.442870 13.992661
v 10.792066 12.691405 14.057562
v 11.587495 12.923316 14.115325
v 12.397302 13.131125 14.161808
v 13.205996 13.307354 14.192860
v 9.136494 12.356734 13.290458
v 9.864649 12.723274 13.353213
v 10.648328 13.019572 13.406049
v 11.470558 13.257757 13.448309
v 12.314372 13.449955 13.479347
v 13.162798 13.608295 13.498510
v 9.028219 12.454146 12.654865
v 9.759426 12.909235 12.695270
v 10.552536 13.242430 12.725162
v 11.390331 13.482625 12.745955
v 12.255593 13.658717 12.759068
v 13.131104 13.799601 12.765916
v 13.999999 6.073268 17.943491
v 13.329606 6.071867 17.942122
v 13.330009 7.000001 17.997341
v 14.000000 7.000001 18.000000
v 12.656034 6.068685 17.904549
v 11.982414 6.065259 17.860016
v 11.985451 7.000001 17.899837
v 11.311882 6.063128 17.837770
v 11.316593 7.000001 17.868576
v 10.647565 6.063827 17.867056
v 9.992600 6.068891 17.977116
v 10.000000 7.000001 18.000000
v 14.000000 5.167511 17.774727
v 13.329517 5.164434 17.775978
v 12.655579 5.157775 17.752792
v 11.981470 5.151392 17.728321
v 11.310481 5.149143 17.725708
v 10.645897 5.154885 17.768106
v 9.991009 5.172478 17.878660
v 14.000000 4.295019 17.494850
v 13.328975 4.290627 17.498793
v 12.653713 4.281389 17.492250
v 11.978352 4.273210 17.490570
v 11.307034 4.271995 17.509100
v 10.643899 4.283647 17.563187
v 9.993089 4.314073 17.668175
v 14.000000 3.468077 17.105007
v 13.327211 3.463366 17.110453
v 12.647974 3.453644 17.117088
v 11.968794 3.445527 17.132593
v 11.296182 3.445634 17.164658
v 10.636649 3.460580 17.220966
v 9.996704 3.496984 17.309208
v 13.999999 2.698976 16.606342
v 13.323460 2.695573 16.610847
v 12.635900 2.688656 16.621468
v 11.948531 2.683157 16.640211
v 11.272570 2.684013 16.669090
v 10.619227 2.696157 16.710117
v 17.060713 6.088580 17.654360
v 16.554228 6.087768 17.741547
v 16.504898 7.000001 17.787739
v 17.000000 7.000001 17.700001
v 16.046421 6.085022 17.808182
v 16.007000 7.000001 17.855888
v 15.537191 6.081272 17.857985
v 15.506937 7.000001 17.907825
v 15.026443 6.077445 17.894661
v 15.005333 7.000001 17.946911
v 14.514079 6.074467 17.921926
v 14.502811 7.000001 17.976513
v 17.216503 5.200723 17.516171
v 16.681271 5.199390 17.601728
v 16.147942 5.193555 17.663946
v 15.614830 5.185334 17.707588
v 15.080257 5.176843 17.737423
v 14.542542 5.170197 17.758213
v 17.427849 4.342183 17.283537
v 16.854591 4.340862 17.366421
v 16.286448 4.332736 17.421505
v 15.720168 4.320948 17.455339
v 15.152500 4.308637 17.474474
v 14.580195 4.298947 17.485460
v 17.655230 3.518713 16.954563
v 17.042759 3.518181 17.033762
v 16.436832 3.509706 17.079187
v 15.833525 3.496872 17.099932
v 15.228904 3.483266 17.105089
v 14.619040 3.472472 17.103750
v 17.859119 2.736068 16.527348
v 17.214336 2.737344 16.601883
v 16.573982 2.731601 16.635317
v 15.935213 2.721867 16.640064
v 15.295187 2.711167 16.628542
v 14.651063 2.702528 16.613163
v 19.092564 6.718657 16.934998
v 18.994732 6.451812 16.972404
v 18.900421 7.000001 17.042137
v 19.000000 7.000001 17.000000
v 18.730072 6.273383 17.082319
v 18.636904 7.000001 17.150393
v 18.351463 6.165608 17.235109
v 18.262276 7.000001 17.297539
v 17.911783 6.110724 17.401136
v 17.829363 7.000001 17.456341
v 17.463907 6.090970 17.550766
v 17.390995 7.000001 17.599571
v 19.340652 5.988590 16.747549
v 19.196842 5.610797 16.806568
v 18.913147 5.375106 16.930140
v 18.531420 5.248886 17.090570
v 18.093502 5.199502 17.260180
v 17.641249 5.194325 17.411274
v 19.699850 4.980744 16.448988
v 19.481651 4.599597 16.544725
v 19.164536 4.387196 16.688768
v 18.774551 4.299397 16.857895
v 18.337748 4.292058 17.028881
v 17.880163 4.321033 17.178501
v 20.125748 3.866066 16.050652
v 19.824062 3.540851 16.186970
v 19.462650 3.391674 16.353134
v 19.053286 3.366704 16.531059
v 18.607744 3.414109 16.702662
v 18.137800 3.482056 16.849857
v 20.573935 2.815504 15.563876
v 20.198986 2.557201 15.733397
v 19.785904 2.470568 15.918153
v 19.340033 2.500372 16.104036
v 18.866716 2.591379 16.276936
v 18.371294 2.688355 16.422743
v 21.112965 10.570316 15.351377
v 20.573935 11.184492 15.563876
v 20.684565 9.596915 15.794763
v 20.125748 10.133927 16.050652
v 20.251253 8.582088 16.161409
v 19.699850 9.019251 16.448988
v 19.830103 7.668796 16.464725
v 19.340652 8.011409 16.747547
v 19.438183 6.999999 16.718119
v 21.475548 9.774024 15.268552
v 21.097599 8.840359 15.643367
v 20.701857 7.876034 15.945654
v 20.281597 6.999997 16.208435
v 19.830103 6.331199 16.464725
v 21.718506 8.866370 15.242050
v 21.408516 7.947104 15.534702
v 21.078621 6.999996 15.752995
v 20.701855 6.123960 15.945655
v 20.251253 5.417904 16.161409
v 21.898670 7.918110 15.198518
v 21.660984 6.999997 15.407006
v 21.408516 6.052888 15.534703
v 21.097597 5.159633 15.643368
v 20.684565 4.403077 15.794763
v 22.072865 6.999998 15.064600
v 21.898674 6.081883 15.198519
v 21.718510 5.133621 15.242051
v 21.475546 4.225966 15.268554
v 21.112963 3.429676 15.351377
v 17.060713 7.911413 17.654360
v 17.463905 7.909025 17.550766
v 17.911781 7.889269 17.401136
v 18.351465 7.834386 17.235109
v 18.730072 7.726613 17.082321
v 18.994732 7.548185 16.972404
v 19.092564 7.281344 16.934998
v 17.216503 8.799257 17.516171
v 17.641249 8.805655 17.411274
v 18.093504 8.800477 17.260178
v 18.531420 8.751095 17.090570
v 18.913147 8.624876 16.930138
v 19.196840 8.389191 16.806568
v 17.427849 9.657786 17.283537
v 17.880165 9.678933 17.178501
v 18.337748 9.707908 17.028881
v 18.774551 9.700567 16.857895
v 19.164536 9.612773 16.688768
v 19.481649 9.400381 16.544727
v 17.655230 10.481252 16.954563
v 18.137800 10.517900 16.849857
v 18.607746 10.585842 16.702662
v 19.053286 10.633246 16.531059
v 19.462652 10.608281 16.353134
v 19.824064 10.459118 16.186968
v 17.859119 11.263906 16.527348
v 18.371296 11.311599 16.422741
v 18.866716 11.408565 16.276936
v 19.340033 11.499568 16.104036
v 19.785906 11.529379 15.918151
v 20.198988 11.442763 15.733396
v 14.000416 7.916472 17.935678
v 14.514227 7.920259 17.914722
v 15.026438 7.920364 17.888916
v 15.537119 7.918159 17.854115
v 16.046345 7.915017 17.806183
v 16.554186 7.912312 17.740978
v 14.001333 8.807626 17.749727
v 14.542945 8.821570 17.735176
v 15.080144 8.823668 17.719053
v 15.614515 8.818198 17.695225
v 16.147642 8.809451 17.657558
v 16.681108 8.801708 17.599916
v 14.002250 9.667510 17.452663
v 14.580679 9.694879 17.446613
v 15.152046 9.700109 17.443512
v 15.719400 9.691106 17.434507
v 16.285788 9.675779 17.410746
v 16.854254 9.662037 17.363371
v 14.002666 10.490169 17.055006
v 14.619136 10.531121 17.057770
v 15.227735 10.539884 17.068478
v 15.832052 10.527865 17.075319
v 16.435680 10.506480 17.066486
v 17.042210 10.487138 17.030170
v 14.002083 11.269651 16.567280
v 14.650027 11.321240 16.577393
v 15.292801 11.333190 16.600142
v 15.932748 11.319466 16.621019
v 16.572216 11.294032 16.625519
v 17.213560 11.270858 16.599131
v 10.006479 7.768008 17.945019
v 10.661077 7.783820 17.836365
v 10.653824 7.000001 17.891369
v 11.322748 7.810987 17.811457
v 11.989504 7.843672 17.839611
v 12.659358 7.876040 17.890152
v 12.657541 7.000001 17.953354
v 13.330324 7.902252 17.932400
v 10.008600 8.497538 17.782682
v 10.664817 8.536501 17.675024
v 11.325948 8.592545 17.645065
v 11.991077 8.656672 17.665178
v 12.659294 8.719892 17.707743
v 13.329683 8.773207 17.745134
v 10.007688 9.187047 17.509998
v 10.663337 9.251283 17.406498
v 11.323576 9.336979 17.371819
v 11.987995 9.432792 17.382523
v 12.656186 9.527378 17.415186
v 13.327743 9.609399 17.446377
v 10.005068 9.834991 17.123983
v 10.654936 9.921399 17.029953
v 11.313021 10.036592 16.994129
v 11.978081 10.165820 16.997620
v 12.648870 10.294326 17.021526
v 13.324147 10.407360 17.046951
v 10.002062 10.439823 16.621649
v 10.637905 10.540082 16.544542
v 11.291668 10.683689 16.514416
v 11.959158 10.849546 16.516449
v 12.636185 11.016557 16.535818
v 13.318556 11.163625 16.557703
v 6.000000 3.188835 18.148148
v 6.362079 3.245147 18.174484
v 6.148273 2.975725 17.915756
v 6.000000 3.000001 18.000000
v 6.880170 3.250323 18.042572
v 6.563361 2.900093 17.685970
v 7.528627 3.202605 17.794054
v 7.200673 2.768906 17.345076
v 8.281802 3.100238 17.470573
v 8.015612 2.577963 16.927496
v 9.114049 2.941463 17.113775
v 8.963586 2.323061 16.467663
v 9.999720 2.724524 16.765301
v 6.000000 3.693156 18.518518
v 6.514928 3.772596 18.569506
v 7.102321 3.804262 18.451134
v 7.753185 3.790343 18.214657
v 8.458531 3.733030 17.911339
v 9.209368 3.634513 17.592434
v 6.000000 4.419700 19.000000
v 6.616736 4.484940 19.019049
v 7.246570 4.509054 18.859510
v 7.894312 4.498034 18.583021
v 8.564773 4.457870 18.251211
v 9.262761 4.394553 17.925718
v 6.000000 5.275200 19.481482
v 6.677415 5.309043 19.441338
v 7.329674 5.311845 19.215567
v 7.971972 5.291597 18.875290
v 8.619499 5.256292 18.491632
v 9.287446 5.213921 18.135715
v 6.000000 6.166389 19.851852
v 6.706877 6.171775 19.754597
v 7.368390 6.159779 19.467154
v 8.006127 6.136947 19.067598
v 8.641683 6.109825 18.634020
v 9.296643 6.084958 18.244499
v 6.000000 7.000001 20.000000
v 6.715039 7.000001 19.877052
v 7.379475 7.000001 19.562126
v 8.016747 7.000001 19.136087
v 8.650299 7.000001 18.679810
v 9.303569 7.000001 18.274155
v 4.530011 3.523479 16.510649
v 4.726442 3.486862 16.904961
v 5.173081 2.967727 16.395891
v 5.000000 3.000001 16.000000
v 4.984283 3.456241 17.312679
v 5.385988 2.958690 16.835629
v 5.272046 3.421372 17.687328
v 5.606927 2.965145 17.267563
v 5.558245 3.372011 17.982439
v 5.804106 2.979346 17.640038
v 5.811392 3.297914 18.151537
v 5.945727 2.993546 17.901402
v 4.069524 4.099054 16.982517
v 4.301630 4.068190 17.400085
v 4.605989 4.037169 17.805473
v 4.955301 3.995072 18.159344
v 5.322272 3.930983 18.422367
v 5.679604 3.833983 18.555202
v 3.652409 4.730609 17.391500
v 3.925127 4.710941 17.846209
v 4.273236 4.691741 18.268311
v 4.675758 4.663015 18.626272
v 5.111712 4.614764 18.888565
v 5.560119 4.536992 19.023651
v 3.312536 5.422029 17.713482
v 3.623412 5.414340 18.208271
v 4.008157 5.410226 18.655491
v 4.452480 5.401971 19.030781
v 4.942090 5.381859 19.309784
v 5.462694 5.342174 19.468134
v 3.083776 6.177198 17.924353
v 3.422964 6.177618 18.451218
v 3.832880 6.182890 18.921312
v 4.304533 6.188709 19.315529
v 4.828931 6.190770 19.614765
v 5.397084 6.184765 19.799908
v 3.000000 7.000001 18.000000
v 3.350266 7.000001 18.539989
v 3.769538 7.000001 19.020075
v 4.250981 7.000001 19.423187
v 4.787763 7.000001 19.732260
v 5.373046 7.000001 19.930220
v 2.376581 4.131629 10.715879
v 2.440011 3.911605 11.698378
v 3.056791 3.736953 11.540903
v 3.000000 4.000001 10.600000
v 2.707983 3.779982 12.674733
v 3.302210 3.531244 12.443689
v 3.115733 3.706059 13.644543
v 3.677747 3.368785 13.324675
v 3.598497 3.659135 14.607401
v 4.124897 3.235485 14.200177
v 4.091511 3.608508 15.562904
v 4.585150 3.117254 15.086514
v 1.873135 4.476319 10.814104
v 1.927929 4.308393 11.855160
v 2.189209 4.223327 12.901869
v 2.595490 4.190491 13.946096
v 3.085291 4.179254 14.979704
v 3.597130 4.158985 15.994556
v 1.486707 4.984785 10.893149
v 1.523867 4.871470 11.998790
v 1.760420 4.814139 13.108107
v 2.143959 4.792090 14.211568
v 2.622076 4.784620 15.299643
v 3.142362 4.771027 16.362797
v 1.214345 5.607743 10.951495
v 1.231141 5.544993 12.116810
v 1.436149 5.505280 13.276456
v 1.788082 5.480867 14.423190
v 2.245649 5.464013 15.549770
v 2.767564 5.446981 16.648947
v 1.053094 6.295910 10.987619
v 1.053072 6.273118 12.196758
v 1.230930 6.249615 13.389927
v 1.554799 6.226834 14.563196
v 1.992809 6.206214 15.712642
v 2.513091 6.189190 16.834335
v 1.000000 7.000001 10.999999
v 0.992978 7.000000 12.226177
v 1.159294 7.000001 13.431524
v 1.471051 7.000001 14.613811
v 1.900353 7.000001 15.770808
v 2.419301 7.000001 16.900282
v 4.747283 5.838362 6.747283
v 4.262839 5.604621 7.347021
v 4.553399 5.550766 7.565912
v 5.000000 5.800001 7.000000
v 3.749459 5.312985 7.970536
v 4.110779 5.243812 8.124753
v 3.255642 4.991658 8.618504
v 3.703135 4.907197 8.692053
v 2.829890 4.668852 9.291599
v 3.361461 4.568983 9.283340
v 2.520703 4.372773 9.990499
v 3.116751 4.257230 9.914146
v 4.512078 5.949423 6.512078
v 3.981804 5.754451 7.152819
v 3.413469 5.501194 7.829115
v 2.862754 5.218201 8.537180
v 2.385340 4.934023 9.273224
v 2.036906 4.677213 10.033461
v 4.307066 6.127151 6.307065
v 3.729605 5.984581 6.990043
v 3.120811 5.786220 7.707288
v 2.536403 5.559566 8.457511
v 2.032103 5.332111 9.239421
v 1.663631 5.131353 10.051730
v 4.144928 6.365511 6.144928
v 3.525555 6.279332 6.865433
v 2.889484 6.145844 7.611853
v 2.288522 5.988492 8.388928
v 1.774474 5.830728 9.201399
v 1.399146 5.695995 10.054008
v 4.038345 6.658472 6.038345
v 3.388962 6.623030 6.785725
v 2.737488 6.557843 7.549606
v 2.131042 6.477724 8.340861
v 1.616747 6.397486 9.170365
v 1.241724 6.331944 10.048992
v 4.000000 7.000000 6.000000
v 3.339140 7.000000 6.757659
v 2.682822 7.000000 7.527347
v 2.075897 7.000000 8.322744
v 1.563218 7.000000 9.157532
v 1.189635 7.000000 10.045389
v 7.000000 6.035607 4.733585
v 6.548790 6.023409 4.921570
v 6.572964 5.987792 5.185459
v 7.000000 6.000000 5.000000
v 6.128089 6.020395 5.206727
v 6.198161 5.986948 5.469700
v 5.737742 6.013474 5.560465
v 5.864528 5.982609 5.822999
v 5.377595 5.989554 5.954197
v 5.560998 5.959913 6.215632
v 5.047493 5.935547 6.359333
v 5.276511 5.903996 6.617874
v 7.000000 6.136162 4.494545
v 6.517732 6.124259 4.686591
v 6.055727 6.116489 4.968403
v 5.619072 6.103984 5.315920
v 5.212855 6.077881 5.705080
v 4.842161 6.029315 6.111820
v 7.000000 6.292273 4.292272
v 6.484818 6.281345 4.489026
v 5.987778 6.268864 4.765060
v 5.515179 6.251016 5.102629
v 5.073325 6.223990 5.483984
v 4.668520 6.183973 5.891378
v 7.000000 6.494546 4.136161
v 6.455082 6.485664 4.337379
v 5.930943 6.471152 4.607027
v 5.432722 6.451446 4.933856
v 4.965554 6.426980 5.306615
v 4.534577 6.398191 5.714056
v 7.000000 6.733585 4.035605
v 6.433551 6.728215 4.240154
v 5.891928 6.716986 4.504632
v 5.378364 6.702148 4.822864
v 4.896090 6.685951 5.188677
v 4.448339 6.670642 5.595895
v 7.000000 7.000000 4.000000
v 6.425256 7.000000 4.205856
v 5.877433 7.000000 4.468205
v 5.358764 7.000000 4.782919
v 4.871480 7.000000 5.145874
v 4.417814 7.000000 5.552943
v 9.000000 6.074075 5.425925
v 8.840601 6.038007 5.274786
v 8.898293 6.002322 5.450137
v 9.000000 6.000000 5.500000
v 8.556510 6.025710 5.093753
v 8.630091 6.007430 5.329328
v 8.189066 6.028251 4.915972
v 8.250777 6.012537 5.180741
v 7.779607 6.036702 4.774587
v 7.815736 6.014859 5.047545
v 7.369472 6.042130 4.702744
v 7.380349 6.011608 4.972908
v 9.000000 6.259260 5.240740
v 8.807859 6.185754 5.048299
v 8.515263 6.148232 4.846255
v 8.155192 6.135602 4.662231
v 7.760636 6.136774 4.523854
v 7.364576 6.140657 4.458751
v 9.000000 6.500000 5.000000
v 8.798757 6.400696 4.811551
v 8.504470 6.340960 4.616181
v 8.147295 6.310521 4.440228
v 7.757388 6.299107 4.310031
v 7.364904 6.296449 4.251933
v 9.000000 6.740742 4.759259
v 8.811979 6.637963 4.605415
v 8.522254 6.569855 4.432881
v 8.163508 6.528938 4.270673
v 7.768428 6.507734 4.147807
v 7.369696 6.498764 4.093297
v 9.000001 6.925926 4.574074
v 8.846216 6.852686 4.470765
v 8.566737 6.800881 4.325705
v 8.201970 6.766788 4.174278
v 7.792322 6.746687 4.051864
v 7.378196 6.736860 3.993846
v 9.000000 7.000000 4.500000
v 8.900151 7.000000 4.448472
v 8.636040 7.000000 4.324001
v 8.260817 7.000000 4.171752
v 7.827634 7.000000 4.036891
v 7.389644 7.000000 3.964585
v 9.000000 7.074074 5.962963
v 9.035645 7.000000 5.913988
v 9.000000 6.925926 5.962963
v 9.000000 7.000000 6.000000
v 9.070293 6.825149 5.807524
v 9.000000 6.740741 5.870370
v 9.094000 6.597325 5.674530
v 9.000000 6.500000 5.750000
v 9.096817 6.364335 5.545960
v 9.000000 6.259260 5.629629
v 9.068800 6.173983 5.452773
v 9.000001 6.074074 5.537036
v 9.070293 7.174851 5.807524
v 9.129231 7.000000 5.686469
v 9.164243 6.777860 5.538233
v 9.162756 6.551587 5.393847
v 9.112199 6.364335 5.284340
v 9.000000 7.500000 5.750000
v 9.093999 7.402675 5.674530
v 9.164242 7.222141 5.538234
v 9.200347 7.000000 5.371872
v 9.191929 6.777860 5.206206
v 9.128609 6.597326 5.071995
v 9.000000 7.740741 5.629629
v 9.096817 7.635665 5.545960
v 9.162755 7.448414 5.393847
v 9.191930 7.222141 5.206206
v 9.178452 7.000000 5.015951
v 9.116440 6.825150 4.855997
v 9.068800 7.826017 5.452773
v 9.112200 7.635665 5.284340
v 9.128609 7.402675 5.071995
v 9.116439 7.174851 4.855997
v 9.074100 7.000000 4.676604
v 9.000000 8.000000 5.500000
v 9.000000 7.925926 5.425925
v 9.000000 7.740741 5.240740
v 9.000000 7.500000 5.000000
v 8.912370 4.337224 10.142107
v 9.149056 4.441180 9.820478
v 9.251507 5.118244 9.692982
v 9.000000 5.000001 10.000000
v 9.278035 4.595723 9.460717
v 9.428491 5.276149 9.369420
v 9.341865 4.776670 9.075113
v 9.561391 5.458496 9.033825
v 9.383101 4.959834 8.675957
v 9.680650 5.650066 8.690714
v 9.444304 5.121031 8.275540
v 9.816706 5.835640 8.344601
v 9.568029 5.236076 7.886152
v 8.719085 3.716411 10.255652
v 8.962851 3.781607 9.919479
v 9.092563 3.917854 9.549799
v 9.149910 4.091824 9.152526
v 9.176585 4.270189 8.733572
v 9.214280 4.419622 8.298851
v 8.525674 3.129922 10.419425
v 8.783096 3.150416 10.042683
v 8.941225 3.262069 9.660193
v 9.031673 3.424634 9.262174
v 9.086057 3.597866 8.838833
v 9.135989 3.741519 8.380385
v 8.437669 2.570117 10.712215
v 8.700000 2.558498 10.242790
v 8.893179 2.647896 9.815434
v 9.033303 2.795775 9.400169
v 9.136475 2.959599 8.967017
v 9.218793 3.096832 8.486000
v 8.560601 2.029357 11.212810
v 8.803766 2.016743 10.572500
v 9.017574 2.094865 10.039048
v 9.200944 2.225924 9.562624
v 9.352795 2.372123 9.093399
v 9.472047 2.495665 8.581545
v 9.557619 2.558755 7.977230
v 7.357281 4.212292 11.164810
v 7.651421 4.274011 10.954044
v 7.410599 4.984436 10.801683
v 7.000000 5.000001 11.000000
v 7.920066 4.294919 10.794229
v 7.785210 4.958454 10.650563
v 8.171850 4.293355 10.659243
v 8.127642 4.934537 10.520738
v 8.415407 4.287659 10.522972
v 8.441710 4.925168 10.386305
v 8.659370 4.296169 10.359299
v 8.731226 4.942828 10.221358
v 7.579936 3.561614 11.293948
v 7.757820 3.664005 11.060873
v 7.926629 3.712047 10.887463
v 8.096762 3.723525 10.746977
v 8.278617 3.716222 10.612676
v 8.482592 3.707923 10.457814
v 7.761751 3.006506 11.414725
v 7.837838 3.118009 11.170524
v 7.921401 3.175478 10.992462
v 8.022203 3.192159 10.854432
v 8.150008 3.181297 10.730322
v 8.314577 3.156136 10.594023
v 7.996511 2.505508 11.554453
v 7.999515 2.599616 11.331356
v 8.020885 2.650854 11.171422
v 8.068006 2.666374 11.052094
v 8.148256 2.653324 10.950819
v 8.269015 2.618855 10.845044
v 8.377998 2.017160 11.740440
v 8.350888 2.072416 11.591728
v 8.341584 2.103815 11.486535
v 8.353994 2.113283 11.410453
v 8.392028 2.102746 11.349075
v 8.459594 2.074128 11.287996
v 7.333827 2.449115 14.396349
v 7.494386 2.631419 13.834919
v 7.000000 2.800001 14.000000
v 7.505800 2.859407 13.239445
v 7.176331 3.312709 12.890244
v 7.432933 3.132285 12.642313
v 7.340648 3.449255 12.075907
v 7.293809 3.809523 11.572611
v 6.949786 4.497297 11.379694
v 7.633953 2.154934 14.755762
v 7.782412 2.248894 14.197102
v 7.791496 2.414532 13.584276
v 7.718501 2.640235 12.952416
v 7.620714 2.914391 12.336656
v 7.555429 3.225389 11.772122
v 7.975506 1.940195 15.087038
v 8.090680 1.917287 14.531618
v 8.085934 2.010869 13.910891
v 8.005965 2.193760 13.256844
v 7.895478 2.438783 12.601473
v 7.799172 2.718758 11.976769
v 8.433614 1.827635 15.398970
v 8.482119 1.673302 14.834898
v 8.441622 1.681206 14.205439
v 8.342467 1.809861 13.536625
v 8.215001 2.017785 12.854499
v 8.089567 2.263496 12.185095
v 9.083403 1.839992 15.700358
v 9.019649 1.553643 15.103371
v 8.911074 1.458328 14.454071
v 8.775149 1.505536 13.772792
v 8.629348 1.646753 13.079869
v 8.491140 1.833465 12.395640
v 5.493920 2.705538 16.094860
v 5.303285 2.766814 15.703602
v 5.883878 2.515278 15.792981
v 5.663510 2.627565 15.402948
v 6.302900 2.395725 15.481221
v 6.046984 2.571756 15.090151
v 6.710934 2.345661 15.150550
v 6.420017 2.588891 14.757318
v 7.067928 2.363864 14.791936
v 5.718975 2.669455 16.523094
v 6.117995 2.448676 16.205019
v 6.546025 2.291593 15.875328
v 6.966043 2.193448 15.527942
v 7.341028 2.149481 15.156779
v 5.937693 2.668498 16.953800
v 6.334433 2.440807 16.619701
v 6.766863 2.268101 16.265621
v 7.204707 2.136411 15.891914
v 7.617681 2.031765 15.498935
v 6.109320 2.712602 17.352482
v 6.501760 2.504721 17.017666
v 6.955916 2.333995 16.645247
v 7.446282 2.178711 16.244886
v 7.947351 2.017161 15.826241
v 6.193098 2.811699 17.684631
v 6.588545 2.653467 17.379539
v 7.103685 2.498015 17.007345
v 7.710131 2.324509 16.589272
v 8.379498 2.112113 16.146534
v 5.138046 6.185560 9.833944
v 5.677145 5.336946 10.472685
v 6.112472 5.918612 10.605976
v 5.500000 7.000001 9.999999
v 5.930632 4.676689 11.211057
v 6.363231 5.090745 11.247282
v 6.031528 4.142252 12.010845
v 6.414820 4.440675 11.915625
v 6.112859 3.671097 12.833837
v 6.429783 3.892676 12.602718
v 6.307648 3.200683 13.641813
v 6.570661 3.371027 13.300273
v 6.748919 2.668472 14.396564
v 4.820065 5.461719 9.850809
v 5.238043 4.807432 10.550556
v 5.468417 4.282866 11.350984
v 5.606494 3.843376 12.211983
v 5.747582 3.444314 13.093445
v 5.986987 3.041034 13.955259
v 4.496664 4.854858 9.993219
v 4.775810 4.356373 10.767950
v 4.975527 3.940343 11.605634
v 5.149158 3.580317 12.481484
v 5.350048 3.249845 13.370713
v 5.631542 2.922475 14.248531
v 4.118448 4.391363 10.203804
v 4.271094 4.010072 11.053230
v 4.450902 3.680187 11.913586
v 4.668962 3.389350 12.781802
v 4.936357 3.125206 13.654813
v 5.264178 2.875396 14.529550
v 3.636025 4.097616 10.425188
v 3.704539 3.794831 11.334761
v 3.893483 3.533465 12.213412
v 4.175344 3.306748 13.075382
v 4.522607 3.107913 13.934912
v 4.907759 2.930192 14.806237
v 5.960674 6.665400 7.960674
v 5.730600 6.631277 8.311282
v 5.783314 7.000000 8.338595
v 6.000000 7.000000 8.000000
v 5.416002 6.566384 8.623343
v 5.475381 7.000000 8.648265
v 5.108163 6.480044 8.914248
v 5.184642 7.000000 8.949123
v 4.898369 6.381579 9.201389
v 5.019538 7.000000 9.261288
v 4.877902 6.280311 9.502157
v 5.088511 7.000000 9.604874
v 5.851936 6.374378 7.851936
v 5.589769 6.289533 8.235734
v 5.274816 6.155538 8.570547
v 4.973722 5.989075 8.877920
v 4.753135 5.806828 9.179393
v 4.679701 5.625482 9.496509
v 5.687643 6.134632 7.687642
v 5.381227 5.992690 8.117683
v 5.062761 5.792658 8.492081
v 4.773658 5.556698 8.838834
v 4.555332 5.306971 9.185942
v 4.449196 5.065637 9.561404
v 5.481651 5.953856 7.481650
v 5.125381 5.758667 7.962870
v 4.790778 5.502945 8.390154
v 4.500313 5.212522 8.795694
v 4.276455 4.913229 9.211686
v 4.141677 4.630898 9.670324
v 5.247817 5.839747 7.247817
v 4.842636 5.605386 7.777033
v 4.469804 5.311597 8.266975
v 4.146025 4.986152 8.747200
v 3.888000 4.656825 9.247270
v 3.712432 4.351388 9.796746
v 7.000000 6.735245 5.964061
v 6.715278 6.730264 6.204947
v 6.723883 7.000000 6.245591
v 7.000000 7.000000 6.000000
v 6.503209 6.720011 6.505280
v 6.517883 7.000000 6.547889
v 6.342753 6.706441 6.848041
v 6.362247 7.000000 6.890687
v 6.212873 6.691513 7.216207
v 6.237224 7.000000 7.257777
v 6.092526 6.677179 7.592758
v 6.123059 7.000000 7.632950
v 7.000000 6.496670 5.862773
v 6.692992 6.488287 6.091972
v 6.463820 6.475024 6.387582
v 6.288807 6.456941 6.730494
v 6.144274 6.434099 7.101597
v 6.006542 6.406557 7.481781
v 7.000000 6.294065 5.705931
v 6.662323 6.283558 5.920101
v 6.406671 6.272131 6.209984
v 6.207209 6.255653 6.553630
v 6.038105 6.229996 6.929089
v 5.873528 6.191032 7.314409
v 7.000000 6.137224 5.503325
v 6.628565 6.125572 5.702769
v 6.338710 6.118425 5.987678
v 6.104762 6.106731 6.333036
v 5.901051 6.081440 6.713829
v 5.701904 6.033499 7.105038
v 7.000000 6.035938 5.264750
v 6.597013 6.023818 5.453410
v 6.266889 6.021000 5.735853
v 5.988267 6.014332 6.084298
v 5.739788 5.990667 6.470961
v 5.500091 5.936854 6.868062
v 8.810402 6.856692 5.959444
v 8.890657 7.000000 5.974129
v 8.504019 6.806280 5.910823
v 8.605659 7.000000 5.917213
v 8.125318 6.771811 5.852036
v 8.209550 7.000000 5.860297
v 7.718769 6.750402 5.818023
v 7.766874 7.000000 5.834426
v 7.328840 6.739173 5.843718
v 7.342175 7.000000 5.870645
v 8.773281 6.644551 5.880676
v 8.459218 6.578637 5.839134
v 8.091334 6.536946 5.781159
v 7.703155 6.513424 5.742165
v 7.328201 6.502016 5.757565
v 8.771402 6.408309 5.764093
v 8.460341 6.350999 5.723644
v 8.097245 6.319496 5.663128
v 7.712538 6.305223 5.617021
v 7.336648 6.299604 5.619796
v 8.796872 6.192701 5.635963
v 8.496472 6.157299 5.585848
v 8.132692 6.143550 5.513406
v 7.739426 6.141956 5.452757
v 7.350564 6.143014 5.438024
v 8.841801 6.042461 5.522555
v 8.556695 6.031465 5.447244
v 8.187323 6.033201 5.347456
v 7.776324 6.039782 5.259543
v 7.366336 6.043323 5.219857
v 6.000000 7.834384 19.851852
v 6.711061 7.810239 19.753544
v 7.375657 7.790100 19.460447
v 8.015641 7.774886 19.052801
v 8.652870 7.765518 18.610853
v 9.309197 7.762918 18.214842
v 6.000000 8.725790 19.481482
v 6.688921 8.646587 19.438036
v 7.346313 8.577522 19.194466
v 7.989577 8.523339 18.828957
v 8.636112 8.488783 18.419703
v 9.303320 8.478601 18.044882
v 6.000000 9.581136 19.000000
v 6.635345 9.444670 19.012535
v 7.271724 9.321738 18.820976
v 7.918142 9.223425 18.500134
v 8.583605 9.160815 18.124815
v 9.277117 9.144995 17.769833
v 6.000000 10.307339 18.518520
v 6.537057 10.140111 18.559057
v 7.132166 9.982217 18.396776
v 7.780924 9.853207 18.101902
v 8.478930 9.772633 17.744661
v 9.221779 9.760043 17.395279
v 6.000000 10.811322 18.148149
v 6.380779 10.668540 18.159611
v 6.907916 10.518431 17.978657
v 7.557512 10.390750 17.669836
v 8.305667 10.315251 17.297697
v 9.128484 10.321691 16.926785
v 6.000000 11.000001 18.000000
v 6.153239 10.965577 17.896206
v 6.579255 10.889846 17.623415
v 7.227492 10.814114 17.239513
v 8.047399 10.779690 16.802385
v 8.988419 10.827884 16.369919
v 3.083780 7.822797 17.924353
v 3.423587 7.822962 18.451590
v 3.834724 7.818946 18.922150
v 4.307563 7.814415 19.316742
v 4.832475 7.813034 19.616083
v 5.399830 7.818469 19.800882
v 3.312541 8.577958 17.713482
v 3.625421 8.587415 18.209518
v 4.014082 8.595275 18.658241
v 4.462199 8.607294 19.034723
v 4.953442 8.629219 19.314039
v 5.471485 8.666800 19.471266
v 3.652412 9.269371 17.391500
v 3.928578 9.291978 17.848471
v 4.283315 9.317351 18.273151
v 4.692224 9.352222 18.633093
v 5.130907 9.403322 18.895847
v 5.574965 9.477383 19.028967
v 4.069526 9.900924 16.982519
v 4.305868 9.935277 17.403139
v 4.618123 9.973537 17.811687
v 4.974977 10.022788 18.167828
v 5.345117 10.090114 18.431236
v 5.697229 10.182602 18.561577
v 4.530012 10.476505 16.510649
v 4.730100 10.515935 16.908215
v 4.994207 10.552196 17.318644
v 5.287792 10.592577 17.694895
v 5.576314 10.644367 17.989923
v 5.825230 10.714852 18.156691
v 5.000000 11.000001 15.999999
v 5.387268 11.041690 16.838829
v 5.608007 11.035176 17.270262
v 5.804746 11.020845 17.641638
v 5.945928 11.006515 17.901901
v 1.053094 7.704088 10.987619
v 1.053072 7.726877 12.196759
v 1.230930 7.750381 13.389927
v 1.554799 7.773161 14.563194
v 1.992810 7.793781 15.712640
v 2.513093 7.810806 16.834335
v 1.214345 8.392252 10.951495
v 1.231141 8.454995 12.116809
v 1.436150 8.494705 13.276456
v 1.788082 8.519118 14.423190
v 2.245651 8.535974 15.549770
v 2.767566 8.553007 16.648947
v 1.486707 9.015210 10.893149
v 1.523867 9.128512 11.998790
v 1.760420 9.185838 13.108107
v 2.143959 9.207887 14.211568
v 2.622077 9.215358 15.299642
v 3.142364 9.228953 16.362797
v 1.873135 9.523677 10.814103
v 1.927929 9.691586 11.855159
v 2.189209 9.776644 12.901868
v 2.595490 9.809477 13.946095
v 3.085291 9.820717 14.979703
v 3.597131 9.840988 15.994555
v 2.376581 9.868369 10.715879
v 2.440011 10.088374 11.698377
v 2.707983 10.219986 12.674732
v 3.115733 10.293903 13.644542
v 3.598498 10.340828 14.607400
v 4.091512 10.391461 15.562903
v 3.000000 10.000001 10.599999
v 3.056791 10.263034 11.540902
v 3.302210 10.468727 12.443688
v 3.677747 10.631176 13.324674
v 4.124897 10.764474 14.200176
v 4.585150 10.882718 15.086514
v 4.038345 7.341525 6.038344
v 3.388962 7.376966 6.785725
v 2.737487 7.442153 7.549606
v 2.131042 7.522273 8.340861
v 1.616747 7.602510 9.170366
v 1.241724 7.668054 10.048994
v 4.144928 7.634485 6.144926
v 3.525555 7.720663 6.865432
v 2.889484 7.854151 7.611852
v 2.288522 8.011501 8.388927
v 1.774474 8.169267 9.201399
v 1.399146 8.304000 10.054008
v 4.307066 7.872847 6.307062
v 3.729606 8.015415 6.990041
v 3.120811 8.213774 7.707287
v 2.536403 8.440428 8.457510
v 2.032103 8.667882 9.239420
v 1.663631 8.868642 10.051730
v 4.512078 8.050576 6.512074
v 3.981804 8.245544 7.152817
v 3.413469 8.498800 7.829114
v 2.862754 8.781793 8.537179
v 2.385340 9.065969 9.273223
v 2.036906 9.322782 10.033460
v 4.747283 8.161639 6.747279
v 4.262839 8.395375 7.347019
v 3.749459 8.687011 7.970535
v 3.255642 9.008336 8.618503
v 2.829890 9.331142 9.291598
v 2.520703 9.627223 9.990499
v 5.000000 8.200001 7.000000
v 4.553399 8.449231 7.565912
v 4.110779 8.756183 8.124752
v 3.703135 9.092796 8.692052
v 3.361461 9.431012 9.283340
v 3.116751 9.742766 9.914145
v 7.000000 7.266411 4.035605
v 6.433551 7.271781 4.240154
v 5.891928 7.283010 4.504632
v 5.378363 7.297848 4.822864
v 4.896089 7.314046 5.188677
v 4.448339 7.329354 5.595894
v 7.000000 7.505451 4.136161
v 6.455082 7.514332 4.337379
v 5.930943 7.528843 4.607027
v 5.432721 7.548549 4.933855
v 4.965553 7.573015 5.306614
v 4.534576 7.601804 5.714054
v 7.000000 7.707724 4.292272
v 6.484818 7.718650 4.489026
v 5.987776 7.731131 4.765060
v 5.515177 7.748977 5.102628
v 5.073323 7.776004 5.483983
v 4.668519 7.816022 5.891376
v 7.000000 7.863837 4.494545
v 6.517731 7.875736 4.686591
v 6.055725 7.883505 4.968403
v 5.619070 7.896009 5.315919
v 5.212852 7.922113 5.705079
v 4.842159 7.970680 6.111817
v 7.000000 7.964394 4.733585
v 6.548789 7.976587 4.921569
v 6.128087 7.979599 5.206726
v 5.737739 7.986520 5.560465
v 5.377591 8.010439 5.954195
v 5.047490 8.064449 6.359331
v 7.000000 8.000000 5.000000
v 6.572963 8.012204 5.185459
v 6.198159 8.013045 5.469700
v 5.864524 8.017384 5.822999
v 5.560994 8.040082 6.215632
v 5.276507 8.096001 6.617874
v 9.000000 7.074074 4.574074
v 8.846215 7.147312 4.470764
v 8.566737 7.199116 4.325705
v 8.201970 7.233209 4.174278
v 7.792322 7.253309 4.051864
v 7.378196 7.263136 3.993846
v 9.000000 7.259260 4.759259
v 8.811979 7.362035 4.605415
v 8.522254 7.430141 4.432882
v 8.163509 7.471056 4.270674
v 7.768428 7.492260 4.147808
v 7.369696 7.501232 4.093298
v 8.798757 7.599301 4.811552
v 8.504470 7.659036 4.616181
v 8.147295 7.689474 4.440229
v 7.757388 7.700887 4.310033
v 7.364904 7.703547 4.251935
v 8.807859 7.814243 5.048299
v 8.515262 7.851764 4.846255
v 8.155192 7.864392 4.662232
v 7.760636 7.863220 4.523856
v 7.364576 7.859338 4.458752
v 8.840601 7.961991 5.274786
v 8.556511 7.974288 5.093754
v 8.189066 7.971744 4.915974
v 7.779607 7.963294 4.774589
v 7.369472 7.957866 4.702745
v 8.898293 7.997678 5.450137
v 8.630091 7.992569 5.329328
v 8.250777 7.987461 5.180741
v 7.815736 7.985138 5.047545
v 7.380349 7.988389 4.972908
v 8.483150 11.918374 11.294351
v 8.690655 11.991124 10.659471
v 8.907236 11.938421 10.113902
v 9.117557 11.808672 9.615270
v 9.306284 11.650286 9.121198
v 9.458083 11.511668 8.589310
v 8.338531 11.363816 10.816813
v 8.585096 11.426536 10.335595
v 8.790180 11.362296 9.887554
v 8.958814 11.221063 9.447690
v 9.096032 11.052799 8.991000
v 9.206869 10.907470 8.492482
v 8.442026 10.815514 10.507998
v 8.694551 10.830792 10.116015
v 8.865074 10.738119 9.714572
v 8.977894 10.582331 9.296809
v 9.057304 10.408260 8.855873
v 9.127603 10.260749 8.384903
v 8.669515 10.252653 10.308517
v 8.912870 10.206407 9.961724
v 9.050623 10.080547 9.580314
v 9.120728 9.910686 9.171575
v 9.161139 9.732432 8.742796
v 9.209805 9.581398 8.301267
v 9.304684 9.493194 7.854275
v 8.896880 9.654419 10.158979
v 9.133905 9.555890 9.833714
v 9.265528 9.404238 9.470142
v 9.333250 9.224339 9.080931
v 9.378573 9.041068 8.678750
v 9.442999 8.879304 8.276266
v 9.000000 9.000001 9.999999
v 9.251507 8.881753 9.692981
v 9.428491 8.723846 9.369419
v 9.561391 8.541499 9.033824
v 9.680650 8.349929 8.690713
v 9.816706 8.164357 8.344600
v 7.410971 9.015569 10.801474
v 7.650441 9.705531 10.959888
v 7.349871 9.771774 11.168858
v 7.000000 9.000001 10.999999
v 7.737963 10.252681 11.063293
v 7.550999 10.377453 11.304703
v 7.769264 10.702279 11.130067
v 7.709979 10.885076 11.431636
v 7.840076 11.099586 11.178584
v 7.933409 11.362682 11.573762
v 8.046129 11.489863 11.227221
v 7.785685 9.041550 10.650295
v 7.937072 9.659049 10.798312
v 7.961982 10.141433 10.881886
v 7.937499 10.520900 10.913266
v 7.940707 10.829651 10.904712
v 8.048690 11.099890 10.868474
v 8.128043 9.065465 10.520512
v 8.212553 9.598794 10.652837
v 8.211626 10.002125 10.722665
v 8.179686 10.300460 10.736546
v 8.171156 10.518803 10.701029
v 8.240462 10.682152 10.622663
v 8.441948 9.074832 10.386170
v 8.479675 9.491225 10.492158
v 8.475465 9.793174 10.547820
v 8.460829 10.000484 10.555220
v 8.467284 10.132962 10.516426
v 8.526341 10.210416 10.433503
v 8.731300 9.057172 10.221316
v 8.741228 9.302806 10.284978
v 8.742065 9.472993 10.319535
v 8.745934 9.580489 10.324599
v 8.764945 9.638054 10.299787
v 8.811222 9.658444 10.244709
v 9.136265 11.301823 15.602073
v 9.063493 11.664298 14.982921
v 8.928384 11.882182 14.366630
v 8.759102 11.984000 13.744454
v 8.583815 11.998278 13.107650
v 8.430686 11.953539 12.447474
v 8.327883 11.878310 11.755182
v 8.507140 11.499275 15.274325
v 8.548241 11.696630 14.713679
v 8.480901 11.774981 14.124271
v 8.345434 11.757545 13.510837
v 8.182155 11.667541 12.878117
v 8.031375 11.528179 12.230845
v 8.045789 11.590089 14.983499
v 8.155793 11.634765 14.439691
v 8.129417 11.598394 13.852077
v 8.019156 11.493108 13.239058
v 7.877500 11.331038 12.619042
v 7.756942 11.124316 12.010433
v 7.685374 11.571994 14.696340
v 7.831128 11.487077 14.146827
v 7.826625 11.355484 13.553394
v 7.734111 11.177970 12.944252
v 7.615837 10.955290 12.347614
v 7.534050 10.688198 11.791694
v 7.359056 11.442720 14.379591
v 7.519223 11.261936 13.820954
v 7.525212 11.049312 13.231570
v 7.444147 10.799415 12.641553
v 7.343153 10.506813 12.081018
v 7.289352 10.166078 11.580083
v 7.000000 11.200001 13.999999
v 7.177871 10.682942 12.889955
v 7.103110 10.344726 12.346099
v 7.005435 9.952127 11.836444
v 6.949511 9.504200 11.381055
v 6.213655 11.106128 17.669010
v 6.626273 11.117820 17.320889
v 7.154311 11.092414 16.898838
v 7.768303 11.080731 16.444153
v 8.438777 11.133593 15.998132
v 6.134316 11.207248 17.342005
v 6.544869 11.291557 16.971226
v 7.011915 11.318345 16.554188
v 7.510967 11.332181 16.115770
v 8.017538 11.377634 15.680854
v 5.959449 11.269801 16.948532
v 6.371492 11.407632 16.589458
v 6.815143 11.478621 16.203230
v 7.261405 11.512726 15.800035
v 7.681285 11.539896 15.390062
v 5.733276 11.294647 16.521933
v 6.142590 11.462612 16.190617
v 6.578832 11.559957 15.843640
v 7.005628 11.601054 15.479763
v 7.386600 11.600276 15.097743
v 5.174081 11.032571 16.398392
v 5.500020 11.282650 16.095547
v 5.894606 11.453073 15.789732
v 6.317820 11.549067 15.473090
v 6.729645 11.575855 15.137758
v 7.090063 11.538665 14.775878
v 5.303905 11.234670 15.702712
v 5.663990 11.375586 15.401836
v 6.046946 11.432664 15.089250
v 6.419470 11.415816 14.756828
v 6.748256 11.334957 14.396452
v 3.636050 9.902301 10.425204
v 3.703831 10.205995 11.334299
v 3.891631 10.469989 12.212192
v 4.172493 10.699569 13.073432
v 4.519463 10.900019 13.932566
v 4.905585 11.076624 14.804142
v 4.118528 9.608430 10.203856
v 4.268488 9.992742 11.051762
v 4.443976 10.331446 11.909833
v 4.658132 10.631812 12.775973
v 4.924093 10.901111 13.648086
v 5.255000 11.146611 14.524072
v 4.496799 9.144825 9.993309
v 4.770701 9.648988 10.765203
v 4.961912 10.081700 11.598717
v 5.127786 10.459693 12.470865
v 5.325679 10.799699 13.358662
v 5.612947 11.118445 14.239119
v 4.820225 8.537927 9.850915
v 5.230414 9.200442 10.546531
v 5.448106 9.749352 11.340944
v 5.574579 10.214997 12.196667
v 5.711112 10.627727 13.076213
v 5.958983 11.017884 13.942095
v 5.138171 7.814170 9.834026
v 5.667567 8.672818 10.467664
v 5.905225 9.363000 11.198624
v 5.991634 9.929510 11.991945
v 6.067284 10.417143 12.812665
v 6.272661 10.870693 13.625821
v 6.102100 8.091830 10.600511
v 6.335936 8.951250 11.233858
v 6.372074 9.635016 11.895261
v 6.381085 10.199892 12.579940
v 6.533536 10.702634 13.283112
v 5.247817 8.160254 7.247817
v 4.842636 8.394610 7.777034
v 4.469805 8.688396 8.266975
v 4.146027 9.013832 8.747202
v 3.888006 9.343146 9.247274
v 3.712445 9.648561 9.796755
v 5.481650 8.046144 7.481650
v 5.125381 8.241328 7.962871
v 4.790780 8.497043 8.390155
v 4.500321 8.787448 8.795700
v 4.276477 9.086706 9.211701
v 4.141722 9.368979 9.670355
v 5.687643 7.865366 7.687642
v 5.381227 8.007304 8.117682
v 5.062766 8.207326 8.492084
v 4.773674 8.443258 8.838844
v 4.555370 8.692932 9.185967
v 4.449273 8.934177 9.561456
v 5.851936 7.625618 7.851936
v 5.589769 7.710461 8.235733
v 5.274821 7.844445 8.570550
v 4.973742 8.010877 8.877932
v 4.753182 8.193064 9.179422
v 4.679793 8.374311 9.496569
v 5.960674 7.334598 7.960674
v 5.730600 7.368719 8.311283
v 5.416006 7.433603 8.623347
v 5.108179 7.519919 8.914258
v 4.898406 7.618339 9.201413
v 4.877974 7.719532 9.502204
v 7.000000 7.964062 5.264750
v 6.597013 7.976177 5.453409
v 6.266888 7.978994 5.735853
v 5.988265 7.985661 6.084298
v 5.739785 8.009327 6.470961
v 5.500089 8.063142 6.868062
v 7.000000 7.862775 5.503325
v 6.628564 7.874424 5.702769
v 6.338709 7.881569 5.987678
v 6.104761 7.893261 6.333036
v 5.901049 7.918554 6.713829
v 5.701902 7.966496 7.105038
v 7.000000 7.705932 5.705931
v 6.662323 7.716436 5.920101
v 6.406670 7.727863 6.209984
v 6.207209 7.744340 6.553630
v 6.038105 7.769997 6.929089
v 5.873527 7.808963 7.314409
v 7.000000 7.503326 5.862773
v 6.692992 7.511708 6.091972
v 6.463820 7.524971 6.387583
v 6.288806 7.543053 6.730494
v 6.144273 7.565896 7.101597
v 6.006542 7.593438 7.481781
v 7.000000 7.264751 5.964061
v 6.715278 7.269731 6.204947
v 6.503209 7.279985 6.505280
v 6.342753 7.293555 6.848041
v 6.212873 7.308485 7.216207
v 6.092526 7.322817 7.592758
v 9.000000 7.925926 5.537036
v 8.841799 7.957538 5.522555
v 8.556693 7.968532 5.447244
v 8.187321 7.966794 5.347456
v 7.776323 7.960213 5.259543
v 7.366335 7.956673 5.219857
v 8.796871 7.807296 5.635963
v 8.496470 7.842697 5.585848
v 8.132691 7.856444 5.513406
v 7.739426 7.858038 5.452757
v 7.350564 7.856981 5.438024
v 8.771400 7.591688 5.764093
v 8.460340 7.648996 5.723644
v 8.097243 7.680499 5.663128
v 7.712537 7.694771 5.617021
v 7.336648 7.700390 5.619796
v 9.000000 7.259260 5.870370
v 8.773280 7.355447 5.880676
v 8.459217 7.421359 5.839135
v 8.091333 7.463049 5.781159
v 7.703154 7.486571 5.742165
v 7.328201 7.497979 5.757565
v 8.810403 7.143306 5.959444
v 8.504019 7.193717 5.910823
v 8.125318 7.228186 5.852036
v 7.718768 7.249595 5.818023
v 7.328839 7.260822 5.843718
v 8.999701 8.342381 9.855741
v 9.264028 8.255498 9.563480
v 9.475473 8.153165 9.277579
v 9.658484 8.034303 8.992635
v 9.837505 7.897839 8.703245
v 10.036986 7.742695 8.404011
v 8.999520 7.673904 9.769186
v 9.271540 7.628047 9.485781
v 9.503663 7.577761 9.222476
v 9.716739 7.519142 8.967921
v 9.931621 7.448284 8.710766
v 10.169156 7.361284 8.439658
v 8.999460 6.999997 9.740335
v 9.274044 6.999996 9.459881
v 9.513060 6.999996 9.204108
v 9.736157 6.999996 8.959683
v 9.962992 6.999996 8.713272
v 10.213213 6.999996 8.451540
v 8.999519 6.326091 9.769185
v 9.271540 6.371947 9.485780
v 9.503662 6.422232 9.222476
v 9.716739 6.480850 8.967922
v 9.931621 6.551708 8.710767
v 10.169157 6.638709 8.439658
v 8.999701 5.657616 9.855742
v 9.264028 5.744496 9.563481
v 9.475473 5.846828 9.277580
v 9.658484 5.965689 8.992636
v 9.837506 6.102153 8.703246
v 10.036987 6.257298 8.404012
v 6.835187 8.185395 10.696791
v 7.247612 8.267154 10.558970
v 7.649788 8.334281 10.450929
v 8.033898 8.381072 10.349626
v 8.392130 8.401823 10.232021
v 8.716669 8.390828 10.075072
v 6.736300 7.548315 10.514865
v 7.149586 7.610608 10.413474
v 7.568234 7.659113 10.331317
v 7.977398 7.691764 10.247102
v 8.362232 7.706491 10.139536
v 8.707887 7.701227 9.987329
v 6.703338 6.999997 10.454224
v 7.116881 6.999997 10.364991
v 7.541012 6.999997 10.291467
v 7.958533 6.999997 10.212944
v 8.352247 6.999997 10.108718
v 8.704954 6.999997 9.958082
v 6.736300 6.451680 10.514866
v 7.149488 6.389388 10.413529
v 7.568110 6.340882 10.331388
v 7.977293 6.308231 10.247161
v 8.362169 6.293504 10.139572
v 8.707868 6.298768 9.987340
v 6.835187 5.814602 10.696792
v 7.247397 5.732845 10.559091
v 7.649513 5.665718 10.451082
v 8.033666 5.618925 10.349756
v 8.391993 5.598172 10.232098
v 8.716626 5.609168 10.075097
v 6.755488 8.545234 10.907445
v 6.641984 7.897287 10.663330
v 6.573904 7.408745 10.516879
v 6.551268 6.999859 10.468100
v 6.574096 6.590880 10.517001
v 6.642409 6.102062 10.663596
v 6.756229 5.453657 10.907891
v 6.662282 8.388303 10.870406
v 6.557476 7.793496 10.670056
v 6.494651 7.357041 10.549891
v 6.473862 6.999646 10.509939
v 6.495165 6.642016 10.550236
v 6.558615 6.204858 10.670812
v 6.664267 5.608879 10.871696
v 6.605256 8.342259 10.825011
v 6.491343 7.762944 10.662029
v 6.423087 7.341758 10.564306
v 6.400577 6.999456 10.531898
v 6.423899 6.656791 10.564858
v 6.493140 6.234520 10.663245
v 6.608388 5.653396 10.827112
v 6.469285 8.220160 10.707393
v 6.353266 7.694561 10.584305
v 6.283760 7.311453 10.510528
v 6.260868 6.999386 10.486125
v 6.284689 6.686912 10.511166
v 6.355322 6.302577 10.585714
v 6.472867 5.774936 10.709837
v 6.139241 7.835055 10.453678
v 6.052924 7.477271 10.381942
v 6.001215 7.214682 10.338957
v 5.984190 6.999535 10.324775
v 6.001925 6.784079 10.339449
v 6.054496 6.520561 10.383028
v 6.480867 5.451614 10.849216
v 6.141979 6.161228 10.455566
v 6.633864 5.240841 11.001208
v 6.664357 5.163158 11.096100
v 6.665245 5.095430 11.168044
v 6.729422 4.914521 11.251192
v 6.579504 4.887446 11.296249
v 6.653327 4.799016 11.343087
v 6.658757 4.748156 11.404091
v 6.669845 4.657569 11.495561
v 6.760646 4.449956 11.633793
v 7.005216 4.048019 11.835089
v 6.559312 4.404462 11.815753
v 6.615466 4.391739 11.774689
v 6.640553 4.356365 11.799781
v 6.691843 4.252197 11.898379
v 6.826609 4.033092 12.077837
v 7.102120 3.652910 12.345501
v 6.541716 3.938400 12.426819
v 6.604486 3.961291 12.335229
v 6.658714 3.935759 12.331863
v 6.745018 3.836212 12.420635
v 6.904017 3.637059 12.605456
v 6.648137 3.425000 13.148538
v 6.704595 3.449952 13.063928
v 6.762207 3.434313 13.049038
v 6.843143 3.366513 13.106463
v 6.969578 3.234985 13.238798
v 7.163680 3.028159 13.448639
v 6.725456 9.092113 11.250602
v 6.658026 8.913182 11.165341
v 6.654595 8.845549 11.091489
v 6.622546 8.767352 10.995256
v 6.469255 8.556732 10.842859
v 6.750561 9.569331 11.630143
v 6.652170 9.373154 11.487779
v 6.635886 9.288427 11.393159
v 6.627335 9.239980 11.330094
v 6.552143 9.152645 11.282391
v 6.810686 9.997808 12.070461
v 6.664077 9.800019 11.885091
v 6.605098 9.708103 11.782434
v 6.575562 9.678801 11.754946
v 6.517282 9.668857 11.795070
v 6.885712 10.398467 12.595949
v 6.713110 10.225582 12.404650
v 6.618206 10.141785 12.311727
v 6.559141 10.124573 12.312853
v 6.494053 10.151443 12.403700
v 7.165055 10.967719 13.447944
v 6.955523 10.792224 13.230998
v 6.818630 10.681642 13.093828
v 6.731182 10.626682 13.033443
v 6.669981 10.618053 13.046856
v 6.611832 10.646467 13.131074
v 7.394808 -0.763154 18.865295
v 7.462963 -0.777776 19.074074
v 7.500000 -0.999999 19.000000
v 7.222878 -0.169410 18.996490
v 7.370370 -0.222221 19.259260
v 7.058866 0.560798 19.206779
v 7.250000 0.500001 19.500000
v 6.935123 1.282599 19.456726
v 7.129630 1.222224 19.740740
v 6.884002 1.851121 19.706888
v 7.037037 1.777779 19.925926
v 6.937855 2.121493 19.917831
v 7.000000 2.000001 20.000000
v 7.391146 -0.783588 18.456577
v 7.133112 -0.070691 18.548370
v 6.907626 0.741050 18.727505
v 6.749935 1.518023 18.984346
v 6.695282 2.126616 19.309259
v 6.778914 2.433220 19.692616
v 7.778440 -1.508054 17.904213
v 7.425379 -0.822671 17.910690
v 7.083204 0.053862 17.976501
v 6.788969 0.990773 18.127808
v 6.579724 1.857291 18.390764
v 6.492522 2.522643 18.791538
v 6.564418 2.856058 19.356287
v 7.470912 -0.863997 17.290411
v 7.055289 0.184172 17.342489
v 6.695580 1.259983 17.473320
v 6.430151 2.229197 17.743151
v 6.297369 2.957577 18.212223
v 6.335606 3.310883 18.940784
v 7.501146 -0.891160 16.658514
v 7.031501 0.300165 16.707937
v 6.620148 1.498696 16.829681
v 6.306875 2.562537 17.108669
v 6.131470 3.349795 17.629816
v 6.133720 3.718572 18.478045
v 8.000000 -1.999999 16.000000
v 7.489486 -0.887753 16.077774
v 6.993970 0.381766 16.134453
v 6.555359 1.656928 16.262526
v 6.215556 2.786107 16.554482
v 6.016469 3.617674 17.102810
v 6.000000 4.000001 18.000000
v 6.240218 0.707816 11.403013
v 6.499143 0.129275 11.975981
v 6.794502 -0.658864 11.586134
v 6.500000 0.000001 11.000000
v 6.758706 -0.285587 12.663248
v 7.106175 -1.167291 12.324407
v 7.003216 -0.565744 13.440937
v 7.408790 -1.540449 13.174875
v 7.216977 -0.740174 14.285172
v 7.676117 -1.793507 14.097593
v 7.384299 -0.837851 15.172074
v 7.881931 -1.941634 15.052616
v 6.037302 1.341338 11.990111
v 6.232039 0.935820 12.551069
v 6.423225 0.685414 13.163147
v 6.602935 0.547461 13.826935
v 6.763244 0.479307 14.543022
v 6.896231 0.438294 15.311997
v 5.901535 1.943942 12.652325
v 6.018573 1.751930 13.209171
v 6.135225 1.686752 13.752277
v 6.249361 1.696535 14.305405
v 6.358849 1.729408 14.892315
v 6.461558 1.733497 15.536766
v 5.843205 2.559004 13.280689
v 5.884126 2.568759 13.848064
v 5.930202 2.659470 14.358814
v 5.983910 2.778846 14.848883
v 6.047721 2.874603 15.354219
v 6.124112 2.894452 15.910769
v 5.872598 3.229898 13.766235
v 5.854081 3.377468 14.365523
v 5.843654 3.544609 14.910927
v 5.847997 3.691761 15.429902
v 5.873793 3.779363 15.949904
v 5.927722 3.767854 16.498386
v 6.000000 4.000001 14.000000
v 5.953821 4.169210 14.659324
v 5.883038 4.332649 16.021000
v 5.916221 4.200400 17.364010
v 6.363863 2.027357 11.213938
v 6.485356 1.890902 10.973749
v 6.500000 2.000001 11.000000
v 6.271708 1.833754 11.220234
v 6.453140 1.606440 10.916000
v 6.202686 1.573870 11.200644
v 6.420924 1.210866 10.858250
v 6.167377 1.278833 11.196813
v 6.406281 0.768434 10.832000
v 6.176360 0.979772 11.250386
v 6.426781 0.343395 10.868751
v 6.388306 2.439797 11.515022
v 6.240539 2.271664 11.613885
v 6.123008 2.088992 11.647334
v 6.039817 1.898201 11.658525
v 5.995067 1.705715 11.690615
v 5.992861 1.517953 11.786757
v 6.280266 2.867157 12.056601
v 6.128938 2.607453 12.133027
v 6.014263 2.402693 12.168081
v 5.935215 2.243420 12.199649
v 5.890763 2.120175 12.265619
v 5.879879 2.023502 12.403881
v 6.165501 3.324038 12.696711
v 6.042612 3.018353 12.730803
v 5.952697 2.805401 12.753254
v 5.891778 2.669086 12.791766
v 5.855876 2.593312 12.874043
v 5.841011 2.561983 13.027782
v 5.995115 3.487993 13.366646
v 5.945535 3.327657 13.373633
v 5.912407 3.234760 13.402634
v 5.891818 3.196222 13.468099
v 5.879852 3.198961 13.584481
v 8.962963 -0.777776 19.074074
v 9.042354 -0.792170 18.930424
v 9.012594 -1.075471 18.854561
v 9.000000 -0.999999 19.000000
v 9.097497 -0.928738 18.676477
v 9.040300 -1.263733 18.467934
v 9.125143 -1.129932 18.328629
v 9.068007 -1.507551 17.914639
v 9.122039 -1.338204 17.903271
v 9.084933 -1.496006 17.416805
v 9.010576 -1.545790 16.885620
v 9.000000 -1.999999 16.000000
v 8.870371 -0.222221 19.259260
v 8.979053 -0.207876 19.090517
v 9.028552 -0.296559 18.886070
v 9.028132 -0.438887 18.632050
v 8.987062 -0.585475 18.314590
v 8.914606 -0.686942 17.919828
v 8.820033 -0.693903 17.433895
v 8.750000 0.500001 19.500000
v 8.853321 0.526537 19.302164
v 8.867483 0.494305 19.094891
v 8.814661 0.435478 18.856216
v 8.717028 0.382227 18.564175
v 8.596762 0.366724 18.196810
v 8.476036 0.421140 17.732151
v 8.629629 1.222224 19.740740
v 8.695789 1.260194 19.532690
v 8.648314 1.305355 19.301123
v 8.522413 1.363053 19.032438
v 8.353296 1.438633 18.713037
v 8.176174 1.537439 18.329327
v 8.026254 1.664819 17.867704
v 8.537038 1.777779 19.925926
v 8.537086 1.842221 19.749424
v 8.405064 1.998092 19.502949
v 8.189076 2.213731 19.192028
v 7.937225 2.457473 18.822191
v 7.697616 2.697655 18.398964
v 7.518353 2.902613 17.927879
v 8.500000 2.000001 20.000000
v 8.407840 2.121743 19.919685
v 8.171753 2.434018 19.698549
v 7.852334 2.857404 19.366301
v 7.510174 3.312479 18.952652
v 7.205864 3.719819 18.487314
v 7.000000 4.000001 18.000000
v 7.268357 3.221095 13.722361
v 7.240905 3.311311 14.382484
v 6.942404 4.165411 14.655170
v 7.000000 4.000001 14.000000
v 7.229848 3.342352 15.092162
v 7.243625 3.315610 15.826465
v 6.836957 4.319149 16.026627
v 7.290675 3.232478 16.560471
v 6.828687 4.293204 16.711363
v 7.379437 3.094348 17.269251
v 7.472020 2.425732 13.356623
v 7.496170 2.354170 14.013673
v 7.550431 2.256422 14.756964
v 7.632687 2.135551 15.550252
v 7.740821 1.994618 16.357298
v 7.872715 1.836687 17.141863
v 7.604004 1.659927 12.902149
v 7.689479 1.385259 13.549394
v 7.814263 1.138102 14.321875
v 7.966835 0.918283 15.172991
v 8.135669 0.725631 16.056143
v 8.309243 0.559974 16.924728
v 7.657319 0.969694 12.358311
v 7.802111 0.495851 12.990314
v 7.992397 0.109111 13.778402
v 8.208755 -0.196882 14.669689
v 8.431761 -0.428479 15.611291
v 8.641994 -0.592035 16.550322
v 7.624980 0.401048 11.724472
v 7.815347 -0.222782 12.337095
v 8.055885 -0.708832 13.118050
v 8.321136 -1.070630 14.015356
v 8.585641 -1.321704 14.977038
v 8.823940 -1.475581 15.951119
v 7.500000 0.000001 11.000000
v 7.710467 -0.679369 11.590398
v 7.975782 -1.194006 12.332318
v 8.266668 -1.563650 13.185000
v 8.553851 -1.808038 14.107681
v 8.808054 -1.946908 15.059602
v 7.491311 1.890375 10.974874
v 7.524996 2.006537 11.234726
v 7.469251 2.123752 11.140985
v 7.500000 2.000001 11.000000
v 7.507785 2.219656 11.611527
v 7.390492 2.440448 11.517822
v 7.456596 2.488701 12.076987
v 7.283957 2.868256 12.061325
v 7.388350 2.772643 12.602808
v 7.169874 3.325340 12.702311
v 7.319963 3.030450 13.160697
v 7.472196 1.604753 10.919600
v 7.548563 1.732016 11.276278
v 7.575154 1.884393 11.650654
v 7.566381 2.045919 12.044300
v 7.536659 2.200628 12.458794
v 7.500400 2.332555 12.895709
v 7.453080 1.208020 10.864325
v 7.548900 1.347145 11.269611
v 7.600329 1.464728 11.622129
v 7.619461 1.557784 11.941761
v 7.618389 1.623327 12.248386
v 7.609205 1.658370 12.561887
v 7.444391 0.765061 10.839200
v 7.534952 0.898881 11.218698
v 7.591041 0.990729 11.512893
v 7.621989 1.042170 11.747868
v 7.637129 1.054768 11.949706
v 7.645795 1.030088 12.144492
v 7.456556 0.340759 10.874375
v 7.515670 0.434180 11.127504
v 7.555021 0.492464 11.309871
v 7.580118 0.516951 11.441114
v 7.596470 0.508983 11.540870
v 7.609587 0.469901 11.628777
v 8.388889 2.000001 20.000000
v 8.224394 2.305398 19.899134
v 7.958458 2.699153 19.681801
v 7.638896 3.132529 19.368595
v 7.313523 3.556788 18.980118
v 7.030154 3.923189 18.536951
v 6.836604 4.182994 18.059702
v 8.111111 2.000001 20.000000
v 7.926164 2.389583 19.895775
v 7.664142 2.816481 19.692284
v 7.364409 3.247921 19.402918
v 7.066334 3.651126 19.041080
v 6.809283 3.993321 18.620167
v 6.632625 4.241732 18.153578
v 7.750000 2.000001 20.000000
v 7.580774 2.393792 19.902790
v 7.343917 2.817276 19.714300
v 7.074296 3.240772 19.444057
v 6.806777 3.634598 19.101589
v 6.576229 3.969072 18.696423
v 6.417519 4.214509 18.238087
v 7.388889 2.000001 20.000000
v 7.255845 2.337517 19.913351
v 7.052896 2.732814 19.732157
v 6.813978 3.148282 19.466803
v 6.573024 3.546311 19.127682
v 6.363966 3.889293 18.725178
v 6.220742 4.139617 18.269688
v 7.111111 2.000001 20.000000
v 7.018997 2.240253 19.920639
v 6.846191 2.594370 19.730160
v 6.628878 3.007645 19.445950
v 6.403243 3.425371 19.085400
v 6.205472 3.792841 18.665899
v 6.071750 4.055350 18.204840
v 8.888889 -0.999999 19.000000
v 8.826937 -0.704392 19.209820
v 8.741106 -0.165872 19.443550
v 8.642891 0.494693 19.670311
v 8.543787 1.156438 19.859226
v 8.455289 1.698496 19.979416
v 8.611112 -0.999999 19.000000
v 8.546162 -0.669274 19.285471
v 8.470959 -0.151234 19.548710
v 8.387677 0.464418 19.770750
v 8.298492 1.087977 19.932623
v 8.205579 1.629740 20.015360
v 8.250000 -0.999999 19.000000
v 8.195007 -0.665739 19.305374
v 8.129371 -0.163927 19.578800
v 8.052571 0.429494 19.802624
v 7.964088 1.038584 19.959198
v 7.863405 1.587401 20.030874
v 7.888889 -0.999999 18.999998
v 7.847844 -0.687101 19.273878
v 7.785783 -0.189575 19.537882
v 7.705782 0.410239 19.767250
v 7.610916 1.030000 19.937231
v 7.504261 1.587368 20.023066
v 7.611111 -0.999999 19.000000
v 7.579039 -0.726675 19.195330
v 7.509636 -0.213798 19.430014
v 7.415521 0.426969 19.665937
v 7.309316 1.083966 19.864986
v 7.203639 1.645531 19.989044
v 8.921128 -2.074416 15.797583
v 8.978949 -2.026392 16.400818
v 9.062969 -1.932918 16.606146
v 8.989747 -1.883370 17.063339
v 9.080600 -1.749690 17.269199
v 8.969831 -1.677286 17.719831
v 8.935512 -1.440072 18.304981
v 8.903094 -1.203665 18.753475
v 8.769974 -2.164248 15.732533
v 8.814978 -2.124862 16.327690
v 8.807791 -1.998683 16.977316
v 8.766111 -1.804409 17.625385
v 8.707640 -1.560738 18.215874
v 8.650073 -1.286369 18.692753
v 8.574411 -2.235608 15.762550
v 8.602542 -2.196562 16.348726
v 8.571489 -2.069330 16.982391
v 8.500979 -1.869985 17.613949
v 8.410742 -1.614599 18.193798
v 8.320507 -1.319246 18.672348
v 8.362312 -2.254610 15.845332
v 8.373127 -2.209726 16.425894
v 8.317598 -2.069012 17.049831
v 8.218568 -1.855076 17.668173
v 8.098879 -1.590523 18.231960
v 7.981372 -1.297962 18.692223
v 8.161551 -2.187369 15.938582
v 8.158216 -2.132588 16.521162
v 8.082875 -1.971430 17.150894
v 7.963010 -1.740744 17.770712
v 7.826105 -1.477378 18.323547
v 7.699645 -1.218180 18.752331
v 7.989296 -1.933383 16.596493
v 7.904077 -1.750286 17.256844
v 7.646482 -1.264031 18.461756
v 7.542303 -1.075564 18.852631
v 7.398890 -0.104011 10.810223
v 7.617231 -0.779670 11.399383
v 7.890099 -1.288368 12.138698
v 8.187207 -1.651148 12.988171
v 8.478271 -1.889053 13.907805
v 8.733007 -2.023128 14.857608
v 7.230981 -0.199391 10.733110
v 7.466126 -0.870841 11.322386
v 7.750681 -1.377362 12.063263
v 8.053995 -1.739457 12.915230
v 8.345416 -1.977633 13.837773
v 8.594294 -2.112395 14.790380
v 7.026704 -0.261408 10.741100
v 7.282725 -0.928614 11.330984
v 7.580056 -1.435369 12.075066
v 7.888291 -1.800560 12.931805
v 8.177031 -2.043072 13.859659
v 8.415871 -2.181792 14.817088
v 6.816493 -0.265335 10.806623
v 7.092605 -0.928721 11.396755
v 7.400746 -1.436773 12.143157
v 7.711351 -1.806438 13.003520
v 7.994856 -2.054667 13.935540
v 8.221698 -2.198408 14.896912
v 6.630780 -0.186441 10.902112
v 6.921339 -0.846894 11.491280
v 7.235277 -1.355953 12.236586
v 7.544431 -1.729074 13.096001
v 7.820637 -1.981713 14.027492
v 8.035731 -2.129326 14.989029
v 7.425926 2.000001 11.000000
v 7.418211 1.824582 10.907525
v 7.394077 1.503510 10.802031
v 7.366799 1.093448 10.711534
v 7.349657 0.651063 10.664054
v 7.355928 0.233022 10.687611
v 7.240741 2.000001 11.000000
v 7.238274 1.777641 10.867550
v 7.216331 1.427928 10.737784
v 7.189773 1.003114 10.635080
v 7.173456 0.555453 10.583816
v 7.182240 0.137201 10.608367
v 7.000000 2.000001 11.000000
v 7.003256 1.755177 10.854567
v 6.986160 1.389218 10.721961
v 6.964334 0.953353 10.623247
v 6.953402 0.498808 10.579489
v 6.968984 0.076812 10.611753
v 6.759259 2.000001 11.000000
v 6.764922 1.762815 10.868195
v 6.750769 1.398593 10.749658
v 6.732823 0.960501 10.664311
v 6.727111 0.501705 10.632076
v 6.749659 0.075371 10.672873
v 6.574074 2.000001 11.000000
v 6.575036 1.806182 10.908049
v 6.557361 1.467263 10.815971
v 6.537574 1.040894 10.746552
v 6.532198 0.584721 10.722579
v 6.557759 0.156394 10.766837
v 6.871044 4.192053 14.051729
v 6.938718 3.937220 13.438791
v 7.068478 3.729867 13.371597
v 7.040052 3.562231 12.802977
v 7.157243 3.124050 12.192735
v 7.272488 2.679641 11.656523
v 7.367982 2.285970 11.242792
v 6.684718 4.311821 14.071867
v 6.749929 4.064854 13.468056
v 6.847085 3.704869 12.853408
v 6.960463 3.275128 12.263600
v 7.074345 2.818895 11.734311
v 7.173011 2.379431 11.301218
v 6.472737 4.355902 14.068588
v 6.535140 4.110302 13.467459
v 6.627057 3.752812 12.860800
v 6.733994 3.323236 12.279669
v 6.841460 2.861374 11.755121
v 6.934959 2.407028 11.318213
v 6.266815 4.320894 14.050067
v 6.327380 4.071095 13.445073
v 6.416059 3.705616 12.832352
v 6.518219 3.270114 12.246692
v 6.619227 2.810241 11.722887
v 6.704452 2.371651 11.295726
v 6.098664 4.203394 14.024478
v 6.159677 3.944766 13.408969
v 6.250177 3.562840 12.775255
v 6.353516 3.117507 12.170418
v 6.453045 2.668660 11.641541
v 6.532114 2.276194 11.235708
v 6.065062 3.728849 13.367222
v 6.468568 2.123549 11.140110
v 6.718541 4.373695 17.432766
v 6.876437 4.189200 17.374413
v 6.678097 4.479655 16.768219
v 6.694198 4.507673 16.081949
v 6.745771 4.464546 15.389850
v 6.881460 4.274172 15.335970
v 6.811744 4.357073 14.707812
v 6.523237 4.439029 17.519258
v 6.488381 4.556988 16.840981
v 6.507579 4.599427 16.137922
v 6.560353 4.570166 15.429265
v 6.626225 4.473024 14.734185
v 6.317940 4.419784 17.594757
v 6.286677 4.551852 16.900120
v 6.305128 4.611106 16.177177
v 6.354690 4.597937 15.448938
v 6.416761 4.512739 14.738406
v 6.130062 4.350542 17.620136
v 6.100121 4.490901 16.916111
v 6.114871 4.559406 16.182352
v 6.158267 4.554765 15.443601
v 6.214263 4.475691 14.724593
v 5.987018 4.265887 17.556263
v 5.955847 4.400788 16.859428
v 5.964832 4.461021 16.136082
v 6.000567 4.447555 15.407976
v 6.049646 4.361357 14.696857
v 5.880993 4.308164 16.700541
v 5.911074 4.283212 15.336792
v 7.394808 14.763156 18.865294
v 7.462963 14.777779 19.074072
v 7.500000 15.000002 18.999998
v 7.222878 14.169414 18.996489
v 7.370370 14.222224 19.259258
v 7.058866 13.439205 19.206778
v 7.250000 13.500002 19.499998
v 6.935123 12.717404 19.456724
v 7.129630 12.777780 19.740738
v 6.884002 12.148883 19.706888
v 7.037037 12.222224 19.925926
v 6.937855 11.878510 19.917831
v 7.000000 12.000002 20.000000
v 7.391146 14.783590 18.456575
v 7.133112 14.070693 18.548368
v 6.907626 13.258951 18.727503
v 6.749935 12.481979 18.984346
v 6.695282 11.873386 19.309259
v 6.778914 11.566784 19.692616
v 7.778440 15.508056 17.904211
v 7.425379 14.822673 17.910688
v 7.083204 13.946140 17.976500
v 6.788969 13.009230 18.127806
v 6.579724 12.142712 18.390764
v 6.492522 11.477360 18.791538
v 6.564418 11.143946 19.356287
v 7.470912 14.863998 17.290409
v 7.055289 13.815831 17.342487
v 6.695580 12.740020 17.473318
v 6.430151 11.770804 17.743151
v 6.297369 11.042426 18.212223
v 6.335606 10.689120 18.940784
v 7.501146 14.891162 16.658512
v 7.031501 13.699838 16.707935
v 6.620148 12.501307 16.829681
v 6.306875 11.437464 17.108669
v 6.131470 10.650206 17.629816
v 6.133720 10.281429 18.478045
v 8.000000 16.000002 15.999999
v 7.489486 14.887754 16.077772
v 6.993970 13.618237 16.134451
v 6.555359 12.343074 16.262526
v 6.215556 11.213895 16.554482
v 6.016469 10.382328 17.102810
v 6.000000 10.000001 18.000000
v 6.240218 13.292186 11.403012
v 6.499143 13.870727 11.975980
v 6.794502 14.658865 11.586133
v 6.500000 14.000001 10.999999
v 6.758706 14.285588 12.663247
v 7.106175 15.167293 12.324406
v 7.003216 14.565746 13.440936
v 7.408790 15.540451 13.174874
v 7.216977 14.740175 14.285171
v 7.676117 15.793509 14.097592
v 7.384299 14.837852 15.172073
v 7.881931 15.941635 15.052615
v 6.037302 12.658664 11.990110
v 6.232039 13.064181 12.551068
v 6.423225 13.314589 13.163146
v 6.602935 13.452540 13.826934
v 6.763244 13.520695 14.543021
v 6.896231 13.561708 15.311996
v 5.901535 12.056060 12.652324
v 6.018573 12.248073 13.209170
v 6.135225 12.313251 13.752276
v 6.249361 12.303466 14.305404
v 6.358849 12.270594 14.892314
v 6.461558 12.266504 15.536765
v 5.843205 11.440998 13.280688
v 5.884126 11.431242 13.848063
v 5.930202 11.340533 14.358813
v 5.983910 11.221156 14.848882
v 6.047721 11.125399 15.354218
v 6.124112 11.105550 15.910768
v 5.872598 10.770103 13.766234
v 5.854081 10.622534 14.365522
v 5.843654 10.455393 14.910926
v 5.847997 10.308241 15.429901
v 5.873793 10.220638 15.949903
v 5.927722 10.232147 16.498386
v 6.000000 10.000001 13.999999
v 5.953821 9.830791 14.659323
v 5.883038 9.667354 16.021000
v 5.916221 9.799602 17.364010
v 6.363863 11.972646 11.213937
v 6.485356 12.109099 10.973748
v 6.500000 12.000001 10.999999
v 6.271708 12.166248 11.220233
v 6.453140 12.393562 10.915999
v 6.202686 12.426131 11.200643
v 6.420924 12.789136 10.858249
v 6.167377 12.721169 11.196812
v 6.406281 13.231568 10.831999
v 6.176360 13.020229 11.250385
v 6.426781 13.656606 10.868750
v 6.388306 11.560205 11.515021
v 6.240539 11.728338 11.613884
v 6.123008 11.911011 11.647333
v 6.039817 12.101800 11.658524
v 5.995067 12.294288 11.690614
v 5.992861 12.482048 11.786757
v 6.280266 11.132845 12.056600
v 6.128938 11.392549 12.133026
v 6.014263 11.597308 12.168080
v 5.935215 11.756582 12.199648
v 5.890763 11.879827 12.265618
v 5.879879 11.976501 12.403880
v 6.165501 10.675964 12.696710
v 6.042612 10.981648 12.730802
v 5.952697 11.194602 12.753253
v 5.891778 11.330916 12.791765
v 5.855876 11.406690 12.874042
v 5.841011 11.438020 13.027781
v 6.065062 10.271152 13.367221
v 5.995115 10.512010 13.366645
v 5.945535 10.672345 13.373632
v 5.912407 10.765243 13.402633
v 5.891818 10.803781 13.468098
v 5.879852 10.801039 13.584480
v 8.962963 14.777779 19.074072
v 9.042354 14.792172 18.930422
v 9.012594 15.075473 18.854559
v 9.000000 15.000002 18.999998
v 9.097497 14.928741 18.676476
v 9.040300 15.263736 18.467932
v 9.125143 15.129934 18.328627
v 9.068007 15.507553 17.914637
v 9.122039 15.338206 17.903269
v 9.080600 15.749693 17.269197
v 9.084933 15.496008 17.416803
v 9.010576 15.545793 16.885618
v 9.000000 16.000002 15.999999
v 8.870371 14.222224 19.259258
v 8.979053 14.207880 19.090515
v 9.028552 14.296561 18.886068
v 9.028132 14.438889 18.632048
v 8.987062 14.585477 18.314589
v 8.914606 14.686944 17.919827
v 8.820033 14.693906 17.433893
v 8.750000 13.500002 19.499998
v 8.853321 13.473467 19.302162
v 8.867483 13.505699 19.094889
v 8.814661 13.564525 18.856215
v 8.717028 13.617776 18.564173
v 8.596762 13.633279 18.196808
v 8.476036 13.578862 17.732149
v 8.629629 12.777780 19.740738
v 8.695789 12.739809 19.532688
v 8.648314 12.694648 19.301121
v 8.522413 12.636950 19.032436
v 8.353296 12.561370 18.713037
v 8.176174 12.462564 18.329327
v 8.026254 12.335183 17.867704
v 8.537038 12.222224 19.925926
v 8.537086 12.157783 19.749424
v 8.405064 12.001910 19.502949
v 8.189076 11.786271 19.192028
v 7.937225 11.542529 18.822191
v 7.697616 11.302347 18.398964
v 7.518353 11.097388 17.927879
v 8.500000 12.000002 20.000000
v 8.407840 11.878261 19.919685
v 8.171753 11.565986 19.698549
v 7.852334 11.142599 19.366301
v 7.510174 10.687526 18.952652
v 7.205864 10.280183 18.487314
v 7.000000 10.000001 18.000000
v 7.268357 10.778907 13.722360
v 7.240905 10.688690 14.382483
v 6.942404 9.834591 14.655169
v 7.000000 10.000001 13.999999
v 7.229848 10.657650 15.092161
v 7.243625 10.684392 15.826464
v 6.836957 9.680854 16.026627
v 7.290675 10.767524 16.560471
v 6.828687 9.706800 16.711363
v 7.379437 10.905653 17.269251
v 7.472020 11.574270 13.356622
v 7.496170 11.645833 14.013672
v 7.550431 11.743581 14.756963
v 7.632687 11.864452 15.550251
v 7.740821 12.005384 16.357298
v 7.872715 12.163316 17.141863
v 7.604004 12.340075 12.902148
v 7.689479 12.614742 13.549393
v 7.814263 12.861901 14.321874
v 7.966835 13.081718 15.172990
v 8.135669 13.274371 16.056141
v 8.309243 13.440028 16.924726
v 7.657319 13.030307 12.358310
v 7.802111 13.504149 12.990314
v 7.992397 13.890891 13.778401
v 8.208755 14.196883 14.669688
v 8.431761 14.428482 15.611290
v 8.641994 14.592036 16.550320
v 7.624980 13.598953 11.724471
v 7.815347 14.222783 12.337094
v 8.055885 14.708833 13.118049
v 8.321136 15.070632 14.015355
v 8.585641 15.321706 14.977037
v 8.823940 15.475582 15.951118
v 7.500000 14.000001 10.999999
v 7.710467 14.679370 11.590397
v 7.975782 15.194009 12.332317
v 8.266668 15.563653 13.184999
v 8.553851 15.808041 14.107680
v 8.808054 15.946910 15.059601
v 7.491311 12.109628 10.974874
v 7.524996 11.993465 11.234725
v 7.500000 12.000001 10.999999
v 7.507785 11.780347 11.611526
v 7.390492 11.559554 11.517821
v 7.456596 11.511301 12.076986
v 7.283957 11.131746 12.061324
v 7.388350 11.227359 12.602807
v 7.169874 10.674663 12.702310
v 7.319963 10.969551 13.160696
v 7.472196 12.395248 10.919599
v 7.548563 12.267985 11.276277
v 7.575154 12.115608 11.650653
v 7.566381 11.954082 12.044299
v 7.536659 11.799375 12.458793
v 7.500400 11.667447 12.895708
v 7.453080 12.791982 10.864324
v 7.548900 12.652857 11.269610
v 7.600329 12.535274 11.622128
v 7.619461 12.442218 11.941760
v 7.618389 12.376676 12.248385
v 7.609205 12.341631 12.561886
v 7.444391 13.234941 10.839199
v 7.534952 13.101121 11.218697
v 7.591041 13.009274 11.512892
v 7.621989 12.957831 11.747867
v 7.637129 12.945233 11.949705
v 7.645795 12.969913 12.144491
v 7.456556 13.659241 10.874374
v 7.515670 13.565820 11.127503
v 7.555021 13.507538 11.309870
v 7.580118 13.483051 11.441113
v 7.596470 13.491019 11.540869
v 7.609587 13.530100 11.628776
v 8.388889 12.000002 20.000000
v 8.224394 11.694606 19.899134
v 7.958458 11.300850 19.681801
v 7.638896 10.867474 19.368595
v 7.313523 10.443216 18.980118
v 7.030154 10.076814 18.536951
v 6.836604 9.817008 18.059702
v 8.111111 12.000002 20.000000
v 7.926164 11.610420 19.895775
v 7.664142 11.183522 19.692284
v 7.364409 10.752083 19.402918
v 7.066334 10.348879 19.041080
v 6.809283 10.006681 18.620167
v 6.632625 9.758270 18.153578
v 7.750000 12.000002 20.000000
v 7.580774 11.606213 19.902790
v 7.343917 11.182727 19.714300
v 7.074296 10.759232 19.444057
v 6.806777 10.365404 19.101589
v 6.576229 10.030931 18.696423
v 6.417519 9.785494 18.238087
v 7.388889 12.000003 20.000000
v 7.255845 11.662487 19.913351
v 7.052896 11.267190 19.732157
v 6.813978 10.851722 19.466803
v 6.573024 10.453691 19.127682
v 6.363966 10.110708 18.725178
v 6.220742 9.860385 18.269688
v 7.111111 12.000001 20.000000
v 7.018997 11.759748 19.920639
v 6.846191 11.405633 19.730160
v 6.628878 10.992359 19.445950
v 6.403243 10.574633 19.085400
v 6.205472 10.207160 18.665899
v 6.071750 9.944653 18.204840
v 8.888889 15.000002 18.999998
v 8.826937 14.704394 19.209818
v 8.741106 14.165876 19.443548
v 8.642891 13.505310 19.670309
v 8.543787 12.843566 19.859224
v 8.455289 12.301508 19.979416
v 8.611112 15.000002 18.999998
v 8.546162 14.669277 19.285469
v 8.470959 14.151237 19.548708
v 8.387677 13.535585 19.770748
v 8.298492 12.912025 19.932621
v 8.205579 12.370264 20.015360
v 8.250000 15.000002 18.999998
v 8.195007 14.665741 19.305372
v 8.129371 14.163931 19.578798
v 8.052571 13.570509 19.802622
v 7.964088 12.961418 19.959196
v 7.863405 12.412603 20.030874
v 7.888889 15.000001 18.999996
v 7.847844 14.687104 19.273876
v 7.785783 14.189579 19.537880
v 7.705782 13.589764 19.767248
v 7.610916 12.970003 19.937229
v 7.504261 12.412637 20.023066
v 7.611111 15.000002 18.999998
v 7.579039 14.726678 19.195328
v 7.509636 14.213802 19.430012
v 7.415521 13.573034 19.665936
v 7.309316 12.916037 19.864985
v 7.203639 12.354472 19.989044
v 8.921128 16.074419 15.797582
v 8.978949 16.026394 16.400816
v 9.062969 15.932920 16.606144
v 8.989747 15.883372 17.063337
v 8.969831 15.677287 17.719830
v 8.935512 15.440075 18.304979
v 8.903094 15.203667 18.753473
v 8.769974 16.164251 15.732533
v 8.814978 16.124865 16.327688
v 8.807791 15.998687 16.977314
v 8.766111 15.804412 17.625383
v 8.707640 15.560740 18.215872
v 8.650073 15.286371 18.692751
v 8.574411 16.235611 15.762549
v 8.602542 16.196566 16.348724
v 8.571489 16.069334 16.982389
v 8.500979 15.869988 17.613947
v 8.410742 15.614602 18.193796
v 8.320507 15.319247 18.672346
v 8.362312 16.254614 15.845331
v 8.373127 16.209728 16.425892
v 8.317598 16.069016 17.049829
v 8.218568 15.855079 17.668171
v 8.098879 15.590526 18.231958
v 7.981372 15.297963 18.692221
v 8.161551 16.187370 15.938581
v 8.158216 16.132589 16.521160
v 8.082875 15.971433 17.150892
v 7.963010 15.740746 17.770710
v 7.826105 15.477380 18.323545
v 7.699645 15.218182 18.752329
v 7.989296 15.933385 16.596491
v 7.904077 15.750288 17.256842
v 7.646482 15.264033 18.461754
v 7.542303 15.075566 18.852629
v 7.398890 14.104012 10.810222
v 7.617231 14.779672 11.399382
v 7.890099 15.288369 12.138697
v 8.187207 15.651149 12.988170
v 8.478271 15.889056 13.907804
v 8.733007 16.023130 14.857607
v 7.230981 14.199391 10.733109
v 7.466126 14.870841 11.322385
v 7.750681 15.377363 12.063262
v 8.053995 15.739457 12.915229
v 8.345416 15.977635 13.837772
v 8.594294 16.112398 14.790379
v 7.026704 14.261410 10.741099
v 7.282725 14.928616 11.330983
v 7.580056 15.435370 12.075065
v 7.888291 15.800561 12.931804
v 8.177031 16.043076 13.859658
v 8.415871 16.181795 14.817087
v 6.816493 14.265336 10.806622
v 7.092605 14.928723 11.396754
v 7.400746 15.436774 12.143156
v 7.711351 15.806441 13.003519
v 7.994856 16.054670 13.935539
v 8.221698 16.198412 14.896911
v 6.630780 14.186442 10.902111
v 6.921339 14.846895 11.491279
v 7.235277 15.355954 12.236585
v 7.544431 15.729076 13.096000
v 7.820637 15.981716 14.027491
v 8.035731 16.129328 14.989028
v 7.425926 12.000001 10.999999
v 7.418211 12.175420 10.907524
v 7.394077 12.496492 10.802030
v 7.366799 12.906554 10.711533
v 7.349657 13.348939 10.664053
v 7.355928 13.766979 10.687610
v 7.240741 12.000001 10.999999
v 7.238274 12.222361 10.867549
v 7.216331 12.572074 10.737783
v 7.189773 12.996888 10.635079
v 7.173456 13.444549 10.583815
v 7.182240 13.862800 10.608366
v 7.000000 12.000001 10.999999
v 7.003256 12.244825 10.854566
v 6.986160 12.610784 10.721960
v 6.964334 13.046649 10.623246
v 6.953402 13.501194 10.579488
v 6.968984 13.923189 10.611752
v 6.759259 12.000002 10.999999
v 6.764922 12.237187 10.868194
v 6.750769 12.601409 10.749657
v 6.732823 13.039500 10.664310
v 6.727111 13.498297 10.632075
v 6.749659 13.924631 10.672872
v 6.574074 12.000000 10.999999
v 6.575036 12.193819 10.908048
v 6.557361 12.532739 10.815970
v 6.537574 12.959107 10.746551
v 6.532198 13.415280 10.722578
v 6.557759 13.843608 10.766836
v 6.871044 9.807948 14.051728
v 6.938718 10.062781 13.438790
v 7.068478 10.270135 13.371596
v 7.040052 10.437771 12.802976
v 7.157243 10.875952 12.192734
v 7.272488 11.320361 11.656522
v 7.367982 11.714032 11.242791
v 7.469251 11.876250 11.140985
v 6.684718 9.688181 14.071866
v 6.749929 9.935147 13.468055
v 6.847085 10.295134 12.853407
v 6.960463 10.724874 12.263599
v 7.074345 11.181108 11.734310
v 7.173011 11.620570 11.301217
v 6.472737 9.644099 14.068587
v 6.535140 9.889699 13.467458
v 6.627057 10.247190 12.860799
v 6.733994 10.676765 12.279668
v 6.841460 11.138629 11.755120
v 6.934959 11.592973 11.318212
v 6.266815 9.679109 14.050066
v 6.327380 9.928907 13.445072
v 6.416059 10.294386 12.832351
v 6.518219 10.729888 12.246691
v 6.619227 11.189761 11.722886
v 6.704452 11.628350 11.295725
v 6.098664 9.796607 14.024477
v 6.159677 10.055235 13.408968
v 6.250177 10.437161 12.775254
v 6.353516 10.882496 12.170417
v 6.453045 11.331341 11.641541
v 6.532114 11.723806 11.235707
v 6.468568 11.876453 11.140109
v 6.718541 9.626307 17.432766
v 6.876437 9.810802 17.374413
v 6.678097 9.520347 16.768219
v 6.694198 9.492329 16.081949
v 6.745771 9.535456 15.389849
v 6.881460 9.725831 15.335969
v 6.811744 9.642928 14.707811
v 6.523237 9.560974 17.519258
v 6.488381 9.443015 16.840981
v 6.507579 9.400576 16.137922
v 6.560353 9.429837 15.429264
v 6.626225 9.526978 14.734184
v 6.317940 9.580218 17.594757
v 6.286677 9.448151 16.900120
v 6.305128 9.388897 16.177177
v 6.354690 9.402065 15.448937
v 6.416761 9.487263 14.738405
v 6.130062 9.649460 17.620136
v 6.100121 9.509101 16.916111
v 6.114871 9.440597 16.182352
v 6.158267 9.445237 15.443600
v 6.214263 9.524311 14.724592
v 5.987018 9.734116 17.556263
v 5.955847 9.599216 16.859428
v 5.964832 9.538980 16.136082
v 6.000567 9.552447 15.407975
v 6.049646 9.638644 14.696856
v 5.880993 9.691838 16.700541
v 5.911074 9.716790 15.336791
v 4.775443 2.662937 9.773087
v 4.863244 2.571092 9.616817
v 4.460865 2.456425 9.235387
v 4.353545 2.542643 9.366026
v 4.957146 2.529592 9.451919
v 4.562976 2.416950 9.088309
v 5.050871 2.536313 9.287277
v 4.655365 2.422751 8.933013
v 5.138142 2.589131 9.131777
v 4.733520 2.472363 8.777716
v 5.212681 2.685923 8.994306
v 4.792927 2.564318 8.630638
v 5.268212 2.824565 8.883746
v 4.829073 2.697151 8.500000
v 5.221705 2.803236 10.276142
v 5.263652 2.698029 10.066484
v 5.333413 2.649667 9.870734
v 5.422422 2.655259 9.696564
v 5.522116 2.711915 9.551649
v 5.623931 2.816745 9.443661
v 5.719301 2.966857 9.380275
v 5.647259 2.944864 10.799381
v 5.641587 2.826120 10.536364
v 5.685798 2.770574 10.311994
v 5.768888 2.774561 10.131628
v 5.879855 2.834415 10.000629
v 6.007694 2.946471 9.924358
v 6.141406 3.107061 9.908176
v 6.007030 3.069148 11.266988
v 5.976547 2.944249 10.978434
v 6.008323 2.885714 10.742938
v 6.089137 2.889192 10.563226
v 6.205766 2.950334 10.442022
v 6.344991 3.064791 10.382052
v 6.493591 3.228212 10.386043
v 6.255946 3.157412 11.603150
v 6.248030 3.041302 11.344668
v 6.295009 2.988486 11.130806
v 6.382035 2.994123 10.962108
v 6.494261 3.053373 10.839122
v 6.616838 3.161393 10.762391
v 6.734921 3.313344 10.732462
v 6.348934 3.190984 11.732051
v 6.435534 3.106164 11.587044
v 6.539877 3.072292 11.442837
v 6.646452 3.084328 11.299033
v 6.739749 3.137233 11.155230
v 6.804256 3.225968 11.011026
v 6.824462 3.345492 10.866026
v 4.456559 3.644362 9.773087
v 4.428280 3.474383 9.847559
v 4.036545 3.332916 9.465233
v 4.044528 3.493699 9.366026
v 4.437285 3.292460 9.892243
v 4.056366 3.160702 9.524757
v 4.480040 3.109474 9.907139
v 4.100984 2.986311 9.544598
v 4.553008 2.936304 9.892244
v 4.167392 2.819000 9.524756
v 4.652654 2.783832 9.847560
v 4.252581 2.668025 9.465234
v 4.900058 3.793164 10.276142
v 4.825197 3.607063 10.295630
v 4.806573 3.414480 10.307323
v 4.840550 3.226610 10.311220
v 4.923490 3.054650 10.307323
v 5.051754 2.909793 10.295630
v 5.327585 3.928719 10.799381
v 5.204462 3.727057 10.762454
v 5.156515 3.526265 10.740298
v 5.180283 3.336996 10.732912
v 5.272304 3.169904 10.740298
v 5.429116 3.035643 10.762455
v 5.691697 4.039640 11.266988
v 5.543242 3.830465 11.201044
v 5.479398 3.627318 11.161477
v 5.497007 3.439907 11.148288
v 5.592918 3.277937 11.161477
v 5.763977 3.151115 11.201044
v 5.944955 4.114542 11.603150
v 5.818708 3.913387 11.564409
v 5.767508 3.717143 11.541164
v 5.788493 3.534616 11.533417
v 5.878802 3.374615 11.541164
v 6.035573 3.245944 11.564409
v 6.039917 4.142040 11.732051
v 6.008025 3.971924 11.805563
v 6.013133 3.795242 11.849669
v 6.052509 3.620400 11.864371
v 6.123422 3.455806 11.849669
v 6.223141 3.309865 11.805562
v 4.950220 3.803244 8.883746
v 4.823804 3.882766 8.994306
v 4.412737 3.734422 8.630638
v 4.520056 3.648208 8.500000
v 4.706608 3.917259 9.131778
v 4.310627 3.773895 8.777716
v 4.604958 3.908693 9.287277
v 4.218238 3.768093 8.933012
v 4.525182 3.859040 9.451920
v 4.140082 3.718482 9.088309
v 4.473606 3.770273 9.616817
v 4.080675 3.626528 9.235387
v 5.398797 3.953271 9.380275
v 5.233407 4.018656 9.443661
v 5.089420 4.043620 9.551649
v 4.975464 4.030858 9.696565
v 4.900166 3.983063 9.870734
v 4.872155 3.902934 10.066485
v 5.822697 4.087951 9.908176
v 5.620130 4.139277 9.924360
v 5.450841 4.154789 10.000631
v 5.325885 4.137988 10.131628
v 5.256320 4.092375 10.311994
v 5.253201 4.021451 10.536365
v 6.178831 4.196948 10.386043
v 5.962555 4.241814 10.382053
v 5.782644 4.252576 10.442023
v 5.652349 4.233488 10.563226
v 5.584925 4.188801 10.742938
v 5.593623 4.122767 10.978434
v 6.424110 4.269926 10.732462
v 6.239265 4.323449 10.762391
v 6.076605 4.338789 10.839123
v 5.950986 4.320759 10.962109
v 5.877266 4.274167 11.130806
v 5.870304 4.203824 11.344668
v 6.515445 4.296549 10.866026
v 6.428843 4.381368 11.011026
v 6.324500 4.415239 11.155230
v 6.217924 4.403202 11.299033
v 6.124628 4.350297 11.442838
v 6.060122 4.261563 11.587044
v 5.258128 2.982167 8.763176
v 4.837187 2.858312 8.400373
v 5.226304 3.156051 8.690833
v 4.817524 3.030511 8.340598
v 5.176170 3.335660 8.666719
v 4.773031 3.204673 8.320673
v 5.111158 3.510434 8.690832
v 4.706657 3.371725 8.340598
v 5.034697 3.669815 8.763175
v 4.621349 3.522594 8.400373
v 5.670986 3.112898 9.214207
v 5.615922 3.280770 9.114566
v 5.557641 3.459608 9.081352
v 5.499673 3.638547 9.114567
v 5.445549 3.806723 9.214207
v 6.056499 3.241056 9.698061
v 5.979803 3.400708 9.571993
v 5.914696 3.575621 9.529970
v 5.864557 3.755398 9.571993
v 5.832764 3.929640 9.698061
v 6.395406 3.357193 10.159336
v 6.311368 3.511913 10.023312
v 6.244585 3.682809 9.977971
v 6.198164 3.860322 10.023313
v 6.175210 4.034889 10.159336
v 6.668445 3.451859 10.542622
v 6.604041 3.610425 10.428719
v 6.544559 3.780277 10.390750
v 6.492845 3.952653 10.428719
v 6.451746 4.118790 10.542622
v 6.856354 3.515608 10.792515
v 6.851246 3.692290 10.748407
v 6.811870 3.867131 10.733706
v 6.740957 4.031726 10.748408
v 6.641238 4.177667 10.792514
v 1.941961 2.005661 7.933020
v 2.096700 2.002271 7.954456
v 1.805373 1.977557 7.866025
v 2.222665 2.011485 7.904293
v 1.867016 1.997586 7.753762
v 2.307570 2.028934 7.806731
v 2.339129 2.050250 7.685971
v 2.305056 2.071066 7.566215
v 2.025525 2.049089 7.465087
v 2.193066 2.087013 7.471661
v 2.043137 2.054811 7.433012
v 2.299082 2.080046 8.113743
v 2.506361 2.058755 8.134483
v 2.663299 2.057121 8.083054
v 2.759756 2.071393 7.980690
v 2.785589 2.097820 7.848634
v 2.730658 2.132649 7.708124
v 2.584819 2.172130 7.580398
v 2.797767 2.185826 8.377799
v 2.999786 2.142573 8.363312
v 3.153283 2.127491 8.290440
v 3.250721 2.137784 8.175848
v 3.284567 2.170653 8.036201
v 3.247287 2.223302 7.888169
v 3.131346 2.292933 7.748413
v 3.359051 2.308111 8.694794
v 3.524799 2.243563 8.630219
v 3.656980 2.215589 8.526847
v 3.750372 2.222326 8.396653
v 3.799754 2.261913 8.251613
v 3.799904 2.332489 8.103702
v 3.745598 2.432192 7.964893
v 3.903966 2.432013 9.034334
v 4.029218 2.351567 8.924484
v 4.138756 2.314410 8.792671
v 4.228618 2.319242 8.647557
v 4.294842 2.364762 8.497806
v 4.333464 2.449673 8.352073
v 4.340523 2.572674 8.219026
v 1.777887 2.510633 7.933021
v 1.886007 2.501095 8.035975
v 1.662310 2.417860 7.866025
v 1.650865 2.453084 7.866025
v 1.973192 2.426700 8.097748
v 1.690923 2.329799 7.866025
v 2.030911 2.313704 8.118339
v 1.728119 2.215321 7.866025
v 2.050633 2.188361 8.097747
v 1.765315 2.100841 7.866024
v 2.023826 2.076928 8.035975
v 1.793928 2.012781 7.866025
v 2.110528 2.660364 8.113744
v 2.242255 2.638193 8.261839
v 2.343726 2.555841 8.350697
v 2.407543 2.436079 8.380316
v 2.426307 2.301678 8.350698
v 2.392620 2.175410 8.261838
v 2.576149 2.867907 8.377801
v 2.683242 2.809540 8.530659
v 2.769918 2.705517 8.622373
v 2.830441 2.573487 8.652944
v 2.859080 2.431097 8.622372
v 2.850100 2.295994 8.530657
v 3.102115 3.098891 8.694796
v 3.161160 2.995518 8.829471
v 3.219160 2.864022 8.910275
v 3.272031 2.716968 8.937209
v 3.315692 2.566921 8.910274
v 3.346059 2.426447 8.829469
v 3.615787 3.318945 9.034336
v 3.628198 3.176516 9.145315
v 3.658844 3.019652 9.211903
v 3.704737 2.857563 9.234098
v 3.762882 2.699454 9.211903
v 3.830289 2.554535 9.145313
v 2.028852 2.592414 7.471661
v 2.110080 2.671141 7.566215
v 1.871017 2.524617 7.465087
v 1.888629 2.530339 7.433012
v 2.125411 2.708008 7.685971
v 1.826986 2.510310 7.545275
v 2.087350 2.706702 7.806731
v 1.769747 2.491712 7.649519
v 2.008404 2.670913 7.904293
v 1.712508 2.473114 7.753762
v 1.901081 2.604328 7.954457
v 1.668477 2.458807 7.833950
v 2.395817 2.753819 7.580398
v 2.490597 2.871480 7.708124
v 2.514566 2.931945 7.848635
v 2.478134 2.938140 7.980691
v 2.391710 2.892991 8.083054
v 2.265705 2.799423 8.134484
v 2.908973 2.977327 7.748413
v 2.961844 3.101807 7.888169
v 2.961059 3.166313 8.036202
v 2.914357 3.173011 8.175848
v 2.829479 3.124066 8.290442
v 2.714163 3.021642 8.363314
v 3.487767 3.225713 7.964893
v 3.473099 3.338293 8.103702
v 3.431496 3.395301 8.251614
v 3.368277 3.398302 8.396654
v 3.288762 3.348859 8.526849
v 3.198268 3.248534 8.630221
v 4.051646 3.461749 8.219026
v 3.973638 3.557107 8.352074
v 3.892483 3.603099 8.497805
v 3.812151 3.601001 8.647559
v 3.736612 3.552091 8.792673
v 3.669834 3.457646 8.924485
v 2.319874 2.173466 7.485615
v 2.031692 2.090036 7.433012
v 2.373755 2.293674 7.493988
v 2.363151 2.421655 7.496779
v 2.296505 2.531427 7.493988
v 1.928687 2.407054 7.433012
v 2.182257 2.597008 7.485616
v 1.900074 2.495115 7.433012
v 2.753802 2.292876 7.581877
v 2.832871 2.434019 7.582765
v 2.829317 2.573122 7.583060
v 2.750430 2.687748 7.582765
v 2.603499 2.755459 7.581877
v 3.277987 2.434666 7.721641
v 3.343617 2.588502 7.705578
v 3.333884 2.737065 7.700223
v 3.254435 2.862976 7.705578
v 3.110916 2.948856 7.721641
v 3.836938 2.585236 7.904750
v 3.869181 2.746498 7.868664
v 3.846356 2.903578 7.856635
v 3.772493 3.044074 7.868664
v 3.651620 3.155586 7.904750
v 4.375168 2.730984 8.131046
v 4.372754 2.897376 8.078259
v 4.336237 3.062750 8.060662
v 4.268576 3.218003 8.078259
v 4.172726 3.354036 8.131045
v 1.868182 2.482533 7.459399
v 1.887705 2.391962 7.455987
v 1.921393 2.278119 7.454849
v 1.965883 2.292575 7.433012
v 1.961054 2.166217 7.455986
v 2.003079 2.178096 7.433012
v 1.998495 2.081469 7.459400
v 1.817462 2.465092 7.535809
v 1.832745 2.373337 7.530128
v 1.864813 2.259735 7.528235
v 1.905643 2.148981 7.530129
v 1.947211 2.065766 7.535809
v 1.981495 2.034782 7.545275
v 1.759714 2.446350 7.638458
v 1.774697 2.354492 7.631821
v 1.806669 2.240843 7.629609
v 1.847604 2.130106 7.631821
v 1.889475 2.046985 7.638458
v 1.924255 2.016184 7.649519
v 1.706739 2.429860 7.743565
v 1.724451 2.338745 7.737446
v 1.757488 2.224863 7.735406
v 1.797698 2.113312 7.737446
v 1.836925 2.029188 7.743565
v 1.670337 2.419178 7.827347
v 1.692896 2.329409 7.823386
v 1.727796 2.215216 7.822065
v 1.766682 2.102318 7.823386
v 1.801197 2.016433 7.827347
v 1.822985 1.983279 7.833950
v 4.765575 9.806694 9.773086
v 4.782622 9.680781 9.616817
v 4.389691 9.824527 9.235386
v 4.353545 9.957359 9.366025
v 4.834198 9.592013 9.451918
v 4.449098 9.732572 9.088308
v 4.913973 9.542360 9.287276
v 4.527253 9.682960 8.933012
v 5.015623 9.533795 9.131776
v 4.619642 9.677157 8.777715
v 5.132820 9.568288 8.994305
v 4.721753 9.716633 8.630637
v 5.259236 9.647811 8.883745
v 4.829073 9.802851 8.499999
v 5.209075 9.657891 10.276141
v 5.181171 9.548121 10.066483
v 5.209182 9.467992 9.870733
v 5.284480 9.420197 9.696563
v 5.398436 9.407434 9.551648
v 5.542422 9.432398 9.443660
v 5.707812 9.497785 9.380274
v 5.636601 9.522338 10.799380
v 5.562217 9.429605 10.536363
v 5.565335 9.358682 10.311993
v 5.634900 9.313067 10.131627
v 5.759856 9.296267 10.000628
v 5.929145 9.311777 9.924357
v 6.131713 9.363105 9.908175
v 6.000714 9.411417 11.266987
v 5.902640 9.328288 10.978433
v 5.893941 9.262255 10.742937
v 5.961364 9.217568 10.563225
v 6.091658 9.198481 10.442021
v 6.271570 9.209243 10.382051
v 6.487847 9.254108 10.386042
v 6.253973 9.336515 11.603149
v 6.179321 9.247232 11.344667
v 6.186283 9.176890 11.130805
v 6.260002 9.130298 10.962107
v 6.385619 9.112267 10.839121
v 6.548280 9.127607 10.762390
v 6.733127 9.181131 10.732461
v 6.348934 9.309018 11.732050
v 6.369139 9.189494 11.587043
v 6.433644 9.100760 11.442836
v 6.526941 9.047854 11.299032
v 6.633516 9.035817 11.155229
v 6.737860 9.069690 11.011025
v 6.824462 9.154510 10.866025
v 5.084459 10.788119 9.773086
v 4.961670 10.667225 9.847558
v 4.561597 10.783032 9.465232
v 4.662561 10.908416 9.366025
v 4.862024 10.514753 9.892242
v 4.476408 10.632058 9.524756
v 4.789056 10.341583 9.907138
v 4.410000 10.464746 9.544597
v 4.746302 10.158597 9.892243
v 4.365382 10.290356 9.524755
v 4.737297 9.976673 9.847559
v 4.345562 10.118141 9.465233
v 5.530722 10.647820 10.276141
v 5.360769 10.541264 10.295629
v 5.232505 10.396407 10.307322
v 5.149566 10.224447 10.311219
v 5.115590 10.036576 10.307322
v 5.134213 9.843993 10.295630
v 5.956275 10.506192 10.799380
v 5.738132 10.415414 10.762453
v 5.581320 10.281153 10.740297
v 5.489299 10.114060 10.732911
v 5.465531 9.924793 10.740297
v 5.513478 9.724000 10.762454
v 6.316047 10.381910 11.266987
v 6.072994 10.299943 11.201043
v 5.901935 10.173121 11.161476
v 5.806024 10.011151 11.148287
v 5.788414 9.823740 11.161476
v 5.852260 9.620592 11.201043
v 6.564962 10.293645 11.603149
v 6.344590 10.205112 11.564408
v 6.187819 10.076444 11.541163
v 6.097509 9.916440 11.533416
v 6.076524 9.733916 11.541163
v 6.127725 9.537671 11.564408
v 6.657951 10.260075 11.732050
v 6.532158 10.141192 11.805562
v 6.432439 9.995252 11.849668
v 6.361526 9.830657 11.864370
v 6.322150 9.655816 11.849668
v 6.317041 9.479135 11.805561
v 5.577229 10.626491 8.883745
v 5.521698 10.765130 8.994305
v 5.101943 10.886737 8.630637
v 5.138090 10.753907 8.499999
v 5.447158 10.861922 9.131777
v 5.042536 10.978690 8.777715
v 5.359887 10.914740 9.287276
v 4.964380 11.028302 8.933011
v 5.266161 10.921462 9.451919
v 4.871991 11.034103 9.088308
v 5.172260 10.879963 9.616816
v 4.769880 10.994631 9.235386
v 6.028317 10.484199 9.380274
v 5.932948 10.634309 9.443660
v 5.831133 10.739139 9.551648
v 5.731439 10.795795 9.696564
v 5.642429 10.801389 9.870733
v 5.572668 10.753026 10.066484
v 6.450423 10.343994 9.908175
v 6.316712 10.504583 9.924359
v 6.188872 10.616639 10.000630
v 6.077906 10.676494 10.131627
v 5.994815 10.680482 10.311993
v 5.950604 10.624936 10.536364
v 6.802608 10.222843 10.386042
v 6.654009 10.386264 10.382052
v 6.514784 10.500722 10.442022
v 6.398154 10.561864 10.563225
v 6.317340 10.565343 10.742937
v 6.285564 10.506808 10.978433
v 7.043939 10.137712 10.732461
v 6.925857 10.289662 10.762390
v 6.803279 10.397683 10.839122
v 6.691052 10.456933 10.962108
v 6.604026 10.462571 11.130805
v 6.557047 10.409755 11.344667
v 7.133479 10.105566 10.866025
v 7.113273 10.225089 11.011025
v 7.048766 10.313824 11.155229
v 6.955470 10.366730 11.299032
v 6.848894 10.378765 11.442837
v 6.744550 10.344894 11.587043
v 5.343714 9.781241 8.763175
v 4.930367 9.928464 8.400373
v 5.420175 9.940622 8.690832
v 5.015675 10.079333 8.340597
v 5.485187 10.115397 8.666718
v 5.082048 10.246384 8.320672
v 5.535321 10.295006 8.690831
v 5.126541 10.420547 8.340597
v 5.567144 10.468889 8.763174
v 5.146204 10.592745 8.400373
v 5.754564 9.644334 9.214206
v 5.808690 9.812510 9.114565
v 5.866658 9.991450 9.081351
v 5.924939 10.170287 9.114566
v 5.980002 10.338159 9.214206
v 6.141781 9.521417 9.698060
v 6.173574 9.695659 9.571992
v 6.223713 9.875435 9.529969
v 6.288819 10.050348 9.571992
v 6.365515 10.210000 9.698060
v 6.484226 9.416168 10.159335
v 6.507180 9.590735 10.023311
v 6.553602 9.768248 9.977970
v 6.620385 9.939145 10.023312
v 6.704422 10.093863 10.159335
v 6.760763 9.332267 10.542621
v 6.801861 9.498405 10.428718
v 6.853576 9.670780 10.390749
v 6.913058 9.840632 10.428718
v 6.977461 9.999197 10.542621
v 6.950254 9.273391 10.792514
v 7.049973 9.419333 10.748406
v 7.120887 9.583926 10.733705
v 7.160263 9.758768 10.748407
v 7.165370 9.935450 10.792513
v 2.086903 10.940424 7.933019
v 2.210097 10.846728 7.954455
v 1.977494 10.992249 7.833949
v 1.959882 10.997972 7.866024
v 2.317420 10.780143 7.904292
v 2.021524 10.977944 7.753761
v 2.396366 10.744354 7.806730
v 2.434427 10.743050 7.685970
v 2.419097 10.779916 7.566214
v 2.337868 10.858644 7.471660
v 2.197646 10.920719 7.433011
v 2.419543 10.790694 8.113742
v 2.574720 10.651633 8.134482
v 2.700726 10.558066 8.083053
v 2.787149 10.512916 7.980690
v 2.823582 10.519112 7.848633
v 2.799614 10.579577 7.708123
v 2.704834 10.697240 7.580397
v 2.885164 10.583152 8.377798
v 3.023177 10.429415 8.363311
v 3.138493 10.326991 8.290439
v 3.223372 10.278046 8.175847
v 3.270074 10.284742 8.036201
v 3.270860 10.349249 7.888168
v 3.217990 10.473730 7.748412
v 3.411128 10.352168 8.694793
v 3.507281 10.202523 8.630218
v 3.597775 10.102199 8.526846
v 3.677291 10.052753 8.396652
v 3.740510 10.055755 8.251612
v 3.782115 10.112764 8.103701
v 3.796784 10.225346 7.964892
v 3.924801 10.132113 9.034333
v 3.978848 9.993410 8.924483
v 4.045626 9.898965 8.792670
v 4.121166 9.850054 8.647556
v 4.201498 9.847956 8.497805
v 4.282653 9.893949 8.352072
v 4.360662 9.989309 8.219025
v 2.250979 11.445397 7.933020
v 2.332844 11.374129 8.035974
v 2.102945 11.438277 7.866024
v 2.114390 11.473501 7.866024
v 2.359650 11.262696 8.097747
v 2.074332 11.350216 7.866024
v 2.339928 11.137354 8.118338
v 2.037136 11.235737 7.866024
v 2.282209 11.024357 8.097746
v 1.999940 11.121258 7.866024
v 2.195024 10.949962 8.035974
v 1.971327 11.033196 7.866024
v 2.608100 11.371011 8.113743
v 2.701638 11.275647 8.261838
v 2.735325 11.149380 8.350696
v 2.716560 11.014978 8.380315
v 2.652742 10.895216 8.350697
v 2.551270 10.812865 8.261837
v 3.106787 11.265231 8.377800
v 3.159120 11.155063 8.530658
v 3.168098 11.019960 8.622372
v 3.139458 10.877570 8.652943
v 3.078933 10.745542 8.622371
v 2.992257 10.641519 8.530656
v 3.668071 11.142945 8.694795
v 3.655079 11.024610 8.829470
v 3.624710 10.884136 8.910274
v 3.581048 10.734089 8.937208
v 3.528174 10.587036 8.910273
v 3.470174 10.455541 8.829468
v 4.212985 11.019044 9.034335
v 4.139307 10.896522 9.145314
v 4.071899 10.751603 9.211902
v 4.013753 10.593494 9.234097
v 3.967860 10.431405 9.211902
v 3.937212 10.274543 9.145312
v 2.502083 11.364045 7.471660
v 2.614072 11.379992 7.566214
v 2.334542 11.401969 7.465086
v 2.352154 11.396247 7.433011
v 2.648145 11.400807 7.685970
v 2.290511 11.416276 7.545274
v 2.616586 11.422123 7.806730
v 2.233272 11.434874 7.649518
v 2.531682 11.439573 7.904292
v 2.176033 11.453472 7.753761
v 2.405717 11.448786 7.954456
v 2.132002 11.467778 7.833949
v 2.893836 11.278928 7.580397
v 3.039674 11.318408 7.708123
v 3.094606 11.353236 7.848634
v 3.068773 11.379663 7.980690
v 2.972317 11.393934 8.083053
v 2.815379 11.392301 8.134483
v 3.440363 11.158125 7.748412
v 3.556304 11.227755 7.888168
v 3.593584 11.280402 8.036201
v 3.559738 11.313272 8.175847
v 3.462301 11.323565 8.290441
v 3.308805 11.308483 8.363313
v 4.054615 11.018867 7.964892
v 4.108920 11.118567 8.103701
v 4.108771 11.189142 8.251613
v 4.059391 11.228729 8.396653
v 3.965999 11.235465 8.526848
v 3.833818 11.207492 8.630220
v 4.649540 10.878383 8.219025
v 4.642480 11.001382 8.352073
v 4.603858 11.086291 8.497804
v 4.537635 11.131812 8.647558
v 4.447774 11.136643 8.792672
v 4.338236 11.099487 8.924484
v 2.491274 10.854050 7.485614
v 2.209091 10.955943 7.433011
v 2.605521 10.919631 7.493987
v 2.672168 11.029403 7.496778
v 2.274900 11.158483 7.433011
v 2.682772 11.157384 7.493987
v 2.628891 11.277592 7.485615
v 2.340709 11.361022 7.433011
v 2.912517 10.695599 7.581876
v 3.059447 10.763310 7.582764
v 3.138334 10.877936 7.583059
v 3.141888 11.017040 7.582764
v 3.062819 11.158182 7.581876
v 3.419933 10.502201 7.721640
v 3.563452 10.588080 7.705577
v 3.642901 10.713992 7.700222
v 3.652634 10.862555 7.705577
v 3.587003 11.016392 7.721640
v 3.960637 10.295471 7.904749
v 4.081510 10.406983 7.868663
v 4.155373 10.547480 7.856634
v 4.178198 10.704560 7.868663
v 4.145955 10.865822 7.904749
v 4.481743 10.097022 8.131045
v 4.577593 10.233054 8.078258
v 4.645255 10.388308 8.060661
v 4.681771 10.553680 8.078258
v 4.684185 10.720072 8.131044
v 2.307512 11.369588 7.459398
v 2.270071 11.284841 7.455986
v 2.312096 11.272962 7.433011
v 2.230410 11.172939 7.454848
v 2.196722 11.059096 7.455986
v 2.237703 11.044003 7.433011
v 2.177199 10.968526 7.459399
v 2.180034 10.926442 7.465086
v 2.256227 11.385292 7.535808
v 2.214659 11.302076 7.530128
v 2.173830 11.191322 7.528234
v 2.141762 11.077721 7.530128
v 2.126479 10.985966 7.535808
v 2.136003 10.940747 7.545274
v 2.198492 11.404073 7.638457
v 2.156621 11.320951 7.631820
v 2.115686 11.210215 7.629608
v 2.083714 11.096565 7.631820
v 2.068731 11.004708 7.638457
v 2.078764 10.959346 7.649518
v 2.145942 11.421870 7.743564
v 2.106715 11.337746 7.737445
v 2.066505 11.226194 7.735405
v 2.033468 11.112314 7.737445
v 2.015756 11.021197 7.743564
v 2.110214 11.434625 7.827346
v 2.075699 11.348741 7.823385
v 2.036813 11.235841 7.822064
v 2.001913 11.121648 7.823385
v 1.979355 11.031878 7.827346
vn 0.1567 0.7952 -0.5858
vn 0.2615 0.2615 -0.9291
vn 0.7950 0.1569 -0.5860
vn 0.6307 0.6307 -0.4521
vn 0.3992 0.0742 -0.9139
vn 0.8020 0.0369 -0.5962
vn 0.4369 -0.0000 -0.8995
vn 0.7998 0.0055 -0.6002
vn 0.3992 -0.0742 -0.9139
vn 0.7844 -0.0291 -0.6196
vn 0.2615 -0.2615 -0.9291
vn 0.7558 -0.1358 -0.6405
vn 0.1413 -0.7720 -0.6197
vn 0.5932 -0.6219 -0.5111
vn 0.0368 0.8026 -0.5953
vn 0.0742 0.3992 -0.9139
vn 0.1259 0.1259 -0.9840
vn 0.1425 -0.0000 -0.9898
vn 0.1259 -0.1259 -0.9840
vn 0.0742 -0.3992 -0.9139
vn 0.0334 -0.7942 -0.6067
vn 0.0052 0.8009 -0.5987
vn -0.0000 0.4369 -0.8995
vn -0.0000 0.1425 -0.9898
vn -0.0000 -0.0000 -1.0000
vn -0.0000 -0.1425 -0.9898
vn -0.0000 -0.4369 -0.8995
vn 0.0038 -0.7969 -0.6040
vn -0.0742 0.3992 -0.9139
vn -0.1259 0.1259 -0.9840
vn -0.1425 -0.0000 -0.9898
vn -0.1259 -0.1259 -0.9840
vn -0.0742 -0.3992 -0.9139
vn -0.0280 -0.7822 -0.6224
vn -0.2615 0.2615 -0.9291
vn -0.3992 0.0742 -0.9139
vn -0.4369 -0.0000 -0.8995
vn -0.3992 -0.0742 -0.9139
vn -0.2615 -0.2615 -0.9291
vn -0.1229 -0.7434 -0.6575
vn -0.6060 0.5955 -0.5274
vn -0.7875 0.0317 -0.6155
vn -0.7939 0.0015 -0.6081
vn -0.7468 -0.1257 -0.6530
vn -0.5897 -0.5796 -0.5624
vn 0.5322 -0.8368 -0.1285
vn 0.4261 -0.8999 -0.0929
vn 0.3501 -0.9095 -0.2242
vn 0.4088 -0.8635 -0.2955
vn 0.3197 -0.9448 -0.0721
vn 0.2245 -0.9586 -0.1751
vn 0.1495 -0.9876 -0.0476
vn 0.0580 -0.9904 -0.1257
vn -0.1121 -0.9933 -0.0277
vn -0.1743 -0.9803 -0.0933
vn -0.4392 -0.8982 -0.0193
vn -0.4511 -0.8879 -0.0898
vn -0.6923 -0.7212 -0.0244
vn -0.6844 -0.7212 -0.1071
vn 0.6061 -0.7954 0.0083
vn 0.5006 -0.8654 0.0217
vn 0.3606 -0.9323 0.0297
vn 0.1696 -0.9852 0.0262
vn -0.1135 -0.9933 0.0199
vn -0.4642 -0.8856 0.0113
vn -0.6974 -0.7167 0.0076
vn 0.6442 -0.7604 0.0821
vn 0.5480 -0.8329 0.0773
vn 0.3403 -0.9385 0.0580
vn 0.1331 -0.9908 0.0252
vn -0.1424 -0.9898 0.0061
vn -0.4907 -0.8713 0.0087
vn -0.7012 -0.7127 0.0182
vn 0.6733 -0.7325 0.1010
vn 0.5273 -0.8469 0.0678
vn 0.2616 -0.9652 0.0033
vn 0.0758 -0.9957 -0.0538
vn -0.1417 -0.9876 -0.0675
vn -0.4672 -0.8836 -0.0322
vn -0.7034 -0.7108 0.0012
vn 0.7071 -0.7066 -0.0277
vn 0.3819 -0.9215 -0.0708
vn 0.1291 -0.9725 -0.1936
vn 0.0270 -0.9666 -0.2547
vn -0.0821 -0.9647 -0.2504
vn -0.3329 -0.9286 -0.1637
vn -0.6972 -0.7058 -0.1255
vn 0.6727 0.6873 -0.2741
vn 0.7605 0.6077 -0.2288
vn 0.6256 0.5804 -0.5213
vn 0.5467 0.5654 -0.6176
vn 0.8176 0.5381 -0.2048
vn 0.6884 0.4958 -0.5293
vn 0.9361 0.2791 -0.2140
vn 0.7985 0.1842 -0.5731
vn 0.9508 -0.2353 -0.2015
vn 0.7507 -0.3992 -0.5263
vn 0.7342 -0.6618 -0.1516
vn 0.5524 -0.7460 -0.3719
vn 0.7096 0.7043 0.0209
vn 0.7760 0.6304 0.0214
vn 0.8577 0.5142 -0.0064
vn 0.9643 0.2612 -0.0437
vn 0.9808 -0.1881 -0.0521
vn 0.7839 -0.6205 -0.0226
vn 0.7012 0.6944 0.1613
vn 0.7556 0.6409 0.1357
vn 0.8975 0.4325 0.0861
vn 0.9835 0.1799 0.0178
vn 0.9803 -0.1977 -0.0005
vn 0.7987 -0.6006 0.0376
vn 0.6905 0.6875 0.2247
vn 0.7815 0.6031 0.1598
vn 0.9479 0.3136 0.0558
vn 0.9948 0.0954 -0.0346
vn 0.9838 -0.1732 -0.0465
vn 0.8367 -0.5469 0.0271
vn 0.7031 0.7032 0.1059
vn 0.8969 0.4418 0.0167
vn 0.9765 0.1527 -0.1522
vn 0.9708 0.0354 -0.2374
vn 0.9682 -0.0929 -0.2322
vn 0.9154 -0.3882 -0.1071
vn -0.7786 0.6204 -0.0943
vn -0.5723 0.8123 -0.1121
vn -0.6397 0.7047 -0.3069
vn -0.8047 0.5504 -0.2224
vn -0.1873 0.9705 -0.1516
vn -0.3140 0.8610 -0.4002
vn 0.2409 0.9547 -0.1745
vn 0.1142 0.8847 -0.4520
vn 0.4799 0.8568 -0.1888
vn 0.3841 0.7794 -0.4950
vn 0.5766 0.7862 -0.2224
vn 0.5227 0.6714 -0.5254
vn -0.7595 0.6504 0.0076
vn -0.5625 0.8267 -0.0086
vn -0.1605 0.9868 -0.0226
vn 0.2438 0.9696 -0.0202
vn 0.4897 0.8719 0.0034
vn 0.6248 0.7805 0.0217
vn -0.7404 0.6693 0.0617
vn -0.5650 0.8245 0.0308
vn -0.1789 0.9838 0.0084
vn 0.1749 0.9841 0.0295
vn 0.4254 0.9006 0.0891
vn 0.6426 0.7544 0.1340
vn -0.7232 0.6872 0.0696
vn -0.5226 0.8525 0.0123
vn -0.1647 0.9854 -0.0441
vn 0.0944 0.9952 -0.0275
vn 0.3116 0.9484 0.0584
vn 0.6046 0.7804 0.1593
vn -0.7074 0.7044 -0.0581
vn -0.3713 0.9207 -0.1204
vn -0.0907 0.9689 -0.2301
vn 0.0347 0.9719 -0.2329
vn 0.1519 0.9770 -0.1498
vn 0.4420 0.8968 0.0172
vn -0.1332 0.7545 -0.6426
vn -0.0290 0.7856 -0.6180
vn -0.8620 -0.5058 -0.0330
vn -0.9721 -0.2300 -0.0470
vn -0.9562 -0.2667 -0.1202
vn -0.9969 0.0492 -0.0609
vn -0.9919 0.0001 -0.1272
vn -0.9565 0.2832 -0.0704
vn -0.9609 0.2389 -0.1396
vn -0.8816 0.4658 -0.0760
vn -0.8559 -0.5171 0.0055
vn -0.9763 -0.2165 0.0023
vn -0.9977 0.0679 0.0020
vn -0.9518 0.3065 0.0106
vn -0.8600 0.5101 0.0136
vn -0.8513 -0.5246 0.0073
vn -0.9776 -0.2102 -0.0047
vn -0.9984 0.0562 -0.0008
vn -0.9562 0.2916 0.0255
vn -0.8404 0.5396 0.0509
vn -0.8736 -0.4857 -0.0303
vn -0.9815 -0.1765 -0.0735
vn -0.9964 0.0327 -0.0784
vn -0.9727 0.2292 -0.0351
vn -0.8582 0.5124 0.0304
vn -0.9266 -0.3408 -0.1589
vn -0.9633 -0.0937 -0.2517
vn -0.9626 0.0115 -0.2707
vn -0.9678 0.1152 -0.2240
vn -0.9235 0.3685 -0.1065
vn -0.7825 -0.0294 -0.6219
vn -0.7607 0.1354 -0.6348
vn 0.1310 0.7482 -0.6504
vn 0.7585 0.1331 -0.6379
vn 0.6046 0.5894 -0.5357
vn 0.7867 0.0317 -0.6165
vn 0.7918 0.0027 -0.6108
vn 0.7779 -0.0279 -0.6278
vn 0.7381 -0.1209 -0.6637
vn 0.1247 -0.7482 -0.6517
vn 0.5721 -0.5925 -0.5671
vn 0.0283 -0.7866 -0.6168
vn -0.0061 0.7985 -0.6019
vn -0.0043 -0.8017 -0.5978
vn -0.0348 -0.8006 -0.5982
vn -0.1487 -0.7835 -0.6033
vn -0.6308 0.6308 -0.4519
vn -0.7954 0.1566 -0.5855
vn -0.8032 0.0365 -0.5946
vn -0.8024 0.0045 -0.5968
vn -0.7889 -0.0301 -0.6138
vn -0.5977 -0.6347 -0.4898
vn 0.6998 -0.7142 -0.0143
vn 0.4331 -0.9010 -0.0246
vn 0.4558 -0.8822 -0.1185
vn 0.6989 -0.7100 -0.0862
vn 0.1084 -0.9928 -0.0515
vn 0.1946 -0.9659 -0.1710
vn -0.1570 -0.9838 -0.0865
vn -0.0509 -0.9707 -0.2349
vn -0.3216 -0.9401 -0.1133
vn -0.2185 -0.9305 -0.2941
vn -0.4210 -0.8971 -0.1341
vn -0.3357 -0.8765 -0.3449
vn -0.5444 -0.8206 -0.1742
vn -0.4117 -0.8165 -0.4049
vn 0.7004 -0.7138 0.0079
vn 0.4572 -0.8893 0.0113
vn 0.1013 -0.9947 0.0185
vn -0.1805 -0.9833 0.0252
vn -0.3670 -0.9298 0.0297
vn -0.5032 -0.8639 0.0213
vn -0.6244 -0.7810 0.0117
vn 0.7026 -0.7115 0.0125
vn 0.4844 -0.8748 0.0119
vn 0.1334 -0.9909 0.0192
vn -0.1432 -0.9886 0.0460
vn -0.3502 -0.9330 0.0828
vn -0.5590 -0.8228 0.1025
vn -0.6516 -0.7504 0.1108
vn 0.7058 -0.7083 -0.0083
vn 0.4633 -0.8858 -0.0267
vn 0.1385 -0.9892 -0.0480
vn -0.0832 -0.9962 -0.0244
vn -0.2732 -0.9612 0.0392
vn -0.5446 -0.8319 0.1070
vn -0.6723 -0.7260 0.1448
vn 0.7052 -0.6959 -0.1354
vn 0.3308 -0.9307 -0.1560
vn 0.0824 -0.9689 -0.2332
vn -0.0306 -0.9722 -0.2320
vn -0.1374 -0.9768 -0.1641
vn -0.3998 -0.9160 -0.0327
vn -0.7113 -0.7027 0.0168
vn 0.8208 0.5653 -0.0819
vn 0.8983 0.4357 -0.0566
vn 0.9153 0.3796 -0.1344
vn 0.8496 0.4940 -0.1849
vn 0.9522 0.3031 -0.0382
vn 0.9671 0.2315 -0.1058
vn 0.9942 0.1048 -0.0230
vn 0.9967 0.0284 -0.0766
vn 0.9856 -0.1688 -0.0110
vn 0.9723 -0.2257 -0.0598
vn 0.8807 -0.4737 -0.0070
vn 0.8698 -0.4891 -0.0651
vn 0.7923 0.6101 0.0075
vn 0.8684 0.4955 0.0204
vn 0.9427 0.3329 0.0232
vn 0.9922 0.1234 0.0165
vn 0.9869 -0.1609 0.0125
vn 0.8723 -0.4889 0.0090
vn 0.7622 0.6454 0.0507
vn 0.8464 0.5304 0.0476
vn 0.9496 0.3124 0.0261
vn 0.9952 0.0980 -0.0029
vn 0.9853 -0.1702 -0.0131
vn 0.8645 -0.5026 -0.0021
vn 0.7348 0.6763 0.0522
vn 0.8634 0.5041 0.0216
vn 0.9700 0.2398 -0.0405
vn 0.9945 0.0562 -0.0888
vn 0.9840 -0.1525 -0.0918
vn 0.8818 -0.4692 -0.0479
vn 0.7087 0.7013 -0.0764
vn 0.9256 0.3606 -0.1152
vn 0.9664 0.1176 -0.2287
vn 0.9597 0.0199 -0.2802
vn 0.9595 -0.0837 -0.2691
vn 0.9269 -0.3300 -0.1787
vn -0.6755 0.6843 -0.2747
vn -0.5833 0.7815 -0.2213
vn -0.5283 0.6694 -0.5222
vn -0.5472 0.5649 -0.6176
vn -0.4978 0.8472 -0.1856
vn -0.4031 0.7727 -0.4904
vn -0.2709 0.9472 -0.1715
vn -0.1399 0.8762 -0.4611
vn 0.1839 0.9714 -0.1503
vn 0.6176 0.7793 -0.1061
vn -0.7101 0.7037 0.0211
vn -0.6289 0.7772 0.0221
vn -0.5060 0.8625 0.0027
vn -0.2732 0.9616 -0.0252
vn 0.1483 0.9884 -0.0330
vn 0.5931 0.8050 -0.0163
vn -0.6990 0.6966 0.1616
vn -0.6447 0.7525 0.1344
vn -0.4385 0.8946 0.0859
vn -0.1989 0.9798 0.0188
vn 0.1651 0.9862 -0.0110
vn 0.5796 0.8148 0.0130
vn -0.6887 0.6892 0.2251
vn -0.6061 0.7794 0.1588
vn -0.3202 0.9459 0.0531
vn -0.1089 0.9932 -0.0414
vn 0.1538 0.9858 -0.0672
vn 0.5257 0.8506 -0.0105
vn -0.7034 0.7029 0.1062
vn -0.4431 0.8963 0.0158
vn -0.1554 0.9756 -0.1548
vn -0.0403 0.9689 -0.2440
vn 0.0852 0.9650 -0.2479
vn 0.3681 0.9191 -0.1405
vn -0.1571 0.7948 -0.5861
vn -0.0372 0.8014 -0.5970
vn 0.0283 0.7817 -0.6230
vn -0.7494 -0.6381 -0.1766
vn -0.5578 -0.7160 -0.4198
vn -0.9449 -0.2561 -0.2038
vn -0.9485 0.2376 -0.2097
vn -0.8096 0.1622 -0.5641
vn -0.8326 0.5153 -0.2033
vn -0.6982 0.4857 -0.5260
vn -0.7671 0.5991 -0.2295
vn -0.7931 -0.6090 -0.0069
vn -0.9751 -0.2197 -0.0318
vn -0.9753 0.2188 -0.0300
vn -0.8706 0.4921 0.0004
vn -0.7816 0.6233 0.0232
vn -0.7937 -0.6044 0.0693
vn -0.9737 -0.2259 0.0299
vn -0.9886 0.1466 0.0352
vn -0.9046 0.4161 0.0925
vn -0.7579 0.6379 0.1366
vn -0.8256 -0.5601 0.0686
vn -0.9812 -0.1926 -0.0127
vn -0.9969 0.0766 -0.0159
vn -0.9506 0.3039 0.0632
vn -0.7822 0.6018 0.1612
vn -0.9120 -0.4041 -0.0706
vn -0.9727 -0.1016 -0.2085
vn -0.9741 0.0285 -0.2243
vn -0.9779 0.1489 -0.1465
vn -0.8973 0.4410 0.0186
vn -0.7650 -0.1399 -0.6286
vn 0.1247 0.7482 -0.6517
vn 0.7381 0.1209 -0.6637
vn 0.5721 0.5925 -0.5671
vn 0.7779 0.0279 -0.6278
vn 0.7918 -0.0027 -0.6108
vn 0.7867 -0.0317 -0.6165
vn 0.7585 -0.1332 -0.6379
vn 0.1310 -0.7482 -0.6504
vn 0.6046 -0.5894 -0.5357
vn 0.0283 0.7866 -0.6168
vn 0.0283 -0.7817 -0.6230
vn -0.0043 0.8017 -0.5978
vn -0.0061 -0.7985 -0.6019
vn -0.0372 -0.8014 -0.5970
vn -0.1571 -0.7948 -0.5861
vn -0.5977 0.6347 -0.4898
vn -0.7650 0.1399 -0.6286
vn -0.7889 0.0301 -0.6138
vn -0.8024 -0.0045 -0.5968
vn -0.6308 -0.6308 -0.4519
vn 0.8208 -0.5653 -0.0819
vn 0.6176 -0.7793 -0.1061
vn 0.7008 -0.6539 -0.2851
vn 0.8496 -0.4940 -0.1849
vn 0.1839 -0.9714 -0.1503
vn 0.3306 -0.8439 -0.4226
vn -0.2709 -0.9472 -0.1715
vn -0.1399 -0.8762 -0.4611
vn -0.4978 -0.8472 -0.1856
vn -0.4031 -0.7727 -0.4904
vn -0.5833 -0.7815 -0.2213
vn -0.5283 -0.6694 -0.5222
vn -0.6755 -0.6843 -0.2746
vn -0.5473 -0.5648 -0.6176
vn 0.7923 -0.6101 0.0075
vn 0.5931 -0.8050 -0.0163
vn 0.1483 -0.9884 -0.0330
vn -0.2732 -0.9616 -0.0252
vn -0.5060 -0.8625 0.0027
vn -0.6289 -0.7772 0.0221
vn -0.7102 -0.7037 0.0211
vn 0.7622 -0.6454 0.0507
vn 0.5796 -0.8148 0.0130
vn 0.1651 -0.9862 -0.0110
vn -0.1989 -0.9798 0.0188
vn -0.4385 -0.8946 0.0859
vn -0.6447 -0.7525 0.1344
vn -0.6990 -0.6966 0.1616
vn 0.7348 -0.6763 0.0522
vn 0.5257 -0.8506 -0.0105
vn 0.1538 -0.9858 -0.0672
vn -0.1089 -0.9932 -0.0414
vn -0.3202 -0.9459 0.0531
vn -0.6061 -0.7794 0.1588
vn -0.6887 -0.6892 0.2251
vn 0.7087 -0.7013 -0.0764
vn 0.3681 -0.9191 -0.1405
vn 0.0852 -0.9650 -0.2479
vn -0.0403 -0.9689 -0.2440
vn -0.1554 -0.9756 -0.1548
vn -0.4431 -0.8963 0.0158
vn -0.7034 -0.7029 0.1062
vn 0.6998 0.7142 -0.0143
vn 0.8807 0.4737 -0.0070
vn 0.8698 0.4891 -0.0651
vn 0.6989 0.7100 -0.0862
vn 0.9856 0.1688 -0.0110
vn 0.9723 0.2257 -0.0598
vn 0.9942 -0.1048 -0.0230
vn 0.9967 -0.0284 -0.0766
vn 0.9522 -0.3031 -0.0382
vn 0.9671 -0.2315 -0.1058
vn 0.8983 -0.4357 -0.0566
vn 0.9153 -0.3796 -0.1344
vn 0.7004 0.7138 0.0079
vn 0.8723 0.4889 0.0090
vn 0.9869 0.1609 0.0125
vn 0.9922 -0.1234 0.0165
vn 0.9427 -0.3329 0.0232
vn 0.8684 -0.4955 0.0204
vn 0.7026 0.7115 0.0125
vn 0.8645 0.5026 -0.0021
vn 0.9853 0.1702 -0.0131
vn 0.9952 -0.0980 -0.0029
vn 0.9496 -0.3124 0.0261
vn 0.8464 -0.5304 0.0476
vn 0.7058 0.7083 -0.0083
vn 0.8818 0.4692 -0.0479
vn 0.9840 0.1525 -0.0918
vn 0.9945 -0.0562 -0.0888
vn 0.9700 -0.2398 -0.0405
vn 0.8634 -0.5041 0.0216
vn 0.7052 0.6960 -0.1354
vn 0.9269 0.3300 -0.1787
vn 0.9595 0.0837 -0.2691
vn 0.9597 -0.0199 -0.2802
vn 0.9664 -0.1176 -0.2287
vn 0.9256 -0.3606 -0.1152
vn -0.5444 0.8205 -0.1742
vn -0.4209 0.8971 -0.1341
vn -0.3352 0.8773 -0.3435
vn -0.4065 0.8172 -0.4086
vn -0.3215 0.9401 -0.1133
vn -0.2184 0.9314 -0.2912
vn -0.1569 0.9838 -0.0865
vn -0.0511 0.9714 -0.2317
vn 0.1085 0.9928 -0.0515
vn 0.1940 0.9663 -0.1691
vn 0.4332 0.9010 -0.0246
vn 0.4557 0.8823 -0.1180
vn -0.6244 0.7810 0.0117
vn -0.5032 0.8639 0.0213
vn -0.3669 0.9298 0.0297
vn -0.1805 0.9833 0.0252
vn 0.1013 0.9947 0.0185
vn 0.4572 0.8893 0.0113
vn -0.6516 0.7504 0.1108
vn -0.5590 0.8228 0.1025
vn -0.3501 0.9330 0.0828
vn -0.1432 0.9886 0.0460
vn 0.1334 0.9909 0.0192
vn 0.4844 0.8748 0.0119
vn -0.6723 0.7260 0.1448
vn -0.5446 0.8319 0.1070
vn -0.2731 0.9612 0.0392
vn -0.0832 0.9962 -0.0244
vn 0.1385 0.9892 -0.0480
vn 0.4633 0.8858 -0.0267
vn -0.7113 0.7027 0.0169
vn -0.3998 0.9160 -0.0327
vn -0.1374 0.9768 -0.1641
vn -0.0306 0.9722 -0.2320
vn 0.0824 0.9689 -0.2332
vn 0.3308 0.9307 -0.1560
vn -0.1487 0.7835 -0.6033
vn -0.0348 0.8006 -0.5982
vn -0.7672 -0.5990 -0.2295
vn -0.6278 -0.5782 -0.5212
vn -0.8327 -0.5150 -0.2032
vn -0.6969 -0.4858 -0.5275
vn -0.9485 -0.2374 -0.2096
vn -0.8070 -0.1628 -0.5676
vn -0.9449 0.2562 -0.2037
vn -0.7476 0.3907 -0.5370
vn -0.7495 0.6381 -0.1766
vn -0.5536 0.7162 -0.4249
vn -0.7817 -0.6233 0.0232
vn -0.8706 -0.4920 0.0005
vn -0.9753 -0.2187 -0.0299
vn -0.9750 0.2197 -0.0317
vn -0.7931 0.6090 -0.0069
vn -0.7579 -0.6379 0.1366
vn -0.9046 -0.4160 0.0925
vn -0.9886 -0.1465 0.0353
vn -0.9737 0.2259 0.0299
vn -0.7937 0.6044 0.0693
vn -0.7822 -0.6018 0.1612
vn -0.9506 -0.3039 0.0632
vn -0.9969 -0.0765 -0.0159
vn -0.9812 0.1926 -0.0127
vn -0.8256 0.5601 0.0686
vn -0.8973 -0.4410 0.0186
vn -0.9779 -0.1489 -0.1465
vn -0.9741 -0.0285 -0.2243
vn -0.9727 0.1016 -0.2085
vn -0.9120 0.4041 -0.0705
vn -0.7954 -0.1566 -0.5855
vn -0.8032 -0.0365 -0.5946
vn 0.1488 0.7831 -0.6038
vn 0.7650 0.1398 -0.6286
vn 0.5977 0.6347 -0.4898
vn 0.7889 0.0301 -0.6138
vn 0.8024 -0.0045 -0.5968
vn 0.8032 -0.0365 -0.5946
vn 0.7953 -0.1564 -0.5857
vn 0.1566 -0.7951 -0.5859
vn 0.6306 -0.6306 -0.4523
vn 0.0351 0.7997 -0.5994
vn 0.0367 -0.8026 -0.5954
vn 0.0051 0.7998 -0.6003
vn 0.0052 -0.8009 -0.5987
vn -0.0290 -0.7856 -0.6180
vn -0.1332 -0.7545 -0.6426
vn -0.5897 0.5796 -0.5624
vn -0.7468 0.1257 -0.6530
vn -0.7825 0.0294 -0.6219
vn -0.7939 -0.0015 -0.6081
vn -0.7607 -0.1354 -0.6348
vn -0.6060 -0.5955 -0.5274
vn 0.6744 -0.6854 -0.2745
vn 0.5763 -0.7864 -0.2223
vn 0.5227 -0.6714 -0.5253
vn 0.5466 -0.5652 -0.6179
vn 0.4796 -0.8569 -0.1887
vn 0.3841 -0.7794 -0.4949
vn 0.2408 -0.9548 -0.1745
vn 0.1142 -0.8847 -0.4519
vn -0.1873 -0.9705 -0.1516
vn -0.3140 -0.8610 -0.4002
vn -0.5723 -0.8123 -0.1121
vn -0.6397 -0.7047 -0.3069
vn -0.7786 -0.6204 -0.0943
vn -0.8047 -0.5504 -0.2224
vn 0.7106 -0.7033 0.0213
vn 0.6243 -0.7809 0.0216
vn 0.4894 -0.8721 0.0034
vn 0.2436 -0.9697 -0.0202
vn -0.1606 -0.9868 -0.0226
vn -0.5625 -0.8267 -0.0086
vn -0.7595 -0.6504 0.0076
vn 0.7005 -0.6952 0.1612
vn 0.6421 -0.7548 0.1339
vn 0.4250 -0.9008 0.0890
vn 0.1747 -0.9842 0.0295
vn -0.1790 -0.9838 0.0084
vn -0.5650 -0.8245 0.0308
vn -0.7404 -0.6693 0.0617
vn 0.6898 -0.6885 0.2242
vn 0.6042 -0.7808 0.1590
vn 0.3114 -0.9485 0.0583
vn 0.0943 -0.9952 -0.0276
vn -0.1647 -0.9854 -0.0441
vn -0.5226 -0.8525 0.0123
vn -0.7232 -0.6872 0.0696
vn 0.7033 -0.7031 0.1054
vn 0.4417 -0.8970 0.0169
vn 0.1518 -0.9770 -0.1499
vn 0.0346 -0.9719 -0.2329
vn -0.0907 -0.9689 -0.2301
vn -0.3713 -0.9207 -0.1204
vn -0.7074 -0.7044 -0.0581
vn 0.5484 0.8182 -0.1728
vn 0.7495 0.6380 -0.1766
vn 0.5536 0.7162 -0.4249
vn 0.4063 0.8172 -0.4088
vn 0.9449 0.2562 -0.2037
vn 0.7476 0.3907 -0.5371
vn 0.9486 -0.2371 -0.2095
vn 0.8070 -0.1628 -0.5676
vn 0.8330 -0.5146 -0.2031
vn 0.6970 -0.4858 -0.5274
vn 0.7676 -0.5985 -0.2293
vn 0.6279 -0.5781 -0.5210
vn 0.6301 0.7764 0.0116
vn 0.7932 0.6090 -0.0069
vn 0.9750 0.2198 -0.0317
vn 0.9754 -0.2182 -0.0299
vn 0.8710 -0.4912 0.0005
vn 0.7824 -0.6223 0.0232
vn 0.6564 0.7463 0.1102
vn 0.7937 0.6043 0.0693
vn 0.9737 0.2260 0.0299
vn 0.9886 -0.1462 0.0352
vn 0.9050 -0.4153 0.0923
vn 0.7587 -0.6370 0.1363
vn 0.6751 0.7235 0.1440
vn 0.8256 0.5601 0.0686
vn 0.9812 0.1926 -0.0127
vn 0.9970 -0.0764 -0.0160
vn 0.9508 -0.3034 0.0629
vn 0.7829 -0.6011 0.1607
vn 0.7122 0.7018 0.0163
vn 0.9120 0.4041 -0.0706
vn 0.9727 0.1016 -0.2085
vn 0.9741 -0.0285 -0.2243
vn 0.9779 -0.1487 -0.1467
vn 0.8976 -0.4405 0.0181
vn -0.6916 0.7218 -0.0252
vn -0.4290 0.9030 -0.0248
vn -0.4596 0.8805 -0.1163
vn -0.6868 0.7166 -0.1216
vn -0.0837 0.9956 -0.0414
vn -0.1829 0.9729 -0.1413
vn 0.1863 0.9800 -0.0705
vn 0.0528 0.9786 -0.1990
vn 0.3482 0.9317 -0.1037
vn 0.2194 0.9378 -0.2690
vn 0.4379 0.8896 -0.1297
vn 0.3360 0.8800 -0.3358
vn -0.6956 0.7183 0.0076
vn -0.4494 0.8932 0.0114
vn -0.0763 0.9969 0.0203
vn 0.2177 0.9756 0.0267
vn 0.4007 0.9157 0.0301
vn 0.5236 0.8517 0.0213
vn -0.6998 0.7141 0.0183
vn -0.4796 0.8774 0.0100
vn -0.1146 0.9933 0.0118
vn 0.1722 0.9843 0.0384
vn 0.3766 0.9231 0.0779
vn 0.5753 0.8118 0.1002
vn -0.7025 0.7117 0.0013
vn -0.4611 0.8868 -0.0302
vn -0.1275 0.9900 -0.0601
vn 0.0989 0.9945 -0.0357
vn 0.2870 0.9574 0.0326
vn 0.5538 0.8261 0.1040
vn -0.6967 0.7063 -0.1254
vn -0.3306 0.9298 -0.1620
vn -0.0777 0.9665 -0.2447
vn 0.0357 0.9699 -0.2408
vn 0.1410 0.9755 -0.1688
vn 0.4029 0.9146 -0.0346
vn -0.1226 0.7438 -0.6571
vn -0.0276 0.7834 -0.6209
vn -0.8816 -0.4658 -0.0760
vn -0.8881 -0.4315 -0.1585
vn -0.9565 -0.2832 -0.0704
vn -0.9969 -0.0492 -0.0609
vn -0.9910 -0.0005 -0.1339
vn -0.9721 0.2300 -0.0470
vn -0.9551 0.2665 -0.1297
vn -0.8620 0.5058 -0.0330
vn -0.8486 0.5133 -0.1279
vn -0.8600 -0.5101 0.0136
vn -0.9518 -0.3065 0.0106
vn -0.9977 -0.0679 0.0020
vn -0.9763 0.2165 0.0023
vn -0.8559 0.5171 0.0055
vn -0.8404 -0.5396 0.0509
vn -0.9562 -0.2916 0.0255
vn -0.9984 -0.0562 -0.0008
vn -0.9776 0.2102 -0.0047
vn -0.8513 0.5246 0.0073
vn -0.8582 -0.5124 0.0304
vn -0.9727 -0.2292 -0.0351
vn -0.9964 -0.0327 -0.0784
vn -0.9815 0.1765 -0.0735
vn -0.8736 0.4857 -0.0303
vn -0.9235 -0.3685 -0.1065
vn -0.9678 -0.1152 -0.2240
vn -0.9626 -0.0115 -0.2707
vn -0.9633 0.0937 -0.2517
vn -0.9266 0.3408 -0.1589
vn -0.7875 -0.0317 -0.6155
vn -0.3893 0.4879 -0.7813
vn -0.4442 0.5448 -0.7113
vn -0.6281 0.5782 -0.5208
vn -0.5172 0.4533 -0.7260
vn -0.5912 0.1771 -0.7868
vn -0.5563 -0.2912 -0.7783
vn -0.7512 -0.3905 -0.5322
vn -0.4263 -0.6565 -0.6224
vn -0.3631 -0.7782 -0.5124
vn -0.1994 0.4260 -0.8825
vn -0.2550 0.4893 -0.8340
vn -0.3365 0.4066 -0.8494
vn -0.4143 0.1817 -0.8918
vn -0.3979 -0.2268 -0.8889
vn -0.2980 -0.6064 -0.7372
vn -0.2439 -0.7726 -0.5861
vn -0.0005 0.3941 -0.9191
vn -0.0060 0.4560 -0.8900
vn -0.0162 0.3830 -0.9236
vn -0.0295 0.1857 -0.9822
vn -0.0363 -0.1991 -0.9793
vn -0.0228 -0.5788 -0.8151
vn -0.0156 -0.7744 -0.6325
vn 0.1992 0.4248 -0.8831
vn 0.2476 0.4878 -0.8371
vn 0.3035 0.4156 -0.8574
vn 0.3560 0.1942 -0.9141
vn 0.3470 -0.2190 -0.9119
vn 0.2682 -0.6113 -0.7445
vn 0.2144 -0.7966 -0.5652
vn 0.3893 0.4868 -0.7819
vn 0.4394 0.5431 -0.7155
vn 0.4991 0.4564 -0.7366
vn 0.5607 0.1945 -0.8049
vn 0.5332 -0.2877 -0.7956
vn 0.4167 -0.6727 -0.6114
vn 0.3544 -0.8213 -0.4471
vn -0.3892 -0.4880 -0.7812
vn -0.3464 -0.3151 -0.8836
vn -0.4761 -0.3887 -0.7888
vn -0.2993 -0.1422 -0.9435
vn -0.4170 -0.1983 -0.8870
vn -0.2803 -0.0000 -0.9599
vn -0.3859 -0.0000 -0.9225
vn -0.2993 0.1422 -0.9435
vn -0.4170 0.1983 -0.8870
vn -0.3464 0.3151 -0.8836
vn -0.4761 0.3887 -0.7888
vn -0.1992 -0.4268 -0.8821
vn -0.1661 -0.2564 -0.9522
vn -0.1402 -0.1090 -0.9841
vn -0.1312 -0.0000 -0.9913
vn -0.1402 0.1090 -0.9841
vn -0.1661 0.2564 -0.9522
vn -0.0000 -0.3960 -0.9183
vn -0.0000 -0.2350 -0.9720
vn -0.0000 -0.0985 -0.9951
vn -0.0000 0.0985 -0.9951
vn -0.0000 0.2350 -0.9720
vn 0.1992 -0.4268 -0.8821
vn 0.1661 -0.2564 -0.9522
vn 0.1402 -0.1090 -0.9841
vn 0.1312 -0.0000 -0.9913
vn 0.1402 0.1090 -0.9841
vn 0.1661 0.2564 -0.9522
vn 0.3892 -0.4880 -0.7812
vn 0.3464 -0.3151 -0.8836
vn 0.2993 -0.1422 -0.9435
vn 0.2803 -0.0000 -0.9599
vn 0.2993 0.1422 -0.9435
vn 0.3464 0.3151 -0.8836
vn 0.4750 -0.3887 -0.7895
vn 0.4159 -0.1982 -0.8875
vn 0.3849 -0.0000 -0.9229
vn 0.4159 0.1982 -0.8875
vn 0.4750 0.3887 -0.7895
vn -0.4078 0.6545 -0.6366
vn -0.5361 0.2894 -0.7930
vn -0.5749 -0.1819 -0.7977
vn -0.5091 -0.4556 -0.7302
vn -0.4418 -0.5458 -0.7120
vn -0.2677 0.6030 -0.7515
vn -0.3579 0.2245 -0.9064
vn -0.3741 -0.1860 -0.9085
vn -0.3149 -0.4183 -0.8520
vn -0.2505 -0.4926 -0.8334
vn -0.0001 0.7500 -0.6614
vn -0.0000 0.5760 -0.8174
vn -0.0000 0.2006 -0.9797
vn -0.0000 -0.1835 -0.9830
vn -0.0000 -0.3962 -0.9182
vn -0.0000 -0.4618 -0.8870
vn 0.2676 0.6030 -0.7515
vn 0.3579 0.2245 -0.9064
vn 0.3741 -0.1861 -0.9085
vn 0.3149 -0.4183 -0.8520
vn 0.2505 -0.4926 -0.8334
vn 0.3436 0.7754 -0.5298
vn 0.4078 0.6545 -0.6367
vn 0.5360 0.2893 -0.7931
vn 0.5749 -0.1820 -0.7977
vn 0.5091 -0.4556 -0.7302
vn 0.4419 -0.5458 -0.7120
vn 0.4632 -0.5134 -0.7224
vn 0.3886 -0.3368 -0.8576
vn 0.3360 -0.0000 -0.9419
vn 0.3886 0.3368 -0.8576
vn 0.4632 0.5134 -0.7224
vn 0.3044 -0.7377 -0.6026
vn 0.2575 -0.7326 -0.6300
vn 0.3186 -0.0115 -0.9478
vn 0.2338 0.7474 -0.6219
vn 0.3044 0.7377 -0.6026
vn 0.1153 -0.9199 -0.3749
vn 0.0985 -0.9256 0.3654
vn 0.0129 0.0175 0.9998
vn 0.1166 0.9199 0.3744
vn 0.1153 0.9199 -0.3749
vn -0.1977 -0.9122 -0.3589
vn 0.0264 -0.9029 0.4290
vn 0.1703 -0.0106 0.9853
vn 0.0462 0.9117 0.4082
vn -0.1977 0.9122 -0.3589
vn -0.5415 -0.6868 -0.4848
vn -0.4093 -0.7132 -0.5690
vn -0.4298 0.0365 -0.9022
vn -0.4270 0.7043 -0.5672
vn -0.5415 0.6869 -0.4848
vn -0.7418 -0.5061 -0.4400
vn -0.6785 -0.3466 -0.6477
vn -0.6209 -0.0000 -0.7839
vn -0.6785 0.3466 -0.6477
vn -0.7418 0.5061 -0.4400
vn 0.5736 -0.7234 -0.3842
vn 0.7964 -0.5071 -0.3297
vn 0.1627 -0.9770 0.1376
vn 0.7734 -0.4376 -0.4587
vn -0.2433 0.0140 0.9699
vn 0.7496 -0.0215 -0.6616
vn 0.2056 0.9449 0.2549
vn 0.7644 0.4475 -0.4641
vn 0.5736 0.7234 -0.3842
vn 0.7964 0.5071 -0.3297
vn 0.7008 0.6539 -0.2851
vn 0.1571 -0.9554 -0.2501
vn -0.1189 -0.7535 0.6466
vn -0.2065 -0.0000 0.9784
vn -0.1189 0.7535 0.6466
vn 0.1571 0.9554 -0.2501
vn 0.3306 0.8439 -0.4226
vn -0.1540 -0.9514 -0.2668
vn -0.1230 -0.7949 0.5942
vn 0.0144 -0.0117 0.9998
vn -0.1103 0.8011 0.5883
vn -0.1540 0.9514 -0.2668
vn -0.3247 -0.7632 -0.5586
vn -0.2221 -0.8901 -0.3981
vn -0.5233 0.0098 -0.8521
vn -0.2628 0.8698 -0.4176
vn -0.3247 0.7632 -0.5586
vn -0.4703 -0.5175 -0.7149
vn -0.3961 -0.3459 -0.8506
vn -0.3418 -0.0000 -0.9398
vn -0.3961 0.3459 -0.8506
vn -0.4703 0.5175 -0.7149
vn -0.0918 -0.9888 -0.1177
vn 0.0004 -0.9985 -0.0556
vn -0.0121 -0.9998 -0.0178
vn -0.1387 -0.9899 -0.0301
vn 0.0530 -0.9978 -0.0386
vn 0.0568 -0.9982 -0.0206
vn 0.0181 -0.9985 -0.0517
vn 0.0300 -0.9990 -0.0328
vn -0.1067 -0.9905 -0.0873
vn -0.0949 -0.9940 -0.0551
vn -0.3122 -0.9399 -0.1380
vn -0.3092 -0.9471 -0.0857
vn -0.5287 -0.8278 -0.1878
vn -0.5235 -0.8438 -0.1177
vn 0.0110 -0.9770 -0.2129
vn 0.0447 -0.9931 -0.1085
vn 0.0607 -0.9958 -0.0679
vn 0.0034 -0.9970 -0.0779
vn -0.1304 -0.9833 -0.1271
vn -0.3296 -0.9223 -0.2017
vn -0.5251 -0.8029 -0.2821
vn 0.1428 -0.9503 -0.2767
vn 0.1159 -0.9806 -0.1579
vn 0.0820 -0.9913 -0.1026
vn -0.0089 -0.9944 -0.1049
vn -0.1626 -0.9746 -0.1542
vn -0.3650 -0.9003 -0.2373
vn -0.5538 -0.7624 -0.3346
vn 0.2522 -0.9212 -0.2964
vn 0.2002 -0.9581 -0.2049
vn 0.1170 -0.9828 -0.1429
vn -0.0103 -0.9915 -0.1294
vn -0.1911 -0.9684 -0.1605
vn -0.4104 -0.8828 -0.2288
vn -0.6051 -0.7308 -0.3157
vn 0.3282 -0.8827 -0.3363
vn 0.2868 -0.9224 -0.2586
vn 0.1653 -0.9678 -0.1897
vn 0.0096 -0.9886 -0.1500
vn -0.1992 -0.9695 -0.1426
vn -0.4453 -0.8788 -0.1713
vn -0.6573 -0.7198 -0.2231
vn -0.0643 -0.9679 -0.2429
vn -0.1677 -0.9463 -0.2765
vn -0.1539 -0.9874 -0.0361
vn -0.0396 -0.9988 -0.0272
vn -0.2514 -0.9250 -0.2850
vn -0.2574 -0.9653 -0.0450
vn -0.2867 -0.9186 -0.2719
vn -0.3071 -0.9504 -0.0497
vn -0.2758 -0.9307 -0.2403
vn -0.3062 -0.9507 -0.0500
vn -0.2163 -0.9577 -0.1900
vn -0.2548 -0.9660 -0.0450
vn -0.1243 -0.8954 -0.4275
vn -0.1955 -0.8586 -0.4740
vn -0.2333 -0.8415 -0.4872
vn -0.2342 -0.8516 -0.4689
vn -0.1972 -0.8863 -0.4189
vn -0.1168 -0.9357 -0.3329
vn -0.2010 -0.8294 -0.5212
vn -0.2356 -0.7858 -0.5719
vn -0.2182 -0.7756 -0.5922
vn -0.1711 -0.7976 -0.5784
vn -0.0922 -0.8468 -0.5238
vn 0.0212 -0.9076 -0.4194
vn -0.2797 -0.7928 -0.5415
vn -0.2813 -0.7557 -0.5914
vn -0.2136 -0.7542 -0.6209
vn -0.1115 -0.7806 -0.6150
vn 0.0333 -0.8376 -0.5453
vn 0.1649 -0.8930 -0.4187
vn -0.3444 -0.7932 -0.5022
vn -0.3248 -0.7729 -0.5451
vn -0.2211 -0.7814 -0.5835
vn -0.0550 -0.8118 -0.5814
vn 0.1385 -0.8411 -0.5228
vn 0.2769 -0.8590 -0.4306
vn 0.7080 -0.7020 -0.0766
vn 0.5099 -0.8527 -0.1135
vn 0.5154 -0.8558 0.0442
vn 0.7090 -0.7014 0.0730
vn 0.3221 -0.9361 -0.1414
vn 0.3306 -0.9436 0.0195
vn 0.1748 -0.9715 -0.1602
vn 0.1823 -0.9832 0.0029
vn 0.0677 -0.9818 -0.1777
vn 0.0799 -0.9968 -0.0081
vn 0.0014 -0.9791 -0.2031
vn 0.0209 -0.9996 -0.0181
vn 0.6960 -0.6899 -0.1990
vn 0.4985 -0.8329 -0.2403
vn 0.3091 -0.9126 -0.2677
vn 0.1600 -0.9435 -0.2903
vn 0.0392 -0.9465 -0.3204
vn -0.0459 -0.9292 -0.3666
vn 0.6850 -0.6818 -0.2569
vn 0.4890 -0.8191 -0.2999
vn 0.2968 -0.8972 -0.3271
vn 0.1312 -0.9246 -0.3576
vn -0.0069 -0.9160 -0.4011
vn -0.1162 -0.8822 -0.4563
vn 0.6831 -0.6851 -0.2528
vn 0.4825 -0.8239 -0.2972
vn 0.2802 -0.8998 -0.3343
vn 0.0876 -0.9221 -0.3770
vn -0.0676 -0.9010 -0.4285
vn -0.1952 -0.8525 -0.4848
vn 0.6906 -0.6988 -0.1863
vn 0.4739 -0.8494 -0.2323
vn 0.2488 -0.9262 -0.2832
vn 0.0279 -0.9385 -0.3442
vn -0.1397 -0.9025 -0.4075
vn -0.2701 -0.8453 -0.4611
vn 0.9903 -0.0528 -0.1285
vn 0.9978 -0.0304 -0.0595
vn 0.9967 -0.0771 -0.0245
vn 0.9937 -0.0973 -0.0554
vn 0.9989 -0.0463 -0.0121
vn 0.9961 -0.0864 0.0159
vn 0.9921 -0.1253 0.0065
vn 0.9861 -0.1542 0.0621
vn 0.9586 -0.2848 -0.0029
vn 0.9502 -0.2973 0.0938
vn 0.8686 -0.4943 -0.0342
vn 0.8639 -0.4947 0.0948
vn 0.9822 0.0340 -0.1845
vn 0.9958 0.0433 -0.0803
vn 0.9996 -0.0030 -0.0271
vn 0.9936 -0.1097 -0.0265
vn 0.9576 -0.2798 -0.0692
vn 0.8603 -0.4912 -0.1366
vn 0.9695 0.1497 -0.1943
vn 0.9874 0.1383 -0.0771
vn 0.9983 0.0475 -0.0330
vn 0.9945 -0.0923 -0.0484
vn 0.9533 -0.2817 -0.1092
vn 0.8489 -0.4934 -0.1895
vn 0.9414 0.2821 -0.1848
vn 0.9679 0.2373 -0.0824
vn 0.9932 0.1048 -0.0512
vn 0.9954 -0.0687 -0.0670
vn 0.9523 -0.2801 -0.1210
vn 0.8455 -0.4984 -0.1918
vn 0.8972 0.3996 -0.1881
vn 0.9383 0.3220 -0.1261
vn 0.9809 0.1684 -0.0971
vn 0.9958 -0.0288 -0.0874
vn 0.9592 -0.2630 -0.1038
vn 0.8548 -0.4992 -0.1419
vn 0.9903 0.0528 -0.1285
vn 0.9820 0.0574 -0.1798
vn 0.9935 0.0835 -0.0770
vn 0.9937 0.0973 -0.0554
vn 0.9772 0.0273 -0.2108
vn 0.9944 0.0427 -0.0966
vn 0.9750 -0.0000 -0.2222
vn 0.9946 -0.0000 -0.1040
vn 0.9772 -0.0273 -0.2108
vn 0.9944 -0.0427 -0.0966
vn 0.9820 -0.0574 -0.1798
vn 0.9822 -0.0340 -0.1845
vn 0.9621 -0.0012 -0.2725
vn 0.9466 -0.0030 -0.3224
vn 0.9406 -0.0000 -0.3394
vn 0.9466 0.0030 -0.3224
vn 0.9621 0.0012 -0.2725
vn 0.9695 -0.1497 -0.1943
vn 0.9442 -0.0952 -0.3154
vn 0.9172 -0.0501 -0.3953
vn 0.9059 -0.0000 -0.4234
vn 0.9172 0.0501 -0.3953
vn 0.9442 0.0952 -0.3154
vn 0.9414 -0.2822 -0.1848
vn 0.9211 -0.2264 -0.3166
vn 0.8942 -0.1247 -0.4300
vn 0.8797 -0.0000 -0.4755
vn 0.8942 0.1247 -0.4300
vn 0.9211 0.2264 -0.3166
vn 0.8972 -0.3996 -0.1881
vn 0.8788 -0.3754 -0.2947
vn 0.8717 -0.2432 -0.4255
vn 0.8677 -0.0000 -0.4970
vn 0.8717 0.2432 -0.4255
vn 0.8788 0.3754 -0.2947
vn 0.7028 0.7071 -0.0773
vn 0.8686 0.4943 -0.0342
vn 0.8639 0.4946 0.0948
vn 0.7032 0.7073 0.0723
vn 0.9586 0.2848 -0.0029
vn 0.9502 0.2973 0.0938
vn 0.9921 0.1253 0.0065
vn 0.9861 0.1542 0.0621
vn 0.9989 0.0463 -0.0121
vn 0.9961 0.0864 0.0159
vn 0.9978 0.0304 -0.0595
vn 0.9967 0.0771 -0.0245
vn 0.6922 0.6936 -0.1995
vn 0.8603 0.4912 -0.1366
vn 0.9576 0.2798 -0.0692
vn 0.9936 0.1097 -0.0265
vn 0.9996 0.0030 -0.0271
vn 0.9958 -0.0433 -0.0803
vn 0.6826 0.6841 -0.2570
vn 0.8489 0.4934 -0.1895
vn 0.9533 0.2818 -0.1092
vn 0.9945 0.0923 -0.0484
vn 0.9983 -0.0475 -0.0330
vn 0.9874 -0.1383 -0.0771
vn 0.6820 0.6862 -0.2527
vn 0.8455 0.4984 -0.1918
vn 0.9523 0.2801 -0.1210
vn 0.9954 0.0687 -0.0670
vn 0.9932 -0.1048 -0.0512
vn 0.9679 -0.2373 -0.0824
vn 0.6903 0.6991 -0.1862
vn 0.8548 0.4992 -0.1418
vn 0.9592 0.2630 -0.1038
vn 0.9958 0.0288 -0.0874
vn 0.9809 -0.1684 -0.0971
vn 0.9383 -0.3220 -0.1261
vn 0.0578 0.9644 -0.2582
vn 0.0415 0.9787 -0.2011
vn 0.0760 0.9969 -0.0183
vn 0.0950 0.9950 -0.0308
vn 0.0729 0.9838 -0.1637
vn 0.0850 0.9963 -0.0079
vn 0.1512 0.9772 -0.1491
vn 0.1565 0.9877 0.0019
vn 0.2898 0.9474 -0.1360
vn 0.2946 0.9555 0.0171
vn 0.4887 0.8651 -0.1132
vn 0.4918 0.8697 0.0419
vn -0.0291 0.8981 -0.4389
vn -0.0299 0.9340 -0.3561
vn 0.0443 0.9530 -0.2999
vn 0.1402 0.9523 -0.2711
vn 0.2855 0.9235 -0.2563
vn 0.4825 0.8429 -0.2383
vn -0.1391 0.8506 -0.5070
vn -0.1040 0.8960 -0.4317
vn -0.0033 0.9249 -0.3802
vn 0.1180 0.9329 -0.3403
vn 0.2808 0.9056 -0.3179
vn 0.4787 0.8263 -0.2969
vn -0.2462 0.7982 -0.5498
vn -0.1828 0.8605 -0.4756
vn -0.0657 0.9092 -0.4112
vn 0.0818 0.9293 -0.3600
vn 0.2699 0.9068 -0.3240
vn 0.4773 0.8281 -0.2941
vn -0.3295 0.7961 -0.5077
vn -0.2661 0.8494 -0.4558
vn -0.1391 0.9071 -0.3973
vn 0.0259 0.9424 -0.3336
vn 0.2448 0.9293 -0.2765
vn 0.4723 0.8508 -0.2303
vn -0.0957 0.9616 -0.2573
vn -0.0655 0.9493 -0.3075
vn -0.0978 0.9943 -0.0413
vn -0.1351 0.9904 -0.0286
vn -0.0268 0.9411 -0.3372
vn -0.0417 0.9980 -0.0482
vn 0.0081 0.9382 -0.3460
vn 0.0091 0.9987 -0.0500
vn 0.0366 0.9412 -0.3359
vn 0.0525 0.9975 -0.0477
vn 0.0573 0.9502 -0.3062
vn 0.0885 0.9952 -0.0412
vn -0.0063 0.8985 -0.4390
vn 0.0021 0.8605 -0.5094
vn 0.0141 0.8331 -0.5530
vn 0.0086 0.8191 -0.5735
vn -0.0015 0.8283 -0.5602
vn -0.0165 0.8576 -0.5141
vn 0.1102 0.8553 -0.5063
vn 0.1046 0.7897 -0.6045
vn 0.0660 0.7431 -0.6659
vn 0.0061 0.7331 -0.6801
vn -0.0560 0.7527 -0.6560
vn -0.1159 0.7956 -0.5946
vn 0.2302 0.8023 -0.5508
vn 0.2112 0.7481 -0.6291
vn 0.1154 0.7191 -0.6853
vn 0.0014 0.7090 -0.7052
vn -0.1129 0.7207 -0.6840
vn -0.2122 0.7497 -0.6268
vn 0.3240 0.7983 -0.5077
vn 0.2870 0.7685 -0.5719
vn 0.1645 0.7574 -0.6319
vn 0.0003 0.7535 -0.6575
vn -0.1638 0.7582 -0.6311
vn -0.2872 0.7694 -0.5705
vn 0.2135 0.7597 -0.6142
vn -0.2136 0.7599 -0.6140
vn -0.3436 0.7757 -0.5294
vn -0.6165 0.7746 -0.1413
vn -0.4675 0.8751 -0.1249
vn -0.4769 0.8783 0.0348
vn -0.6205 0.7842 0.0012
vn -0.3217 0.9398 -0.1156
vn -0.3354 0.9409 0.0473
vn -0.2105 0.9699 -0.1223
vn -0.2276 0.9729 0.0405
vn -0.1418 0.9791 -0.1457
vn -0.1645 0.9861 0.0230
vn -0.1003 0.9762 -0.1921
vn -0.1417 0.9899 -0.0037
vn -0.5832 0.7593 -0.2888
vn -0.4476 0.8581 -0.2516
vn -0.3024 0.9244 -0.2326
vn -0.1838 0.9537 -0.2382
vn -0.1006 0.9569 -0.2724
vn -0.0252 0.9398 -0.3408
vn -0.5809 0.7230 -0.3738
vn -0.4425 0.8373 -0.3212
vn -0.2876 0.9106 -0.2969
vn -0.1501 0.9402 -0.3058
vn -0.0414 0.9359 -0.3499
vn 0.0571 0.9087 -0.4135
vn -0.6130 0.6992 -0.3679
vn -0.4560 0.8311 -0.3183
vn -0.2734 0.9133 -0.3019
vn -0.1052 0.9402 -0.3239
vn 0.0339 0.9245 -0.3797
vn 0.1489 0.8754 -0.4599
vn -0.6604 0.7028 -0.2644
vn -0.4702 0.8501 -0.2370
vn -0.2433 0.9381 -0.2464
vn -0.0389 0.9545 -0.2955
vn 0.1232 0.9217 -0.3678
vn 0.2511 0.8608 -0.4427
vn -0.0198 -0.8562 0.5162
vn -0.0116 -0.8617 0.5073
vn -0.0000 -0.7326 0.6806
vn -0.0084 -0.7255 0.6882
vn -0.0085 -0.8642 0.5031
vn 0.0005 -0.7418 0.6707
vn -0.0103 -0.8649 0.5018
vn 0.0007 -0.7528 0.6582
vn -0.0169 -0.8690 0.4946
vn 0.0005 -0.7654 0.6436
vn -0.0290 -0.8800 0.4740
vn -0.0025 -0.7768 0.6298
vn -0.0526 -0.8991 0.4347
vn 0.0059 -0.7976 0.6031
vn -0.0415 -0.9415 0.3345
vn -0.0161 -0.9473 0.3199
vn 0.0033 -0.9446 0.3281
vn -0.0002 -0.9390 0.3440
vn -0.0261 -0.9373 0.3476
vn -0.0766 -0.9442 0.3202
vn -0.1385 -0.9608 0.2402
vn -0.0732 -0.9796 0.1872
vn -0.0145 -0.9852 0.1709
vn 0.0264 -0.9826 0.1836
vn 0.0192 -0.9783 0.2064
vn -0.0357 -0.9759 0.2155
vn -0.1418 -0.9721 0.1870
vn -0.2730 -0.9574 0.0946
vn -0.1052 -0.9908 0.0854
vn -0.0111 -0.9975 0.0696
vn 0.0485 -0.9957 0.0790
vn 0.0356 -0.9947 0.0968
vn -0.0500 -0.9935 0.1026
vn -0.2106 -0.9746 0.0759
vn -0.3984 -0.9172 -0.0011
vn -0.1328 -0.9907 0.0285
vn -0.0098 -0.9999 0.0139
vn 0.0602 -0.9981 0.0139
vn 0.0405 -0.9991 0.0153
vn -0.0703 -0.9975 0.0069
vn -0.2688 -0.9630 -0.0191
vn -0.4805 -0.8747 -0.0630
vn 0.0570 -0.7272 0.6841
vn 0.0147 -0.7428 0.6694
vn 0.0470 -0.6376 0.7689
vn 0.0859 -0.6220 0.7783
vn -0.0353 -0.7648 0.6433
vn 0.0017 -0.6582 0.7529
vn -0.0610 -0.7902 0.6099
vn -0.0241 -0.6800 0.7329
vn -0.0534 -0.8156 0.5762
vn -0.0275 -0.6979 0.7157
vn -0.0537 -0.8397 0.5405
vn -0.0225 -0.7136 0.7002
vn 0.0256 -0.8172 0.5757
vn -0.0293 -0.8308 0.5559
vn -0.0883 -0.8495 0.5201
vn -0.1172 -0.8730 0.4734
vn -0.1108 -0.9026 0.4159
vn -0.0960 -0.9261 0.3648
vn -0.0031 -0.8914 0.4532
vn -0.0763 -0.8981 0.4332
vn -0.1483 -0.9067 0.3947
vn -0.1832 -0.9212 0.3433
vn -0.1821 -0.9409 0.2856
vn -0.1455 -0.9623 0.2297
vn -0.0228 -0.9480 0.3173
vn -0.1146 -0.9451 0.3059
vn -0.2068 -0.9399 0.2717
vn -0.2396 -0.9435 0.2289
vn -0.2442 -0.9521 0.1840
vn -0.2057 -0.9701 0.1293
vn -0.0346 -0.9862 0.1621
vn -0.1406 -0.9782 0.1528
vn -0.2454 -0.9596 0.1378
vn -0.2845 -0.9523 0.1103
vn -0.2899 -0.9542 0.0742
vn -0.2465 -0.9679 0.0496
vn 0.6138 -0.4670 0.6365
vn 0.4654 -0.5999 0.6508
vn 0.4635 -0.4478 0.7646
vn 0.5745 -0.3449 0.7423
vn 0.2942 -0.6905 0.6608
vn 0.3216 -0.5367 0.7801
vn 0.1652 -0.7244 0.6693
vn 0.2032 -0.5866 0.7839
vn 0.0920 -0.7283 0.6790
vn 0.1278 -0.6088 0.7830
vn 0.0686 -0.7245 0.6859
vn 0.0998 -0.6158 0.7815
vn 0.6436 -0.5613 0.5203
vn 0.4727 -0.7064 0.5268
vn 0.2949 -0.7906 0.5367
vn 0.1631 -0.8178 0.5520
vn 0.0842 -0.8188 0.5679
vn 0.0504 -0.8144 0.5781
vn 0.6668 -0.6244 0.4068
vn 0.4859 -0.7750 0.4041
vn 0.3087 -0.8566 0.4134
vn 0.1730 -0.8865 0.4293
vn 0.0851 -0.8915 0.4450
vn 0.0389 -0.8896 0.4550
vn 0.6852 -0.6653 0.2965
vn 0.5010 -0.8163 0.2875
vn 0.3234 -0.9006 0.2905
vn 0.1824 -0.9365 0.2996
vn 0.0863 -0.9470 0.3094
vn 0.0313 -0.9482 0.3162
vn 0.6995 -0.6878 0.1941
vn 0.5119 -0.8409 0.1758
vn 0.3315 -0.9290 0.1647
vn 0.1857 -0.9694 0.1607
vn 0.0846 -0.9833 0.1611
vn 0.0263 -0.9863 0.1630
vn 0.8679 -0.0564 0.4935
vn 0.8602 -0.0711 0.5049
vn 0.7962 -0.0406 0.6036
vn 0.8297 -0.0000 0.5583
vn 0.8412 -0.1068 0.5301
vn 0.7550 -0.0890 0.6497
vn 0.8093 -0.1640 0.5641
vn 0.7140 -0.1459 0.6848
vn 0.7658 -0.2402 0.5965
vn 0.6754 -0.2053 0.7083
vn 0.7099 -0.3338 0.6202
vn 0.6372 -0.2648 0.7238
vn 0.9091 -0.0948 0.4057
vn 0.9077 -0.0943 0.4089
vn 0.8991 -0.1152 0.4224
vn 0.8748 -0.1724 0.4528
vn 0.8317 -0.2652 0.4878
vn 0.7623 -0.3958 0.5121
vn 0.9453 -0.1175 0.3043
vn 0.9437 -0.1071 0.3130
vn 0.9386 -0.1183 0.3242
vn 0.9195 -0.1772 0.3508
vn 0.8790 -0.2845 0.3826
vn 0.7991 -0.4432 0.4062
vn 0.9722 -0.1085 0.2076
vn 0.9674 -0.1170 0.2244
vn 0.9509 -0.1796 0.2520
vn 0.9120 -0.2983 0.2815
vn 0.8278 -0.4738 0.3004
vn 0.9913 -0.0988 0.0873
vn 0.9876 -0.1083 0.1133
vn 0.9731 -0.1752 0.1496
vn 0.9351 -0.3028 0.1838
vn 0.8490 -0.4884 0.2018
vn 0.9913 -0.1133 0.0663
vn 0.9946 -0.0954 0.0402
vn 0.9935 -0.0835 -0.0770
vn 0.9986 -0.0510 0.0113
vn 1.0000 -0.0000 -0.0008
vn 0.9986 0.0510 0.0113
vn 0.9946 0.0954 0.0402
vn 0.9742 -0.1225 0.1894
vn 0.9814 -0.1053 0.1607
vn 0.9902 -0.0594 0.1261
vn 0.9939 -0.0000 0.1107
vn 0.9902 0.0594 0.1261
vn 0.9814 0.1053 0.1607
vn 0.9742 0.1225 0.1894
vn 0.9528 -0.1041 0.2851
vn 0.9645 -0.0613 0.2568
vn 0.9699 -0.0000 0.2434
vn 0.9645 0.0613 0.2568
vn 0.9528 0.1041 0.2851
vn 0.9453 0.1175 0.3043
vn 0.9133 -0.0861 0.3982
vn 0.9229 -0.0523 0.3815
vn 0.9278 -0.0000 0.3730
vn 0.9229 0.0524 0.3815
vn 0.9133 0.0861 0.3982
vn 0.9091 0.0948 0.4057
vn 0.8705 -0.0509 0.4896
vn 0.8757 -0.0323 0.4817
vn 0.8788 -0.0000 0.4772
vn 0.8757 0.0323 0.4817
vn 0.8705 0.0509 0.4896
vn 0.8679 0.0564 0.4935
vn 0.6132 0.4680 0.6363
vn 0.7099 0.3338 0.6202
vn 0.6372 0.2648 0.7238
vn 0.5745 0.3451 0.7422
vn 0.7658 0.2402 0.5965
vn 0.6754 0.2053 0.7083
vn 0.8093 0.1640 0.5641
vn 0.7140 0.1459 0.6848
vn 0.8412 0.1068 0.5301
vn 0.7550 0.0890 0.6497
vn 0.8602 0.0711 0.5049
vn 0.7962 0.0406 0.6036
vn 0.6417 0.5638 0.5199
vn 0.7623 0.3958 0.5121
vn 0.8317 0.2652 0.4878
vn 0.8748 0.1724 0.4528
vn 0.8991 0.1152 0.4224
vn 0.9077 0.0943 0.4089
vn 0.6634 0.6284 0.4062
vn 0.7991 0.4432 0.4062
vn 0.8790 0.2845 0.3826
vn 0.9195 0.1772 0.3508
vn 0.9386 0.1183 0.3242
vn 0.9437 0.1071 0.3130
vn 0.6805 0.6704 0.2957
vn 0.8278 0.4738 0.3004
vn 0.9120 0.2983 0.2815
vn 0.9509 0.1796 0.2520
vn 0.9674 0.1170 0.2244
vn 0.9722 0.1085 0.2076
vn 0.6939 0.6936 0.1934
vn 0.8490 0.4884 0.2018
vn 0.9351 0.3028 0.1838
vn 0.9731 0.1752 0.1496
vn 0.9876 0.1083 0.1133
vn 0.9913 0.0988 0.0873
vn 0.9913 0.1133 0.0663
vn 0.0767 0.7236 0.6859
vn 0.0727 0.7284 0.6812
vn 0.1001 0.6168 0.7807
vn 0.0931 0.6194 0.7795
vn 0.0905 0.7357 0.6712
vn 0.1272 0.6110 0.7814
vn 0.1608 0.7327 0.6613
vn 0.2021 0.5893 0.7822
vn 0.2897 0.6976 0.6553
vn 0.3207 0.5390 0.7789
vn 0.4628 0.6040 0.6488
vn 0.4631 0.4490 0.7642
vn 0.0696 0.8138 0.5770
vn 0.0646 0.8207 0.5678
vn 0.0831 0.8296 0.5521
vn 0.1534 0.8300 0.5362
vn 0.2834 0.8019 0.5260
vn 0.4655 0.7141 0.5228
vn 0.0710 0.8894 0.4516
vn 0.0670 0.8952 0.4406
vn 0.0859 0.9015 0.4241
vn 0.1575 0.8989 0.4088
vn 0.2885 0.8702 0.3994
vn 0.4727 0.7858 0.3987
vn 0.0795 0.9463 0.3134
vn 0.0733 0.9507 0.3014
vn 0.0894 0.9532 0.2888
vn 0.1616 0.9464 0.2796
vn 0.2951 0.9146 0.2766
vn 0.4823 0.8294 0.2818
vn 0.0916 0.9827 0.1611
vn 0.0784 0.9851 0.1530
vn 0.0894 0.9850 0.1478
vn 0.1611 0.9759 0.1474
vn 0.2975 0.9421 0.1547
vn 0.4895 0.8551 0.1712
vn -0.1138 0.7331 0.6705
vn -0.0653 0.7349 0.6750
vn -0.0594 0.6509 0.7568
vn -0.1008 0.6526 0.7509
vn -0.0348 0.7338 0.6785
vn -0.0343 0.6469 0.7618
vn -0.0042 0.7318 0.6815
vn -0.0050 0.6419 0.7668
vn 0.0266 0.7288 0.6842
vn 0.0280 0.6353 0.7718
vn 0.0603 0.7254 0.6857
vn 0.0671 0.6268 0.7763
vn -0.1217 0.8108 0.5726
vn -0.0713 0.8132 0.5775
vn -0.0336 0.8128 0.5815
vn -0.0006 0.8126 0.5828
vn 0.0299 0.8126 0.5820
vn 0.0578 0.8124 0.5803
vn -0.1276 0.8804 0.4568
vn -0.0794 0.8832 0.4623
vn -0.0335 0.8835 0.4673
vn 0.0043 0.8836 0.4683
vn 0.0366 0.8841 0.4658
vn 0.0629 0.8860 0.4594
vn -0.1329 0.9375 0.3216
vn -0.0882 0.9412 0.3263
vn -0.0364 0.9427 0.3317
vn 0.0079 0.9426 0.3338
vn 0.0444 0.9426 0.3309
vn 0.0742 0.9433 0.3236
vn -0.1373 0.9763 0.1674
vn -0.0962 0.9805 0.1713
vn -0.0406 0.9837 0.1751
vn 0.0093 0.9843 0.1764
vn 0.0508 0.9833 0.1747
vn 0.0854 0.9818 0.1694
vn -0.0835 0.8232 0.5616
vn -0.1726 0.7681 0.6166
vn -0.1237 0.7355 0.6661
vn -0.0077 0.7769 0.6296
vn -0.2308 0.7291 0.6443
vn -0.1930 0.7014 0.6861
vn -0.2551 0.7098 0.6565
vn -0.2233 0.6752 0.7031
vn -0.2388 0.7112 0.6612
vn -0.2114 0.6590 0.7218
vn -0.1846 0.7232 0.6655
vn -0.1635 0.6532 0.7393
vn -0.1994 0.8573 0.4747
vn -0.2357 0.7895 0.5667
vn -0.2587 0.7573 0.5997
vn -0.2608 0.7569 0.5993
vn -0.2393 0.7759 0.5837
vn -0.1915 0.7975 0.5722
vn -0.3641 0.8508 0.3789
vn -0.3113 0.8155 0.4878
vn -0.2818 0.8040 0.5236
vn -0.2533 0.8173 0.5175
vn -0.2221 0.8423 0.4911
vn -0.1864 0.8657 0.4646
vn -0.5048 0.8204 0.2686
vn -0.3874 0.8446 0.3694
vn -0.3049 0.8628 0.4032
vn -0.2438 0.8864 0.3935
vn -0.1998 0.9102 0.3628
vn -0.1733 0.9272 0.3321
vn -0.5879 0.7963 0.1422
vn -0.4478 0.8700 0.2065
vn -0.3267 0.9164 0.2314
vn -0.2355 0.9456 0.2246
vn -0.1797 0.9630 0.2007
vn -0.1594 0.9713 0.1764
vn 0.0202 -0.1215 0.9924
vn -0.0288 -0.1191 0.9925
vn -0.0344 0.0060 0.9994
vn 0.0211 0.0048 0.9998
vn -0.0591 -0.1092 0.9923
vn -0.0473 -0.0944 0.9944
vn -0.0616 0.0130 0.9980
vn 0.0094 -0.0776 0.9969
vn -0.0047 0.0172 0.9998
vn 0.1047 -0.0676 0.9922
vn 0.2603 -0.0689 0.9631
vn 0.2657 0.0203 0.9638
vn 0.0173 -0.2432 0.9698
vn -0.0158 -0.2395 0.9708
vn -0.0328 -0.2244 0.9739
vn -0.0178 -0.2031 0.9790
vn 0.0336 -0.1831 0.9825
vn 0.1076 -0.1722 0.9792
vn 0.2435 -0.1727 0.9544
vn 0.0134 -0.3650 0.9309
vn -0.0004 -0.3619 0.9322
vn -0.0028 -0.3482 0.9374
vn 0.0154 -0.3280 0.9446
vn 0.0494 -0.3138 0.9482
vn 0.1003 -0.3121 0.9447
vn 0.2103 -0.3177 0.9246
vn 0.0088 -0.4850 0.8745
vn 0.0109 -0.4843 0.8749
vn 0.0185 -0.4779 0.8782
vn 0.0335 -0.4727 0.8806
vn 0.0496 -0.4716 0.8804
vn 0.0751 -0.4766 0.8759
vn 0.1556 -0.4895 0.8580
vn 0.0019 -0.5996 0.8003
vn 0.0122 -0.6033 0.7974
vn 0.0203 -0.6076 0.7940
vn 0.0269 -0.6146 0.7884
vn 0.0324 -0.6241 0.7807
vn 0.0342 -0.6382 0.7691
vn 0.2064 -0.0768 0.9754
vn 0.1482 -0.0887 0.9850
vn 0.1532 0.0006 0.9882
vn 0.2091 0.0001 0.9779
vn 0.1126 -0.0977 0.9888
vn 0.1177 0.0015 0.9930
vn 0.0837 -0.1057 0.9909
vn 0.0890 0.0025 0.9960
vn 0.0619 -0.1126 0.9917
vn 0.0670 0.0035 0.9977
vn 0.0471 -0.1182 0.9919
vn 0.0518 0.0042 0.9986
vn 0.1939 -0.1656 0.9669
vn 0.1347 -0.1870 0.9731
vn 0.0984 -0.2027 0.9743
vn 0.0697 -0.2165 0.9738
vn 0.0487 -0.2283 0.9724
vn 0.0354 -0.2377 0.9707
vn 0.1727 -0.2702 0.9472
vn 0.1162 -0.2960 0.9481
vn 0.0789 -0.3155 0.9456
vn 0.0506 -0.3328 0.9416
vn 0.0313 -0.3474 0.9372
vn 0.0210 -0.3587 0.9332
vn 0.1449 -0.3866 0.9108
vn 0.0950 -0.4112 0.9066
vn 0.0563 -0.4320 0.9001
vn 0.0287 -0.4510 0.8921
vn 0.0122 -0.4669 0.8842
vn 0.0064 -0.4788 0.8779
vn 0.1144 -0.5064 0.8547
vn 0.0723 -0.5259 0.8475
vn 0.0310 -0.5463 0.8370
vn 0.0044 -0.5657 0.8246
vn -0.0081 -0.5823 0.8129
vn -0.0063 -0.5935 0.8048
vn 0.4928 -0.0330 0.8695
vn 0.4446 -0.0531 0.8942
vn 0.3923 -0.0000 0.9198
vn 0.4488 -0.0000 0.8936
vn 0.4028 -0.0567 0.9135
vn 0.3784 -0.0000 0.9256
vn 0.3728 -0.0539 0.9264
vn 0.3562 -0.0000 0.9344
vn 0.3366 -0.0546 0.9401
vn 0.3276 -0.0000 0.9448
vn 0.2808 -0.0635 0.9576
vn 0.2781 -0.0000 0.9606
vn 0.5096 -0.0526 0.8588
vn 0.4812 -0.0712 0.8737
vn 0.4320 -0.0873 0.8977
vn 0.3893 -0.0987 0.9158
vn 0.3398 -0.1153 0.9334
vn 0.2729 -0.1390 0.9519
vn 0.5145 -0.0847 0.8533
vn 0.4990 -0.1042 0.8603
vn 0.4456 -0.1369 0.8847
vn 0.3883 -0.1678 0.9061
vn 0.3231 -0.2008 0.9248
vn 0.2485 -0.2369 0.9392
vn 0.5211 -0.1348 0.8428
vn 0.4981 -0.1701 0.8503
vn 0.4326 -0.2229 0.8736
vn 0.3539 -0.2718 0.8949
vn 0.2749 -0.3184 0.9072
vn 0.2051 -0.3564 0.9115
vn 0.5405 -0.2216 0.8116
vn 0.4824 -0.2840 0.8287
vn 0.3829 -0.3581 0.8516
vn 0.2802 -0.4204 0.8630
vn 0.1984 -0.4630 0.8639
vn 0.1489 -0.4885 0.8598
vn 0.5610 0.1893 0.8059
vn 0.5405 0.2217 0.8116
vn 0.5168 0.1235 0.8471
vn 0.5211 0.1348 0.8428
vn 0.5079 0.0719 0.8584
vn 0.5145 0.0847 0.8533
vn 0.5170 0.0316 0.8554
vn 0.5096 0.0526 0.8588
vn 0.5309 -0.0000 0.8475
vn 0.5794 0.1526 0.8007
vn 0.5187 0.0941 0.8497
vn 0.5018 0.0419 0.8640
vn 0.5071 -0.0000 0.8619
vn 0.5170 -0.0316 0.8554
vn 0.6072 0.1060 0.7875
vn 0.5316 0.0523 0.8454
vn 0.5029 -0.0000 0.8644
vn 0.5018 -0.0419 0.8640
vn 0.5079 -0.0719 0.8584
vn 0.6545 0.0517 0.7542
vn 0.5741 -0.0000 0.8188
vn 0.5316 -0.0523 0.8454
vn 0.5187 -0.0941 0.8497
vn 0.5168 -0.1235 0.8471
vn 0.7216 -0.0000 0.6923
vn 0.6545 -0.0517 0.7542
vn 0.6072 -0.1060 0.7875
vn 0.5794 -0.1526 0.8007
vn 0.5610 -0.1893 0.8059
vn 0.2057 0.0772 0.9756
vn 0.2808 0.0635 0.9576
vn 0.3366 0.0546 0.9401
vn 0.3728 0.0539 0.9264
vn 0.4028 0.0567 0.9135
vn 0.4446 0.0531 0.8942
vn 0.4928 0.0330 0.8695
vn 0.1923 0.1661 0.9672
vn 0.2729 0.1390 0.9519
vn 0.3398 0.1153 0.9334
vn 0.3893 0.0987 0.9158
vn 0.4320 0.0873 0.8977
vn 0.4812 0.0712 0.8737
vn 0.1710 0.2705 0.9474
vn 0.2485 0.2369 0.9392
vn 0.3231 0.2008 0.9248
vn 0.3883 0.1678 0.9061
vn 0.4456 0.1369 0.8847
vn 0.4990 0.1042 0.8603
vn 0.1444 0.3861 0.9111
vn 0.2051 0.3564 0.9115
vn 0.2749 0.3184 0.9072
vn 0.3539 0.2718 0.8949
vn 0.4326 0.2229 0.8736
vn 0.4981 0.1701 0.8503
vn 0.1167 0.5050 0.8552
vn 0.1489 0.4885 0.8598
vn 0.1984 0.4630 0.8639
vn 0.2802 0.4204 0.8630
vn 0.3828 0.3581 0.8516
vn 0.4823 0.2840 0.8287
vn 0.0154 0.1379 0.9903
vn 0.0438 0.1315 0.9904
vn 0.0578 0.1229 0.9907
vn 0.0795 0.1128 0.9904
vn 0.1089 0.1018 0.9888
vn 0.1459 0.0904 0.9852
vn -0.0007 0.2661 0.9639
vn 0.0232 0.2549 0.9667
vn 0.0364 0.2410 0.9699
vn 0.0583 0.2251 0.9726
vn 0.0892 0.2077 0.9741
vn 0.1292 0.1892 0.9734
vn -0.0250 0.3817 0.9239
vn -0.0032 0.3690 0.9294
vn 0.0110 0.3539 0.9352
vn 0.0343 0.3370 0.9409
vn 0.0671 0.3181 0.9457
vn 0.1097 0.2973 0.9485
vn -0.0529 0.4835 0.8737
vn -0.0286 0.4724 0.8809
vn -0.0113 0.4595 0.8881
vn 0.0141 0.4450 0.8954
vn 0.0483 0.4285 0.9023
vn 0.0919 0.4096 0.9076
vn -0.0796 0.5717 0.8166
vn -0.0480 0.5650 0.8237
vn -0.0267 0.5568 0.8302
vn 0.0008 0.5468 0.8373
vn 0.0353 0.5347 0.8443
vn 0.0777 0.5205 0.8503
vn 0.2581 0.1407 0.9558
vn 0.0944 0.1400 0.9856
vn 0.1005 0.0205 0.9947
vn -0.0089 0.1400 0.9901
vn -0.0649 0.1407 0.9879
vn -0.0743 0.1416 0.9871
vn -0.0712 0.0088 0.9974
vn -0.0376 0.1413 0.9892
vn 0.2327 0.2879 0.9290
vn 0.0773 0.2828 0.9561
vn -0.0194 0.2785 0.9602
vn -0.0721 0.2766 0.9583
vn -0.0813 0.2758 0.9578
vn -0.0476 0.2735 0.9607
vn 0.1893 0.4358 0.8799
vn 0.0441 0.4244 0.9044
vn -0.0422 0.4124 0.9100
vn -0.0888 0.4038 0.9105
vn -0.0966 0.3979 0.9123
vn -0.0662 0.3918 0.9177
vn 0.1316 0.5737 0.8084
vn -0.0049 0.5567 0.8307
vn -0.0809 0.5357 0.8405
vn -0.1196 0.5179 0.8471
vn -0.1234 0.5046 0.8545
vn -0.0933 0.4943 0.8643
vn 0.0678 0.6919 0.7188
vn -0.0645 0.6714 0.7383
vn -0.1364 0.6424 0.7541
vn -0.1675 0.6150 0.7706
vn -0.1638 0.5942 0.7875
vn -0.1276 0.5805 0.8042
vn -0.1617 -0.6544 0.7386
vn 0.1208 -0.6775 0.7255
vn 0.0830 -0.7986 0.5961
vn -0.2748 -0.7623 0.5860
vn 0.1929 -0.7021 0.6854
vn 0.1778 -0.7671 0.6164
vn 0.2119 -0.6970 0.6850
vn 0.1615 -0.7756 0.6103
vn 0.1960 -0.6755 0.7109
vn 0.1170 -0.7923 0.5989
vn 0.1584 -0.6571 0.7370
vn 0.0539 -0.7936 0.6061
vn 0.0832 -0.6577 0.7486
vn -0.0866 -0.5858 0.8058
vn 0.1063 -0.5813 0.8067
vn 0.2389 -0.5743 0.7830
vn 0.2904 -0.5505 0.7827
vn 0.2907 -0.5193 0.8036
vn 0.2495 -0.4921 0.8340
vn -0.0397 -0.5254 0.8499
vn 0.1404 -0.4954 0.8572
vn 0.2984 -0.4587 0.8370
vn 0.3711 -0.4157 0.8303
vn 0.3810 -0.3647 0.8496
vn 0.3257 -0.3265 0.8873
vn -0.0061 -0.4351 0.9003
vn 0.2043 -0.3961 0.8952
vn 0.3740 -0.3413 0.8623
vn 0.4601 -0.2814 0.8421
vn 0.4648 -0.2249 0.8564
vn 0.3870 -0.1853 0.9033
vn 0.0213 -0.2689 0.9629
vn 0.2647 -0.2350 0.9353
vn 0.4495 -0.1937 0.8720
vn 0.5331 -0.1468 0.8333
vn 0.5271 -0.1073 0.8430
vn 0.4295 -0.0801 0.8995
vn 0.0333 -0.0003 0.9994
vn 0.2922 0.0009 0.9564
vn 0.4853 0.0035 0.8743
vn 0.5645 0.0071 0.8254
vn 0.5525 0.0113 0.8335
vn 0.4465 0.0161 0.8947
vn -0.6261 -0.7432 0.2359
vn -0.6099 -0.7407 0.2817
vn -0.5608 -0.7997 0.2147
vn -0.5698 -0.8039 0.1705
vn -0.5835 -0.7347 0.3460
vn -0.5401 -0.7978 0.2681
vn -0.5717 -0.7146 0.4030
vn -0.5287 -0.7925 0.3040
vn -0.5508 -0.6711 0.4962
vn -0.5137 -0.7910 0.3325
vn -0.4402 -0.6246 0.6451
vn -0.4383 -0.8041 0.4015
vn -0.6594 -0.6915 0.2948
vn -0.6329 -0.6862 0.3585
vn -0.5898 -0.6762 0.4414
vn -0.5431 -0.6480 0.5340
vn -0.4654 -0.6160 0.6356
vn -0.2996 -0.5972 0.7440
vn -0.7105 -0.6025 0.3634
vn -0.6679 -0.5973 0.4441
vn -0.6013 -0.5889 0.5400
vn -0.5114 -0.5746 0.6390
vn -0.4038 -0.5532 0.7286
vn -0.2189 -0.5343 0.8164
vn -0.7757 -0.4601 0.4319
vn -0.7189 -0.4569 0.5238
vn -0.6320 -0.4542 0.6279
vn -0.5189 -0.4516 0.7258
vn -0.3781 -0.4440 0.8123
vn -0.1906 -0.4360 0.8795
vn -0.8366 -0.2535 0.4856
vn -0.7724 -0.2533 0.5824
vn -0.6750 -0.2562 0.6919
vn -0.5508 -0.2584 0.7937
vn -0.3918 -0.2610 0.8823
vn -0.2006 -0.2670 0.9426
vn -0.8624 -0.0000 0.5062
vn -0.7971 0.0002 0.6038
vn -0.6984 0.0003 0.7157
vn -0.5710 0.0002 0.8209
vn -0.4093 -0.0002 0.9124
vn -0.2165 -0.0005 0.9763
vn -0.4312 -0.8627 -0.2642
vn -0.4674 -0.8812 -0.0713
vn -0.1752 -0.9642 -0.1990
vn -0.1113 -0.9421 -0.3165
vn -0.4924 -0.8675 0.0703
vn -0.2658 -0.9588 -0.1006
vn -0.5290 -0.8317 0.1686
vn -0.3486 -0.9372 -0.0111
vn -0.5564 -0.7971 0.2348
vn -0.4266 -0.9002 0.0870
vn -0.5974 -0.7670 0.2340
vn -0.5185 -0.8435 0.1404
vn -0.7006 -0.6872 -0.1924
vn -0.7196 -0.6940 0.0235
vn -0.6901 -0.7022 0.1752
vn -0.6518 -0.7125 0.2597
vn -0.6311 -0.7190 0.2912
vn -0.6438 -0.7116 0.2814
vn -0.8618 -0.4883 -0.1373
vn -0.8612 -0.5035 0.0693
vn -0.8157 -0.5399 0.2078
vn -0.7616 -0.5802 0.2887
vn -0.7223 -0.6105 0.3249
vn -0.7136 -0.6184 0.3291
vn -0.9452 -0.3080 -0.1084
vn -0.9407 -0.3299 0.0787
vn -0.9031 -0.3751 0.2092
vn -0.8559 -0.4232 0.2972
vn -0.8161 -0.4596 0.3504
vn -0.7958 -0.4727 0.3786
vn -0.9838 -0.1493 -0.0988
vn -0.9831 -0.1675 0.0738
vn -0.9587 -0.1993 0.2030
vn -0.9250 -0.2312 0.3016
vn -0.8923 -0.2541 0.3730
vn -0.8678 -0.2616 0.4225
vn -0.9952 -0.0000 -0.0978
vn -0.9975 -0.0000 0.0702
vn -0.9797 -0.0000 0.2005
vn -0.9525 -0.0000 0.3047
vn -0.9233 -0.0000 0.3840
vn -0.8973 -0.0000 0.4414
vn -0.0062 -0.9545 -0.2981
vn -0.0183 -0.9047 -0.4256
vn 0.2182 -0.9286 -0.3000
vn 0.1875 -0.9636 -0.1906
vn -0.1072 -0.8588 -0.5010
vn 0.1598 -0.9030 -0.3988
vn -0.2063 -0.8155 -0.5407
vn 0.0607 -0.8789 -0.4731
vn -0.2995 -0.8023 -0.5163
vn -0.0305 -0.8777 -0.4782
vn -0.3753 -0.8257 -0.4212
vn -0.0834 -0.9077 -0.4112
vn -0.2100 -0.8965 -0.3900
vn -0.2454 -0.8235 -0.5115
vn -0.3342 -0.7553 -0.5637
vn -0.4249 -0.6985 -0.5758
vn -0.5248 -0.6691 -0.5262
vn -0.6261 -0.6703 -0.3982
vn -0.4097 -0.7757 -0.4800
vn -0.4524 -0.6902 -0.5647
vn -0.5123 -0.6096 -0.6049
vn -0.6020 -0.5489 -0.5800
vn -0.6983 -0.4999 -0.5123
vn -0.7956 -0.4839 -0.3646
vn -0.5831 -0.5796 -0.5693
vn -0.6043 -0.5197 -0.6039
vn -0.6496 -0.4445 -0.6169
vn -0.7221 -0.3863 -0.5738
vn -0.8018 -0.3461 -0.4871
vn -0.8888 -0.3153 -0.3325
vn -0.7016 -0.3099 -0.6416
vn -0.7130 -0.2779 -0.6437
vn -0.7464 -0.2405 -0.6205
vn -0.7945 -0.2065 -0.5711
vn -0.8662 -0.1772 -0.4672
vn -0.9394 -0.1550 -0.3059
vn -0.7424 -0.0000 -0.6700
vn -0.7541 -0.0000 -0.6568
vn -0.7787 -0.0000 -0.6275
vn -0.8230 -0.0000 -0.5680
vn -0.8882 -0.0000 -0.4594
vn -0.9551 -0.0000 -0.2963
vn -0.0461 -0.9614 -0.2714
vn -0.1166 -0.9601 -0.2542
vn 0.0099 -0.9999 -0.0085
vn 0.0221 -0.9997 -0.0138
vn -0.1486 -0.9664 -0.2099
vn 0.0082 -1.0000 -0.0034
vn -0.1307 -0.9761 -0.1736
vn 0.0327 -0.9994 -0.0130
vn -0.0893 -0.9811 -0.1716
vn 0.0729 -0.9962 -0.0472
vn -0.0430 -0.9756 -0.2153
vn 0.1270 -0.9858 -0.1102
vn -0.1077 -0.8554 -0.5066
vn -0.2148 -0.8521 -0.4773
vn -0.2642 -0.8728 -0.4103
vn -0.2621 -0.9008 -0.3462
vn -0.2380 -0.9191 -0.3139
vn -0.2172 -0.9198 -0.3269
vn -0.1574 -0.6951 -0.7014
vn -0.2878 -0.6911 -0.6630
vn -0.3515 -0.7241 -0.5934
vn -0.3753 -0.7660 -0.5219
vn -0.3818 -0.7950 -0.4713
vn -0.3934 -0.8002 -0.4527
vn -0.1942 -0.4915 -0.8490
vn -0.3401 -0.4878 -0.8040
vn -0.4178 -0.5202 -0.7449
vn -0.4711 -0.5608 -0.6808
vn -0.5120 -0.5900 -0.6243
vn -0.5528 -0.5975 -0.5808
vn -0.2154 -0.2539 -0.9429
vn -0.3733 -0.2517 -0.8929
vn -0.4617 -0.2698 -0.8450
vn -0.5372 -0.2924 -0.7911
vn -0.6032 -0.3092 -0.7353
vn -0.6631 -0.3153 -0.6788
vn -0.2188 -0.0000 -0.9758
vn -0.3850 -0.0000 -0.9229
vn -0.4771 -0.0000 -0.8788
vn -0.5599 -0.0000 -0.8286
vn -0.6340 -0.0000 -0.7734
vn -0.7001 -0.0000 -0.7141
vn 0.7369 -0.5715 -0.3610
vn 0.4016 -0.8267 -0.3941
vn 0.1477 -0.9862 0.0754
vn 0.4859 -0.8154 0.3146
vn 0.2058 -0.9308 -0.3021
vn 0.0122 -0.9994 0.0312
vn 0.1092 -0.9612 -0.2535
vn -0.0098 -0.9997 0.0212
vn 0.0575 -0.9680 -0.2444
vn -0.0061 -0.9999 0.0141
vn 0.0126 -0.9661 -0.2578
vn 0.0126 -0.9999 -0.0004
vn 0.6934 -0.5286 -0.4896
vn 0.5652 -0.6376 -0.5235
vn 0.3684 -0.7649 -0.5284
vn 0.2323 -0.8288 -0.5090
vn 0.1261 -0.8577 -0.4984
vn 0.0168 -0.8646 -0.5022
vn 0.6947 -0.5104 -0.5069
vn 0.6106 -0.5633 -0.5566
vn 0.4400 -0.6383 -0.6316
vn 0.3057 -0.6774 -0.6691
vn 0.1756 -0.7005 -0.6917
vn 0.0182 -0.7081 -0.7059
vn 0.7228 -0.4598 -0.5159
vn 0.6046 -0.5071 -0.6143
vn 0.4576 -0.5084 -0.7295
vn 0.3387 -0.4983 -0.7981
vn 0.2039 -0.4984 -0.8427
vn 0.0170 -0.5023 -0.8645
vn 0.7798 -0.3591 -0.5128
vn 0.5489 -0.4075 -0.7298
vn 0.4385 -0.3110 -0.8432
vn 0.3437 -0.2571 -0.9032
vn 0.2183 -0.2421 -0.9454
vn 0.0198 -0.2512 -0.9677
vn 0.7512 -0.0000 -0.6601
vn 0.5364 -0.0000 -0.8440
vn 0.4320 -0.0000 -0.9019
vn 0.3492 -0.0000 -0.9371
vn 0.2333 -0.0000 -0.9724
vn 0.0324 -0.0000 -0.9995
vn 0.5087 0.3032 0.8058
vn 0.9087 -0.0000 0.4175
vn 0.5087 -0.3032 0.8058
vn 0.3939 -0.0000 0.9191
vn 0.8800 -0.1544 0.4492
vn 0.5252 -0.3629 0.7697
vn 0.8747 -0.2128 0.4355
vn 0.5253 -0.3835 0.7596
vn 0.9070 -0.2563 0.3340
vn 0.5399 -0.4025 0.7393
vn 0.9177 -0.3971 0.0086
vn 0.5813 -0.5256 0.6211
vn 0.8800 0.1544 0.4492
vn 0.9487 -0.0000 0.3163
vn 0.9710 -0.0849 0.2236
vn 0.9819 -0.1781 0.0651
vn 0.8808 -0.3932 -0.2638
vn 0.5253 0.3835 0.7596
vn 0.8747 0.2128 0.4355
vn 0.9710 0.0849 0.2236
vn 0.9967 -0.0000 0.0809
vn 0.9897 -0.1160 -0.0834
vn 0.8623 -0.3605 -0.3557
vn 0.5399 0.4025 0.7393
vn 0.9070 0.2563 0.3340
vn 0.9819 0.1781 0.0651
vn 0.9897 0.1160 -0.0834
vn 0.9761 -0.0000 -0.2175
vn 0.8809 -0.2484 -0.4030
vn 0.9177 0.3971 0.0086
vn 0.8808 0.3932 -0.2638
vn 0.8623 0.3605 -0.3557
vn 0.8809 0.2484 -0.4030
vn 0.9027 -0.0000 -0.4304
vn 0.4859 0.8154 0.3146
vn 0.7369 0.5715 -0.3610
vn 0.6934 0.5286 -0.4896
vn 0.6947 0.5104 -0.5069
vn -0.7397 0.0318 -0.6721
vn -0.8934 0.1144 -0.4345
vn -0.8360 -0.0152 -0.5485
vn -0.6949 -0.0994 -0.7122
vn -0.9645 0.1964 -0.1763
vn -0.9230 0.0969 -0.3723
vn -0.9630 0.2687 -0.0200
vn -0.9465 0.2215 -0.2348
vn -0.9444 0.3287 0.0074
vn -0.9223 0.3468 -0.1706
vn -0.9195 0.3825 -0.0905
vn -0.8688 0.4547 -0.1959
vn -0.8883 0.4312 -0.1577
vn -0.7426 0.0888 -0.6639
vn -0.8906 0.1710 -0.4214
vn -0.9648 0.2074 -0.1617
vn -0.9777 0.2091 -0.0194
vn -0.9790 0.2039 -0.0006
vn -0.9740 0.2103 -0.0838
vn -0.7521 -0.0649 -0.6559
vn -0.8806 0.0477 -0.4715
vn -0.9556 0.0772 -0.2843
vn -0.9861 0.0506 -0.1580
vn -0.9938 0.0108 -0.1111
vn -0.9921 -0.0120 -0.1248
vn -0.7470 -0.3930 -0.5363
vn -0.8541 -0.2461 -0.4582
vn -0.8901 -0.1997 -0.4098
vn -0.9176 -0.2099 -0.3376
vn -0.9334 -0.2442 -0.2630
vn -0.9437 -0.2693 -0.1919
vn -0.6474 -0.6997 -0.3021
vn -0.7301 -0.5997 -0.3276
vn -0.7362 -0.5470 -0.3986
vn -0.7580 -0.5083 -0.4087
vn -0.7915 -0.5001 -0.3512
vn -0.8266 -0.5094 -0.2391
vn -0.8500 -0.5138 -0.1166
vn -0.6081 -0.3812 -0.6964
vn -0.5043 -0.2600 -0.8234
vn -0.3961 -0.3421 -0.8521
vn -0.4799 -0.4102 -0.7755
vn -0.4788 -0.1862 -0.8580
vn -0.3663 -0.2939 -0.8828
vn -0.4848 -0.1328 -0.8645
vn -0.3812 -0.2398 -0.8928
vn -0.5195 -0.0862 -0.8501
vn -0.4412 -0.1926 -0.8765
vn -0.6008 -0.0335 -0.7987
vn -0.5482 -0.1536 -0.8221
vn -0.7755 -0.3653 -0.5149
vn -0.6839 -0.2405 -0.6888
vn -0.6495 -0.1406 -0.7473
vn -0.6063 -0.0676 -0.7924
vn -0.5943 -0.0178 -0.8040
vn -0.6235 0.0182 -0.7816
vn -0.8547 -0.4133 -0.3142
vn -0.8258 -0.3189 -0.4652
vn -0.8049 -0.2289 -0.5475
vn -0.7342 -0.1757 -0.6559
vn -0.6659 -0.1549 -0.7298
vn -0.6408 -0.1457 -0.7537
vn -0.8040 -0.5633 -0.1907
vn -0.8160 -0.5131 -0.2662
vn -0.8245 -0.4610 -0.3282
vn -0.7735 -0.4403 -0.4560
vn -0.6914 -0.4493 -0.5658
vn -0.6429 -0.4571 -0.6146
vn -0.6688 -0.7308 -0.1366
vn -0.6873 -0.7104 -0.1516
vn -0.7056 -0.6882 -0.1690
vn -0.6864 -0.6851 -0.2440
vn -0.6356 -0.6996 -0.3264
vn -0.6037 -0.7115 -0.3595
vn -0.4030 -0.8296 -0.3866
vn -0.5626 -0.7567 -0.3330
vn -0.3335 -0.8271 -0.4523
vn -0.7000 -0.6716 -0.2427
vn -0.5818 -0.7291 -0.3605
vn -0.7802 -0.5949 -0.1934
vn -0.8078 -0.5397 -0.2373
vn -0.7766 -0.4788 -0.4094
vn -0.6339 -0.5005 -0.5896
vn -0.4243 -0.8696 -0.2524
vn -0.6079 -0.7566 -0.2410
vn -0.7438 -0.6478 -0.1646
vn -0.8104 -0.5740 -0.1175
vn -0.8382 -0.5273 -0.1391
vn -0.8496 -0.4675 -0.2440
vn -0.3653 -0.9309 -0.0017
vn -0.5593 -0.8231 -0.0981
vn -0.6887 -0.7168 -0.1089
vn -0.7607 -0.6419 -0.0963
vn -0.8021 -0.5879 -0.1047
vn -0.8422 -0.5196 -0.1439
vn -0.2404 -0.9324 0.2698
vn -0.4060 -0.9073 0.1099
vn -0.5372 -0.8430 -0.0278
vn -0.6349 -0.7684 -0.0807
vn -0.7025 -0.7045 -0.1010
vn -0.7616 -0.6385 -0.1108
vn -0.0782 -0.8791 0.4701
vn -0.1820 -0.9339 0.3079
vn -0.3091 -0.9460 0.0977
vn -0.4537 -0.8909 -0.0222
vn -0.5656 -0.8210 -0.0780
vn -0.6369 -0.7645 -0.0993
vn -0.4596 -0.8794 0.1240
vn -0.4530 -0.8895 0.0591
vn -0.3599 -0.9330 -0.0045
vn -0.3310 -0.9388 -0.0953
vn -0.3027 -0.9426 -0.1408
vn -0.2601 -0.9337 -0.2459
vn -0.2845 -0.9208 -0.2667
vn -0.2373 -0.8998 -0.3662
vn -0.3093 -0.8795 -0.3617
vn -0.4409 -0.8766 0.1929
vn -0.3395 -0.9347 0.1049
vn -0.2770 -0.9608 0.0122
vn -0.2606 -0.9610 -0.0927
vn -0.3009 -0.9324 -0.2005
vn -0.4038 -0.8811 0.2463
vn -0.2764 -0.9392 0.2039
vn -0.1998 -0.9661 0.1637
vn -0.1837 -0.9776 0.1031
vn -0.2112 -0.9773 0.0184
vn -0.3155 -0.8967 0.3105
vn -0.1496 -0.9347 0.3224
vn -0.0716 -0.9441 0.3218
vn -0.0558 -0.9534 0.2967
vn -0.1138 -0.9635 0.2423
vn -0.1049 -0.8742 0.4741
vn 0.0440 -0.8625 0.5041
vn 0.0748 -0.8657 0.4949
vn 0.0541 -0.8871 0.4584
vn -0.0252 -0.8959 0.4435
vn 0.6701 -0.1958 -0.7160
vn 0.5573 -0.3928 -0.7315
vn 0.2443 -0.4333 -0.8675
vn 0.6045 -0.0000 -0.7966
vn 0.5041 -0.6220 -0.5992
vn 0.0683 -0.6537 -0.7537
vn 0.3776 -0.7643 -0.5227
vn -0.0497 -0.7664 -0.6404
vn 0.1714 -0.8381 -0.5178
vn -0.1125 -0.8250 -0.5538
vn -0.0765 -0.8618 -0.5014
vn -0.2081 -0.8363 -0.5073
vn -0.2583 -0.8607 -0.4388
vn 0.6777 -0.3979 -0.6184
vn 0.4614 -0.6003 -0.6532
vn 0.3832 -0.7616 -0.5226
vn 0.2958 -0.8406 -0.4537
vn 0.1653 -0.8795 -0.4463
vn -0.0377 -0.8959 -0.4426
vn 0.6207 -0.6016 -0.5028
vn 0.3709 -0.7638 -0.5283
vn 0.2709 -0.8558 -0.4408
vn 0.1973 -0.8982 -0.3927
vn 0.0975 -0.9222 -0.3742
vn -0.0713 -0.9361 -0.3444
vn 0.4414 -0.7953 -0.4155
vn 0.2465 -0.8794 -0.4074
vn 0.1459 -0.9214 -0.3602
vn 0.0707 -0.9452 -0.3187
vn -0.0271 -0.9612 -0.2745
vn -0.1770 -0.9627 -0.2044
vn 0.1781 -0.9173 -0.3561
vn 0.0789 -0.9462 -0.3138
vn -0.0025 -0.9636 -0.2674
vn -0.0932 -0.9748 -0.2028
vn -0.2114 -0.9702 -0.1187
vn -0.3508 -0.9361 -0.0255
vn 0.8619 -0.2959 0.4117
vn 0.7628 -0.2879 0.5790
vn 0.7817 -0.0000 0.6236
vn 0.9002 -0.0000 0.4355
vn 0.7148 -0.2450 0.6550
vn 0.7166 -0.0000 0.6975
vn 0.7774 -0.2281 0.5861
vn 0.8057 -0.0000 0.5923
vn 0.9356 -0.2523 0.2469
vn 0.9894 -0.0000 0.1449
vn 0.9135 -0.2362 -0.3314
vn 0.8723 -0.0000 -0.4890
vn 0.7672 -0.5468 0.3352
vn 0.7308 -0.5171 0.4457
vn 0.7450 -0.4298 0.5102
vn 0.8112 -0.3504 0.4683
vn 0.9200 -0.3297 0.2120
vn 0.8994 -0.3596 -0.2484
vn 0.6443 -0.7329 0.2185
vn 0.6754 -0.6937 0.2503
vn 0.7430 -0.6125 0.2698
vn 0.8192 -0.5286 0.2228
vn 0.8698 -0.4920 0.0375
vn 0.8135 -0.5293 -0.2409
vn 0.5097 -0.8564 0.0821
vn 0.5760 -0.8163 0.0433
vn 0.6411 -0.7675 -0.0058
vn 0.6812 -0.7272 -0.0846
vn 0.6671 -0.7161 -0.2053
vn 0.5891 -0.7461 -0.3103
vn 0.3613 -0.9306 -0.0586
vn 0.4251 -0.8941 -0.1408
vn 0.4314 -0.8701 -0.2383
vn 0.3846 -0.8593 -0.3371
vn 0.3094 -0.8656 -0.3938
vn 0.2459 -0.8928 -0.3774
vn 0.4890 -0.2420 0.8380
vn 0.7202 -0.2460 0.6487
vn 0.7531 -0.0000 0.6579
vn 0.5184 -0.0000 0.8552
vn 0.8441 -0.2414 0.4788
vn 0.8734 -0.0000 0.4871
vn 0.9022 -0.2380 0.3598
vn 0.9302 -0.0000 0.3671
vn 0.9209 -0.2458 0.3024
vn 0.9512 -0.0000 0.3086
vn 0.9142 -0.2674 0.3046
vn 0.9508 -0.0000 0.3099
vn 0.4105 -0.4712 0.7807
vn 0.6279 -0.4762 0.6156
vn 0.7546 -0.4726 0.4551
vn 0.8121 -0.4753 0.3384
vn 0.8246 -0.4928 0.2779
vn 0.8088 -0.5211 0.2725
vn 0.3039 -0.6807 0.6665
vn 0.4893 -0.6829 0.5424
vn 0.6061 -0.6828 0.4079
vn 0.6575 -0.6921 0.2978
vn 0.6656 -0.7104 0.2288
vn 0.6542 -0.7283 0.2039
vn 0.1934 -0.8510 0.4882
vn 0.3269 -0.8494 0.4143
vn 0.4131 -0.8523 0.3208
vn 0.4539 -0.8612 0.2287
vn 0.4674 -0.8702 0.1558
vn 0.4790 -0.8711 0.1088
vn 0.0971 -0.9625 0.2532
vn 0.1621 -0.9603 0.2268
vn 0.2036 -0.9619 0.1825
vn 0.2339 -0.9643 0.1245
vn 0.2609 -0.9634 0.0622
vn 0.3008 -0.9537 -0.0000
vn -0.0255 -0.2092 0.9775
vn -0.1000 -0.0000 0.9950
vn -0.1246 -0.1319 0.9834
vn -0.1632 -0.0000 0.9866
vn -0.0986 -0.1455 0.9844
vn -0.1155 -0.0000 0.9933
vn 0.0026 -0.1901 0.9818
vn -0.0039 -0.0000 1.0000
vn 0.2003 -0.2300 0.9523
vn 0.2112 -0.0000 0.9774
vn 0.0717 -0.3923 0.9170
vn -0.0780 -0.3682 0.9265
vn -0.0857 -0.3801 0.9210
vn -0.0133 -0.4201 0.9074
vn 0.1597 -0.4592 0.8738
vn 0.0931 -0.4657 0.8801
vn -0.0654 -0.5165 0.8538
vn -0.0937 -0.5747 0.8130
vn -0.0346 -0.6269 0.7784
vn 0.1049 -0.6650 0.7394
vn 0.0310 -0.5619 0.8267
vn -0.0853 -0.6919 0.7169
vn -0.1060 -0.7643 0.6361
vn -0.0539 -0.8104 0.5834
vn 0.0474 -0.8424 0.5368
vn -0.0562 -0.7823 0.6204
vn -0.0859 -0.8980 0.4315
vn -0.0770 -0.9403 0.3316
vn -0.0492 -0.9561 0.2889
vn 0.0150 -0.9628 0.2698
vn 0.0276 0.2710 0.9622
vn 0.2734 0.2425 0.9308
vn 0.4634 0.2094 0.8611
vn 0.5452 0.1773 0.8193
vn 0.5362 0.1545 0.8298
vn 0.4342 0.1430 0.8894
vn 0.0185 0.4374 0.8991
vn 0.2388 0.4064 0.8819
vn 0.4249 0.3674 0.8273
vn 0.5030 0.3357 0.7964
vn 0.4950 0.3088 0.8122
vn 0.3990 0.2928 0.8690
vn 0.0110 0.5290 0.8486
vn 0.2228 0.5153 0.8276
vn 0.3968 0.4964 0.7721
vn 0.4606 0.4761 0.7491
vn 0.4429 0.4575 0.7711
vn 0.3477 0.4423 0.8267
vn -0.0045 0.5934 0.8049
vn 0.2481 0.5964 0.7634
vn 0.3903 0.6068 0.6924
vn 0.4224 0.6045 0.6754
vn 0.3895 0.5924 0.7053
vn 0.2862 0.5807 0.7621
vn 0.0044 0.6432 0.7657
vn 0.3163 0.6929 0.6479
vn 0.3946 0.7222 0.5681
vn 0.3793 0.7266 0.5729
vn 0.3305 0.7146 0.6166
vn 0.2196 0.6991 0.6804
vn -0.0095 0.8645 0.5026
vn 0.3511 0.7758 0.5242
vn 0.4271 0.7344 0.5275
vn 0.3712 0.7668 0.5236
vn 0.2841 0.8021 0.5253
vn 0.1438 0.8033 0.5780
vn -0.8365 0.2535 0.4857
vn -0.7722 0.2535 0.5826
vn -0.6749 0.2564 0.6920
vn -0.5509 0.2581 0.7937
vn -0.3919 0.2596 0.8826
vn -0.1996 0.2651 0.9433
vn -0.7757 0.4600 0.4320
vn -0.7189 0.4567 0.5239
vn -0.6324 0.4538 0.6278
vn -0.5196 0.4503 0.7261
vn -0.3778 0.4418 0.8137
vn -0.1850 0.4336 0.8819
vn -0.7108 0.6024 0.3632
vn -0.6686 0.5969 0.4435
vn -0.6028 0.5882 0.5392
vn -0.5130 0.5733 0.6388
vn -0.4026 0.5517 0.7304
vn -0.2056 0.5334 0.8205
vn -0.6598 0.6914 0.2943
vn -0.6341 0.6859 0.3571
vn -0.5917 0.6759 0.4393
vn -0.5445 0.6479 0.5326
vn -0.4632 0.6167 0.6365
vn -0.2794 0.5998 0.7498
vn -0.6265 0.7431 0.2354
vn -0.6106 0.7407 0.2801
vn -0.5840 0.7355 0.3434
vn -0.5712 0.7166 0.4002
vn -0.5483 0.6745 0.4944
vn -0.4304 0.6206 0.6555
vn -0.5647 0.8071 0.1724
vn -0.5028 0.8252 0.2573
vn -0.4711 0.8352 0.2838
vn -0.4330 0.8489 0.3031
vn -0.3189 0.8878 0.3320
vn -0.9838 0.1493 -0.0988
vn -0.9831 0.1675 0.0738
vn -0.9587 0.1993 0.2030
vn -0.9250 0.2312 0.3016
vn -0.8923 0.2541 0.3730
vn -0.8678 0.2616 0.4225
vn -0.9452 0.3080 -0.1084
vn -0.9407 0.3299 0.0787
vn -0.9031 0.3751 0.2092
vn -0.8559 0.4232 0.2972
vn -0.8161 0.4596 0.3504
vn -0.7958 0.4727 0.3786
vn -0.8618 0.4883 -0.1373
vn -0.8612 0.5035 0.0693
vn -0.8157 0.5399 0.2078
vn -0.7616 0.5802 0.2887
vn -0.7223 0.6105 0.3249
vn -0.7136 0.6185 0.3290
vn -0.7006 0.6872 -0.1924
vn -0.7196 0.6940 0.0235
vn -0.6901 0.7022 0.1752
vn -0.6518 0.7125 0.2597
vn -0.6311 0.7190 0.2912
vn -0.6438 0.7116 0.2814
vn -0.4312 0.8627 -0.2642
vn -0.4674 0.8812 -0.0713
vn -0.4924 0.8675 0.0703
vn -0.5290 0.8317 0.1686
vn -0.5564 0.7971 0.2348
vn -0.5974 0.7670 0.2340
vn -0.1115 0.9420 -0.3166
vn -0.1765 0.9639 -0.1992
vn -0.2691 0.9579 -0.0999
vn -0.3542 0.9351 -0.0086
vn -0.4333 0.8967 0.0911
vn -0.5226 0.8403 0.1442
vn -0.7016 0.3099 -0.6416
vn -0.7130 0.2779 -0.6437
vn -0.7464 0.2405 -0.6205
vn -0.7945 0.2065 -0.5711
vn -0.8662 0.1772 -0.4672
vn -0.9394 0.1550 -0.3059
vn -0.5831 0.5796 -0.5693
vn -0.6043 0.5197 -0.6039
vn -0.6496 0.4445 -0.6169
vn -0.7221 0.3863 -0.5738
vn -0.8018 0.3461 -0.4871
vn -0.8888 0.3153 -0.3325
vn -0.4097 0.7757 -0.4800
vn -0.4524 0.6902 -0.5647
vn -0.5123 0.6096 -0.6049
vn -0.6020 0.5489 -0.5800
vn -0.6983 0.4999 -0.5123
vn -0.7956 0.4839 -0.3646
vn -0.2100 0.8965 -0.3900
vn -0.2454 0.8235 -0.5115
vn -0.3342 0.7553 -0.5637
vn -0.4249 0.6985 -0.5758
vn -0.5248 0.6691 -0.5262
vn -0.6261 0.6703 -0.3982
vn -0.0062 0.9545 -0.2981
vn -0.0183 0.9047 -0.4256
vn -0.1072 0.8588 -0.5010
vn -0.2063 0.8155 -0.5407
vn -0.2996 0.8023 -0.5163
vn -0.3753 0.8257 -0.4212
vn 0.1875 0.9636 -0.1906
vn 0.2182 0.9286 -0.3000
vn 0.1598 0.9030 -0.3988
vn 0.0607 0.8789 -0.4731
vn -0.0304 0.8777 -0.4782
vn -0.0833 0.9077 -0.4112
vn -0.2154 0.2539 -0.9429
vn -0.3733 0.2517 -0.8929
vn -0.4617 0.2698 -0.8450
vn -0.5372 0.2924 -0.7911
vn -0.6032 0.3092 -0.7353
vn -0.6631 0.3153 -0.6788
vn -0.1942 0.4915 -0.8490
vn -0.3401 0.4878 -0.8040
vn -0.4178 0.5202 -0.7449
vn -0.4711 0.5608 -0.6808
vn -0.5120 0.5900 -0.6243
vn -0.5528 0.5975 -0.5808
vn -0.1574 0.6951 -0.7014
vn -0.2878 0.6911 -0.6630
vn -0.3515 0.7241 -0.5934
vn -0.3753 0.7660 -0.5219
vn -0.3818 0.7950 -0.4713
vn -0.3934 0.8002 -0.4527
vn -0.1077 0.8554 -0.5066
vn -0.2148 0.8521 -0.4773
vn -0.2642 0.8728 -0.4103
vn -0.2621 0.9008 -0.3462
vn -0.2380 0.9191 -0.3139
vn -0.2172 0.9198 -0.3269
vn -0.0461 0.9614 -0.2714
vn -0.1166 0.9601 -0.2542
vn -0.1486 0.9664 -0.2099
vn -0.1307 0.9761 -0.1736
vn -0.0893 0.9811 -0.1716
vn -0.0430 0.9756 -0.2153
vn 0.0221 0.9997 -0.0138
vn 0.0098 0.9999 -0.0084
vn 0.0082 1.0000 -0.0034
vn 0.0327 0.9994 -0.0130
vn 0.0729 0.9962 -0.0472
vn 0.1270 0.9858 -0.1102
vn 0.7798 0.3591 -0.5128
vn 0.5489 0.4075 -0.7298
vn 0.4385 0.3110 -0.8432
vn 0.3437 0.2571 -0.9032
vn 0.2183 0.2421 -0.9454
vn 0.0198 0.2512 -0.9677
vn 0.7228 0.4598 -0.5159
vn 0.6046 0.5071 -0.6143
vn 0.4576 0.5084 -0.7295
vn 0.3387 0.4983 -0.7981
vn 0.2039 0.4984 -0.8427
vn 0.0170 0.5023 -0.8645
vn 0.6106 0.5634 -0.5566
vn 0.4400 0.6383 -0.6316
vn 0.3057 0.6774 -0.6691
vn 0.1756 0.7005 -0.6917
vn 0.0182 0.7081 -0.7059
vn 0.5652 0.6376 -0.5235
vn 0.3684 0.7649 -0.5284
vn 0.2323 0.8288 -0.5090
vn 0.1261 0.8577 -0.4984
vn 0.0168 0.8646 -0.5022
vn 0.4016 0.8267 -0.3941
vn 0.2058 0.9308 -0.3021
vn 0.1092 0.9612 -0.2535
vn 0.0575 0.9680 -0.2444
vn 0.0126 0.9661 -0.2578
vn 0.1477 0.9862 0.0753
vn 0.0122 0.9994 0.0312
vn -0.0098 0.9997 0.0212
vn -0.0061 0.9999 0.0141
vn 0.0126 0.9999 -0.0004
vn -0.7083 0.6734 -0.2118
vn -0.7753 0.5657 -0.2810
vn -0.7525 0.5257 -0.3967
vn -0.7523 0.4928 -0.4373
vn -0.7778 0.4891 -0.3947
vn -0.8184 0.5050 -0.2741
vn -0.7310 0.4168 -0.5403
vn -0.8757 0.2165 -0.4317
vn -0.8901 0.1783 -0.4194
vn -0.9065 0.1949 -0.3746
vn -0.9210 0.2364 -0.3097
vn -0.9372 0.2671 -0.2245
vn -0.7203 0.0719 -0.6899
vn -0.8824 -0.0770 -0.4642
vn -0.9468 -0.1063 -0.3038
vn -0.9779 -0.0723 -0.1963
vn -0.9882 -0.0218 -0.1514
vn -0.9887 0.0087 -0.1496
vn -0.7472 -0.1015 -0.6568
vn -0.8861 -0.2021 -0.4171
vn -0.9550 -0.2419 -0.1716
vn -0.9713 -0.2346 -0.0399
vn -0.9759 -0.2170 -0.0225
vn -0.9719 -0.2144 -0.0969
vn -0.9603 -0.2395 -0.1430
vn -0.7694 -0.0567 -0.6362
vn -0.8936 -0.1357 -0.4279
vn -0.9600 -0.2194 -0.1741
vn -0.9583 -0.2848 -0.0231
vn -0.9417 -0.3364 0.0020
vn -0.9183 -0.3846 -0.0940
vn -0.7033 0.1079 -0.7026
vn -0.8376 0.0090 -0.5462
vn -0.9233 -0.1032 -0.3699
vn -0.9459 -0.2254 -0.2336
vn -0.9218 -0.3483 -0.1703
vn -0.8687 -0.4550 -0.1959
vn -0.3945 0.3473 -0.8508
vn -0.4744 0.2766 -0.8357
vn -0.5997 0.3906 -0.6984
vn -0.4736 0.4118 -0.7785
vn -0.6389 0.2013 -0.7424
vn -0.7899 0.3573 -0.4984
vn -0.8325 0.1989 -0.5171
vn -0.8984 0.3814 -0.2179
vn -0.8663 0.3679 -0.3379
vn -0.8420 0.5353 -0.0664
vn -0.7314 0.5964 -0.3308
vn -0.3629 0.3063 -0.8800
vn -0.4310 0.2325 -0.8719
vn -0.5414 0.1071 -0.8339
vn -0.6861 0.0224 -0.7272
vn -0.7517 0.1178 -0.6488
vn -0.6560 0.3494 -0.6690
vn -0.3719 0.2702 -0.8881
vn -0.4296 0.2137 -0.8773
vn -0.5087 0.0679 -0.8583
vn -0.6130 -0.0775 -0.7863
vn -0.6693 -0.0959 -0.7368
vn -0.6134 0.0484 -0.7883
vn -0.4309 0.2438 -0.8688
vn -0.4738 0.2070 -0.8560
vn -0.5570 0.0660 -0.8279
vn -0.6519 -0.0913 -0.7528
vn -0.6998 -0.1740 -0.6928
vn -0.6735 -0.0934 -0.7332
vn -0.5305 0.2196 -0.8187
vn -0.5641 0.1997 -0.8012
vn -0.6360 0.1089 -0.7639
vn -0.7022 0.0086 -0.7119
vn -0.7405 -0.0702 -0.6684
vn -0.7280 -0.0464 -0.6840
vn 0.0295 0.8537 0.5199
vn -0.0757 0.8975 0.4345
vn -0.2623 0.9153 0.3057
vn -0.4747 0.8547 0.2100
vn -0.6195 0.7735 0.1341
vn -0.6935 0.7180 0.0587
vn -0.7120 0.6993 -0.0640
vn 0.0096 0.9201 0.3915
vn -0.1655 0.9572 0.2376
vn -0.3928 0.9121 0.1176
vn -0.5846 0.8081 0.0726
vn -0.7046 0.7082 0.0451
vn -0.7794 0.6266 -0.0014
vn -0.0192 0.9861 0.1649
vn -0.2635 0.9647 -0.0010
vn -0.5053 0.8621 -0.0386
vn -0.6760 0.7367 -0.0185
vn -0.7766 0.6297 -0.0194
vn -0.8437 0.5316 -0.0751
vn -0.1046 0.9866 -0.1255
vn -0.3351 0.9213 -0.1971
vn -0.5654 0.8101 -0.1550
vn -0.7207 0.6863 -0.0983
vn -0.8045 0.5849 -0.1030
vn -0.8460 0.4913 -0.2071
vn -0.1810 0.9299 -0.3202
vn -0.3513 0.8781 -0.3248
vn -0.5476 0.7936 -0.2653
vn -0.6985 0.6838 -0.2111
vn -0.7739 0.5872 -0.2370
vn -0.7678 0.4999 -0.4008
vn -0.2057 0.8833 -0.4213
vn -0.4517 0.7993 -0.3965
vn -0.5648 0.7228 -0.3983
vn -0.6297 0.6257 -0.4605
vn -0.6077 0.5109 -0.6080
vn 0.1690 0.8852 0.4335
vn 0.3439 0.8147 0.4670
vn 0.3525 0.8136 0.4624
vn 0.2956 0.8481 0.4398
vn 0.1527 0.8695 0.4697
vn -0.0858 0.9571 0.2769
vn 0.1549 0.9348 0.3197
vn 0.2567 0.8980 0.3573
vn 0.2678 0.8875 0.3750
vn 0.1794 0.9114 0.3703
vn -0.2372 0.9432 0.2326
vn -0.0257 0.9715 0.2355
vn 0.1096 0.9602 0.2570
vn 0.1612 0.9523 0.2592
vn 0.1424 0.9653 0.2190
vn -0.3327 0.9214 0.2009
vn -0.1656 0.9727 0.1623
vn -0.0444 0.9902 0.1325
vn 0.0205 0.9964 0.0817
vn 0.0060 0.9999 -0.0113
vn -0.5421 0.8130 0.2124
vn -0.4033 0.9035 0.1452
vn -0.2634 0.9629 0.0580
vn -0.1683 0.9851 -0.0366
vn -0.1161 0.9833 -0.1400
vn -0.1135 0.9625 -0.2465
vn -0.4370 0.8962 0.0766
vn -0.3002 0.9523 -0.0544
vn -0.2108 0.9597 -0.1859
vn -0.1664 0.9391 -0.3008
vn -0.1621 0.9093 -0.3833
vn 0.1775 0.9171 -0.3569
vn 0.0745 0.9458 -0.3161
vn -0.0144 0.9632 -0.2683
vn -0.1137 0.9735 -0.1983
vn -0.2365 0.9658 -0.1065
vn -0.3670 0.9302 -0.0095
vn 0.4405 0.7951 -0.4169
vn 0.2387 0.8789 -0.4130
vn 0.1257 0.9219 -0.3665
vn 0.0374 0.9473 -0.3182
vn -0.0672 0.9634 -0.2596
vn -0.2018 0.9636 -0.1755
vn 0.6197 0.6013 -0.5045
vn 0.3620 0.7626 -0.5361
vn 0.2474 0.8563 -0.4533
vn 0.1596 0.9025 -0.3999
vn 0.0550 0.9301 -0.3632
vn -0.0909 0.9468 -0.3088
vn 0.6770 0.3974 -0.6195
vn 0.4544 0.5977 -0.6605
vn 0.3630 0.7602 -0.5388
vn 0.2619 0.8441 -0.4678
vn 0.1300 0.8886 -0.4399
vn -0.0412 0.9130 -0.4059
vn 0.6701 0.1955 -0.7161
vn 0.5542 0.3899 -0.7354
vn 0.4928 0.6174 -0.6132
vn 0.3558 0.7631 -0.5395
vn 0.1532 0.8440 -0.5140
vn -0.0536 0.8815 -0.4691
vn 0.2656 0.4137 -0.8708
vn 0.0860 0.6283 -0.7732
vn -0.0540 0.7498 -0.6594
vn -0.1023 0.8281 -0.5513
vn -0.1530 0.8605 -0.4859
vn 0.3613 0.9306 -0.0586
vn 0.4251 0.8941 -0.1408
vn 0.4314 0.8701 -0.2383
vn 0.3847 0.8593 -0.3371
vn 0.3095 0.8656 -0.3937
vn 0.2460 0.8928 -0.3773
vn 0.5097 0.8564 0.0821
vn 0.5760 0.8163 0.0433
vn 0.6411 0.7675 -0.0057
vn 0.6812 0.7272 -0.0846
vn 0.6671 0.7161 -0.2053
vn 0.5892 0.7461 -0.3102
vn 0.6443 0.7329 0.2185
vn 0.6754 0.6937 0.2503
vn 0.7430 0.6125 0.2698
vn 0.8191 0.5286 0.2228
vn 0.8698 0.4920 0.0375
vn 0.8135 0.5293 -0.2408
vn 0.7672 0.5468 0.3352
vn 0.7308 0.5171 0.4457
vn 0.7450 0.4298 0.5102
vn 0.8112 0.3504 0.4683
vn 0.9200 0.3297 0.2120
vn 0.8994 0.3596 -0.2484
vn 0.8619 0.2959 0.4117
vn 0.7628 0.2879 0.5790
vn 0.7148 0.2450 0.6550
vn 0.7774 0.2281 0.5861
vn 0.9356 0.2523 0.2468
vn 0.9135 0.2362 -0.3314
vn 0.0971 0.9625 0.2532
vn 0.1621 0.9604 0.2268
vn 0.2036 0.9619 0.1825
vn 0.2339 0.9643 0.1245
vn 0.2609 0.9634 0.0622
vn 0.3008 0.9537 -0.0000
vn 0.1934 0.8510 0.4882
vn 0.3269 0.8494 0.4143
vn 0.4131 0.8523 0.3208
vn 0.4539 0.8612 0.2287
vn 0.4674 0.8702 0.1558
vn 0.4790 0.8711 0.1088
vn 0.3039 0.6807 0.6665
vn 0.4893 0.6829 0.5424
vn 0.6061 0.6828 0.4079
vn 0.6575 0.6921 0.2978
vn 0.6656 0.7104 0.2288
vn 0.6542 0.7283 0.2039
vn 0.4105 0.4712 0.7807
vn 0.6279 0.4762 0.6156
vn 0.7546 0.4726 0.4551
vn 0.8121 0.4753 0.3384
vn 0.8246 0.4928 0.2779
vn 0.8088 0.5211 0.2725
vn 0.4890 0.2420 0.8380
vn 0.7202 0.2460 0.6487
vn 0.8441 0.2414 0.4788
vn 0.9022 0.2380 0.3598
vn 0.9209 0.2458 0.3024
vn 0.9142 0.2674 0.3046
vn 0.5813 0.5256 0.6211
vn -0.0562 0.7823 0.6204
vn -0.0859 0.8980 0.4315
vn -0.0770 0.9403 0.3316
vn -0.0492 0.9561 0.2889
vn 0.0150 0.9628 0.2698
vn 0.0310 0.5619 0.8267
vn -0.0853 0.6919 0.7169
vn -0.1060 0.7643 0.6361
vn -0.0539 0.8104 0.5834
vn 0.0474 0.8424 0.5368
vn 0.0931 0.4657 0.8801
vn -0.0654 0.5165 0.8538
vn -0.0937 0.5747 0.8130
vn -0.0346 0.6269 0.7784
vn 0.1049 0.6650 0.7394
vn 0.5252 0.3629 0.7697
vn 0.0717 0.3923 0.9170
vn -0.0780 0.3682 0.9265
vn -0.0857 0.3801 0.9210
vn -0.0133 0.4201 0.9074
vn 0.1597 0.4592 0.8738
vn -0.0255 0.2092 0.9775
vn -0.1246 0.1319 0.9834
vn -0.0986 0.1455 0.9844
vn 0.0026 0.1901 0.9818
vn 0.2003 0.2300 0.9523
vn -0.6615 0.1260 -0.7393
vn -0.7670 0.0785 -0.6369
vn -0.8341 -0.0044 -0.5516
vn -0.8732 -0.1239 -0.4713
vn -0.8714 -0.2634 -0.4139
vn -0.8297 -0.3983 -0.3910
vn -0.6591 0.0629 -0.7494
vn -0.7366 0.0416 -0.6751
vn -0.7653 0.0032 -0.6436
vn -0.7821 -0.0561 -0.6206
vn -0.7834 -0.1352 -0.6066
vn -0.7681 -0.2336 -0.5963
vn -0.6586 -0.0000 -0.7525
vn -0.7259 -0.0000 -0.6878
vn -0.7398 -0.0000 -0.6728
vn -0.7444 -0.0000 -0.6678
vn -0.7390 -0.0000 -0.6737
vn -0.7270 -0.0000 -0.6866
vn -0.6591 -0.0629 -0.7494
vn -0.7366 -0.0416 -0.6751
vn -0.7653 -0.0032 -0.6436
vn -0.7821 0.0561 -0.6206
vn -0.7834 0.1352 -0.6066
vn -0.7681 0.2336 -0.5963
vn -0.6615 -0.1260 -0.7393
vn -0.7670 -0.0785 -0.6369
vn -0.8341 0.0044 -0.5516
vn -0.8732 0.1239 -0.4713
vn -0.8714 0.2634 -0.4139
vn -0.8297 0.3983 -0.3910
vn -0.3750 0.3478 -0.8593
vn -0.3230 0.3013 -0.8972
vn -0.2850 0.2589 -0.9229
vn -0.2980 0.2223 -0.9283
vn -0.3801 0.1889 -0.9054
vn -0.5101 0.1574 -0.8456
vn -0.2461 0.2273 -0.9422
vn -0.2410 0.1756 -0.9545
vn -0.2137 0.1392 -0.9669
vn -0.2442 0.1142 -0.9630
vn -0.3427 0.0945 -0.9347
vn -0.5010 0.0778 -0.8620
vn -0.1521 -0.0000 -0.9884
vn -0.2000 -0.0000 -0.9798
vn -0.1834 -0.0000 -0.9830
vn -0.2239 -0.0000 -0.9746
vn -0.3292 -0.0000 -0.9442
vn -0.4985 -0.0000 -0.8669
vn -0.2464 -0.2273 -0.9421
vn -0.2409 -0.1757 -0.9545
vn -0.2137 -0.1393 -0.9669
vn -0.2443 -0.1142 -0.9630
vn -0.3427 -0.0945 -0.9347
vn -0.5010 -0.0778 -0.8620
vn -0.3756 -0.3478 -0.8590
vn -0.3229 -0.3013 -0.8972
vn -0.2849 -0.2589 -0.9229
vn -0.2980 -0.2224 -0.9283
vn -0.3802 -0.1889 -0.9054
vn -0.5101 -0.1574 -0.8456
vn -0.4212 0.4157 -0.8061
vn -0.4003 0.3344 -0.8532
vn -0.3325 0.2089 -0.9197
vn -0.2899 -0.0003 -0.9571
vn -0.3341 -0.2093 -0.9190
vn -0.4034 -0.3347 -0.8516
vn -0.4335 -0.4184 -0.7982
vn 0.0174 0.4063 -0.9136
vn -0.2355 0.3043 -0.9230
vn -0.3543 0.1948 -0.9146
vn -0.3786 -0.0009 -0.9256
vn -0.3569 -0.1958 -0.9134
vn -0.2400 -0.3051 -0.9216
vn 0.0116 -0.4113 -0.9114
vn 0.4787 0.2586 -0.8391
vn 0.2287 0.1982 -0.9531
vn 0.0704 0.1436 -0.9871
vn 0.0315 -0.0008 -0.9995
vn 0.0690 -0.1447 -0.9871
vn 0.2269 -0.1988 -0.9534
vn 0.4770 -0.2626 -0.8387
vn 0.4407 0.2368 -0.8659
vn 0.4854 0.0932 -0.8693
vn 0.4322 0.0652 -0.8994
vn 0.4187 -0.0003 -0.9081
vn 0.4320 -0.0656 -0.8995
vn 0.4853 -0.0932 -0.8694
vn 0.4304 -0.2467 -0.8683
vn 0.2833 0.2900 -0.9141
vn 0.5347 0.0420 -0.8440
vn 0.5319 0.0253 -0.8464
vn 0.5324 -0.0001 -0.8465
vn 0.5319 -0.0254 -0.8464
vn 0.5347 -0.0420 -0.8440
vn -0.0013 -0.5394 -0.8421
vn 0.2612 -0.3073 -0.9150
vn 0.5120 -0.4482 -0.7327
vn 0.9228 -0.2133 -0.3208
vn 0.5247 -0.4644 -0.7134
vn -0.5284 -0.4946 -0.6901
vn -0.3600 -0.6319 -0.6863
vn 0.4059 -0.6246 -0.6672
vn 0.6909 -0.5032 -0.5191
vn -0.1561 -0.6738 -0.7222
vn -0.5384 -0.6118 -0.5795
vn -0.6864 -0.5921 -0.4222
vn -0.5407 -0.6319 -0.5553
vn -0.4316 -0.6555 -0.6196
vn -0.2668 -0.7174 -0.6436
vn -0.3656 -0.7181 -0.5922
vn -0.5057 -0.7040 -0.4987
vn -0.6583 -0.6652 -0.3524
vn -0.4831 -0.7175 -0.5018
vn -0.4466 -0.7236 -0.5262
vn -0.3492 -0.7633 -0.5435
vn -0.3763 -0.7727 -0.5113
vn -0.4535 -0.7661 -0.4555
vn -0.3774 -0.7937 -0.4771
vn -0.3633 -0.7957 -0.4847
vn -0.3351 -0.8060 -0.4880
vn -0.3522 -0.8100 -0.4688
vn -0.3912 -0.8068 -0.4427
vn -0.4689 -0.7843 -0.4061
vn -0.4558 0.5035 -0.7340
vn 0.4760 0.4862 -0.7328
vn 0.9042 0.2332 -0.3578
vn 0.5319 0.4230 -0.7335
vn 0.0401 0.5143 -0.8567
vn -0.4027 0.6429 -0.6516
vn 0.1752 0.6510 -0.7386
vn 0.7443 0.4561 -0.4878
vn 0.3925 0.6057 -0.6921
vn -0.3065 0.6118 -0.7292
vn -0.3463 0.7467 -0.5679
vn -0.1048 0.7432 -0.6608
vn 0.0147 0.7267 -0.6868
vn -0.2853 0.6742 -0.6813
vn -0.5229 0.6188 -0.5862
vn -0.2981 0.8131 -0.5000
vn -0.1851 0.8087 -0.5584
vn -0.1719 0.7924 -0.5853
vn -0.3557 0.7497 -0.5581
vn -0.4504 0.7310 -0.5126
vn -0.3197 0.8530 -0.4125
vn -0.2565 0.8544 -0.4518
vn -0.2074 0.8524 -0.4800
vn -0.2019 0.8437 -0.4974
vn -0.2646 0.8332 -0.4855
vn -0.3011 0.8303 -0.4690
vn -0.9275 -0.3505 0.1299
vn -0.7324 -0.3910 0.5574
vn -0.5321 -0.6228 0.5736
vn -0.9178 -0.2893 0.2719
vn -0.7899 -0.3185 0.5241
vn -0.8976 -0.2908 0.3312
vn -0.7824 -0.3129 0.5385
vn -0.8907 -0.2660 0.3688
vn -0.7504 -0.3026 0.5877
vn -0.8907 -0.2285 0.3930
vn -0.6534 -0.2767 0.7046
vn -0.6804 0.0802 0.7284
vn -0.4364 0.0387 0.8989
vn -0.9145 -0.4045 -0.0025
vn -0.9511 -0.3014 0.0677
vn -0.9536 -0.2693 0.1343
vn -0.9536 -0.2296 0.1946
vn -0.9430 -0.1995 0.2663
vn -0.8224 -0.0142 0.5687
vn -0.8232 -0.5650 0.0562
vn -0.9104 -0.4125 -0.0308
vn -0.9461 -0.3238 -0.0053
vn -0.9594 -0.2778 0.0493
vn -0.9652 -0.2350 0.1144
vn -0.9572 -0.2234 0.1838
vn -0.8954 -0.0963 0.4347
vn -0.9133 -0.4063 -0.0298
vn -0.9412 -0.3370 -0.0247
vn -0.9565 -0.2914 0.0133
vn -0.9632 -0.2596 0.0701
vn -0.9601 -0.2469 0.1314
vn -0.9381 -0.1309 0.3207
vn -0.9169 -0.3991 -0.0030
vn -0.9392 -0.3433 -0.0053
vn -0.9527 -0.3034 0.0153
vn -0.9602 -0.2753 0.0464
vn -0.9635 -0.2519 0.0903
vn -0.9638 -0.0982 0.2478
vn -0.8297 -0.5551 0.0583
vn -0.9175 -0.3945 0.0514
vn -0.9367 -0.3465 0.0506
vn -0.9479 -0.3135 0.0575
vn -0.9560 -0.2857 0.0662
vn -0.9675 -0.2409 0.0774
vn -0.9821 0.0368 0.1847
vn -0.9478 -0.3175 -0.0304
vn -0.9231 -0.3755 0.0827
vn -0.8862 -0.4631 -0.0131
vn -0.9026 -0.3817 -0.1992
vn -0.9105 -0.3937 0.1263
vn -0.8683 -0.4925 0.0597
vn -0.9055 -0.3985 0.1460
vn -0.8539 -0.5120 0.0937
vn -0.9078 -0.3955 0.1396
vn -0.8427 -0.5287 0.1018
vn -0.9133 -0.3928 0.1076
vn -0.8360 -0.5423 0.0838
vn -0.9544 -0.2969 0.0307
vn -0.9283 -0.3567 0.1051
vn -0.9155 -0.3737 0.1491
vn -0.9133 -0.3704 0.1696
vn -0.9198 -0.3597 0.1566
vn -0.9294 -0.3507 0.1152
vn -0.9725 -0.2229 0.0681
vn -0.9461 -0.2969 0.1296
vn -0.9275 -0.3304 0.1748
vn -0.9216 -0.3380 0.1907
vn -0.9279 -0.3319 0.1701
vn -0.9388 -0.3226 0.1204
vn -0.9958 -0.0783 0.0474
vn -0.9827 -0.1595 0.0943
vn -0.9654 -0.2213 0.1380
vn -0.9510 -0.2633 0.1619
vn -0.9460 -0.2866 0.1517
vn -0.9498 -0.2922 0.1117
vn -0.9947 0.0940 -0.0405
vn -0.9988 0.0395 -0.0302
vn -0.9999 -0.0156 0.0017
vn -0.9968 -0.0693 0.0387
vn -0.9886 -0.1331 0.0702
vn -0.9762 -0.2009 0.0815
vn -0.9269 0.3287 -0.1813
vn -0.9408 0.3148 -0.1257
vn -0.9499 0.3121 -0.0193
vn -0.9782 0.1704 0.1188
vn -0.7670 0.3743 -0.5212
vn -0.5442 0.3056 -0.7813
vn -0.3783 0.4655 -0.8001
vn -0.7887 0.2905 -0.5418
vn -0.6287 0.2124 -0.7480
vn -0.8273 0.1728 -0.5346
vn -0.6844 0.1168 -0.7197
vn -0.8953 0.0100 -0.4453
vn -0.7714 -0.0176 -0.6361
vn -0.9517 -0.1802 -0.2487
vn -0.8692 -0.2051 -0.4500
vn -0.7050 0.4639 -0.5365
vn -0.7854 0.4158 -0.4585
vn -0.8137 0.3764 -0.4430
vn -0.8853 0.2435 -0.3962
vn -0.9586 0.0352 -0.2826
vn -0.9789 -0.1717 -0.1107
vn -0.7912 0.4054 -0.4579
vn -0.8317 0.3817 -0.4031
vn -0.8462 0.3772 -0.3764
vn -0.9085 0.2774 -0.3124
vn -0.9795 0.0804 -0.1845
vn -0.9934 -0.1090 -0.0353
vn -0.8456 0.3714 -0.3835
vn -0.8823 0.3302 -0.3353
vn -0.8907 0.3317 -0.3110
vn -0.9286 0.2733 -0.2511
vn -0.9799 0.1408 -0.1413
vn -0.9994 0.0143 -0.0309
vn -0.9263 0.2775 -0.2547
vn -0.9319 0.2743 -0.2373
vn -0.9487 0.2487 -0.1954
vn -0.9717 0.1958 -0.1324
vn -0.9865 0.1443 -0.0771
vn 0.7144 -0.1930 0.6726
vn 0.9451 -0.0326 0.3253
vn 0.7018 -0.5602 0.4400
vn 0.5518 -0.5191 0.6527
vn 0.9873 -0.0669 0.1441
vn 0.7711 -0.5460 0.3274
vn 0.9960 -0.0675 0.0581
vn 0.8108 -0.5332 0.2413
vn 0.9997 -0.0016 -0.0230
vn 0.9767 0.1743 -0.1249
vn 0.9479 0.2775 -0.1566
vn 0.9634 -0.2434 -0.1125
vn 0.8175 -0.0668 0.5721
vn 0.9318 0.0501 0.3595
vn 0.9870 0.1580 0.0305
vn 0.9575 0.2316 -0.1720
vn 0.9262 0.2906 -0.2402
vn 0.9230 0.3192 -0.2148
vn 0.9330 0.3189 -0.1670
vn 0.8691 -0.0128 0.4945
vn 0.9606 0.1220 0.2496
vn 0.9598 0.2540 -0.1194
vn 0.8989 0.3107 -0.3090
vn 0.8851 0.3324 -0.3256
vn 0.9056 0.3406 -0.2526
vn 0.9255 0.3398 -0.1674
vn 0.8931 0.0372 0.4483
vn 0.9767 0.1925 0.0952
vn 0.9146 0.3268 -0.2383
vn 0.8639 0.3663 -0.3456
vn 0.8668 0.3705 -0.3339
vn 0.8946 0.3696 -0.2512
vn 0.9180 0.3656 -0.1538
vn 0.8536 0.0441 0.5191
vn 0.9421 0.3257 -0.0795
vn 0.8596 0.4543 -0.2340
vn 0.8495 0.4527 -0.2709
vn 0.8625 0.4327 -0.2624
vn 0.8859 0.4175 -0.2022
vn 0.9055 0.4075 -0.1182
vn 0.6480 0.2963 0.7017
vn 0.7034 0.6165 0.3538
vn 0.8097 0.5868 0.0052
vn 0.8281 0.5545 -0.0825
vn 0.8340 0.5456 -0.0824
vn 0.8323 0.5525 -0.0457
vn 0.8307 0.5566 -0.0103
vn 0.9544 0.2982 -0.0129
vn 0.9537 0.3007 -0.0034
vn 0.8873 0.4607 -0.0205
vn 0.8830 0.4637 -0.0729
vn 0.9472 0.3207 -0.0038
vn 0.9373 0.3483 -0.0127
vn 0.8678 0.4963 0.0240
vn 0.9271 0.3741 -0.0234
vn 0.8556 0.5170 0.0270
vn 0.9169 0.3947 -0.0595
vn 0.9754 0.2205 -0.0028
vn 0.9697 0.2428 -0.0274
vn 0.9607 0.2736 -0.0473
vn 0.9503 0.3049 -0.0633
vn 0.9405 0.3320 -0.0730
vn 0.9299 0.3539 -0.1006
vn 0.9879 0.1530 -0.0254
vn 0.9767 0.2023 -0.0721
vn 0.9652 0.2431 -0.0961
vn 0.9542 0.2776 -0.1114
vn 0.9438 0.3084 -0.1186
vn 0.9347 0.3308 -0.1302
vn 0.9914 0.1011 -0.0830
vn 0.9765 0.1728 -0.1286
vn 0.9646 0.2205 -0.1450
vn 0.9534 0.2594 -0.1541
vn 0.9441 0.2898 -0.1572
vn 0.9387 0.3085 -0.1537
vn 0.9834 0.0734 -0.1658
vn 0.9710 0.1467 -0.1888
vn 0.9603 0.2018 -0.1923
vn 0.9488 0.2514 -0.1912
vn 0.9394 0.2887 -0.1849
vn 0.9385 0.3003 -0.1705
vn 0.9389 -0.0116 -0.3441
vn 0.9473 0.0142 -0.3202
vn 0.9527 0.0398 -0.3011
vn 0.9583 0.0577 -0.2798
vn 0.9662 0.0473 -0.2535
vn 0.9767 -0.0254 -0.2131
vn 0.7852 0.1766 -0.5935
vn 0.9742 0.1904 -0.1212
vn 0.7033 0.5660 -0.4302
vn 0.6313 0.3917 -0.6694
vn 0.9465 0.3064 -0.1007
vn 0.8214 0.5049 -0.2652
vn 0.9411 0.3296 -0.0755
vn 0.8603 0.4717 -0.1932
vn 0.9459 0.3210 -0.0477
vn 0.8741 0.4603 -0.1551
vn 0.9516 0.3063 -0.0268
vn 0.8944 0.0558 -0.4438
vn 0.9883 0.0330 -0.1491
vn 0.9900 0.1243 -0.0660
vn 0.9841 0.1766 -0.0183
vn 0.9809 0.1943 0.0102
vn 0.9795 0.2007 0.0178
vn 0.9228 0.0180 -0.3849
vn 0.9822 0.0002 -0.1878
vn 0.9938 0.0345 -0.1055
vn 0.9972 0.0655 -0.0373
vn 0.9964 0.0844 0.0057
vn 0.9946 0.1024 0.0163
vn 0.9308 0.0041 -0.3656
vn 0.9777 -0.0009 -0.2102
vn 0.9880 0.0022 -0.1546
vn 0.9952 0.0059 -0.0974
vn 0.9984 0.0131 -0.0552
vn 0.9987 0.0309 -0.0406
vn 0.9326 -0.0059 -0.3609
vn 0.9741 0.0180 -0.2254
vn 0.9801 0.0086 -0.1985
vn 0.9852 0.0004 -0.1712
vn 0.9886 0.0012 -0.1505
vn 0.9898 0.0118 -0.1419
vn 0.0940 0.1948 0.9763
vn 0.4106 0.5800 0.7036
vn 0.5619 0.6728 0.4813
vn 0.6115 0.7111 0.3470
vn 0.6142 0.7395 0.2755
vn 0.5912 0.7742 0.2263
vn 0.5704 0.8035 0.1701
vn 0.0137 0.1725 0.9849
vn 0.0829 0.4049 0.9106
vn 0.1777 0.5817 0.7938
vn 0.2384 0.6979 0.6754
vn 0.2574 0.7830 0.5663
vn 0.2383 0.8588 0.4536
vn 0.1974 0.9238 0.3280
vn 0.0001 0.1586 0.9873
vn 0.0068 0.3392 0.9407
vn -0.0001 0.4861 0.8739
vn -0.0115 0.6023 0.7982
vn -0.0308 0.7091 0.7044
vn -0.0664 0.8141 0.5769
vn -0.1209 0.9033 0.4116
vn -0.0145 0.1323 0.9911
vn -0.0667 0.3265 0.9428
vn -0.1727 0.4095 0.8958
vn -0.2643 0.4771 0.8382
vn -0.3371 0.5574 0.7588
vn -0.3929 0.6711 0.6286
vn -0.4290 0.7843 0.4482
vn -0.0859 0.0777 0.9933
vn -0.2887 0.3072 0.9068
vn -0.4962 0.2633 0.8273
vn -0.6323 0.2235 0.7418
vn -0.7350 0.2351 0.6360
vn -0.7960 0.3135 0.5178
vn -0.8065 0.4547 0.3778
vn 0.0767 -0.6514 0.7549
vn 0.4028 -0.3888 0.8286
vn 0.5842 -0.2224 0.7805
vn 0.6392 -0.1488 0.7546
vn 0.5910 -0.0934 0.8012
vn 0.4039 -0.0868 0.9107
vn 0.0247 -0.6829 0.7301
vn 0.1121 -0.5273 0.8422
vn 0.2115 -0.3610 0.9083
vn 0.2466 -0.2609 0.9333
vn 0.2146 -0.1652 0.9626
vn 0.1075 -0.0621 0.9923
vn 0.0036 -0.6926 0.7213
vn 0.0090 -0.5685 0.8227
vn 0.0135 -0.4085 0.9126
vn 0.0200 -0.2999 0.9538
vn 0.0196 -0.1950 0.9806
vn 0.0060 -0.0394 0.9992
vn -0.0223 -0.6899 0.7236
vn -0.1091 -0.5615 0.8203
vn -0.1876 -0.4225 0.8867
vn -0.2010 -0.3282 0.9230
vn -0.1626 -0.2361 0.9580
vn -0.0856 -0.0826 0.9929
vn -0.0815 -0.6778 0.7307
vn -0.3605 -0.4972 0.7892
vn -0.5158 -0.3953 0.7600
vn -0.5428 -0.3372 0.7692
vn -0.4862 -0.2924 0.8235
vn -0.3324 -0.1923 0.9233
vn 0.7317 -0.6716 -0.1166
vn 0.6033 -0.7943 0.0715
vn 0.9209 -0.3890 0.0235
vn 0.5362 -0.8136 0.2247
vn 0.8834 -0.4497 0.1316
vn 0.5114 -0.7970 0.3213
vn 0.4461 -0.7948 0.4115
vn 0.2866 -0.7926 0.5382
vn 0.4431 -0.8939 -0.0676
vn 0.4116 -0.9065 0.0946
vn 0.3641 -0.9006 0.2372
vn 0.2967 -0.8925 0.3398
vn 0.2110 -0.8733 0.4391
vn 0.0968 -0.8019 0.5895
vn 0.2150 -0.9763 -0.0255
vn 0.2165 -0.9686 0.1226
vn 0.1807 -0.9487 0.2594
vn 0.1237 -0.9245 0.3606
vn 0.0602 -0.8854 0.4608
vn 0.0115 -0.7919 0.6105
vn -0.1045 -0.9944 0.0159
vn -0.0870 -0.9861 0.1418
vn -0.1081 -0.9605 0.2564
vn -0.1307 -0.9285 0.3477
vn -0.1218 -0.8853 0.4488
vn -0.0674 -0.8005 0.5956
vn -0.5309 -0.8459 0.0510
vn -0.5209 -0.8453 0.1190
vn -0.5304 -0.8282 0.1813
vn -0.5243 -0.8177 0.2376
vn -0.4716 -0.8210 0.3217
vn -0.3227 -0.8171 0.4778
vn -0.8314 -0.5537 0.0468
vn -0.8328 -0.5517 0.0449
vn -0.7882 -0.6067 0.1033
vn -0.6720 -0.6934 0.2601
vn 0.7281 -0.2186 -0.6497
vn 0.7793 -0.3001 -0.5501
vn 0.8105 -0.3460 -0.4727
vn 0.8297 -0.3885 -0.4007
vn 0.8338 -0.4441 -0.3279
vn 0.8116 -0.5307 -0.2444
vn 0.3225 -0.4241 -0.8463
vn 0.3989 -0.6020 -0.6918
vn 0.4470 -0.7025 -0.5538
vn 0.4769 -0.7683 -0.4270
vn 0.4875 -0.8160 -0.3107
vn 0.4766 -0.8563 -0.1991
vn -0.0686 -0.5341 -0.8426
vn -0.0124 -0.7524 -0.6586
vn 0.0412 -0.8686 -0.4938
vn 0.0984 -0.9298 -0.3546
vn 0.1515 -0.9587 -0.2406
vn 0.1914 -0.9713 -0.1414
vn -0.4021 -0.5689 -0.7173
vn -0.3883 -0.7706 -0.5054
vn -0.3462 -0.8726 -0.3444
vn -0.2851 -0.9317 -0.2250
vn -0.2193 -0.9656 -0.1400
vn -0.1589 -0.9847 -0.0718
vn -0.7171 -0.5143 -0.4704
vn -0.7163 -0.6506 -0.2522
vn -0.6892 -0.7134 -0.1266
vn -0.6500 -0.7583 -0.0497
vn -0.6087 -0.7934 -0.0054
vn -0.5713 -0.8206 0.0167
vn 0.0619 0.5514 -0.8320
vn 0.3485 0.3198 -0.8811
vn 0.5401 0.1885 -0.8202
vn 0.6220 0.1035 -0.7762
vn 0.6628 0.0222 -0.7484
vn 0.6918 -0.0870 -0.7168
vn 0.0119 0.5682 -0.8228
vn 0.0621 0.4148 -0.9078
vn 0.1319 0.2708 -0.9536
vn 0.1791 0.1548 -0.9716
vn 0.2139 0.0194 -0.9767
vn 0.2573 -0.1805 -0.9493
vn -0.0028 0.5626 -0.8267
vn -0.0200 0.4198 -0.9074
vn -0.0479 0.2759 -0.9600
vn -0.0830 0.1543 -0.9845
vn -0.1123 0.0014 -0.9937
vn -0.1142 -0.2374 -0.9647
vn -0.0146 0.5512 -0.8343
vn -0.0775 0.3890 -0.9180
vn -0.1724 0.2472 -0.9535
vn -0.2573 0.1279 -0.9578
vn -0.3317 -0.0258 -0.9430
vn -0.3913 -0.2703 -0.8797
vn -0.0488 0.5361 -0.8427
vn -0.2395 0.3363 -0.9108
vn -0.3838 0.2189 -0.8971
vn -0.4768 0.1120 -0.8718
vn -0.5662 -0.0352 -0.8235
vn -0.6691 -0.2664 -0.6938
vn 0.6707 0.7213 -0.1729
vn 0.6584 0.7031 -0.2686
vn 0.8776 0.4631 -0.1236
vn 0.6502 0.6795 -0.3400
vn 0.6202 0.6708 -0.4066
vn 0.5416 0.6788 -0.4958
vn 0.3622 0.6899 -0.6268
vn 0.3568 0.8987 -0.2549
vn 0.3421 0.8599 -0.3787
vn 0.3168 0.8182 -0.4797
vn 0.2668 0.7826 -0.5624
vn 0.1854 0.7432 -0.6429
vn 0.0796 0.6804 -0.7285
vn 0.0311 0.9542 -0.2976
vn 0.0350 0.8995 -0.4355
vn 0.0295 0.8391 -0.5432
vn 0.0183 0.7844 -0.6200
vn 0.0069 0.7295 -0.6840
vn 0.0010 0.6636 -0.7481
vn -0.3295 0.8921 -0.3092
vn -0.3051 0.8388 -0.4510
vn -0.2751 0.7820 -0.5593
vn -0.2306 0.7398 -0.6320
vn -0.1630 0.7055 -0.6897
vn -0.0751 0.6619 -0.7458
vn -0.7078 0.6512 -0.2737
vn -0.6784 0.6186 -0.3963
vn -0.6369 0.5899 -0.4964
vn -0.5744 0.5865 -0.5711
vn -0.4710 0.6059 -0.6411
vn -0.2929 0.6363 -0.7137
vn -0.8863 0.3554 -0.2970
vn -0.5468 0.5348 -0.6442
vn 0.5816 0.8053 0.1152
vn 0.8429 0.5379 0.0129
vn 0.6049 0.7934 0.0677
vn 0.6355 0.7718 0.0227
vn 0.6635 0.7478 -0.0255
vn 0.8802 0.4744 0.0104
vn 0.6795 0.7287 -0.0858
vn 0.1840 0.9604 0.2093
vn 0.2075 0.9720 0.1107
vn 0.2557 0.9665 0.0228
vn 0.3102 0.9488 -0.0588
vn 0.3508 0.9252 -0.1445
vn -0.1563 0.9531 0.2590
vn -0.1466 0.9799 0.1357
vn -0.1033 0.9943 0.0271
vn -0.0453 0.9963 -0.0725
vn 0.0056 0.9846 -0.1747
vn -0.4442 0.8538 0.2716
vn -0.4351 0.8896 0.1391
vn -0.4131 0.9104 0.0241
vn -0.3862 0.9189 -0.0808
vn -0.3579 0.9152 -0.1851
vn -0.7651 0.6004 0.2330
vn -0.7207 0.6840 0.1127
vn -0.7078 0.7064 0.0016
vn -0.7157 0.6922 -0.0933
vn -0.7224 0.6693 -0.1740
vn -0.9628 0.2653 0.0516
vn -0.9439 0.3202 -0.0811
vn -0.9275 0.3505 0.1299
vn -0.7324 0.3910 0.5574
vn -0.5321 0.6228 0.5736
vn -0.9178 0.2893 0.2719
vn -0.7899 0.3185 0.5241
vn -0.8976 0.2908 0.3312
vn -0.7824 0.3129 0.5385
vn -0.8907 0.2660 0.3688
vn -0.7504 0.3026 0.5877
vn -0.8907 0.2285 0.3930
vn -0.6534 0.2767 0.7046
vn -0.6804 -0.0802 0.7284
vn -0.4364 -0.0387 0.8989
vn -0.9145 0.4045 -0.0025
vn -0.9511 0.3014 0.0677
vn -0.9536 0.2693 0.1343
vn -0.9536 0.2296 0.1946
vn -0.9430 0.1995 0.2663
vn -0.8224 0.0142 0.5687
vn -0.8232 0.5650 0.0562
vn -0.9104 0.4125 -0.0308
vn -0.9461 0.3238 -0.0053
vn -0.9594 0.2778 0.0493
vn -0.9652 0.2350 0.1144
vn -0.9572 0.2234 0.1838
vn -0.8954 0.0963 0.4347
vn -0.9133 0.4063 -0.0298
vn -0.9412 0.3370 -0.0247
vn -0.9565 0.2914 0.0133
vn -0.9632 0.2596 0.0701
vn -0.9601 0.2469 0.1314
vn -0.9381 0.1309 0.3207
vn -0.9169 0.3991 -0.0030
vn -0.9392 0.3433 -0.0053
vn -0.9527 0.3034 0.0153
vn -0.9602 0.2753 0.0464
vn -0.9635 0.2519 0.0903
vn -0.9638 0.0982 0.2478
vn -0.8297 0.5551 0.0583
vn -0.9175 0.3945 0.0514
vn -0.9367 0.3465 0.0506
vn -0.9479 0.3135 0.0575
vn -0.9560 0.2857 0.0662
vn -0.9675 0.2409 0.0774
vn -0.9821 -0.0368 0.1847
vn -0.9478 0.3175 -0.0304
vn -0.9231 0.3755 0.0827
vn -0.8862 0.4631 -0.0131
vn -0.9026 0.3817 -0.1992
vn -0.9105 0.3937 0.1263
vn -0.8683 0.4925 0.0597
vn -0.9055 0.3985 0.1460
vn -0.8539 0.5120 0.0937
vn -0.9078 0.3955 0.1396
vn -0.8427 0.5287 0.1018
vn -0.9133 0.3928 0.1076
vn -0.8360 0.5423 0.0838
vn -0.9544 0.2969 0.0307
vn -0.9283 0.3567 0.1051
vn -0.9155 0.3737 0.1491
vn -0.9133 0.3704 0.1696
vn -0.9198 0.3597 0.1566
vn -0.9294 0.3507 0.1152
vn -0.9725 0.2229 0.0681
vn -0.9461 0.2969 0.1296
vn -0.9275 0.3304 0.1748
vn -0.9216 0.3380 0.1907
vn -0.9279 0.3319 0.1701
vn -0.9388 0.3226 0.1204
vn -0.9958 0.0783 0.0474
vn -0.9827 0.1595 0.0943
vn -0.9654 0.2213 0.1380
vn -0.9510 0.2633 0.1619
vn -0.9460 0.2866 0.1517
vn -0.9498 0.2922 0.1117
vn -0.9947 -0.0940 -0.0405
vn -0.9988 -0.0395 -0.0302
vn -0.9999 0.0156 0.0017
vn -0.9968 0.0693 0.0387
vn -0.9886 0.1331 0.0702
vn -0.9762 0.2009 0.0815
vn -0.9269 -0.3287 -0.1813
vn -0.9408 -0.3148 -0.1257
vn -0.9499 -0.3121 -0.0193
vn -0.9782 -0.1704 0.1188
vn -0.7670 -0.3743 -0.5212
vn -0.5442 -0.3056 -0.7813
vn -0.3783 -0.4655 -0.8001
vn -0.7887 -0.2905 -0.5418
vn -0.6287 -0.2124 -0.7480
vn -0.8273 -0.1728 -0.5346
vn -0.6844 -0.1168 -0.7197
vn -0.8953 -0.0100 -0.4453
vn -0.7714 0.0176 -0.6361
vn -0.9517 0.1802 -0.2487
vn -0.8692 0.2051 -0.4500
vn -0.7050 -0.4639 -0.5365
vn -0.7854 -0.4158 -0.4585
vn -0.8137 -0.3764 -0.4430
vn -0.8853 -0.2435 -0.3962
vn -0.9586 -0.0352 -0.2826
vn -0.9789 0.1717 -0.1107
vn -0.7912 -0.4054 -0.4579
vn -0.8317 -0.3817 -0.4031
vn -0.8462 -0.3772 -0.3764
vn -0.9085 -0.2774 -0.3124
vn -0.9795 -0.0804 -0.1845
vn -0.9934 0.1090 -0.0353
vn -0.8456 -0.3714 -0.3835
vn -0.8823 -0.3302 -0.3353
vn -0.8907 -0.3317 -0.3110
vn -0.9286 -0.2733 -0.2511
vn -0.9799 -0.1408 -0.1413
vn -0.9994 -0.0143 -0.0309
vn -0.8863 -0.3554 -0.2970
vn -0.9263 -0.2775 -0.2547
vn -0.9319 -0.2743 -0.2373
vn -0.9487 -0.2487 -0.1954
vn -0.9717 -0.1958 -0.1324
vn -0.9865 -0.1443 -0.0771
vn 0.7144 0.1930 0.6726
vn 0.9451 0.0326 0.3253
vn 0.7018 0.5602 0.4400
vn 0.5518 0.5191 0.6527
vn 0.9873 0.0669 0.1441
vn 0.7711 0.5460 0.3274
vn 0.9960 0.0675 0.0581
vn 0.8108 0.5332 0.2413
vn 0.9997 0.0016 -0.0230
vn 0.8834 0.4497 0.1316
vn 0.9767 -0.1743 -0.1249
vn 0.9479 -0.2775 -0.1566
vn 0.9634 0.2434 -0.1125
vn 0.8175 0.0668 0.5721
vn 0.9318 -0.0501 0.3595
vn 0.9870 -0.1580 0.0305
vn 0.9575 -0.2316 -0.1720
vn 0.9262 -0.2906 -0.2402
vn 0.9230 -0.3192 -0.2148
vn 0.9330 -0.3189 -0.1670
vn 0.8691 0.0128 0.4945
vn 0.9606 -0.1220 0.2496
vn 0.9598 -0.2540 -0.1194
vn 0.8989 -0.3107 -0.3090
vn 0.8851 -0.3324 -0.3256
vn 0.9056 -0.3406 -0.2526
vn 0.9255 -0.3398 -0.1674
vn 0.8931 -0.0372 0.4483
vn 0.9767 -0.1925 0.0952
vn 0.9146 -0.3268 -0.2383
vn 0.8639 -0.3663 -0.3456
vn 0.8668 -0.3705 -0.3339
vn 0.8946 -0.3696 -0.2512
vn 0.9180 -0.3656 -0.1538
vn 0.8536 -0.0441 0.5191
vn 0.9421 -0.3257 -0.0795
vn 0.8596 -0.4543 -0.2340
vn 0.8495 -0.4527 -0.2709
vn 0.8625 -0.4327 -0.2624
vn 0.8859 -0.4175 -0.2022
vn 0.9055 -0.4075 -0.1182
vn 0.6480 -0.2963 0.7017
vn 0.7034 -0.6165 0.3538
vn 0.8097 -0.5868 0.0052
vn 0.8281 -0.5545 -0.0825
vn 0.8340 -0.5456 -0.0824
vn 0.8323 -0.5525 -0.0457
vn 0.8307 -0.5566 -0.0103
vn 0.9544 -0.2982 -0.0129
vn 0.9537 -0.3007 -0.0034
vn 0.8873 -0.4607 -0.0205
vn 0.8830 -0.4637 -0.0729
vn 0.9472 -0.3207 -0.0038
vn 0.9373 -0.3483 -0.0126
vn 0.8678 -0.4963 0.0240
vn 0.9271 -0.3741 -0.0234
vn 0.8556 -0.5170 0.0270
vn 0.9169 -0.3947 -0.0595
vn 0.9754 -0.2205 -0.0028
vn 0.9697 -0.2428 -0.0274
vn 0.9607 -0.2736 -0.0473
vn 0.9503 -0.3049 -0.0633
vn 0.9405 -0.3320 -0.0730
vn 0.9299 -0.3539 -0.1006
vn 0.9879 -0.1530 -0.0254
vn 0.9767 -0.2023 -0.0721
vn 0.9652 -0.2431 -0.0961
vn 0.9542 -0.2776 -0.1114
vn 0.9438 -0.3084 -0.1186
vn 0.9347 -0.3308 -0.1302
vn 0.9914 -0.1011 -0.0830
vn 0.9765 -0.1728 -0.1286
vn 0.9646 -0.2205 -0.1450
vn 0.9534 -0.2594 -0.1541
vn 0.9441 -0.2898 -0.1572
vn 0.9387 -0.3085 -0.1537
vn 0.9834 -0.0734 -0.1658
vn 0.9710 -0.1467 -0.1888
vn 0.9603 -0.2018 -0.1923
vn 0.9488 -0.2514 -0.1912
vn 0.9394 -0.2887 -0.1849
vn 0.9385 -0.3003 -0.1705
vn 0.9389 0.0116 -0.3441
vn 0.9473 -0.0142 -0.3202
vn 0.9527 -0.0398 -0.3011
vn 0.9583 -0.0577 -0.2798
vn 0.9662 -0.0473 -0.2535
vn 0.9767 0.0254 -0.2131
vn 0.7852 -0.1766 -0.5935
vn 0.9742 -0.1904 -0.1212
vn 0.6313 -0.3917 -0.6694
vn 0.9465 -0.3064 -0.1007
vn 0.8214 -0.5049 -0.2652
vn 0.9411 -0.3296 -0.0755
vn 0.8603 -0.4717 -0.1932
vn 0.9459 -0.3210 -0.0477
vn 0.8741 -0.4603 -0.1551
vn 0.9516 -0.3063 -0.0268
vn 0.8944 -0.0558 -0.4438
vn 0.9883 -0.0330 -0.1491
vn 0.9900 -0.1244 -0.0660
vn 0.9841 -0.1766 -0.0183
vn 0.9809 -0.1943 0.0102
vn 0.9795 -0.2007 0.0178
vn 0.9228 -0.0180 -0.3849
vn 0.9822 -0.0002 -0.1878
vn 0.9938 -0.0345 -0.1055
vn 0.9972 -0.0655 -0.0373
vn 0.9964 -0.0844 0.0057
vn 0.9946 -0.1024 0.0163
vn 0.9308 -0.0041 -0.3656
vn 0.9777 0.0009 -0.2102
vn 0.9880 -0.0022 -0.1546
vn 0.9952 -0.0059 -0.0974
vn 0.9984 -0.0131 -0.0552
vn 0.9987 -0.0309 -0.0406
vn 0.9326 0.0059 -0.3609
vn 0.9741 -0.0180 -0.2254
vn 0.9801 -0.0086 -0.1985
vn 0.9852 -0.0004 -0.1712
vn 0.9886 -0.0012 -0.1505
vn 0.9898 -0.0118 -0.1419
vn 0.0940 -0.1948 0.9763
vn 0.4106 -0.5800 0.7036
vn 0.5619 -0.6728 0.4813
vn 0.6115 -0.7111 0.3470
vn 0.6142 -0.7395 0.2755
vn 0.5912 -0.7742 0.2263
vn 0.5704 -0.8035 0.1701
vn 0.0137 -0.1725 0.9849
vn 0.0829 -0.4048 0.9106
vn 0.1777 -0.5817 0.7938
vn 0.2384 -0.6979 0.6754
vn 0.2574 -0.7830 0.5663
vn 0.2383 -0.8588 0.4536
vn 0.1974 -0.9238 0.3280
vn 0.0001 -0.1586 0.9873
vn 0.0068 -0.3392 0.9407
vn -0.0001 -0.4861 0.8739
vn -0.0115 -0.6023 0.7982
vn -0.0308 -0.7091 0.7044
vn -0.0664 -0.8141 0.5769
vn -0.1209 -0.9033 0.4116
vn -0.0145 -0.1323 0.9911
vn -0.0667 -0.3265 0.9428
vn -0.1727 -0.4095 0.8958
vn -0.2643 -0.4771 0.8382
vn -0.3371 -0.5574 0.7588
vn -0.3929 -0.6711 0.6286
vn -0.4290 -0.7843 0.4482
vn -0.0859 -0.0777 0.9933
vn -0.2887 -0.3072 0.9068
vn -0.4962 -0.2633 0.8273
vn -0.6323 -0.2235 0.7418
vn -0.7350 -0.2351 0.6360
vn -0.7960 -0.3135 0.5178
vn -0.8065 -0.4547 0.3778
vn 0.0767 0.6514 0.7549
vn 0.4028 0.3888 0.8286
vn 0.5842 0.2224 0.7805
vn 0.6392 0.1488 0.7546
vn 0.5910 0.0934 0.8012
vn 0.4039 0.0868 0.9107
vn 0.0247 0.6829 0.7301
vn 0.1121 0.5273 0.8422
vn 0.2115 0.3610 0.9083
vn 0.2466 0.2609 0.9333
vn 0.2146 0.1652 0.9626
vn 0.1075 0.0621 0.9923
vn 0.0036 0.6926 0.7213
vn 0.0090 0.5685 0.8227
vn 0.0135 0.4085 0.9126
vn 0.0200 0.2999 0.9538
vn 0.0196 0.1950 0.9806
vn 0.0060 0.0394 0.9992
vn -0.0223 0.6899 0.7236
vn -0.1091 0.5615 0.8203
vn -0.1876 0.4225 0.8867
vn -0.2010 0.3282 0.9230
vn -0.1626 0.2361 0.9580
vn -0.0856 0.0826 0.9929
vn -0.0815 0.6778 0.7307
vn -0.3605 0.4972 0.7892
vn -0.5159 0.3953 0.7600
vn -0.5428 0.3372 0.7692
vn -0.4862 0.2924 0.8235
vn -0.3324 0.1923 0.9233
vn 0.7317 0.6716 -0.1166
vn 0.6033 0.7943 0.0715
vn 0.9209 0.3890 0.0235
vn 0.5362 0.8136 0.2247
vn 0.5114 0.7970 0.3213
vn 0.4461 0.7948 0.4115
vn 0.2866 0.7926 0.5382
vn 0.4431 0.8939 -0.0676
vn 0.4116 0.9065 0.0946
vn 0.3641 0.9006 0.2372
vn 0.2967 0.8925 0.3398
vn 0.2110 0.8733 0.4391
vn 0.0968 0.8019 0.5895
vn 0.2150 0.9763 -0.0255
vn 0.2165 0.9686 0.1226
vn 0.1807 0.9487 0.2594
vn 0.1237 0.9245 0.3606
vn 0.0602 0.8854 0.4608
vn 0.0115 0.7919 0.6105
vn -0.1045 0.9944 0.0159
vn -0.0870 0.9861 0.1418
vn -0.1081 0.9605 0.2564
vn -0.1307 0.9285 0.3477
vn -0.1218 0.8853 0.4488
vn -0.0674 0.8005 0.5956
vn -0.5309 0.8459 0.0510
vn -0.5209 0.8453 0.1190
vn -0.5304 0.8282 0.1813
vn -0.5244 0.8177 0.2376
vn -0.4716 0.8210 0.3218
vn -0.3227 0.8171 0.4778
vn -0.8314 0.5537 0.0468
vn -0.8328 0.5517 0.0449
vn -0.7882 0.6067 0.1033
vn -0.6720 0.6934 0.2601
vn 0.7281 0.2186 -0.6497
vn 0.7793 0.3001 -0.5501
vn 0.8105 0.3460 -0.4727
vn 0.8297 0.3885 -0.4007
vn 0.8338 0.4441 -0.3279
vn 0.8116 0.5307 -0.2444
vn 0.3225 0.4241 -0.8463
vn 0.3989 0.6020 -0.6918
vn 0.4470 0.7025 -0.5538
vn 0.4769 0.7683 -0.4270
vn 0.4875 0.8160 -0.3107
vn 0.4766 0.8563 -0.1991
vn -0.0686 0.5341 -0.8426
vn -0.0124 0.7524 -0.6586
vn 0.0412 0.8686 -0.4938
vn 0.0984 0.9298 -0.3546
vn 0.1515 0.9587 -0.2406
vn 0.1914 0.9713 -0.1414
vn -0.4021 0.5689 -0.7173
vn -0.3883 0.7706 -0.5054
vn -0.3462 0.8726 -0.3444
vn -0.2851 0.9317 -0.2250
vn -0.2193 0.9656 -0.1400
vn -0.1590 0.9847 -0.0718
vn -0.7171 0.5143 -0.4704
vn -0.7163 0.6506 -0.2522
vn -0.6892 0.7134 -0.1266
vn -0.6500 0.7583 -0.0497
vn -0.6087 0.7934 -0.0054
vn -0.5713 0.8206 0.0167
vn 0.0619 -0.5514 -0.8320
vn 0.3485 -0.3198 -0.8811
vn 0.5401 -0.1885 -0.8202
vn 0.6220 -0.1035 -0.7762
vn 0.6628 -0.0222 -0.7484
vn 0.6918 0.0870 -0.7168
vn 0.0119 -0.5682 -0.8228
vn 0.0621 -0.4148 -0.9078
vn 0.1319 -0.2708 -0.9536
vn 0.1791 -0.1548 -0.9716
vn 0.2139 -0.0194 -0.9767
vn 0.2573 0.1805 -0.9493
vn -0.0028 -0.5626 -0.8267
vn -0.0200 -0.4198 -0.9074
vn -0.0479 -0.2759 -0.9600
vn -0.0830 -0.1543 -0.9845
vn -0.1123 -0.0014 -0.9937
vn -0.1142 0.2374 -0.9647
vn -0.0146 -0.5512 -0.8343
vn -0.0775 -0.3890 -0.9180
vn -0.1724 -0.2472 -0.9535
vn -0.2573 -0.1279 -0.9578
vn -0.3317 0.0258 -0.9430
vn -0.3913 0.2703 -0.8797
vn -0.0488 -0.5361 -0.8427
vn -0.2395 -0.3363 -0.9108
vn -0.3838 -0.2189 -0.8971
vn -0.4769 -0.1120 -0.8718
vn -0.5662 0.0352 -0.8235
vn -0.6691 0.2664 -0.6938
vn 0.6707 -0.7213 -0.1729
vn 0.6584 -0.7031 -0.2686
vn 0.8776 -0.4631 -0.1236
vn 0.6502 -0.6795 -0.3400
vn 0.6203 -0.6708 -0.4066
vn 0.5416 -0.6788 -0.4958
vn 0.3622 -0.6899 -0.6268
vn 0.7033 -0.5660 -0.4302
vn 0.3568 -0.8987 -0.2549
vn 0.3421 -0.8599 -0.3787
vn 0.3168 -0.8182 -0.4797
vn 0.2668 -0.7826 -0.5624
vn 0.1854 -0.7432 -0.6429
vn 0.0796 -0.6804 -0.7285
vn 0.0311 -0.9542 -0.2976
vn 0.0350 -0.8995 -0.4355
vn 0.0295 -0.8391 -0.5432
vn 0.0183 -0.7844 -0.6200
vn 0.0069 -0.7295 -0.6840
vn 0.0010 -0.6636 -0.7481
vn -0.3295 -0.8921 -0.3092
vn -0.3051 -0.8388 -0.4510
vn -0.2751 -0.7820 -0.5593
vn -0.2306 -0.7398 -0.6320
vn -0.1630 -0.7055 -0.6897
vn -0.0751 -0.6619 -0.7458
vn -0.7078 -0.6512 -0.2737
vn -0.6784 -0.6186 -0.3963
vn -0.6369 -0.5899 -0.4964
vn -0.5744 -0.5865 -0.5711
vn -0.4710 -0.6059 -0.6411
vn -0.2929 -0.6363 -0.7137
vn -0.5468 -0.5347 -0.6442
vn 0.5816 -0.8053 0.1152
vn 0.8429 -0.5379 0.0129
vn 0.6049 -0.7934 0.0677
vn 0.6355 -0.7718 0.0227
vn 0.6635 -0.7478 -0.0255
vn 0.8802 -0.4744 0.0104
vn 0.6795 -0.7287 -0.0858
vn 0.1840 -0.9604 0.2093
vn 0.2075 -0.9720 0.1107
vn 0.2557 -0.9665 0.0228
vn 0.3102 -0.9488 -0.0588
vn 0.3508 -0.9252 -0.1445
vn -0.1563 -0.9531 0.2590
vn -0.1466 -0.9799 0.1357
vn -0.1033 -0.9943 0.0271
vn -0.0453 -0.9963 -0.0725
vn 0.0056 -0.9846 -0.1747
vn -0.4442 -0.8538 0.2716
vn -0.4351 -0.8896 0.1391
vn -0.4131 -0.9104 0.0241
vn -0.3862 -0.9189 -0.0808
vn -0.3579 -0.9152 -0.1851
vn -0.7651 -0.6004 0.2330
vn -0.7207 -0.6840 0.1127
vn -0.7078 -0.7064 0.0016
vn -0.7157 -0.6922 -0.0933
vn -0.7224 -0.6693 -0.1740
vn -0.9628 -0.2653 0.0516
vn -0.9439 -0.3202 -0.0811
vn -0.2756 -0.8208 0.5003
vn -0.0715 -0.9366 0.3429
vn -0.0567 -0.9289 0.3660
vn -0.2308 -0.8146 0.5321
vn 0.1235 -0.9778 0.1694
vn 0.1159 -0.9776 0.1759
vn 0.3005 -0.9537 -0.0117
vn 0.2744 -0.9613 -0.0266
vn 0.4558 -0.8681 -0.1965
vn 0.4095 -0.8823 -0.2321
vn 0.5851 -0.7173 -0.3782
vn 0.5150 -0.7420 -0.4291
vn 0.6765 -0.5140 -0.5273
vn 0.5820 -0.5511 -0.5979
vn -0.3015 -0.8252 0.4776
vn -0.0816 -0.9400 0.3312
vn 0.1278 -0.9778 0.1662
vn 0.3153 -0.9490 -0.0008
vn 0.4815 -0.8600 -0.1692
vn 0.6233 -0.7061 -0.3361
vn 0.7313 -0.4861 -0.4785
vn -0.3115 -0.8297 0.4631
vn -0.0930 -0.9401 0.3280
vn 0.1288 -0.9778 0.1655
vn 0.3225 -0.9465 0.0070
vn 0.4911 -0.8583 -0.1487
vn 0.6355 -0.7105 -0.3024
vn 0.7590 -0.4697 -0.4509
vn -0.3151 -0.8325 0.4557
vn -0.1038 -0.9387 0.3287
vn 0.1268 -0.9780 0.1659
vn 0.3238 -0.9460 0.0111
vn 0.4926 -0.8594 -0.1371
vn 0.6379 -0.7168 -0.2816
vn 0.7713 -0.4634 -0.4364
vn -0.3142 -0.8330 0.4553
vn -0.1067 -0.9383 0.3289
vn 0.1230 -0.9784 0.1663
vn 0.3194 -0.9476 0.0096
vn 0.4910 -0.8597 -0.1406
vn 0.6435 -0.7113 -0.2827
vn 0.7709 -0.4777 -0.4214
vn -0.3425 -0.8190 0.4604
vn -0.1272 -0.9309 0.3425
vn 0.1059 -0.9781 0.1793
vn 0.3025 -0.9530 0.0181
vn 0.4752 -0.8688 -0.1391
vn 0.6287 -0.7214 -0.2906
vn 0.7639 -0.4973 -0.4112
vn -0.7054 0.5021 0.5003
vn -0.7398 0.2544 0.6229
vn -0.6904 0.2914 0.6621
vn -0.6655 0.5234 0.5321
vn -0.7226 0.0121 0.6911
vn -0.6673 0.0457 0.7434
vn -0.6672 -0.2168 0.7126
vn -0.6062 -0.1970 0.7705
vn -0.5775 -0.4345 0.6911
vn -0.5129 -0.4292 0.7434
vn -0.4490 -0.6407 0.6229
vn -0.3873 -0.6415 0.6621
vn -0.7290 0.4904 0.4776
vn -0.7723 0.2411 0.5877
vn -0.7621 -0.0027 0.6474
vn -0.7094 -0.2305 0.6661
vn -0.6182 -0.4458 0.6474
vn -0.4831 -0.6490 0.5877
vn -0.7397 0.4881 0.4631
vn -0.7878 0.2517 0.5621
vn -0.7851 0.0013 0.6194
vn -0.7328 -0.2381 0.6374
vn -0.6344 -0.4625 0.6194
vn -0.4894 -0.6667 0.5621
vn -0.7442 0.4883 0.4557
vn -0.7938 0.2658 0.5470
vn -0.7955 0.0105 0.6059
vn -0.7425 -0.2412 0.6249
vn -0.6374 -0.4760 0.6059
vn -0.4860 -0.6816 0.5470
vn -0.7439 0.4892 0.4553
vn -0.7921 0.2646 0.5500
vn -0.7911 0.0116 0.6115
vn -0.7372 -0.2395 0.6318
vn -0.6332 -0.4744 0.6115
vn -0.4853 -0.6796 0.5500
vn -0.7585 0.4612 0.4604
vn -0.7928 0.2504 0.5556
vn -0.7841 0.0046 0.6206
vn -0.7293 -0.2370 0.6418
vn -0.6317 -0.4646 0.6206
vn -0.4943 -0.6686 0.5556
vn 0.2452 0.8135 -0.5273
vn 0.0517 0.9243 -0.3782
vn -0.0195 0.9031 -0.4291
vn 0.1469 0.7880 -0.5979
vn -0.1415 0.9702 -0.1965
vn -0.1873 0.9545 -0.2321
vn -0.3175 0.9482 -0.0117
vn -0.3430 0.9389 -0.0266
vn -0.4748 0.8636 0.1694
vn -0.4808 0.8590 0.1759
vn -0.6084 0.7158 0.3429
vn -0.5918 0.7182 0.3660
vn 0.3059 0.8231 -0.4785
vn 0.0892 0.9376 -0.3361
vn -0.1159 0.9787 -0.1692
vn -0.3027 0.9531 -0.0008
vn -0.4713 0.8662 0.1662
vn -0.6185 0.7126 0.3312
vn 0.3380 0.8261 -0.4509
vn 0.0965 0.9483 -0.3024
vn -0.1072 0.9831 -0.1487
vn -0.2955 0.9553 0.0070
vn -0.4705 0.8668 0.1655
vn -0.6278 0.7059 0.3280
vn 0.3516 0.8282 -0.4364
vn 0.0948 0.9549 -0.2816
vn -0.1066 0.9848 -0.1371
vn -0.2941 0.9557 0.0111
vn -0.4722 0.8657 0.1659
vn -0.6357 0.6984 0.3287
vn 0.3429 0.8396 -0.4214
vn 0.1024 0.9537 -0.2827
vn -0.1081 0.9841 -0.1406
vn -0.2986 0.9543 0.0096
vn -0.4756 0.8638 0.1663
vn -0.6379 0.6964 0.3289
vn 0.3258 0.8513 -0.4112
vn 0.0846 0.9531 -0.2906
vn -0.1262 0.9822 -0.1391
vn -0.3155 0.9488 0.0181
vn -0.4892 0.8535 0.1793
vn -0.6500 0.6784 0.3425
vn 0.7108 -0.2819 -0.6445
vn 0.6101 -0.3211 -0.7243
vn 0.6983 -0.0324 -0.7151
vn 0.5949 -0.0722 -0.8006
vn 0.6422 0.2087 -0.7376
vn 0.5365 0.1743 -0.8257
vn 0.5459 0.4366 -0.7151
vn 0.4388 0.4081 -0.8006
vn 0.4093 0.6459 -0.6445
vn 0.3048 0.6184 -0.7243
vn 0.7693 -0.2452 -0.5899
vn 0.7587 -0.0017 -0.6514
vn 0.7052 0.2291 -0.6710
vn 0.6128 0.4474 -0.6514
vn 0.4783 0.6506 -0.5899
vn 0.8012 -0.2052 -0.5622
vn 0.7897 0.0252 -0.6130
vn 0.7394 0.2402 -0.6290
vn 0.6537 0.4437 -0.6130
vn 0.5276 0.6369 -0.5622
vn 0.8163 -0.1802 -0.5488
vn 0.8026 0.0393 -0.5953
vn 0.7536 0.2449 -0.6100
vn 0.6724 0.4399 -0.5953
vn 0.5545 0.6256 -0.5488
vn 0.8142 -0.1974 -0.5461
vn 0.7993 0.0257 -0.6004
vn 0.7475 0.2429 -0.6183
vn 0.6617 0.4490 -0.6004
vn 0.5426 0.6382 -0.5461
vn 0.8114 -0.2318 -0.5366
vn 0.7935 0.0028 -0.6085
vn 0.7371 0.2395 -0.6319
vn 0.6436 0.4641 -0.6085
vn 0.5202 0.6644 -0.5366
vn -0.1960 -0.8229 0.5333
vn -0.0098 -0.9665 0.2566
vn -0.5998 -0.7651 0.2343
vn 0.0929 -0.9955 -0.0190
vn -0.2768 -0.9181 -0.2837
vn 0.1171 -0.9870 -0.1101
vn 0.1553 -0.9706 -0.1841
vn 0.2292 -0.9054 -0.3574
vn -0.2810 -0.8718 -0.4012
vn 0.2657 -0.5935 -0.7597
vn -0.1497 -0.6342 -0.7586
vn -0.1491 -0.7936 0.5898
vn -0.0450 -0.9224 0.3835
vn 0.0896 -0.9917 0.0918
vn 0.1545 -0.9841 -0.0879
vn 0.2167 -0.9449 -0.2453
vn 0.2899 -0.8344 -0.4688
vn 0.3201 -0.5992 -0.7338
vn -0.1470 -0.7918 0.5929
vn -0.0487 -0.9077 0.4168
vn 0.0889 -0.9844 0.1519
vn 0.1833 -0.9805 -0.0714
vn 0.2646 -0.9220 -0.2827
vn 0.3348 -0.7867 -0.5187
vn 0.3565 -0.6053 -0.7118
vn -0.1606 -0.7951 0.5848
vn -0.0451 -0.9105 0.4111
vn 0.0943 -0.9798 0.1764
vn 0.2106 -0.9759 -0.0578
vn 0.3082 -0.9058 -0.2909
vn 0.3802 -0.7624 -0.5236
vn 0.4015 -0.6010 -0.6910
vn -0.1884 -0.8025 0.5661
vn -0.0452 -0.9192 0.3912
vn 0.1051 -0.9777 0.1819
vn 0.2411 -0.9696 -0.0430
vn 0.3549 -0.8947 -0.2711
vn 0.4370 -0.7544 -0.4898
vn 0.4730 -0.5857 -0.6582
vn -0.6422 0.5506 0.5333
vn -0.6136 0.2192 0.7586
vn -0.9105 -0.2087 0.3569
vn -0.9350 0.2664 0.2343
vn -0.5734 -0.0619 0.8169
vn -0.8704 -0.2595 0.4185
vn -0.5496 -0.1786 0.8161
vn -0.8552 -0.2779 0.4375
vn -0.5003 -0.2869 0.8169
vn -0.8567 -0.3016 0.4185
vn -0.3676 -0.5380 0.7586
vn -0.8593 -0.3663 0.3569
vn -0.5871 0.5544 0.5898
vn -0.5972 0.3490 0.7222
vn -0.5578 0.0444 0.8288
vn -0.5062 -0.1645 0.8466
vn -0.4252 -0.3638 0.8288
vn -0.2780 -0.6333 0.7222
vn -0.5843 0.5542 0.5929
vn -0.5936 0.3707 0.7143
vn -0.5580 0.0844 0.8255
vn -0.4957 -0.1610 0.8535
vn -0.4018 -0.3963 0.8255
vn -0.2623 -0.6488 0.7143
vn -0.5973 0.5489 0.5848
vn -0.6055 0.3512 0.7142
vn -0.5732 0.0875 0.8148
vn -0.5087 -0.1653 0.8450
vn -0.4123 -0.4077 0.8148
vn -0.2834 -0.6400 0.7142
vn -0.6241 0.5385 0.5661
vn -0.6366 0.3225 0.7006
vn -0.6087 0.0731 0.7900
vn -0.5452 -0.1771 0.8194
vn -0.4495 -0.4169 0.7900
vn -0.3255 -0.6351 0.7006
vn -0.1339 0.6363 -0.7597
vn -0.3468 0.8672 -0.3574
vn -0.7398 0.5401 -0.4012
vn -0.4939 0.4251 -0.7585
vn -0.4449 0.8765 -0.1841
vn -0.7323 0.6021 -0.3183
vn -0.4854 0.8673 -0.1101
vn -0.7339 0.6121 -0.2946
vn -0.5100 0.8600 -0.0190
vn -0.7636 0.5801 -0.2837
vn -0.5760 0.7761 0.2566
vn -0.8190 0.5016 -0.2787
vn -0.0933 0.6729 -0.7338
vn -0.2559 0.8454 -0.4688
vn -0.3801 0.8918 -0.2453
vn -0.4534 0.8869 -0.0879
vn -0.5105 0.8550 0.0918
vn -0.5786 0.7198 0.3835
vn -0.0674 0.6992 -0.7118
vn -0.1915 0.8333 -0.5187
vn -0.3278 0.9014 -0.2827
vn -0.4280 0.9010 -0.0714
vn -0.5067 0.8486 0.1519
vn -0.5729 0.7057 0.4168
vn -0.0284 0.7223 -0.6910
vn -0.1406 0.8403 -0.5236
vn -0.2831 0.9139 -0.2909
vn -0.4032 0.9133 -0.0578
vn -0.4996 0.8481 0.1764
vn -0.5716 0.7101 0.4111
vn 0.0383 0.7519 -0.6582
vn -0.0899 0.8672 -0.4898
vn -0.2388 0.9325 -0.2711
vn -0.3749 0.9261 -0.0430
vn -0.4897 0.8527 0.1819
vn -0.5769 0.7171 0.3912
vn 0.2475 -0.1632 -0.9550
vn -0.2370 -0.1490 -0.9600
vn 0.1850 0.0014 -0.9827
vn 0.1595 0.0518 -0.9858
vn 0.1505 0.1076 -0.9827
vn -0.1699 -0.0355 -0.9848
vn 0.1044 0.2775 -0.9550
vn -0.2793 -0.0187 -0.9600
vn 0.3003 -0.3054 -0.9036
vn 0.2399 -0.0727 -0.9681
vn 0.1922 0.0625 -0.9794
vn 0.1513 0.1998 -0.9681
vn 0.0634 0.4236 -0.9036
vn 0.3513 -0.3838 -0.8540
vn 0.3032 -0.1294 -0.9441
vn 0.2415 0.0785 -0.9672
vn 0.1693 0.2829 -0.9441
vn 0.0586 0.5170 -0.8540
vn 0.4102 -0.4067 -0.8163
vn 0.3773 -0.1485 -0.9141
vn 0.3115 0.1012 -0.9449
vn 0.2180 0.3419 -0.9141
vn 0.0928 0.5701 -0.8163
vn 0.4931 -0.3803 -0.7824
vn 0.4733 -0.1251 -0.8720
vn 0.4107 0.1335 -0.9019
vn 0.3093 0.3794 -0.8720
vn 0.1754 0.5975 -0.7824
vn -0.7459 -0.0033 -0.6660
vn -0.6325 -0.1406 -0.7617
vn -0.5899 -0.1917 -0.7844
vn -0.1392 -0.0452 -0.9892
vn -0.5943 -0.2580 -0.7617
vn -0.1583 -0.0711 -0.9848
vn -0.6054 -0.4358 -0.6660
vn -0.8550 0.0789 -0.5125
vn -0.8101 -0.1605 -0.5640
vn -0.7790 -0.2531 -0.5737
vn -0.7497 -0.3463 -0.5640
vn -0.6453 -0.5664 -0.5125
vn -0.2385 -0.9175 -0.3183
vn -0.8838 0.0846 -0.4602
vn -0.8619 -0.1705 -0.4776
vn -0.8353 -0.2714 -0.4782
vn -0.7975 -0.3687 -0.4776
vn -0.6653 -0.5880 -0.4602
vn -0.2339 -0.9266 -0.2946
vn -0.9097 0.0248 -0.4144
vn -0.8937 -0.1982 -0.4025
vn -0.8751 -0.2843 -0.3916
vn -0.8395 -0.3650 -0.4025
vn -0.7214 -0.5548 -0.4144
vn -0.9433 -0.1083 -0.3138
vn -0.9448 -0.2531 -0.2079
vn -0.9367 -0.3043 -0.1732
vn -0.9131 -0.3506 -0.2079
vn -0.8268 -0.4668 -0.3138
vn -0.3677 -0.8872 -0.2787
vn -0.7054 -0.5021 0.5003
vn -0.6084 -0.7158 0.3429
vn -0.5918 -0.7182 0.3660
vn -0.6655 -0.5234 0.5321
vn -0.4748 -0.8636 0.1694
vn -0.4808 -0.8590 0.1759
vn -0.3175 -0.9482 -0.0117
vn -0.3430 -0.9389 -0.0266
vn -0.1415 -0.9702 -0.1965
vn -0.1873 -0.9545 -0.2321
vn 0.0518 -0.9243 -0.3782
vn -0.0195 -0.9031 -0.4291
vn 0.2452 -0.8135 -0.5273
vn 0.1469 -0.7880 -0.5979
vn -0.7290 -0.4904 0.4776
vn -0.6185 -0.7126 0.3312
vn -0.4713 -0.8662 0.1662
vn -0.3027 -0.9531 -0.0008
vn -0.1159 -0.9787 -0.1692
vn 0.0892 -0.9376 -0.3361
vn 0.3059 -0.8231 -0.4785
vn -0.7397 -0.4881 0.4631
vn -0.6278 -0.7059 0.3280
vn -0.4705 -0.8668 0.1655
vn -0.2955 -0.9553 0.0070
vn -0.1072 -0.9831 -0.1487
vn 0.0965 -0.9483 -0.3024
vn 0.3380 -0.8261 -0.4509
vn -0.7442 -0.4883 0.4557
vn -0.6357 -0.6984 0.3287
vn -0.4722 -0.8657 0.1659
vn -0.2941 -0.9557 0.0111
vn -0.1066 -0.9848 -0.1371
vn 0.0948 -0.9549 -0.2816
vn 0.3516 -0.8282 -0.4364
vn -0.7439 -0.4892 0.4553
vn -0.6379 -0.6964 0.3289
vn -0.4756 -0.8638 0.1664
vn -0.2986 -0.9543 0.0096
vn -0.1081 -0.9841 -0.1406
vn 0.1025 -0.9537 -0.2827
vn 0.3429 -0.8396 -0.4214
vn -0.7585 -0.4612 0.4604
vn -0.6500 -0.6783 0.3425
vn -0.4892 -0.8535 0.1793
vn -0.3155 -0.9488 0.0181
vn -0.1262 -0.9822 -0.1391
vn 0.0846 -0.9531 -0.2906
vn 0.3258 -0.8513 -0.4112
vn -0.2756 0.8208 0.5003
vn -0.4490 0.6407 0.6229
vn -0.3873 0.6415 0.6621
vn -0.2308 0.8146 0.5321
vn -0.5775 0.4345 0.6911
vn -0.5129 0.4292 0.7434
vn -0.6672 0.2168 0.7126
vn -0.6062 0.1970 0.7705
vn -0.7226 -0.0121 0.6911
vn -0.6673 -0.0457 0.7434
vn -0.7398 -0.2544 0.6229
vn -0.6904 -0.2914 0.6621
vn -0.3015 0.8252 0.4776
vn -0.4831 0.6490 0.5877
vn -0.6182 0.4458 0.6474
vn -0.7094 0.2305 0.6661
vn -0.7621 0.0027 0.6474
vn -0.7723 -0.2411 0.5877
vn -0.3115 0.8297 0.4631
vn -0.4894 0.6667 0.5621
vn -0.6344 0.4625 0.6194
vn -0.7328 0.2381 0.6374
vn -0.7851 -0.0013 0.6194
vn -0.7878 -0.2517 0.5621
vn -0.3151 0.8325 0.4557
vn -0.4860 0.6816 0.5470
vn -0.6374 0.4760 0.6059
vn -0.7425 0.2412 0.6249
vn -0.7955 -0.0105 0.6059
vn -0.7938 -0.2658 0.5470
vn -0.3143 0.8330 0.4553
vn -0.4853 0.6796 0.5500
vn -0.6332 0.4744 0.6115
vn -0.7372 0.2395 0.6318
vn -0.7911 -0.0116 0.6115
vn -0.7921 -0.2646 0.5500
vn -0.3425 0.8190 0.4604
vn -0.4943 0.6686 0.5556
vn -0.6317 0.4646 0.6206
vn -0.7293 0.2370 0.6418
vn -0.7841 -0.0046 0.6206
vn -0.7928 -0.2504 0.5556
vn 0.6765 0.5140 -0.5273
vn 0.5851 0.7173 -0.3782
vn 0.5150 0.7421 -0.4291
vn 0.5820 0.5511 -0.5979
vn 0.4558 0.8681 -0.1965
vn 0.4095 0.8823 -0.2321
vn 0.3005 0.9537 -0.0117
vn 0.2744 0.9613 -0.0266
vn 0.1235 0.9778 0.1694
vn 0.1159 0.9776 0.1759
vn -0.0715 0.9366 0.3429
vn -0.0567 0.9289 0.3660
vn 0.7313 0.4861 -0.4785
vn 0.6233 0.7061 -0.3361
vn 0.4815 0.8600 -0.1692
vn 0.3153 0.9490 -0.0008
vn 0.1278 0.9778 0.1662
vn -0.0816 0.9400 0.3312
vn 0.7590 0.4697 -0.4509
vn 0.6355 0.7105 -0.3024
vn 0.4911 0.8583 -0.1487
vn 0.3225 0.9465 0.0070
vn 0.1288 0.9778 0.1655
vn -0.0930 0.9401 0.3280
vn 0.7713 0.4634 -0.4364
vn 0.6379 0.7168 -0.2816
vn 0.4926 0.8594 -0.1371
vn 0.3238 0.9460 0.0111
vn 0.1268 0.9780 0.1659
vn -0.1038 0.9387 0.3287
vn 0.7709 0.4777 -0.4214
vn 0.6435 0.7114 -0.2827
vn 0.4910 0.8597 -0.1406
vn 0.3194 0.9476 0.0096
vn 0.1230 0.9784 0.1663
vn -0.1067 0.9383 0.3289
vn 0.7639 0.4973 -0.4113
vn 0.6287 0.7214 -0.2906
vn 0.4752 0.8688 -0.1391
vn 0.3025 0.9530 0.0181
vn 0.1059 0.9781 0.1793
vn -0.1272 0.9309 0.3425
vn 0.4093 -0.6459 -0.6445
vn 0.3048 -0.6184 -0.7243
vn 0.5459 -0.4366 -0.7151
vn 0.4388 -0.4081 -0.8006
vn 0.6422 -0.2087 -0.7376
vn 0.5365 -0.1743 -0.8257
vn 0.6983 0.0324 -0.7151
vn 0.5949 0.0722 -0.8006
vn 0.7108 0.2819 -0.6445
vn 0.6101 0.3211 -0.7243
vn 0.4783 -0.6506 -0.5899
vn 0.6128 -0.4474 -0.6514
vn 0.7052 -0.2291 -0.6710
vn 0.7587 0.0017 -0.6514
vn 0.7693 0.2452 -0.5899
vn 0.5276 -0.6369 -0.5622
vn 0.6537 -0.4437 -0.6130
vn 0.7394 -0.2402 -0.6290
vn 0.7897 -0.0252 -0.6130
vn 0.8012 0.2052 -0.5622
vn 0.5545 -0.6256 -0.5488
vn 0.6724 -0.4399 -0.5953
vn 0.7536 -0.2449 -0.6100
vn 0.8026 -0.0393 -0.5953
vn 0.8163 0.1802 -0.5488
vn 0.5426 -0.6382 -0.5461
vn 0.6617 -0.4490 -0.6004
vn 0.7475 -0.2429 -0.6183
vn 0.7993 -0.0257 -0.6004
vn 0.8142 0.1974 -0.5461
vn 0.5202 -0.6644 -0.5366
vn 0.6436 -0.4641 -0.6085
vn 0.7371 -0.2395 -0.6319
vn 0.7935 -0.0028 -0.6085
vn 0.8114 0.2317 -0.5366
vn -0.6422 -0.5506 0.5333
vn -0.5760 -0.7761 0.2566
vn -0.8190 -0.5016 -0.2787
vn -0.9350 -0.2663 0.2343
vn -0.5100 -0.8600 -0.0190
vn -0.7636 -0.5800 -0.2837
vn -0.4854 -0.8673 -0.1101
vn -0.4449 -0.8765 -0.1841
vn -0.3468 -0.8672 -0.3574
vn -0.1339 -0.6363 -0.7597
vn -0.4939 -0.4250 -0.7586
vn -0.5871 -0.5544 0.5898
vn -0.5786 -0.7198 0.3835
vn -0.5105 -0.8550 0.0918
vn -0.4534 -0.8869 -0.0879
vn -0.3801 -0.8918 -0.2453
vn -0.2559 -0.8454 -0.4688
vn -0.0933 -0.6729 -0.7338
vn -0.5843 -0.5542 0.5929
vn -0.5729 -0.7057 0.4168
vn -0.5067 -0.8486 0.1519
vn -0.4280 -0.9010 -0.0714
vn -0.3278 -0.9014 -0.2827
vn -0.1915 -0.8333 -0.5187
vn -0.0674 -0.6992 -0.7118
vn -0.5973 -0.5489 0.5848
vn -0.5716 -0.7101 0.4111
vn -0.4996 -0.8481 0.1764
vn -0.4032 -0.9133 -0.0578
vn -0.2831 -0.9139 -0.2909
vn -0.1405 -0.8403 -0.5236
vn -0.0284 -0.7223 -0.6910
vn -0.6241 -0.5385 0.5661
vn -0.5769 -0.7170 0.3912
vn -0.4897 -0.8527 0.1819
vn -0.3749 -0.9261 -0.0430
vn -0.2388 -0.9325 -0.2711
vn -0.0899 -0.8672 -0.4898
vn 0.0383 -0.7519 -0.6582
vn -0.1960 0.8229 0.5333
vn -0.3676 0.5380 0.7586
vn -0.8593 0.3663 0.3569
vn -0.5998 0.7651 0.2343
vn -0.5003 0.2869 0.8169
vn -0.8567 0.3016 0.4185
vn -0.5496 0.1786 0.8161
vn -0.8552 0.2779 0.4375
vn -0.5734 0.0619 0.8169
vn -0.8704 0.2595 0.4185
vn -0.6136 -0.2192 0.7586
vn -0.9105 0.2087 0.3569
vn -0.1491 0.7936 0.5898
vn -0.2780 0.6333 0.7222
vn -0.4252 0.3638 0.8288
vn -0.5062 0.1645 0.8466
vn -0.5578 -0.0444 0.8288
vn -0.5972 -0.3490 0.7222
vn -0.1470 0.7918 0.5929
vn -0.2623 0.6488 0.7143
vn -0.4018 0.3963 0.8255
vn -0.4957 0.1610 0.8535
vn -0.5580 -0.0844 0.8255
vn -0.5936 -0.3707 0.7143
vn -0.1606 0.7951 0.5848
vn -0.2834 0.6400 0.7142
vn -0.4123 0.4077 0.8147
vn -0.5087 0.1653 0.8450
vn -0.5732 -0.0875 0.8148
vn -0.6055 -0.3512 0.7142
vn -0.1884 0.8025 0.5661
vn -0.3255 0.6351 0.7006
vn -0.4495 0.4169 0.7900
vn -0.5452 0.1771 0.8194
vn -0.6087 -0.0731 0.7900
vn -0.6366 -0.3225 0.7006
vn 0.2657 0.5935 -0.7597
vn 0.2292 0.9054 -0.3574
vn -0.2810 0.8718 -0.4012
vn -0.1497 0.6342 -0.7586
vn 0.1553 0.9706 -0.1841
vn -0.2385 0.9175 -0.3183
vn 0.1171 0.9870 -0.1101
vn -0.2339 0.9266 -0.2946
vn 0.0929 0.9955 -0.0190
vn -0.2768 0.9181 -0.2837
vn -0.0098 0.9665 0.2566
vn -0.3677 0.8872 -0.2787
vn 0.3201 0.5992 -0.7338
vn 0.2899 0.8344 -0.4688
vn 0.2167 0.9449 -0.2453
vn 0.1545 0.9841 -0.0879
vn 0.0896 0.9917 0.0918
vn -0.0450 0.9224 0.3835
vn 0.3565 0.6053 -0.7118
vn 0.3348 0.7867 -0.5187
vn 0.2646 0.9220 -0.2827
vn 0.1833 0.9805 -0.0714
vn 0.0889 0.9844 0.1519
vn -0.0487 0.9077 0.4168
vn 0.4015 0.6010 -0.6910
vn 0.3802 0.7624 -0.5236
vn 0.3082 0.9058 -0.2909
vn 0.2106 0.9759 -0.0578
vn 0.0943 0.9798 0.1764
vn -0.0450 0.9105 0.4111
vn 0.4730 0.5857 -0.6582
vn 0.4370 0.7544 -0.4898
vn 0.3549 0.8947 -0.2711
vn 0.2411 0.9696 -0.0430
vn 0.1051 0.9777 0.1819
vn -0.0452 0.9192 0.3912
vn 0.1044 -0.2775 -0.9550
vn -0.2793 0.0187 -0.9600
vn 0.1505 -0.1076 -0.9827
vn 0.1595 -0.0518 -0.9858
vn -0.1392 0.0452 -0.9892
vn 0.1850 -0.0014 -0.9827
vn 0.2475 0.1632 -0.9550
vn -0.2370 0.1490 -0.9600
vn 0.0634 -0.4236 -0.9036
vn 0.1513 -0.1998 -0.9681
vn 0.1922 -0.0625 -0.9794
vn 0.2399 0.0727 -0.9681
vn 0.3003 0.3054 -0.9036
vn 0.0586 -0.5170 -0.8540
vn 0.1693 -0.2829 -0.9441
vn 0.2415 -0.0785 -0.9672
vn 0.3032 0.1294 -0.9441
vn 0.3513 0.3838 -0.8540
vn 0.0928 -0.5701 -0.8163
vn 0.2180 -0.3419 -0.9141
vn 0.3115 -0.1012 -0.9449
vn 0.3773 0.1485 -0.9141
vn 0.4102 0.4067 -0.8163
vn 0.1754 -0.5975 -0.7824
vn 0.3093 -0.3794 -0.8720
vn 0.4107 -0.1335 -0.9019
vn 0.4733 0.1251 -0.8720
vn 0.4931 0.3803 -0.7824
vn -0.6054 0.4358 -0.6660
vn -0.5943 0.2580 -0.7617
vn -0.1583 0.0711 -0.9848
vn -0.5899 0.1917 -0.7844
vn -0.6325 0.1406 -0.7617
vn -0.1699 0.0355 -0.9848
vn -0.7459 0.0033 -0.6660
vn -0.7398 -0.5401 -0.4012
vn -0.6453 0.5664 -0.5125
vn -0.7497 0.3463 -0.5640
vn -0.7790 0.2531 -0.5737
vn -0.8101 0.1605 -0.5639
vn -0.8550 -0.0789 -0.5125
vn -0.7323 -0.6021 -0.3183
vn -0.6652 0.5880 -0.4601
vn -0.7975 0.3687 -0.4776
vn -0.8353 0.2714 -0.4782
vn -0.8619 0.1705 -0.4776
vn -0.8838 -0.0846 -0.4602
vn -0.7339 -0.6121 -0.2946
vn -0.7214 0.5548 -0.4144
vn -0.8395 0.3650 -0.4025
vn -0.8751 0.2843 -0.3916
vn -0.8937 0.1982 -0.4025
vn -0.9097 -0.0248 -0.4144
vn -0.8268 0.4668 -0.3138
vn -0.9131 0.3506 -0.2079
vn -0.9367 0.3043 -0.1733
vn -0.9448 0.2531 -0.2079
vn -0.9433 0.1083 -0.3138
s 1
f 1//1 4//4 3//3
f 2//2 3//3 6//6
f 5//5 6//6 8//8
f 9//9 7//7 8//8
f 11//11 9//9 10//10
f 13//13 11//11 12//12
f 15//15 1//1 2//2
f 16//16 2//2 5//5
f 17//17 5//5 7//7
f 19//19 18//18 7//7
f 20//20 19//19 9//9
f 21//21 20//20 11//11
f 22//22 15//15 16//16
f 23//23 16//16 17//17
f 24//24 17//17 18//18
f 26//26 25//25 18//18
f 27//27 26//26 19//19
f 28//28 27//27 20//20
f 29//29 161//161 22//22
f 30//30 29//29 23//23
f 31//31 30//30 24//24
f 31//31 25//25 26//26
f 32//32 26//26 27//27
f 33//33 27//27 28//28
f 35//35 160//160 161//161
f 36//36 35//35 29//29
f 37//37 36//36 30//30
f 37//37 31//31 32//32
f 38//38 32//32 33//33
f 39//39 33//33 34//34
f 191//191 41//41 160//160
f 42//42 191//191 35//35
f 43//43 42//42 36//36
f 43//43 37//37 38//38
f 190//190 38//38 39//39
f 44//44 39//39 40//40
f 46//46 49//49 48//48
f 50//50 47//47 48//48
f 52//52 50//50 51//51
f 54//54 52//52 53//53
f 56//56 54//54 55//55
f 58//58 56//56 57//57
f 61//61 60//60 46//46
f 62//62 61//61 47//47
f 63//63 62//62 50//50
f 64//64 63//63 52//52
f 64//64 54//54 56//56
f 65//65 56//56 58//58
f 68//68 67//67 60//60
f 69//69 68//68 61//61
f 70//70 69//69 62//62
f 70//70 63//63 64//64
f 71//71 64//64 65//65
f 72//72 65//65 66//66
f 75//75 74//74 67//67
f 76//76 75//75 68//68
f 77//77 76//76 69//69
f 77//77 70//70 71//71
f 78//78 71//71 72//72
f 79//79 72//72 73//73
f 82//82 81//81 74//74
f 83//83 82//82 75//75
f 84//84 83//83 76//76
f 84//84 77//77 78//78
f 85//85 78//78 79//79
f 86//86 79//79 80//80
f 13//13 14//14 81//81
f 21//21 13//13 82//82
f 28//28 21//21 83//83
f 28//28 84//84 85//85
f 34//34 85//85 86//86
f 40//40 86//86 87//87
f 88//88 91//91 90//90
f 89//89 90//90 93//93
f 92//92 93//93 95//95
f 96//96 94//94 95//95
f 98//98 96//96 97//97
f 46//46 98//98 99//99
f 100//100 88//88 89//89
f 101//101 89//89 92//92
f 102//102 92//92 94//94
f 103//103 94//94 96//96
f 105//105 104//104 96//96
f 60//60 105//105 98//98
f 107//107 106//106 100//100
f 108//108 107//107 101//101
f 109//109 108//108 102//102
f 109//109 103//103 104//104
f 110//110 104//104 105//105
f 111//111 105//105 60//60
f 113//113 112//112 106//106
f 114//114 113//113 107//107
f 115//115 114//114 108//108
f 115//115 109//109 110//110
f 116//116 110//110 111//111
f 117//117 111//111 67//67
f 119//119 118//118 112//112
f 120//120 119//119 113//113
f 121//121 120//120 114//114
f 121//121 115//115 116//116
f 122//122 116//116 117//117
f 123//123 117//117 74//74
f 3//3 4//4 118//118
f 6//6 3//3 119//119
f 8//8 6//6 120//120
f 8//8 121//121 122//122
f 10//10 122//122 123//123
f 12//12 123//123 81//81
f 124//124 127//127 126//126
f 125//125 126//126 129//129
f 128//128 129//129 131//131
f 132//132 130//130 131//131
f 134//134 132//132 133//133
f 88//88 134//134 135//135
f 137//137 136//136 124//124
f 138//138 137//137 125//125
f 139//139 138//138 128//128
f 139//139 130//130 132//132
f 141//141 140//140 132//132
f 100//100 141//141 134//134
f 143//143 142//142 136//136
f 144//144 143//143 137//137
f 145//145 144//144 138//138
f 145//145 139//139 140//140
f 146//146 140//140 141//141
f 147//147 141//141 100//100
f 149//149 148//148 142//142
f 150//150 149//149 143//143
f 151//151 150//150 144//144
f 151//151 145//145 146//146
f 152//152 146//146 147//147
f 153//153 147//147 106//106
f 155//155 154//154 148//148
f 156//156 155//155 149//149
f 157//157 156//156 150//150
f 157//157 151//151 152//152
f 158//158 152//152 153//153
f 159//159 153//153 112//112
f 160//160 41//41 154//154
f 161//161 160//160 155//155
f 22//22 161//161 156//156
f 22//22 157//157 158//158
f 15//15 158//158 159//159
f 1//1 159//159 118//118
f 162//162 58//58 59//59
f 162//162 2150//2074 164//164
f 163//163 164//164 166//166
f 165//165 166//166 168//168
f 167//167 168//168 2125//2049
f 124//124 169//169 2125//2049
f 170//170 66//66 58//58
f 171//171 170//170 162//162
f 171//171 163//163 165//165
f 172//172 165//165 167//167
f 173//173 167//167 169//169
f 174//174 169//169 124//124
f 175//175 73//73 66//66
f 176//176 175//175 170//170
f 177//177 176//176 171//171
f 177//177 172//172 173//173
f 178//178 173//173 174//174
f 179//179 174//174 136//136
f 180//180 80//80 73//73
f 181//181 180//180 175//175
f 182//182 181//181 176//176
f 182//182 177//177 178//178
f 183//183 178//178 179//179
f 184//184 179//179 142//142
f 185//185 87//87 80//80
f 186//186 185//185 180//180
f 187//187 186//186 181//181
f 187//187 182//182 183//183
f 188//188 183//183 184//184
f 189//189 184//184 148//148
f 44//44 45//45 87//87
f 190//190 44//44 185//185
f 43//43 190//190 186//186
f 43//43 187//187 188//188
f 42//42 188//188 189//189
f 191//191 189//189 154//154
f 192//192 195//194 194//193
f 193//2 194//193 197//195
f 196//5 197//195 199//196
f 200//9 198//7 199//196
f 202//11 200//9 201//197
f 204//199 202//11 203//198
f 351//326 192//192 193//2
f 206//16 193//2 196//5
f 207//17 196//5 198//7
f 209//19 208//18 198//7
f 210//20 209//19 200//9
f 211//201 210//20 202//11
f 212//202 351//326 206//16
f 213//23 206//16 207//17
f 214//24 207//17 208//18
f 216//26 215//25 208//18
f 217//27 216//26 209//19
f 218//203 217//27 210//20
f 219//29 350//325 212//202
f 220//30 219//29 213//23
f 221//31 220//30 214//24
f 221//31 215//25 216//26
f 222//32 216//26 217//27
f 223//33 217//27 218//203
f 225//35 349//324 350//325
f 226//36 225//35 219//29
f 227//37 226//36 220//30
f 227//37 221//31 222//32
f 228//38 222//32 223//33
f 229//39 223//33 224//204
f 232//207 231//206 349//324
f 233//208 232//207 225//35
f 234//209 233//208 226//36
f 234//209 227//37 228//38
f 235//210 228//38 229//39
f 380//355 229//39 230//205
f 238//213 237//212 240//215
f 241//216 238//213 239//214
f 241//216 242//217 244//219
f 243//218 244//219 246//221
f 245//220 246//221 248//223
f 249//224 247//222 248//223
f 252//227 251//226 237//212
f 253//228 252//227 238//213
f 253//228 241//216 243//218
f 254//229 243//218 245//220
f 255//230 245//220 247//222
f 256//231 247//222 249//224
f 259//234 258//233 251//226
f 260//235 259//234 252//227
f 261//236 260//235 253//228
f 261//236 254//229 255//230
f 262//237 255//230 256//231
f 263//238 256//231 257//232
f 266//241 265//240 258//233
f 267//242 266//241 259//234
f 268//243 267//242 260//235
f 268//243 261//236 262//237
f 269//244 262//237 263//238
f 270//245 263//238 264//239
f 273//248 272//247 265//240
f 274//249 273//248 266//241
f 275//250 274//249 267//242
f 275//250 268//243 269//244
f 276//251 269//244 270//245
f 277//252 270//245 271//246
f 204//199 205//200 272//247
f 211//201 204//199 273//248
f 218//203 211//201 274//249
f 218//203 275//250 276//251
f 224//204 276//251 277//252
f 230//205 277//252 278//253
f 280//255 279//254 282//257
f 283//258 280//255 281//256
f 285//260 283//258 284//259
f 287//262 285//260 286//261
f 289//264 287//262 288//263
f 237//212 289//264 290//265
f 292//267 291//266 279//254
f 293//268 292//267 280//255
f 294//269 293//268 283//258
f 295//270 294//269 285//260
f 295//270 287//262 289//264
f 296//271 289//264 237//212
f 298//273 297//272 291//266
f 299//274 298//273 292//267
f 300//275 299//274 293//268
f 300//275 294//269 295//270
f 301//276 295//270 296//271
f 302//277 296//271 251//226
f 304//279 303//278 297//272
f 305//280 304//279 298//273
f 306//281 305//280 299//274
f 306//281 300//275 301//276
f 307//282 301//276 302//277
f 308//283 302//277 258//233
f 310//285 309//284 303//278
f 311//286 310//285 304//279
f 312//287 311//286 305//280
f 312//287 306//281 307//282
f 313//288 307//282 308//283
f 314//289 308//283 265//240
f 194//193 195//194 309//284
f 197//195 194//193 310//285
f 199//196 197//195 311//286
f 199//196 312//287 313//288
f 201//197 313//288 314//289
f 203//198 314//289 272//247
f 315//290 318//293 317//292
f 316//291 317//292 320//295
f 319//294 320//295 322//297
f 323//298 321//296 322//297
f 324//299 323//298 916//840
f 279//254 324//299 910//834
f 325//300 315//290 316//291
f 326//301 316//291 319//294
f 328//303 327//302 319//294
f 328//303 321//296 323//298
f 329//304 323//298 324//299
f 291//266 330//305 324//299
f 332//307 331//306 325//300
f 333//308 332//307 326//301
f 334//309 333//308 327//302
f 334//309 328//303 329//304
f 335//310 329//304 330//305
f 336//311 330//305 291//266
f 338//313 337//312 331//306
f 339//314 338//313 332//307
f 340//315 339//314 333//308
f 340//315 334//309 335//310
f 341//316 335//310 336//311
f 342//317 336//311 297//272
f 344//319 343//318 337//312
f 345//320 344//319 338//313
f 346//321 345//320 339//314
f 346//321 340//315 341//316
f 347//322 341//316 342//317
f 348//323 342//317 303//278
f 349//324 231//206 343//318
f 350//325 349//324 344//319
f 212//202 350//325 345//320
f 212//202 346//321 347//322
f 351//326 347//322 348//323
f 192//192 348//323 309//284
f 249//224 250//225 353//328
f 352//327 353//328 772//697
f 354//329 772//697 356//331
f 357//332 355//330 356//331
f 359//334 357//332 358//333
f 315//290 359//334 768//693
f 257//232 249//224 352//327
f 360//335 352//327 354//329
f 362//337 361//336 354//329
f 363//338 362//337 355//330
f 364//339 363//338 357//332
f 325//300 364//339 359//334
f 365//340 264//239 257//232
f 366//341 365//340 360//335
f 367//342 366//341 361//336
f 367//342 362//337 363//338
f 368//343 363//338 364//339
f 369//344 364//339 325//300
f 370//345 271//246 264//239
f 371//346 370//345 365//340
f 372//347 371//346 366//341
f 372//347 367//342 368//343
f 373//348 368//343 369//344
f 374//349 369//344 331//306
f 375//350 278//253 271//246
f 376//351 375//350 370//345
f 377//352 376//351 371//346
f 377//352 372//347 373//348
f 378//353 373//348 374//349
f 379//354 374//349 337//312
f 380//355 236//211 278//253
f 235//210 380//355 375//350
f 234//209 235//210 376//351
f 234//209 377//352 378//353
f 233//208 378//353 379//354
f 232//207 379//354 343//318
f 381//356 384//358 383//357
f 382//2 383//357 386//359
f 385//5 386//359 388//360
f 389//9 387//7 388//360
f 391//11 389//9 390//361
f 393//363 391//11 392//362
f 395//365 381//356 382//2
f 396//16 382//2 385//5
f 397//17 385//5 387//7
f 399//19 398//18 387//7
f 400//20 399//19 389//9
f 401//366 400//20 391//11
f 402//367 395//365 396//16
f 403//23 396//16 397//17
f 404//24 397//17 398//18
f 406//26 405//25 398//18
f 407//27 406//26 399//19
f 408//368 407//27 400//20
f 409//29 541//491 402//367
f 410//30 409//29 403//23
f 411//31 410//30 404//24
f 411//31 405//25 406//26
f 412//32 406//26 407//27
f 413//33 407//27 408//368
f 415//35 540//490 541//491
f 416//36 415//35 409//29
f 417//37 416//36 410//30
f 417//37 411//31 412//32
f 418//38 412//32 413//33
f 419//39 413//33 414//369
f 422//372 421//371 540//490
f 423//373 422//372 415//35
f 424//374 423//373 416//36
f 424//374 417//37 418//38
f 573//523 418//38 419//39
f 572//522 419//39 420//370
f 426//376 429//379 428//378
f 427//377 428//378 431//381
f 430//380 431//381 433//383
f 434//384 432//382 433//383
f 436//386 434//384 435//385
f 438//388 436//386 437//387
f 440//390 426//376 427//377
f 442//392 441//391 427//377
f 443//393 442//392 430//380
f 443//393 432//382 434//384
f 445//395 444//394 434//384
f 446//396 445//395 436//386
f 448//398 447//397 440//390
f 449//399 448//398 441//391
f 450//400 449//399 442//392
f 450//400 443//393 444//394
f 451//401 444//394 445//395
f 452//402 445//395 446//396
f 455//405 454//404 447//397
f 456//406 455//405 448//398
f 457//407 456//406 449//399
f 457//407 450//400 451//401
f 458//408 451//401 452//402
f 459//409 452//402 453//403
f 462//412 461//411 454//404
f 463//413 462//412 455//405
f 464//414 463//413 456//406
f 464//414 457//407 458//408
f 465//415 458//408 459//409
f 466//416 459//409 460//410
f 393//363 394//364 461//411
f 401//366 393//363 462//412
f 408//368 401//366 463//413
f 408//368 464//414 465//415
f 414//369 465//415 466//416
f 420//370 466//416 467//417
f 468//418 471//421 470//420
f 469//419 470//420 473//423
f 472//422 473//423 475//425
f 474//424 475//425 477//427
f 476//426 477//427 479//429
f 478//428 479//429 429//379
f 481//431 480//430 468//418
f 482//432 481//431 469//419
f 482//432 472//422 474//424
f 483//433 474//424 476//426
f 484//434 476//426 478//428
f 485//435 478//428 426//376
f 487//437 486//436 480//430
f 488//438 487//437 481//431
f 489//439 488//438 482//432
f 489//439 483//433 484//434
f 490//440 484//434 485//435
f 491//441 485//435 440//390
f 493//443 492//442 486//436
f 494//444 493//443 487//437
f 495//445 494//444 488//438
f 495//445 489//439 490//440
f 496//446 490//440 491//441
f 497//447 491//441 447//397
f 499//449 498//448 492//442
f 500//450 499//449 493//443
f 501//451 500//450 494//444
f 501//451 495//445 496//446
f 502//452 496//446 497//447
f 503//453 497//447 454//404
f 383//357 384//358 498//448
f 386//359 383//357 499//449
f 388//360 386//359 500//450
f 388//360 501//451 502//452
f 390//361 502//452 503//453
f 392//362 503//453 461//411
f 504//454 507//457 506//456
f 508//458 505//455 506//456
f 510//460 508//458 509//459
f 512//462 510//460 511//461
f 512//462 513//463 515//465
f 514//464 515//465 471//421
f 517//467 516//466 504//454
f 518//468 517//467 505//455
f 519//469 518//468 508//458
f 520//470 519//469 510//460
f 520//470 512//462 514//464
f 521//471 514//464 468//418
f 523//473 522//472 516//466
f 524//474 523//473 517//467
f 525//475 524//474 518//468
f 525//475 519//469 520//470
f 526//476 520//470 521//471
f 527//477 521//471 480//430
f 529//479 528//478 522//472
f 530//480 529//479 523//473
f 531//481 530//480 524//474
f 531//481 525//475 526//476
f 532//482 526//476 527//477
f 533//483 527//477 486//436
f 535//485 534//484 528//478
f 536//486 535//485 529//479
f 537//487 536//486 530//480
f 537//487 531//481 532//482
f 538//488 532//482 533//483
f 539//489 533//483 492//442
f 540//490 421//371 534//484
f 541//491 540//490 535//485
f 402//367 541//491 536//486
f 402//367 537//487 538//488
f 395//365 538//488 539//489
f 381//356 539//489 498//448
f 438//388 439//389 543//493
f 542//492 543//493 545//495
f 544//494 545//495 547//497
f 548//498 546//496 547//497
f 550//500 548//498 549//499
f 504//454 550//500 551//501
f 446//396 438//388 542//492
f 552//502 542//492 544//494
f 553//503 544//494 546//496
f 554//504 546//496 548//498
f 556//506 555//505 548//498
f 516//466 556//506 550//500
f 557//507 453//403 446//396
f 558//508 557//507 552//502
f 559//509 558//508 553//503
f 559//509 554//504 555//505
f 560//510 555//505 556//506
f 561//511 556//506 516//466
f 562//512 460//410 453//403
f 563//513 562//512 557//507
f 564//514 563//513 558//508
f 564//514 559//509 560//510
f 565//515 560//510 561//511
f 566//516 561//511 522//472
f 567//517 467//417 460//410
f 568//518 567//517 562//512
f 569//519 568//518 563//513
f 569//519 564//514 565//515
f 570//520 565//515 566//516
f 571//521 566//516 528//478
f 572//522 425//375 467//417
f 573//523 572//522 567//517
f 424//374 573//523 568//518
f 424//374 569//519 570//520
f 423//373 570//520 571//521
f 422//372 571//521 534//484
f 574//524 577//526 576//525
f 575//2 576//525 579//527
f 578//5 579//527 581//528
f 582//9 580//7 581//528
f 584//11 582//9 583//529
f 586//531 584//11 585//530
f 588//533 574//524 575//2
f 589//16 575//2 578//5
f 590//17 578//5 580//7
f 592//19 591//18 580//7
f 593//20 592//19 582//9
f 594//534 593//20 584//11
f 595//535 588//533 589//16
f 596//23 589//16 590//17
f 597//24 590//17 591//18
f 599//26 598//25 591//18
f 600//27 599//26 592//19
f 601//536 600//27 593//20
f 602//29 735//660 595//535
f 603//30 602//29 596//23
f 604//31 603//30 597//24
f 604//31 598//25 599//26
f 605//32 599//26 600//27
f 606//33 600//27 601//536
f 608//35 734//659 735//660
f 609//36 608//35 602//29
f 610//37 609//36 603//30
f 610//37 604//31 605//32
f 611//38 605//32 606//33
f 612//39 606//33 607//537
f 615//540 614//539 734//659
f 616//541 615//540 608//35
f 617//542 616//541 609//36
f 617//542 610//37 611//38
f 765//690 611//38 612//39
f 618//543 612//39 613//538
f 620//545 623//548 622//547
f 621//546 622//547 625//550
f 624//549 625//550 627//552
f 628//553 626//551 627//552
f 630//555 628//553 629//554
f 632//557 630//555 631//556
f 634//559 620//545 621//546
f 635//560 621//546 624//549
f 637//562 636//561 624//549
f 637//562 626//551 628//553
f 638//563 628//553 630//555
f 639//564 630//555 632//557
f 642//567 641//566 634//559
f 643//568 642//567 635//560
f 644//569 643//568 636//561
f 644//569 637//562 638//563
f 645//570 638//563 639//564
f 646//571 639//564 640//565
f 649//574 648//573 641//566
f 650//575 649//574 642//567
f 651//576 650//575 643//568
f 651//576 644//569 645//570
f 652//577 645//570 646//571
f 653//578 646//571 647//572
f 656//581 655//580 648//573
f 657//582 656//581 649//574
f 658//583 657//582 650//575
f 658//583 651//576 652//577
f 659//584 652//577 653//578
f 660//585 653//578 654//579
f 586//531 587//532 655//580
f 594//534 586//531 656//581
f 601//536 594//534 657//582
f 601//536 658//583 659//584
f 607//537 659//584 660//585
f 613//538 660//585 661//586
f 662//587 665//590 664//589
f 663//588 664//589 667//592
f 666//591 667//592 669//594
f 670//595 668//593 669//594
f 672//597 670//595 671//596
f 620//545 672//597 673//598
f 674//599 662//587 663//588
f 675//600 663//588 666//591
f 677//602 676//601 666//591
f 678//603 677//602 668//593
f 679//604 678//603 670//595
f 634//559 679//604 672//597
f 681//606 680//605 674//599
f 682//607 681//606 675//600
f 683//608 682//607 676//601
f 683//608 677//602 678//603
f 684//609 678//603 679//604
f 685//610 679//604 634//559
f 687//612 686//611 680//605
f 688//613 687//612 681//606
f 689//614 688//613 682//607
f 689//614 683//608 684//609
f 690//615 684//609 685//610
f 691//616 685//610 641//566
f 693//618 692//617 686//611
f 694//619 693//618 687//612
f 695//620 694//619 688//613
f 695//620 689//614 690//615
f 696//621 690//615 691//616
f 697//622 691//616 648//573
f 576//525 577//526 692//617
f 579//527 576//525 693//618
f 581//528 579//527 694//619
f 581//528 695//620 696//621
f 583//529 696//621 697//622
f 585//530 697//622 655//580
f 698//623 701//626 700//625
f 699//624 700//625 703//628
f 702//627 703//628 705//630
f 704//629 705//630 707//632
f 706//631 707//632 709//634
f 662//587 708//633 709//634
f 711//636 710//635 698//623
f 712//637 711//636 699//624
f 712//637 702//627 704//629
f 713//638 704//629 706//631
f 714//639 706//631 708//633
f 715//640 708//633 662//587
f 717//642 716//641 710//635
f 718//643 717//642 711//636
f 719//644 718//643 712//637
f 719//644 713//638 714//639
f 720//645 714//639 715//640
f 721//646 715//640 674//599
f 723//648 722//647 716//641
f 724//649 723//648 717//642
f 725//650 724//649 718//643
f 725//650 719//644 720//645
f 726//651 720//645 721//646
f 727//652 721//646 680//605
f 729//654 728//653 722//647
f 730//655 729//654 723//648
f 731//656 730//655 724//649
f 731//656 725//650 726//651
f 732//657 726//651 727//652
f 733//658 727//652 686//611
f 734//659 614//539 728//653
f 735//660 734//659 729//654
f 595//535 735//660 730//655
f 595//535 731//656 732//657
f 588//533 732//657 733//658
f 574//524 733//658 692//617
f 632//557 633//558 737//662
f 738//663 736//661 737//662
f 739//664 738//663 2623//2547
f 741//666 739//664 740//665
f 743//668 741//666 742//667
f 743//668 744//669 701//626
f 745//670 640//565 632//557
f 746//671 745//670 736//661
f 747//672 746//671 738//663
f 748//673 747//672 739//664
f 748//673 741//666 743//668
f 749//674 743//668 698//623
f 750//675 647//572 640//565
f 751//676 750//675 745//670
f 752//677 751//676 746//671
f 752//677 747//672 748//673
f 753//678 748//673 749//674
f 754//679 749//674 710//635
f 755//680 654//579 647//572
f 756//681 755//680 750//675
f 757//682 756//681 751//676
f 757//682 752//677 753//678
f 758//683 753//678 754//679
f 759//684 754//679 716//641
f 760//685 661//586 654//579
f 761//686 760//685 755//680
f 762//687 761//686 756//681
f 762//687 757//682 758//683
f 763//688 758//683 759//684
f 764//689 759//684 722//647
f 618//543 619//544 661//586
f 765//690 618//543 760//685
f 617//542 765//690 761//686
f 617//542 762//687 763//688
f 616//541 763//688 764//689
f 615//540 764//689 728//653
f 766//691 318//293 768//693
f 767//692 768//693 358//333
f 769//694 358//333 356//331
f 771//696 770//695 356//331
f 773//698 771//696 772//697
f 774//699 773//698 353//328
f 775//700 766//691 767//692
f 776//701 767//692 769//694
f 777//702 769//694 770//695
f 779//704 778//703 770//695
f 780//705 779//704 771//696
f 781//706 780//705 773//698
f 782//707 775//700 776//701
f 783//708 776//701 777//702
f 785//710 784//709 777//702
f 786//711 785//710 778//703
f 787//712 786//711 779//704
f 788//713 787//712 780//705
f 790//715 789//714 782//707
f 791//716 790//715 783//708
f 792//717 791//716 784//709
f 792//717 785//710 786//711
f 793//718 786//711 787//712
f 794//719 787//712 788//713
f 797//722 796//721 789//714
f 798//723 797//722 790//715
f 799//724 798//723 791//716
f 799//724 792//717 793//718
f 800//725 793//718 794//719
f 801//726 794//719 795//720
f 90//90 91//91 796//721
f 93//93 90//90 797//722
f 95//95 93//93 798//723
f 95//95 799//724 800//725
f 97//97 800//725 801//726
f 99//99 801//726 802//727
f 804//729 803//728 439//389
f 806//731 804//729 805//730
f 808//733 806//731 807//732
f 808//733 809//734 811//736
f 810//735 811//736 813//738
f 812//737 813//738 318//293
f 815//740 814//739 803//728
f 816//741 815//740 804//729
f 817//742 816//741 806//731
f 817//742 808//733 810//735
f 818//743 810//735 812//737
f 819//744 812//737 766//691
f 821//746 820//745 814//739
f 822//747 821//746 815//740
f 823//25 822//747 816//741
f 823//25 817//742 818//743
f 824//748 818//743 819//744
f 825//749 819//744 775//700
f 826//750 820//745 821//746
f 827//751 821//746 822//747
f 828//752 822//747 823//25
f 830//754 829//753 823//25
f 831//755 830//754 824//748
f 789//714 831//755 825//749
f 832//756 826//750 827//751
f 833//757 827//751 828//752
f 834//758 828//752 829//753
f 836//760 835//759 829//753
f 837//761 836//760 830//754
f 796//721 837//761 831//755
f 623//548 832//756 833//757
f 838//762 833//757 834//758
f 839//763 834//758 835//759
f 841//765 840//764 835//759
f 842//766 841//765 836//760
f 91//91 842//766 837//761
f 1227//1151 507//457 551//501
f 843//767 551//501 549//499
f 844//768 549//499 547//497
f 846//770 845//769 547//497
f 847//771 846//770 545//495
f 803//728 847//771 543//493
f 1226//1150 1227//1151 843//767
f 848//772 843//767 844//768
f 849//773 844//768 845//769
f 851//775 850//774 845//769
f 852//776 851//775 846//770
f 814//739 852//776 847//771
f 853//777 1226//1150 848//772
f 854//778 848//772 849//773
f 855//779 849//773 850//774
f 857//781 856//780 850//774
f 858//782 857//781 851//775
f 820//745 858//782 852//776
f 859//783 1225//1149 853//777
f 860//784 859//783 854//778
f 861//785 860//784 855//779
f 861//785 856//780 857//781
f 862//786 857//781 858//782
f 863//787 858//782 820//745
f 865//789 864//788 1225//1149
f 866//790 865//789 859//783
f 867//791 866//790 860//784
f 867//791 861//785 862//786
f 868//792 862//786 863//787
f 869//793 863//787 826//750
f 664//589 665//590 864//788
f 667//592 664//589 865//789
f 669//594 667//592 866//790
f 669//594 867//791 868//792
f 671//596 868//792 869//793
f 673//598 869//793 832//756
f 622//547 623//548 838//762
f 870//794 838//762 839//763
f 871//795 839//763 840//764
f 873//797 872//796 840//764
f 874//798 873//797 841//765
f 135//135 874//798 842//766
f 625//550 622//547 870//794
f 875//799 870//794 871//795
f 877//801 876//800 871//795
f 877//801 872//796 873//797
f 879//803 878//802 873//797
f 133//133 879//803 874//798
f 880//804 627//552 625//550
f 881//805 880//804 875//799
f 881//805 876//800 877//801
f 882//806 877//801 878//802
f 883//807 878//802 879//803
f 884//808 879//803 133//133
f 885//809 629//554 627//552
f 886//810 885//809 880//804
f 887//811 886//810 881//805
f 887//811 882//806 883//807
f 888//812 883//807 884//808
f 889//813 884//808 131//131
f 890//814 631//556 629//554
f 891//815 890//814 885//809
f 891//815 886//810 887//811
f 892//816 887//811 888//812
f 893//817 888//812 889//813
f 894//818 889//813 129//129
f 895//819 633//558 631//556
f 896//820 895//819 890//814
f 897//821 896//820 891//815
f 897//821 892//816 893//817
f 898//822 893//817 894//818
f 899//823 894//818 126//126
f 428//378 429//379 901//825
f 900//824 901//825 903//827
f 902//826 903//827 905//829
f 904//828 905//829 907//831
f 908//832 906//830 907//831
f 910//834 908//832 909//833
f 431//381 428//378 900//824
f 911//835 900//824 902//826
f 912//836 902//826 904//828
f 914//838 913//837 904//828
f 915//839 914//838 906//830
f 916//840 915//839 908//832
f 433//383 431//381 911//835
f 917//841 911//835 912//836
f 918//842 912//836 913//837
f 920//844 919//843 913//837
f 921//845 920//844 914//838
f 322//297 921//845 915//839
f 435//385 433//383 917//841
f 922//846 917//841 918//842
f 923//847 918//842 919//843
f 924//848 919//843 920//844
f 926//850 925//849 920//844
f 320//295 926//850 921//845
f 927//851 437//387 435//385
f 928//852 927//851 922//846
f 928//852 923//847 924//848
f 930//854 929//853 924//848
f 930//854 925//849 926//850
f 931//855 926//850 320//295
f 805//730 439//389 437//387
f 807//732 805//730 927//851
f 809//734 807//732 928//852
f 809//734 929//853 930//854
f 811//736 930//854 931//855
f 813//738 931//855 317//292
f 933//857 932//856 935//859
f 936//860 933//857 934//858
f 938//862 936//860 937//861
f 940//864 938//862 939//863
f 942//866 940//864 941//865
f 944//868 942//866 943//867
f 947//871 946//870 932//856
f 948//872 947//871 933//857
f 949//873 948//872 936//860
f 950//874 949//873 938//862
f 951//875 950//874 940//864
f 952//876 951//875 942//866
f 954//878 953//877 946//870
f 955//879 954//878 947//871
f 956//880 955//879 948//872
f 957//881 956//880 949//873
f 958//882 957//881 950//874
f 959//883 958//882 951//875
f 961//885 960//884 953//877
f 962//886 961//885 954//878
f 963//887 962//886 955//879
f 964//888 963//887 956//880
f 965//889 964//888 957//881
f 966//890 965//889 958//882
f 968//892 967//891 960//884
f 969//893 968//892 961//885
f 970//894 969//893 962//886
f 971//895 970//894 963//887
f 972//896 971//895 964//888
f 973//897 972//896 965//889
f 49//49 967//891 968//892
f 51//51 48//48 968//892
f 53//53 51//51 969//893
f 55//55 53//53 970//894
f 57//57 55//55 971//895
f 59//59 57//57 972//896
f 974//898 977//901 976//900
f 975//899 976//900 979//903
f 978//902 979//903 981//905
f 980//904 981//905 983//907
f 982//906 983//907 985//909
f 984//908 985//909 935//859
f 986//910 974//898 975//899
f 987//911 975//899 978//902
f 988//912 978//902 980//904
f 989//913 980//904 982//906
f 990//914 982//906 984//908
f 991//915 984//908 932//856
f 992//916 986//910 987//911
f 993//917 987//911 988//912
f 994//918 988//912 989//913
f 995//919 989//913 990//914
f 996//920 990//914 991//915
f 997//921 991//915 946//870
f 998//922 992//916 993//917
f 999//923 993//917 994//918
f 1000//924 994//918 995//919
f 1001//925 995//919 996//920
f 1002//926 996//920 997//921
f 1003//927 997//921 953//877
f 1004//928 998//922 999//923
f 1005//929 999//923 1000//924
f 1006//930 1000//924 1001//925
f 1007//931 1001//925 1002//926
f 1009//933 1008//932 1002//926
f 967//891 1009//933 1003//927
f 250//225 1004//928 1005//929
f 774//699 1005//929 1006//930
f 781//706 1006//930 1007//931
f 795//720 788//713 1007//931
f 802//727 795//720 1008//932
f 49//49 802//727 1009//933
f 1011//935 1010//934 1013//937
f 1014//938 1011//935 1012//936
f 1016//940 1014//938 1015//939
f 1018//942 1016//940 1017//941
f 1020//944 1018//942 1019//943
f 974//898 1020//944 1021//945
f 1023//947 1022//946 1010//934
f 1024//948 1023//947 1011//935
f 1025//949 1024//948 1014//938
f 1025//949 1016//940 1018//942
f 1026//950 1018//942 1020//944
f 1027//951 1020//944 974//898
f 1029//953 1028//952 1022//946
f 1030//954 1029//953 1023//947
f 1031//955 1030//954 1024//948
f 1031//955 1025//949 1026//950
f 1032//956 1026//950 1027//951
f 1033//957 1027//951 986//910
f 1035//959 1034//958 1028//952
f 1036//960 1035//959 1029//953
f 1036//960 1030//954 1031//955
f 1037//961 1031//955 1032//956
f 1038//962 1032//956 1033//957
f 1039//963 1033//957 992//916
f 1041//965 1040//964 1034//958
f 1042//966 1041//965 1035//959
f 1042//966 1036//960 1037//961
f 1043//967 1037//961 1038//962
f 1044//968 1038//962 1039//963
f 1045//969 1039//963 998//922
f 239//214 240//215 1040//964
f 242//217 239//214 1041//965
f 242//217 1042//966 1043//967
f 244//219 1043//967 1044//968
f 246//221 1044//968 1045//969
f 248//223 1045//969 1004//928
f 1046//970 1049//973 1048//972
f 1047//971 1048//972 1051//975
f 1050//974 1051//975 1053//977
f 1054//978 1052//976 1053//977
f 1056//980 1054//978 1055//979
f 1010//934 1056//980 1057//981
f 1059//983 1058//982 1046//970
f 1060//984 1059//983 1047//971
f 1061//985 1060//984 1050//974
f 1062//986 1061//985 1052//976
f 1063//987 1062//986 1054//978
f 1022//946 1063//987 1056//980
f 1065//989 1064//988 1058//982
f 1066//990 1065//989 1059//983
f 1067//991 1066//990 1060//984
f 1068//992 1067//991 1061//985
f 1069//993 1068//992 1062//986
f 1028//952 1069//993 1063//987
f 1071//995 1070//994 1064//988
f 1072//996 1071//995 1065//989
f 1073//997 1072//996 1066//990
f 1074//998 1073//997 1067//991
f 1075//999 1074//998 1068//992
f 1034//958 1075//999 1069//993
f 1077//1001 1076//1000 1070//994
f 1078//1002 1077//1001 1071//995
f 1079//1003 1078//1002 1072//996
f 1080//1004 1079//1003 1073//997
f 1081//1005 1080//1004 1074//998
f 1040//964 1081//1005 1075//999
f 281//256 282//257 1076//1000
f 284//259 281//256 1077//1001
f 286//261 284//259 1078//1002
f 288//263 286//261 1079//1003
f 290//265 288//263 1080//1004
f 240//215 290//265 1081//1005
f 1083//1007 1082//1006 1085//1009
f 1086//1010 1083//1007 1084//1008
f 1088//1012 1086//1010 1087//1011
f 1088//1012 1089//1013 1091//1015
f 1090//1014 1091//1015 1414//1338
f 1092//1016 1414//1338 1049//973
f 1093//1017 1082//1006 1083//1007
f 1094//1018 1083//1007 1086//1010
f 1095//1019 1086//1010 1088//1012
f 1097//1021 1096//1020 1088//1012
f 1098//1022 1097//1021 1090//1014
f 1058//982 1098//1022 1092//1016
f 1099//1023 1093//1017 1094//1018
f 1100//1024 1094//1018 1095//1019
f 1101//1025 1095//1019 1096//1020
f 1103//1027 1102//1026 1096//1020
f 1104//1028 1103//1027 1097//1021
f 1064//988 1104//1028 1098//1022
f 1105//1029 1099//1023 1100//1024
f 1106//1030 1100//1024 1101//1025
f 1107//1031 1101//1025 1102//1026
f 1109//1033 1108//1032 1102//1026
f 1110//1034 1109//1033 1103//1027
f 1070//994 1110//1034 1104//1028
f 1111//1035 1105//1029 1106//1030
f 1112//1036 1106//1030 1107//1031
f 1113//1037 1107//1031 1108//1032
f 1115//1039 1114//1038 1108//1032
f 1116//1040 1115//1039 1109//1033
f 1076//1000 1116//1040 1110//1034
f 429//379 1111//1035 1112//1036
f 901//825 1112//1036 1113//1037
f 903//827 1113//1037 1114//1038
f 907//831 905//829 1114//1038
f 909//833 907//831 1115//1039
f 282//257 909//833 1116//1040
f 1117//1041 1120//1044 1119//1043
f 1118//1042 1119//1043 1122//1046
f 1121//1045 1122//1046 1124//1048
f 1125//1049 1123//1047 1124//1048
f 1127//1051 1125//1049 1126//1050
f 1082//1006 1127//1051 1128//1052
f 1129//1053 1117//1041 1118//1042
f 1130//1054 1118//1042 1121//1045
f 1131//1055 1121//1045 1123//1047
f 1132//1056 1123//1047 1125//1049
f 1133//1057 1125//1049 1127//1051
f 1134//1058 1127//1051 1082//1006
f 1135//1059 1129//1053 1130//1054
f 1136//1060 1130//1054 1131//1055
f 1137//1061 1131//1055 1132//1056
f 1138//1062 1132//1056 1133//1057
f 1139//1063 1133//1057 1134//1058
f 1140//1064 1134//1058 1093//1017
f 1141//1065 1135//1059 1136//1060
f 1142//1066 1136//1060 1137//1061
f 1143//1067 1137//1061 1138//1062
f 1144//1068 1138//1062 1139//1063
f 1145//1069 1139//1063 1140//1064
f 1146//1070 1140//1064 1099//1023
f 1147//1071 1141//1065 1142//1066
f 1148//1072 1142//1066 1143//1067
f 1149//1073 1143//1067 1144//1068
f 1150//1074 1144//1068 1145//1069
f 1151//1075 1145//1069 1146//1070
f 1152//1076 1146//1070 1105//1029
f 471//421 1147//1071 1148//1072
f 470//420 1148//1072 1149//1073
f 473//423 1149//1073 1150//1074
f 475//425 1150//1074 1151//1075
f 477//427 1151//1075 1152//1076
f 479//429 1152//1076 1111//1035
f 1153//1077 1156//1080 1155//1079
f 1154//1078 1155//1079 1158//1082
f 1157//1081 1158//1082 1160//1084
f 1159//1083 1160//1084 1162//1086
f 1161//1085 1162//1086 1164//1088
f 1163//1087 1164//1088 1120//1044
f 1165//1089 1153//1077 1154//1078
f 1167//1091 1166//1090 1154//1078
f 1168//1092 1167//1091 1157//1081
f 1168//1092 1159//1083 1161//1085
f 1169//1093 1161//1085 1163//1087
f 1170//1094 1163//1087 1117//1041
f 1171//1095 1165//1089 1166//1090
f 1173//1097 1172//1096 1166//1090
f 1174//1098 1173//1097 1167//1091
f 1175//1099 1174//1098 1168//1092
f 1175//1099 1169//1093 1170//1094
f 1176//1100 1170//1094 1129//1053
f 1178//1102 1177//1101 1171//1095
f 1179//1103 1178//1102 1172//1096
f 1180//1104 1179//1103 1173//1097
f 1181//1105 1180//1104 1174//1098
f 1181//1105 1175//1099 1176//1100
f 1182//1106 1176//1100 1135//1059
f 1184//1108 1183//1107 1177//1101
f 1185//1109 1184//1108 1178//1102
f 1186//1110 1185//1109 1179//1103
f 1187//1111 1186//1110 1180//1104
f 1187//1111 1181//1105 1182//1106
f 1188//1112 1182//1106 1141//1065
f 506//456 507//457 1183//1107
f 509//459 506//456 1184//1108
f 511//461 509//459 1185//1109
f 513//463 511//461 1186//1110
f 513//463 1187//1111 1188//1112
f 515//465 1188//1112 1147//1071
f 1190//1114 1189//1113 1192//1116
f 1193//1117 1190//1114 1191//1115
f 1195//1119 1193//1117 1194//1118
f 1195//1119 1196//1120 1198//1122
f 1197//1121 1198//1122 1200//1124
f 1199//1123 1200//1124 1156//1080
f 1202//1126 1201//1125 1189//1113
f 1203//1127 1202//1126 1190//1114
f 1204//1128 1203//1127 1193//1117
f 1204//1128 1195//1119 1197//1121
f 1205//1129 1197//1121 1199//1123
f 1206//1130 1199//1123 1153//1077
f 1208//1132 1207//1131 1201//1125
f 1208//1132 1202//1126 1203//1127
f 1209//1133 1203//1127 1204//1128
f 1210//1134 1204//1128 1205//1129
f 1211//1135 1205//1129 1206//1130
f 1212//1136 1206//1130 1165//1089
f 1213//1137 1207//1131 1208//1132
f 1214//1138 1208//1132 1209//1133
f 1215//1139 1209//1133 1210//1134
f 1217//1141 1216//1140 1210//1134
f 1218//1142 1217//1141 1211//1135
f 1177//1101 1218//1142 1212//1136
f 1219//1143 1213//1137 1214//1138
f 1220//1144 1214//1138 1215//1139
f 1221//1145 1215//1139 1216//1140
f 1223//1147 1222//1146 1216//1140
f 1224//1148 1223//1147 1217//1141
f 1183//1107 1224//1148 1218//1142
f 665//590 1219//1143 1220//1144
f 864//788 1220//1144 1221//1145
f 1225//1149 1221//1145 1222//1146
f 1226//1150 853//777 1222//1146
f 1227//1151 1226//1150 1223//1147
f 507//457 1227//1151 1224//1148
f 1228//1152 1231//1155 1230//1154
f 1229//1153 1230//1154 1233//1157
f 1232//1156 1233//1157 1235//1159
f 1234//1158 1235//1159 1237//1161
f 1236//1160 1237//1161 1239//1163
f 1189//1113 1238//1162 1239//1163
f 1240//1164 1228//1152 1229//1153
f 1241//1165 1229//1153 1232//1156
f 1242//1166 1232//1156 1234//1158
f 1243//1167 1234//1158 1236//1160
f 1244//1168 1236//1160 1238//1162
f 1201//1125 1245//1169 1238//1162
f 1246//1170 1240//1164 1241//1165
f 1247//1171 1241//1165 1242//1166
f 1248//1172 1242//1166 1243//1167
f 1249//1173 1243//1167 1244//1168
f 1250//1174 1244//1168 1245//1169
f 1207//1131 1251//1175 1245//1169
f 1252//1176 1246//1170 1247//1171
f 1253//1177 1247//1171 1248//1172
f 1254//1178 1248//1172 1249//1173
f 1255//1179 1249//1173 1250//1174
f 1256//1180 1250//1174 1251//1175
f 1257//1181 1251//1175 1207//1131
f 1258//1182 1252//1176 1253//1177
f 1259//1183 1253//1177 1254//1178
f 1260//1184 1254//1178 1255//1179
f 1261//1185 1255//1179 1256//1180
f 1262//1186 1256//1180 1257//1181
f 1263//1187 1257//1181 1213//1137
f 701//626 1258//1182 1259//1183
f 700//625 1259//1183 1260//1184
f 703//628 1260//1184 1261//1185
f 705//630 1261//1185 1262//1186
f 707//632 1262//1186 1263//1187
f 709//634 1263//1187 1219//1143
f 1264//1188 1267//1191 1266//1190
f 1265//1189 1266//1190 1269//1193
f 1268//1192 1269//1193 1271//1195
f 1270//1194 1271//1195 1273//1197
f 1272//1196 1273//1197 1275//1199
f 1274//1198 1275//1199 1277//1201
f 1278//1202 1264//1188 1265//1189
f 1279//1203 1265//1189 1268//1192
f 1280//1204 1268//1192 1270//1194
f 1281//1205 1270//1194 1272//1196
f 1282//1206 1272//1196 1274//1198
f 1283//1207 1274//1198 1276//1200
f 1285//1209 1278//1202 1279//1203
f 1286//1210 1279//1203 1280//1204
f 1287//1211 1280//1204 1281//1205
f 1288//1212 1281//1205 1282//1206
f 1289//1213 1282//1206 1283//1207
f 1290//1214 1283//1207 1284//1208
f 1292//1216 1285//1209 1286//1210
f 1293//1217 1286//1210 1287//1211
f 1294//1218 1287//1211 1288//1212
f 1295//1219 1288//1212 1289//1213
f 1296//1220 1289//1213 1290//1214
f 1297//1221 1290//1214 1291//1215
f 1299//1223 1292//1216 1293//1217
f 1300//1224 1293//1217 1294//1218
f 1301//1225 1294//1218 1295//1219
f 1302//1226 1295//1219 1296//1220
f 1303//1227 1296//1220 1297//1221
f 1304//1228 1297//1221 1298//1222
f 935//859 1299//1223 1300//1224
f 934//858 1300//1224 1301//1225
f 937//861 1301//1225 1302//1226
f 939//863 1302//1226 1303//1227
f 941//865 1303//1227 1304//1228
f 943//867 1304//1228 1305//1229
f 1307//1231 1306//1230 1309//1233
f 1310//1234 1307//1231 1308//1232
f 1312//1236 1310//1234 1311//1235
f 1314//1238 1312//1236 1313//1237
f 1314//1238 1315//1239 1317//1241
f 1316//1240 1317//1241 1267//1191
f 1319//1243 1318//1242 1306//1230
f 1320//1244 1319//1243 1307//1231
f 1321//1245 1320//1244 1310//1234
f 1322//1246 1321//1245 1312//1236
f 1322//1246 1314//1238 1316//1240
f 1278//1202 1323//1247 1316//1240
f 1325//1249 1324//1248 1318//1242
f 1326//1250 1325//1249 1319//1243
f 1327//1251 1326//1250 1320//1244
f 1328//1252 1327//1251 1321//1245
f 1329//1253 1328//1252 1322//1246
f 1285//1209 1329//1253 1323//1247
f 1331//1255 1330//1254 1324//1248
f 1332//1256 1331//1255 1325//1249
f 1333//1257 1332//1256 1326//1250
f 1334//1258 1333//1257 1327//1251
f 1335//1259 1334//1258 1328//1252
f 1292//1216 1335//1259 1329//1253
f 1336//1260 1330//1254 1331//1255
f 1337//1261 1331//1255 1332//1256
f 1339//1263 1338//1262 1332//1256
f 1339//1263 1333//1257 1334//1258
f 1340//1264 1334//1258 1335//1259
f 1299//1223 1341//1265 1335//1259
f 977//901 1336//1260 1337//1261
f 976//900 1337//1261 1338//1262
f 979//903 1338//1262 1339//1263
f 981//905 1339//1263 1340//1264
f 983//907 1340//1264 1341//1265
f 985//909 1341//1265 1299//1223
f 1343//1267 1342//1266 1345//1269
f 1346//1270 1343//1267 1344//1268
f 1348//1272 1346//1270 1347//1271
f 1350//1274 1348//1272 1349//1273
f 1352//1276 1350//1274 1351//1275
f 1306//1230 1352//1276 1353//1277
f 1355//1279 1354//1278 1342//1266
f 1356//1280 1355//1279 1343//1267
f 1357//1281 1356//1280 1346//1270
f 1358//1282 1357//1281 1348//1272
f 1359//1283 1358//1282 1350//1274
f 1318//1242 1359//1283 1352//1276
f 1361//1285 1360//1284 1354//1278
f 1362//1286 1361//1285 1355//1279
f 1363//1287 1362//1286 1356//1280
f 1364//1288 1363//1287 1357//1281
f 1365//1289 1364//1288 1358//1282
f 1324//1248 1365//1289 1359//1283
f 1367//1291 1366//1290 1360//1284
f 1368//1292 1367//1291 1361//1285
f 1369//1293 1368//1292 1362//1286
f 1370//1294 1369//1293 1363//1287
f 1371//1295 1370//1294 1364//1288
f 1330//1254 1371//1295 1365//1289
f 1373//1297 1372//1296 1366//1290
f 1374//1298 1373//1297 1367//1291
f 1375//1299 1374//1298 1368//1292
f 1376//1300 1375//1299 1369//1293
f 1377//1301 1376//1300 1370//1294
f 1336//1260 1377//1301 1371//1295
f 1012//936 1013//937 1372//1296
f 1015//939 1012//936 1373//1297
f 1017//941 1015//939 1374//1298
f 1019//943 1017//941 1375//1299
f 1021//945 1019//943 1376//1300
f 977//901 1021//945 1377//1301
f 1378//1302 1381//1305 1380//1304
f 1379//1303 1380//1304 1383//1307
f 1382//1306 1383//1307 1385//1309
f 1384//1308 1385//1309 1387//1311
f 1386//1310 1387//1311 1389//1313
f 1388//1312 1389//1313 1345//1269
f 1390//1314 1378//1302 1379//1303
f 1391//1315 1379//1303 1382//1306
f 1392//1316 1382//1306 1384//1308
f 1393//1317 1384//1308 1386//1310
f 1394//1318 1386//1310 1388//1312
f 1395//1319 1388//1312 1342//1266
f 1396//1320 1390//1314 1391//1315
f 1397//1321 1391//1315 1392//1316
f 1398//1322 1392//1316 1393//1317
f 1399//1323 1393//1317 1394//1318
f 1400//1324 1394//1318 1395//1319
f 1360//1284 1401//1325 1395//1319
f 1419//1343 1396//1320 1397//1321
f 1402//1326 1397//1321 1398//1322
f 1403//1327 1398//1322 1399//1323
f 1404//1328 1399//1323 1400//1324
f 1405//1329 1400//1324 1401//1325
f 1366//1290 1406//1330 1401//1325
f 1412//1336 1419//1343 1402//1326
f 1407//1331 1402//1326 1403//1327
f 1408//1332 1403//1327 1404//1328
f 1409//1333 1404//1328 1405//1329
f 1410//1334 1405//1329 1406//1330
f 1372//1296 1411//1335 1406//1330
f 1049//973 1412//1336 1407//1331
f 1048//972 1407//1331 1408//1332
f 1051//975 1408//1332 1409//1333
f 1053//977 1409//1333 1410//1334
f 1055//979 1410//1334 1411//1335
f 1013//937 1057//981 1411//1335
f 1412//1336 1049//973 1414//1338
f 1413//1337 1414//1338 1091//1015
f 1415//1339 1091//1015 1089//1013
f 1417//1341 1416//1340 1089//1013
f 1418//1342 1417//1341 1087//1011
f 1480//1404 1418//1342 1084//1008
f 1419//1343 1412//1336 1413//1337
f 1420//1344 1413//1337 1415//1339
f 1421//1345 1415//1339 1416//1340
f 1423//1347 1422//1346 1416//1340
f 1424//1348 1423//1347 1417//1341
f 1425//1349 1424//1348 1418//1342
f 1396//1320 1419//1343 1420//1344
f 1426//1350 1420//1344 1421//1345
f 1427//1351 1421//1345 1422//1346
f 1429//1353 1428//1352 1422//1346
f 1430//1354 1429//1353 1423//1347
f 1431//1355 1430//1354 1424//1348
f 1390//1314 1396//1320 1426//1350
f 1432//1356 1426//1350 1427//1351
f 1433//1357 1427//1351 1428//1352
f 1435//1359 1434//1358 1428//1352
f 1436//1360 1435//1359 1429//1353
f 1437//1361 1436//1360 1430//1354
f 1378//1302 1390//1314 1432//1356
f 1438//1362 1432//1356 1433//1357
f 1439//1363 1433//1357 1434//1358
f 1441//1365 1440//1364 1434//1358
f 1442//1366 1441//1365 1435//1359
f 1443//1367 1442//1366 1436//1360
f 1381//1305 1378//1302 1438//1362
f 1381//1305 1438//1362 1439//1363
f 1381//1305 1439//1363 1440//1364
f 1381//1305 1440//1364 1441//1365
f 1381//1305 1441//1365 1442//1366
f 1381//1305 1442//1366 1443//1367
f 1445//1369 1444//1368 1447//1371
f 1448//1372 1445//1369 1446//1370
f 1450//1374 1448//1372 1449//1373
f 1452//1376 1450//1374 1451//1375
f 1454//1378 1452//1376 1453//1377
f 1443//1367 1454//1378 1455//1379
f 1457//1381 1456//1380 1444//1368
f 1458//1382 1457//1381 1445//1369
f 1459//1383 1458//1382 1448//1372
f 1460//1384 1459//1383 1450//1374
f 1461//1385 1460//1384 1452//1376
f 1437//1361 1461//1385 1454//1378
f 1462//1386 1456//1380 1457//1381
f 1464//1388 1463//1387 1457//1381
f 1465//1389 1464//1388 1458//1382
f 1466//1390 1465//1389 1459//1383
f 1467//1391 1466//1390 1460//1384
f 1431//1355 1467//1391 1461//1385
f 1468//1392 1462//1386 1463//1387
f 1470//1394 1469//1393 1463//1387
f 1471//1395 1470//1394 1464//1388
f 1472//1396 1471//1395 1465//1389
f 1473//1397 1472//1396 1466//1390
f 1425//1349 1473//1397 1467//1391
f 1474//1398 1468//1392 1469//1393
f 1476//1400 1475//1399 1469//1393
f 1477//1401 1476//1400 1470//1394
f 1478//1402 1477//1401 1471//1395
f 1479//1403 1478//1402 1472//1396
f 1480//1404 1479//1403 1473//1397
f 1120//1044 1474//1398 1475//1399
f 1122//1046 1119//1043 1475//1399
f 1124//1048 1122//1046 1476//1400
f 1126//1050 1124//1048 1477//1401
f 1128//1052 1126//1050 1478//1402
f 1085//1009 1128//1052 1479//1403
f 1481//1405 1484//1408 1483//1407
f 1482//1406 1483//1407 1486//1410
f 1485//1409 1486//1410 1488//1412
f 1487//1411 1488//1412 1490//1414
f 1489//1413 1490//1414 1492//1416
f 1491//1415 1492//1416 1447//1371
f 1493//1417 1481//1405 1482//1406
f 1494//1418 1482//1406 1485//1409
f 1495//1419 1485//1409 1487//1411
f 1496//1420 1487//1411 1489//1413
f 1497//1421 1489//1413 1491//1415
f 1498//1422 1491//1415 1444//1368
f 1499//1423 1493//1417 1494//1418
f 1500//1424 1494//1418 1495//1419
f 1501//1425 1495//1419 1496//1420
f 1502//1426 1496//1420 1497//1421
f 1503//1427 1497//1421 1498//1422
f 1504//1428 1498//1422 1456//1380
f 1505//1429 1499//1423 1500//1424
f 1506//1430 1500//1424 1501//1425
f 1507//1431 1501//1425 1502//1426
f 1508//1432 1502//1426 1503//1427
f 1509//1433 1503//1427 1504//1428
f 1510//1434 1504//1428 1462//1386
f 1511//1435 1505//1429 1506//1430
f 1512//1436 1506//1430 1507//1431
f 1513//1437 1507//1431 1508//1432
f 1514//1438 1508//1432 1509//1433
f 1515//1439 1509//1433 1510//1434
f 1516//1440 1510//1434 1468//1392
f 1156//1080 1511//1435 1512//1436
f 1155//1079 1512//1436 1513//1437
f 1158//1082 1513//1437 1514//1438
f 1160//1084 1514//1438 1515//1439
f 1162//1086 1515//1439 1516//1440
f 1164//1088 1516//1440 1474//1398
f 1517//1441 1520//1444 1519//1443
f 1521//1445 1518//1442 1519//1443
f 1523//1447 1521//1445 1522//1446
f 1523//1447 1524//1448 1526//1450
f 1525//1449 1526//1450 1528//1452
f 1527//1451 1528//1452 1484//1408
f 1529//1453 1517//1441 1518//1442
f 1531//1455 1530//1454 1518//1442
f 1532//1456 1531//1455 1521//1445
f 1533//1457 1532//1456 1523//1447
f 1533//1457 1525//1449 1527//1451
f 1534//1458 1527//1451 1481//1405
f 1535//1459 1529//1453 1530//1454
f 1537//1461 1536//1460 1530//1454
f 1538//1462 1537//1461 1531//1455
f 1539//1463 1538//1462 1532//1456
f 1540//1464 1539//1463 1533//1457
f 1540//1464 1534//1458 1493//1417
f 1541//1465 1535//1459 1536//1460
f 1543//1467 1542//1466 1536//1460
f 1544//1468 1543//1467 1537//1461
f 1545//1469 1544//1468 1538//1462
f 1546//1470 1545//1469 1539//1463
f 1505//1429 1546//1470 1540//1464
f 1547//1471 1541//1465 1542//1466
f 1548//1472 1542//1466 1543//1467
f 1550//1474 1549//1473 1543//1467
f 1551//1475 1550//1474 1544//1468
f 1552//1476 1551//1475 1545//1469
f 1511//1435 1552//1476 1546//1470
f 1192//1116 1547//1471 1548//1472
f 1191//1115 1548//1472 1549//1473
f 1196//1120 1194//1118 1549//1473
f 1198//1122 1196//1120 1550//1474
f 1200//1124 1198//1122 1551//1475
f 1156//1080 1200//1124 1552//1476
f 1554//1478 1553//1477 1556//1480
f 1557//1481 1554//1478 1555//1479
f 1557//1481 1558//1482 1560//1484
f 1559//1483 1560//1484 1562//1486
f 1561//1485 1562//1486 1564//1488
f 1563//1487 1564//1488 1520//1444
f 1566//1490 1565//1489 1553//1477
f 1567//1491 1566//1490 1554//1478
f 1568//1492 1567//1491 1557//1481
f 1568//1492 1559//1483 1561//1485
f 1569//1493 1561//1485 1563//1487
f 1570//1494 1563//1487 1517//1441
f 1572//1496 1571//1495 1565//1489
f 1573//1497 1572//1496 1566//1490
f 1574//1498 1573//1497 1567//1491
f 1575//1499 1574//1498 1568//1492
f 1576//1500 1575//1499 1569//1493
f 1576//1500 1570//1494 1529//1453
f 1578//1502 1577//1501 1571//1495
f 1579//1503 1578//1502 1572//1496
f 1580//1504 1579//1503 1573//1497
f 1581//1505 1580//1504 1574//1498
f 1582//1506 1581//1505 1575//1499
f 1582//1506 1576//1500 1535//1459
f 1584//1508 1583//1507 1577//1501
f 1585//1509 1584//1508 1578//1502
f 1586//1510 1585//1509 1579//1503
f 1587//1511 1586//1510 1580//1504
f 1588//1512 1587//1511 1581//1505
f 1588//1512 1582//1506 1541//1465
f 1230//1154 1231//1155 1583//1507
f 1230//1154 1584//1508 1585//1509
f 1235//1159 1233//1157 1585//1509
f 1237//1161 1235//1159 1586//1510
f 1239//1163 1237//1161 1587//1511
f 1239//1163 1588//1512 1547//1471
f 1589//1513 1592//1516 1591//1515
f 1590//1514 1591//1515 1796//1720
f 1593//1517 1796//1720 1595//1519
f 1594//1518 1595//1519 1597//1521
f 1596//1520 1597//1521 1792//1716
f 1599//1523 1598//1522 1792//1716
f 1601//1525 1589//1513 1590//1514
f 1602//1526 1590//1514 1593//1517
f 1603//1527 1593//1517 1594//1518
f 1604//1528 1594//1518 1596//1520
f 1606//1530 1605//1529 1596//1520
f 1607//1531 1606//1530 1598//1522
f 1608//1532 1601//1525 1602//1526
f 1609//1533 1602//1526 1603//1527
f 1610//1534 1603//1527 1604//1528
f 1611//1535 1604//1528 1605//1529
f 1613//1537 1612//1536 1605//1529
f 1614//1538 1613//1537 1606//1530
f 1615//1539 1608//1532 1609//1533
f 1616//1540 1609//1533 1610//1534
f 1617//1541 1610//1534 1611//1535
f 1619//1543 1618//1542 1611//1535
f 1620//1544 1619//1543 1612//1536
f 1621//1545 1620//1544 1613//1537
f 1622//1546 1615//1539 1616//1540
f 1623//1547 1616//1540 1617//1541
f 1624//1548 1617//1541 1618//1542
f 1626//1550 1625//1549 1618//1542
f 1627//1551 1626//1550 1619//1543
f 1834//1758 1627//1551 1620//1544
f 1267//1191 1622//1546 1623//1547
f 1266//1190 1623//1547 1624//1548
f 1269//1193 1624//1548 1625//1549
f 1271//1195 1625//1549 1626//1550
f 1273//1197 1626//1550 1627//1551
f 1277//1201 1275//1199 1627//1551
f 1629//1553 1628//1552 1631//1555
f 1632//1556 1629//1553 1630//1554
f 1634//1558 1632//1556 1633//1557
f 1636//1560 1634//1558 1635//1559
f 1638//1562 1636//1560 1637//1561
f 1589//1513 1638//1562 1639//1563
f 1641//1565 1640//1564 1628//1552
f 1642//1566 1641//1565 1629//1553
f 1643//1567 1642//1566 1632//1556
f 1644//1568 1643//1567 1634//1558
f 1645//1569 1644//1568 1636//1560
f 1601//1525 1645//1569 1638//1562
f 1647//1571 1646//1570 1640//1564
f 1648//1572 1647//1571 1641//1565
f 1649//1573 1648//1572 1642//1566
f 1650//1574 1649//1573 1643//1567
f 1651//1575 1650//1574 1644//1568
f 1608//1532 1651//1575 1645//1569
f 1653//1577 1652//1576 1646//1570
f 1654//1578 1653//1577 1647//1571
f 1655//1579 1654//1578 1648//1572
f 1656//1580 1655//1579 1649//1573
f 1657//1581 1656//1580 1650//1574
f 1615//1539 1657//1581 1651//1575
f 1659//1583 1658//1582 1652//1576
f 1660//1584 1659//1583 1653//1577
f 1661//1585 1660//1584 1654//1578
f 1662//1586 1661//1585 1655//1579
f 1663//1587 1662//1586 1656//1580
f 1622//1546 1663//1587 1657//1581
f 1308//1232 1309//1233 1658//1582
f 1311//1235 1308//1232 1659//1583
f 1313//1237 1311//1235 1660//1584
f 1315//1239 1313//1237 1661//1585
f 1317//1241 1315//1239 1662//1586
f 1317//1241 1663//1587 1622//1546
f 1664//1588 1667//1591 1666//1590
f 1665//1589 1666//1590 1669//1593
f 1670//1594 1668//1592 1669//1593
f 1672//1596 1670//1594 1671//1595
f 1674//1598 1672//1596 1673//1597
f 1628//1552 1674//1598 1675//1599
f 1676//1600 1664//1588 1665//1589
f 1677//1601 1665//1589 1668//1592
f 1678//1602 1668//1592 1670//1594
f 1680//1604 1679//1603 1670//1594
f 1681//1605 1680//1604 1672//1596
f 1640//1564 1681//1605 1674//1598
f 1682//1606 1676//1600 1677//1601
f 1683//1607 1677//1601 1678//1602
f 1685//1609 1684//1608 1678//1602
f 1686//1610 1685//1609 1679//1603
f 1687//1611 1686//1610 1680//1604
f 1646//1570 1687//1611 1681//1605
f 1688//1612 1682//1606 1683//1607
f 1689//1613 1683//1607 1684//1608
f 1691//1615 1690//1614 1684//1608
f 1692//1616 1691//1615 1685//1609
f 1693//1617 1692//1616 1686//1610
f 1652//1576 1693//1617 1687//1611
f 1694//1618 1688//1612 1689//1613
f 1696//1620 1695//1619 1689//1613
f 1697//1621 1696//1620 1690//1614
f 1698//1622 1697//1621 1691//1615
f 1699//1623 1698//1622 1692//1616
f 1658//1582 1699//1623 1693//1617
f 1344//1268 1345//1269 1694//1618
f 1347//1271 1344//1268 1695//1619
f 1349//1273 1347//1271 1696//1620
f 1351//1275 1349//1273 1697//1621
f 1353//1277 1351//1275 1698//1622
f 1309//1233 1353//1277 1699//1623
f 1446//1370 1447//1371 1701//1625
f 1700//1624 1701//1625 1703//1627
f 1702//1626 1703//1627 1705//1629
f 1704//1628 1705//1629 1707//1631
f 1706//1630 1707//1631 1735//1659
f 1708//1632 1735//1659 1667//1591
f 1449//1373 1446//1370 1700//1624
f 1709//1633 1700//1624 1702//1626
f 1710//1634 1702//1626 1704//1628
f 1711//1635 1704//1628 1706//1630
f 1712//1636 1706//1630 1708//1632
f 1713//1637 1708//1632 1664//1588
f 1451//1375 1449//1373 1709//1633
f 1714//1638 1709//1633 1710//1634
f 1715//1639 1710//1634 1711//1635
f 1716//1640 1711//1635 1712//1636
f 1717//1641 1712//1636 1713//1637
f 1718//1642 1713//1637 1676//1600
f 1453//1377 1451//1375 1714//1638
f 1719//1643 1714//1638 1715//1639
f 1720//1644 1715//1639 1716//1640
f 1721//1645 1716//1640 1717//1641
f 1722//1646 1717//1641 1718//1642
f 1723//1647 1718//1642 1682//1606
f 1455//1379 1453//1377 1719//1643
f 1724//1648 1719//1643 1720//1644
f 1725//1649 1720//1644 1721//1645
f 1726//1650 1721//1645 1722//1646
f 1727//1651 1722//1646 1723//1647
f 1728//1652 1723//1647 1688//1612
f 1381//1305 1455//1379 1724//1648
f 1380//1304 1724//1648 1725//1649
f 1383//1307 1725//1649 1726//1650
f 1385//1309 1726//1650 1727//1651
f 1387//1311 1727//1651 1728//1652
f 1389//1313 1728//1652 1694//1618
f 1729//1653 1631//1555 1675//1599
f 1730//1654 1675//1599 1673//1597
f 1731//1655 1673//1597 1671//1595
f 1732//1656 1671//1595 1669//1593
f 1734//1658 1733//1657 1669//1593
f 1735//1659 1734//1658 1666//1590
f 1736//1660 1729//1653 1730//1654
f 1737//1661 1730//1654 1731//1655
f 1738//1662 1731//1655 1732//1656
f 1740//1664 1739//1663 1732//1656
f 1741//1665 1740//1664 1733//1657
f 1707//1631 1741//1665 1734//1658
f 1742//1666 1736//1660 1737//1661
f 1743//1667 1737//1661 1738//1662
f 1744//1668 1738//1662 1739//1663
f 1745//1669 1739//1663 1740//1664
f 1747//1671 1746//1670 1740//1664
f 1705//1629 1747//1671 1741//1665
f 1748//1672 1742//1666 1743//1667
f 1749//1673 1743//1667 1744//1668
f 1750//1674 1744//1668 1745//1669
f 1751//1675 1745//1669 1746//1670
f 1753//1677 1752//1676 1746//1670
f 1703//1627 1753//1677 1747//1671
f 1754//1678 1748//1672 1749//1673
f 1755//1679 1749//1673 1750//1674
f 1756//1680 1750//1674 1751//1675
f 1757//1681 1751//1675 1752//1676
f 1758//1682 1752//1676 1753//1677
f 1701//1625 1759//1683 1753//1677
f 1484//1408 1754//1678 1755//1679
f 1483//1407 1755//1679 1756//1680
f 1486//1410 1756//1680 1757//1681
f 1488//1412 1757//1681 1758//1682
f 1490//1414 1758//1682 1759//1683
f 1492//1416 1759//1683 1701//1625
f 1760//1684 1592//1516 1639//1563
f 1761//1685 1639//1563 1637//1561
f 1762//1686 1637//1561 1635//1559
f 1763//1687 1635//1559 1633//1557
f 1764//1688 1633//1557 1630//1554
f 1765//1689 1630//1554 1631//1555
f 1766//1690 1760//1684 1761//1685
f 1767//1691 1761//1685 1762//1686
f 1768//1692 1762//1686 1763//1687
f 1769//1693 1763//1687 1764//1688
f 1770//1694 1764//1688 1765//1689
f 1771//1695 1765//1689 1729//1653
f 1772//1696 1766//1690 1767//1691
f 1773//1697 1767//1691 1768//1692
f 1774//1698 1768//1692 1769//1693
f 1775//1699 1769//1693 1770//1694
f 1776//1700 1770//1694 1771//1695
f 1777//1701 1771//1695 1736//1660
f 1778//1702 1772//1696 1773//1697
f 1779//1703 1773//1697 1774//1698
f 1780//1704 1774//1698 1775//1699
f 1781//1705 1775//1699 1776//1700
f 1782//1706 1776//1700 1777//1701
f 1783//1707 1777//1701 1742//1666
f 1784//1708 1778//1702 1779//1703
f 1785//1709 1779//1703 1780//1704
f 1786//1710 1780//1704 1781//1705
f 1787//1711 1781//1705 1782//1706
f 1788//1712 1782//1706 1783//1707
f 1789//1713 1783//1707 1748//1672
f 1520//1444 1784//1708 1785//1709
f 1519//1443 1785//1709 1786//1710
f 1522//1446 1786//1710 1787//1711
f 1524//1448 1787//1711 1788//1712
f 1526//1450 1788//1712 1789//1713
f 1528//1452 1789//1713 1754//1678
f 1790//1714 1600//1524 1792//1716
f 1791//1715 1792//1716 1597//1521
f 1793//1717 1597//1521 1595//1519
f 1794//1718 1595//1519 1796//1720
f 1795//1719 1796//1720 1591//1515
f 1797//1721 1591//1515 1592//1516
f 1798//1722 1790//1714 1791//1715
f 1799//1723 1791//1715 1793//1717
f 1800//1724 1793//1717 1794//1718
f 1801//1725 1794//1718 1795//1719
f 1802//1726 1795//1719 1797//1721
f 1803//1727 1797//1721 1760//1684
f 1804//1728 1798//1722 1799//1723
f 1805//1729 1799//1723 1800//1724
f 1806//1730 1800//1724 1801//1725
f 1807//1731 1801//1725 1802//1726
f 1808//1732 1802//1726 1803//1727
f 1809//1733 1803//1727 1766//1690
f 1810//1734 1804//1728 1805//1729
f 1811//1735 1805//1729 1806//1730
f 1812//1736 1806//1730 1807//1731
f 1813//1737 1807//1731 1808//1732
f 1814//1738 1808//1732 1809//1733
f 1815//1739 1809//1733 1772//1696
f 1816//1740 1810//1734 1811//1735
f 1817//1741 1811//1735 1812//1736
f 1818//1742 1812//1736 1813//1737
f 1819//1743 1813//1737 1814//1738
f 1820//1744 1814//1738 1815//1739
f 1821//1745 1815//1739 1778//1702
f 1556//1480 1816//1740 1817//1741
f 1555//1479 1817//1741 1818//1742
f 1558//1482 1818//1742 1819//1743
f 1560//1484 1819//1743 1820//1744
f 1562//1486 1820//1744 1821//1745
f 1564//1488 1821//1745 1784//1708
f 1822//1746 1825//1749 1824//1748
f 1823//1747 1824//1748 1827//1751
f 1826//1750 1827//1751 1829//1753
f 1830//1754 1828//1752 1829//1753
f 1832//1756 1830//1754 1831//1755
f 1834//1758 1832//1756 1833//1757
f 1835//1759 1822//1746 1823//1747
f 1836//1760 1823//1747 1826//1750
f 1837//1761 1826//1750 1828//1752
f 1839//1763 1838//1762 1828//1752
f 1840//1764 1839//1763 1830//1754
f 1621//1545 1840//1764 1832//1756
f 1841//1765 1835//1759 1836//1760
f 1842//1766 1836//1760 1837//1761
f 1844//1768 1843//1767 1837//1761
f 1845//1769 1844//1768 1838//1762
f 1846//1770 1845//1769 1839//1763
f 1614//1538 1846//1770 1840//1764
f 1847//1771 1841//1765 1842//1766
f 1849//1773 1848//1772 1842//1766
f 1850//1774 1849//1773 1843//1767
f 1851//1775 1850//1774 1844//1768
f 1852//1776 1851//1775 1845//1769
f 1607//1531 1852//1776 1846//1770
f 1853//1777 1847//1771 1848//1772
f 1855//1779 1854//1778 1848//1772
f 1856//1780 1855//1779 1849//1773
f 1857//1781 1856//1780 1850//1774
f 1858//1782 1857//1781 1851//1775
f 1599//1523 1858//1782 1852//1776
f 1860//1784 1859//1783 1853//1777
f 1861//1785 1860//1784 1854//1778
f 1862//1786 1861//1785 1855//1779
f 1863//1787 1862//1786 1856//1780
f 1864//1788 1863//1787 1857//1781
f 1600//1524 1864//1788 1858//1782
f 1865//1789 1868//1792 1867//1791
f 1866//1790 1867//1791 1870//1794
f 1869//1793 1870//1794 1872//1796
f 1871//1795 1872//1796 1874//1798
f 1873//1797 1874//1798 1876//1800
f 1822//1746 1875//1799 1876//1800
f 1877//1801 1865//1789 1866//1790
f 1878//1802 1866//1790 1869//1793
f 1879//1803 1869//1793 1871//1795
f 1880//1804 1871//1795 1873//1797
f 1882//1806 1881//1805 1873//1797
f 1835//1759 1882//1806 1875//1799
f 1883//1807 1877//1801 1878//1802
f 1884//1808 1878//1802 1879//1803
f 1885//1809 1879//1803 1880//1804
f 1887//1811 1886//1810 1880//1804
f 1888//1812 1887//1811 1881//1805
f 1841//1765 1888//1812 1882//1806
f 1889//1813 1883//1807 1884//1808
f 1890//1814 1884//1808 1885//1809
f 1891//1815 1885//1809 1886//1810
f 1893//1817 1892//1816 1886//1810
f 1894//1818 1893//1817 1887//1811
f 1847//1771 1894//1818 1888//1812
f 1895//1819 1889//1813 1890//1814
f 1896//1820 1890//1814 1891//1815
f 1897//1821 1891//1815 1892//1816
f 1898//1822 1892//1816 1893//1817
f 1900//1824 1899//1823 1893//1817
f 1853//1777 1900//1824 1894//1818
f 1901//1825 1895//1819 1896//1820
f 1902//1826 1896//1820 1897//1821
f 1903//1827 1897//1821 1898//1822
f 1904//1828 1898//1822 1899//1823
f 1905//1829 1899//1823 1900//1824
f 1859//1783 1906//1830 1900//1824
f 1907//1831 1910//1834 1909//1833
f 1911//1835 1908//1832 1909//1833
f 1913//1837 1911//1835 1912//1836
f 1913//1837 1914//1838 1916//1840
f 1915//1839 1916//1840 1918//1842
f 1917//1841 1918//1842 1868//1792
f 1919//1843 1907//1831 1908//1832
f 1920//1844 1908//1832 1911//1835
f 1921//1845 1911//1835 1913//1837
f 1922//1846 1913//1837 1915//1839
f 1923//1847 1915//1839 1917//1841
f 1924//1848 1917//1841 1865//1789
f 1925//1849 1919//1843 1920//1844
f 1926//1850 1920//1844 1921//1845
f 1927//1851 1921//1845 1922//1846
f 1928//1852 1922//1846 1923//1847
f 1929//1853 1923//1847 1924//1848
f 1930//1854 1924//1848 1877//1801
f 1931//1855 1925//1849 1926//1850
f 1932//1856 1926//1850 1927//1851
f 1933//1857 1927//1851 1928//1852
f 1934//1858 1928//1852 1929//1853
f 1935//1859 1929//1853 1930//1854
f 1936//1860 1930//1854 1883//1807
f 1937//1861 1931//1855 1932//1856
f 1938//1862 1932//1856 1933//1857
f 1939//1863 1933//1857 1934//1858
f 1940//1864 1934//1858 1935//1859
f 1941//1865 1935//1859 1936//1860
f 1942//1866 1936//1860 1889//1813
f 1943//1867 1937//1861 1938//1862
f 1944//1868 1938//1862 1939//1863
f 1945//1869 1939//1863 1940//1864
f 1946//1870 1940//1864 1941//1865
f 1947//1871 1941//1865 1942//1866
f 1948//1872 1942//1866 1895//1819
f 1950//1874 1949//1873 1952//1876
f 1950//1874 1951//1875 1954//1878
f 1953//1877 1954//1878 1956//1880
f 1955//1879 1956//1880 1958//1882
f 1957//1881 1958//1882 1960//1884
f 1959//1883 1960//1884 1910//1834
f 1962//1886 1961//1885 1949//1873
f 1962//1886 1950//1874 1953//1877
f 1963//1887 1953//1877 1955//1879
f 1964//1888 1955//1879 1957//1881
f 1965//1889 1957//1881 1959//1883
f 1966//1890 1959//1883 1907//1831
f 1968//1892 1967//1891 1961//1885
f 1968//1892 1962//1886 1963//1887
f 1969//1893 1963//1887 1964//1888
f 1970//1894 1964//1888 1965//1889
f 1971//1895 1965//1889 1966//1890
f 1972//1896 1966//1890 1919//1843
f 1974//1898 1973//1897 1967//1891
f 1975//1899 1974//1898 1968//1892
f 1975//1899 1969//1893 1970//1894
f 1977//1901 1976//1900 1970//1894
f 1978//1902 1977//1901 1971//1895
f 1978//1902 1972//1896 1925//1849
f 1980//1904 1979//1903 1973//1897
f 1980//1904 1974//1898 1975//1899
f 1982//1906 1981//1905 1975//1899
f 1983//1907 1982//1906 1976//1900
f 1984//1908 1983//1907 1977//1901
f 1984//1908 1978//1902 1931//1855
f 1986//1910 1985//1909 1979//1903
f 1986//1910 1980//1904 1981//1905
f 1988//1912 1987//1911 1981//1905
f 1989//1913 1988//1912 1982//1906
f 1990//1914 1989//1913 1983//1907
f 1990//1914 1984//1908 1937//1861
f 1992//1916 1991//1915 1994//1918
f 1995//1919 1992//1916 1993//1917
f 1997//1921 1995//1919 1996//1920
f 1999//1923 1997//1921 1998//1922
f 2001//1925 1999//1923 2000//1924
f 1949//1873 2001//1925 2002//1926
f 2004//1928 2003//1927 1991//1915
f 2005//1929 2004//1928 1992//1916
f 2006//1930 2005//1929 1995//1919
f 2007//1931 2006//1930 1997//1921
f 2008//1932 2007//1931 1999//1923
f 1961//1885 2008//1932 2001//1925
f 2010//1934 2009//1933 2003//1927
f 2011//1935 2010//1934 2004//1928
f 2012//1936 2011//1935 2005//1929
f 2013//1937 2012//1936 2006//1930
f 2014//1938 2013//1937 2007//1931
f 1967//1891 2014//1938 2008//1932
f 2016//1940 2015//1939 2009//1933
f 2017//1941 2016//1940 2010//1934
f 2018//1942 2017//1941 2011//1935
f 2019//1943 2018//1942 2012//1936
f 2020//1944 2019//1943 2013//1937
f 1973//1897 2020//1944 2014//1938
f 2022//1946 2021//1945 2015//1939
f 2023//1947 2022//1946 2016//1940
f 2024//1948 2023//1947 2017//1941
f 2025//1949 2024//1948 2018//1942
f 2026//1950 2025//1949 2019//1943
f 1979//1903 2026//1950 2020//1944
f 2028//1952 2027//1951 2021//1945
f 2029//1953 2028//1952 2022//1946
f 2030//1954 2029//1953 2023//1947
f 2031//1955 2030//1954 2024//1948
f 2032//1956 2031//1955 2025//1949
f 1985//1909 2032//1956 2026//1950
f 2033//1957 2036//1960 2035//1959
f 2034//1958 2035//1959 2038//1962
f 2037//1961 2038//1962 2040//1964
f 2039//1963 2040//1964 2042//1966
f 2041//1965 2042//1966 2044//1968
f 1991//1915 2043//1967 2044//1968
f 2045//1969 2033//1957 2034//1958
f 2046//1970 2034//1958 2037//1961
f 2047//1971 2037//1961 2039//1963
f 2048//1972 2039//1963 2041//1965
f 2049//1973 2041//1965 2043//1967
f 2003//1927 2050//1974 2043//1967
f 2051//1975 2045//1969 2046//1970
f 2052//1976 2046//1970 2047//1971
f 2053//1977 2047//1971 2048//1972
f 2054//1978 2048//1972 2049//1973
f 2055//1979 2049//1973 2050//1974
f 2009//1933 2056//1980 2050//1974
f 2057//1981 2051//1975 2052//1976
f 2058//1982 2052//1976 2053//1977
f 2059//1983 2053//1977 2054//1978
f 2060//1984 2054//1978 2055//1979
f 2061//1985 2055//1979 2056//1980
f 2015//1939 2062//1986 2056//1980
f 2064//1988 2063//1987 2057//1981
f 2065//1989 2064//1988 2058//1982
f 2066//1990 2065//1989 2059//1983
f 2067//1991 2066//1990 2060//1984
f 2068//1992 2067//1991 2061//1985
f 2021//1945 2068//1992 2062//1986
f 2070//1994 2069//1993 2063//1987
f 2071//1995 2070//1994 2064//1988
f 2072//1996 2071//1995 2065//1989
f 2073//1997 2072//1996 2066//1990
f 2074//1998 2073//1997 2067//1991
f 2027//1951 2074//1998 2068//1992
f 2076//2000 2075//1999 2078//2002
f 2079//2003 2076//2000 2077//2001
f 2081//2005 2079//2003 2080//2004
f 2083//2007 2081//2005 2082//2006
f 2085//2009 2083//2007 2084//2008
f 2033//1957 2085//2009 2086//2010
f 2087//2011 2849//2773 2075//1999
f 2088//2012 2087//2011 2076//2000
f 2089//2013 2088//2012 2079//2003
f 2090//2014 2089//2013 2081//2005
f 2091//2015 2090//2014 2083//2007
f 2045//1969 2091//2015 2085//2009
f 2093//2017 2092//2016 2849//2773
f 2094//2018 2093//2017 2087//2011
f 2095//2019 2094//2018 2088//2012
f 2096//2020 2095//2019 2089//2013
f 2097//2021 2096//2020 2090//2014
f 2051//1975 2097//2021 2091//2015
f 2099//2023 2098//2022 2092//2016
f 2100//2024 2099//2023 2093//2017
f 2101//2025 2100//2024 2094//2018
f 2102//2026 2101//2025 2095//2019
f 2103//2027 2102//2026 2096//2020
f 2057//1981 2103//2027 2097//2021
f 2104//2028 2833//2757 2098//2022
f 2105//2029 2104//2028 2099//2023
f 2106//2030 2105//2029 2100//2024
f 2107//2031 2106//2030 2101//2025
f 2107//2031 2102//2026 2103//2027
f 2108//2032 2103//2027 2057//1981
f 2110//2034 2109//2033 2833//2757
f 2111//2035 2110//2034 2104//2028
f 2112//2036 2111//2035 2105//2029
f 2573//2497 2112//2036 2106//2030
f 2573//2497 2107//2031 2108//2032
f 2567//2491 2108//2032 2063//1987
f 2114//2038 2113//2037 2116//2040
f 2117//2041 2114//2038 2115//2039
f 2119//2043 2117//2041 2118//2042
f 2121//2045 2119//2043 2120//2044
f 2123//2047 2121//2045 2122//2046
f 2125//2049 2123//2047 2124//2048
f 2127//2051 2126//2050 2113//2037
f 2128//2052 2127//2051 2114//2038
f 2129//2053 2128//2052 2117//2041
f 2130//2054 2129//2053 2119//2043
f 2131//2055 2130//2054 2121//2045
f 168//168 2131//2055 2123//2047
f 2133//2057 2132//2056 2126//2050
f 2134//2058 2133//2057 2127//2051
f 2135//2059 2134//2058 2128//2052
f 2136//2060 2135//2059 2129//2053
f 2137//2061 2136//2060 2130//2054
f 166//166 2137//2061 2131//2055
f 2139//2063 2138//2062 2132//2056
f 2140//2064 2139//2063 2133//2057
f 2141//2065 2140//2064 2134//2058
f 2142//2066 2141//2065 2135//2059
f 2143//2067 2142//2066 2136//2060
f 164//164 2143//2067 2137//2061
f 2145//2069 2144//2068 2138//2062
f 2146//2070 2145//2069 2139//2063
f 2147//2071 2146//2070 2140//2064
f 2148//2072 2147//2071 2141//2065
f 2149//2073 2148//2072 2142//2066
f 2150//2074 2149//2073 2143//2067
f 944//868 945//869 2144//2068
f 952//876 944//868 2145//2069
f 959//883 952//876 2146//2070
f 966//890 959//883 2147//2071
f 973//897 966//890 2148//2072
f 59//59 973//897 2149//2073
f 2151//2075 2154//2078 2153//2077
f 2152//2076 2153//2077 2156//2080
f 2155//2079 2156//2080 2158//2082
f 2159//2083 2157//2081 2158//2082
f 2161//2085 2159//2083 2160//2084
f 2113//2037 2161//2085 2162//2086
f 2164//2088 2163//2087 2151//2075
f 2165//2089 2164//2088 2152//2076
f 2166//2090 2165//2089 2155//2079
f 2167//2091 2166//2090 2157//2081
f 2168//2092 2167//2091 2159//2083
f 2126//2050 2168//2092 2161//2085
f 2170//2094 2169//2093 2163//2087
f 2171//2095 2170//2094 2164//2088
f 2172//2096 2171//2095 2165//2089
f 2173//2097 2172//2096 2166//2090
f 2174//2098 2173//2097 2167//2091
f 2132//2056 2174//2098 2168//2092
f 2176//2100 2175//2099 2169//2093
f 2177//2101 2176//2100 2170//2094
f 2178//2102 2177//2101 2171//2095
f 2179//2103 2178//2102 2172//2096
f 2180//2104 2179//2103 2173//2097
f 2138//2062 2180//2104 2174//2098
f 2182//2106 2181//2105 2175//2099
f 2183//2107 2182//2106 2176//2100
f 2184//2108 2183//2107 2177//2101
f 2185//2109 2184//2108 2178//2102
f 2185//2109 2179//2103 2180//2104
f 2144//2068 2186//2110 2180//2104
f 945//869 2181//2105 2182//2106
f 945//869 2182//2106 2183//2107
f 945//869 2183//2107 2184//2108
f 945//869 2184//2108 2185//2109
f 945//869 2185//2109 2186//2110
f 945//869 2186//2110 2144//2068
f 2188//2112 2187//2111 2189//2113
f 2190//2114 2188//2112 2982//2906
f 2192//2116 2190//2114 2191//2115
f 2193//2117 2192//2116 2971//2895
f 2194//2118 2193//2117 2965//2889
f 2151//2075 2194//2118 2195//2119
f 2197//2121 2196//2120 2187//2111
f 2198//2122 2197//2121 2188//2112
f 2199//2123 2198//2122 2190//2114
f 2200//2124 2199//2123 2192//2116
f 2201//2125 2200//2124 2193//2117
f 2163//2087 2201//2125 2194//2118
f 2203//2127 2202//2126 2196//2120
f 2204//2128 2203//2127 2197//2121
f 2205//2129 2204//2128 2198//2122
f 2206//2130 2205//2129 2199//2123
f 2207//2131 2206//2130 2200//2124
f 2169//2093 2207//2131 2201//2125
f 2209//2133 2208//2132 2202//2126
f 2210//2134 2209//2133 2203//2127
f 2211//2135 2210//2134 2204//2128
f 2212//2136 2211//2135 2205//2129
f 2213//2137 2212//2136 2206//2130
f 2175//2099 2213//2137 2207//2131
f 2215//2139 2214//2138 2208//2132
f 2216//2140 2215//2139 2209//2133
f 2217//2141 2216//2140 2210//2134
f 2218//2142 2217//2141 2211//2135
f 2219//2143 2218//2142 2212//2136
f 2181//2105 2219//2143 2213//2137
f 1276//1200 1277//1201 2214//2138
f 1284//1208 1276//1200 2215//2139
f 1291//1215 1284//1208 2216//2140
f 1298//1222 1291//1215 2217//2141
f 1305//1229 1298//1222 2218//2142
f 945//869 1305//1229 2219//2143
f 2220//2144 1867//1791 1868//1792
f 2222//2146 2220//2144 2221//2145
f 2224//2148 2222//2146 2223//2147
f 2226//2150 2224//2148 2225//2149
f 2228//2152 2226//2150 2227//2151
f 2187//2111 2228//2152 2261//2185
f 2229//2153 1870//1794 1867//1791
f 2230//2154 2229//2153 2220//2144
f 2231//2155 2230//2154 2222//2146
f 2232//2156 2231//2155 2224//2148
f 2233//2157 2232//2156 2226//2150
f 2196//2120 2233//2157 2228//2152
f 2234//2158 1872//1796 1870//1794
f 2235//2159 2234//2158 2229//2153
f 2236//2160 2235//2159 2230//2154
f 2237//2161 2236//2160 2231//2155
f 2238//2162 2237//2161 2232//2156
f 2202//2126 2238//2162 2233//2157
f 2239//2163 1874//1798 1872//1796
f 2240//2164 2239//2163 2234//2158
f 2241//2165 2240//2164 2235//2159
f 2242//2166 2241//2165 2236//2160
f 2243//2167 2242//2166 2237//2161
f 2243//2167 2238//2162 2202//2126
f 2244//2168 1876//1800 1874//1798
f 2245//2169 2244//2168 2239//2163
f 2246//2170 2245//2169 2240//2164
f 2247//2171 2246//2170 2241//2165
f 2247//2171 2242//2166 2243//2167
f 2248//2172 2243//2167 2208//2132
f 1824//1748 1825//1749 1876//1800
f 1827//1751 1824//1748 2244//2168
f 1829//1753 1827//1751 2245//2169
f 1831//1755 1829//1753 2246//2170
f 1831//1755 2247//2171 2248//2172
f 1833//1757 2248//2172 2214//2138
f 2249//2173 2252//2176 2251//2175
f 2250//2174 2251//2175 2254//2178
f 2253//2177 2254//2178 2256//2180
f 2255//2179 2256//2180 2258//2182
f 2257//2181 2258//2182 2260//2184
f 2259//2183 2260//2184 2189//2113
f 2262//2186 2249//2173 2250//2174
f 2263//2187 2250//2174 2253//2177
f 2264//2188 2253//2177 2255//2179
f 2265//2189 2255//2179 2257//2181
f 2266//2190 2257//2181 2259//2183
f 2267//2191 2259//2183 2261//2185
f 2268//2192 2262//2186 2263//2187
f 2269//2193 2263//2187 2264//2188
f 2270//2194 2264//2188 2265//2189
f 2271//2195 2265//2189 2266//2190
f 2272//2196 2266//2190 2267//2191
f 2273//2197 2267//2191 2227//2151
f 2274//2198 2268//2192 2269//2193
f 2275//2199 2269//2193 2270//2194
f 2276//2200 2270//2194 2271//2195
f 2277//2201 2271//2195 2272//2196
f 2278//2202 2272//2196 2273//2197
f 2279//2203 2273//2197 2225//2149
f 2280//2204 2274//2198 2275//2199
f 2281//2205 2275//2199 2276//2200
f 2282//2206 2276//2200 2277//2201
f 2283//2207 2277//2201 2278//2202
f 2284//2208 2278//2202 2279//2203
f 2285//2209 2279//2203 2223//2147
f 1910//1834 2280//2204 2281//2205
f 1909//1833 2281//2205 2282//2206
f 1912//1836 2282//2206 2283//2207
f 1914//1838 2283//2207 2284//2208
f 1916//1840 2284//2208 2285//2209
f 1918//1842 2285//2209 2221//2145
f 2286//2210 2289//2213 2288//2212
f 2287//2211 2288//2212 2291//2215
f 2290//2214 2291//2215 2293//2217
f 2292//2216 2293//2217 2295//2219
f 2294//2218 2295//2219 2297//2221
f 2249//2173 2296//2220 2297//2221
f 2298//2222 2286//2210 2287//2211
f 2299//2223 2287//2211 2290//2214
f 2300//2224 2290//2214 2292//2216
f 2301//2225 2292//2216 2294//2218
f 2302//2226 2294//2218 2296//2220
f 2303//2227 2296//2220 2249//2173
f 2304//2228 2298//2222 2299//2223
f 2305//2229 2299//2223 2300//2224
f 2306//2230 2300//2224 2301//2225
f 2307//2231 2301//2225 2302//2226
f 2308//2232 2302//2226 2303//2227
f 2309//2233 2303//2227 2262//2186
f 2310//2234 2304//2228 2305//2229
f 2311//2235 2305//2229 2306//2230
f 2312//2236 2306//2230 2307//2231
f 2313//2237 2307//2231 2308//2232
f 2314//2238 2308//2232 2309//2233
f 2315//2239 2309//2233 2268//2192
f 2316//2240 2310//2234 2311//2235
f 2317//2241 2311//2235 2312//2236
f 2318//2242 2312//2236 2313//2237
f 2319//2243 2313//2237 2314//2238
f 2320//2244 2314//2238 2315//2239
f 2321//2245 2315//2239 2274//2198
f 1951//1875 1952//1876 2316//2240
f 1951//1875 2317//2241 2318//2242
f 1954//1878 2318//2242 2319//2243
f 1956//1880 2319//2243 2320//2244
f 1958//1882 2320//2244 2321//2245
f 1960//1884 2321//2245 2280//2204
f 2323//2247 2322//2246 2325//2249
f 2326//2250 2323//2247 2324//2248
f 2328//2252 2326//2250 2327//2251
f 2330//2254 2328//2252 2329//2253
f 2332//2256 2330//2254 2331//2255
f 2286//2210 2332//2256 2333//2257
f 2335//2259 2334//2258 2322//2246
f 2336//2260 2335//2259 2323//2247
f 2337//2261 2336//2260 2326//2250
f 2338//2262 2337//2261 2328//2252
f 2339//2263 2338//2262 2330//2254
f 2298//2222 2339//2263 2332//2256
f 2341//2265 2340//2264 2334//2258
f 2342//2266 2341//2265 2335//2259
f 2343//2267 2342//2266 2336//2260
f 2344//2268 2343//2267 2337//2261
f 2345//2269 2344//2268 2338//2262
f 2304//2228 2345//2269 2339//2263
f 2347//2271 2346//2270 2340//2264
f 2348//2272 2347//2271 2341//2265
f 2349//2273 2348//2272 2342//2266
f 2350//2274 2349//2273 2343//2267
f 2351//2275 2350//2274 2344//2268
f 2310//2234 2351//2275 2345//2269
f 2353//2277 2352//2276 2346//2270
f 2354//2278 2353//2277 2347//2271
f 2355//2279 2354//2278 2348//2272
f 2356//2280 2355//2279 2349//2273
f 2357//2281 2356//2280 2350//2274
f 2316//2240 2357//2281 2351//2275
f 1993//1917 1994//1918 2352//2276
f 1996//1920 1993//1917 2353//2277
f 1998//1922 1996//1920 2354//2278
f 2000//1924 1998//1922 2355//2279
f 2002//1926 2000//1924 2356//2280
f 1952//1876 2002//1926 2357//2281
f 2077//2001 2078//2002 2359//2283
f 2358//2282 2359//2283 2361//2285
f 2360//2284 2361//2285 2363//2287
f 2362//2286 2363//2287 2365//2289
f 2364//2288 2365//2289 2367//2291
f 2322//2246 2366//2290 2367//2291
f 2080//2004 2077//2001 2358//2282
f 2368//2292 2358//2282 2360//2284
f 2369//2293 2360//2284 2362//2286
f 2370//2294 2362//2286 2364//2288
f 2371//2295 2364//2288 2366//2290
f 2334//2258 2372//2296 2366//2290
f 2082//2006 2080//2004 2368//2292
f 2373//2297 2368//2292 2369//2293
f 2374//2298 2369//2293 2370//2294
f 2375//2299 2370//2294 2371//2295
f 2377//2301 2376//2300 2371//2295
f 2340//2264 2377//2301 2372//2296
f 2084//2008 2082//2006 2373//2297
f 2378//2302 2373//2297 2374//2298
f 2379//2303 2374//2298 2375//2299
f 2381//2305 2380//2304 2375//2299
f 2382//2306 2381//2305 2376//2300
f 2346//2270 2382//2306 2377//2301
f 2086//2010 2084//2008 2378//2302
f 2384//2308 2383//2307 2378//2302
f 2385//2309 2384//2308 2379//2303
f 2386//2310 2385//2309 2380//2304
f 2387//2311 2386//2310 2381//2305
f 2352//2276 2387//2311 2382//2306
f 2035//1959 2036//1960 2086//2010
f 2038//1962 2035//1959 2383//2307
f 2040//1964 2038//1962 2384//2308
f 2042//1966 2040//1964 2385//2309
f 2042//1966 2386//2310 2387//2311
f 1994//1918 2044//1968 2387//2311
f 2388//2312 1859//1783 1860//1784
f 2389//2313 1860//1784 1861//1785
f 2390//2314 1861//1785 1862//1786
f 2391//2315 1862//1786 1863//1787
f 2392//2316 1863//1787 1864//1788
f 2393//2317 1864//1788 1600//1524
f 2395//2319 2394//2318 2388//2312
f 2395//2319 2389//2313 2390//2314
f 2396//2320 2390//2314 2391//2315
f 2397//2321 2391//2315 2392//2316
f 2398//2322 2392//2316 2393//2317
f 2399//2323 2393//2317 1790//1714
f 2401//2325 2400//2324 2394//2318
f 2402//2326 2401//2325 2395//2319
f 2402//2326 2396//2320 2397//2321
f 2403//2327 2397//2321 2398//2322
f 2404//2328 2398//2322 2399//2323
f 2405//2329 2399//2323 1798//1722
f 2407//2331 2406//2330 2400//2324
f 2408//2332 2407//2331 2401//2325
f 2409//2333 2408//2332 2402//2326
f 2409//2333 2403//2327 2404//2328
f 2410//2334 2404//2328 2405//2329
f 2411//2335 2405//2329 1804//1728
f 2413//2337 2412//2336 2406//2330
f 2414//2338 2413//2337 2407//2331
f 2415//2339 2414//2338 2408//2332
f 2416//2340 2415//2339 2409//2333
f 2416//2340 2410//2334 2411//2335
f 2417//2341 2411//2335 1810//1734
f 2419//2343 2418//2342 2412//2336
f 2420//2344 2419//2343 2413//2337
f 2421//2345 2420//2344 2414//2338
f 2422//2346 2421//2345 2415//2339
f 2422//2346 2416//2340 2417//2341
f 2423//2347 2417//2341 1816//1740
f 2425//2349 2424//2348 1901//1825
f 2426//2350 2425//2349 1902//1826
f 2427//2351 2426//2350 1903//1827
f 2428//2352 2427//2351 1904//1828
f 2429//2353 2428//2352 1905//1829
f 2429//2353 1906//1830 1859//1783
f 2431//2355 2430//2354 2424//2348
f 2432//2356 2431//2355 2425//2349
f 2433//2357 2432//2356 2426//2350
f 2434//2358 2433//2357 2427//2351
f 2434//2358 2428//2352 2429//2353
f 2435//2359 2429//2353 2388//2312
f 2437//2361 2436//2360 2430//2354
f 2438//2362 2437//2361 2431//2355
f 2439//2363 2438//2362 2432//2356
f 2439//2363 2433//2357 2434//2358
f 2440//2364 2434//2358 2435//2359
f 2441//2365 2435//2359 2394//2318
f 2443//2367 2442//2366 2436//2360
f 2444//2368 2443//2367 2437//2361
f 2445//2369 2444//2368 2438//2362
f 2445//2369 2439//2363 2440//2364
f 2446//2370 2440//2364 2441//2365
f 2447//2371 2441//2365 2400//2324
f 2449//2373 2448//2372 2442//2366
f 2450//2374 2449//2373 2443//2367
f 2451//2375 2450//2374 2444//2368
f 2452//2376 2451//2375 2445//2369
f 2452//2376 2446//2370 2447//2371
f 2453//2377 2447//2371 2406//2330
f 2727//2651 2454//2378 2448//2372
f 2455//2379 2727//2651 2449//2373
f 2456//2380 2455//2379 2450//2374
f 2457//2381 2456//2380 2451//2375
f 2458//2382 2457//2381 2452//2376
f 2418//2342 2458//2382 2453//2377
f 2460//2384 2459//2383 1943//1867
f 2461//2385 2460//2384 1944//1868
f 2462//2386 2461//2385 1945//1869
f 2463//2387 2462//2386 1946//1870
f 2464//2388 2463//2387 1947//1871
f 2424//2348 2464//2388 1948//1872
f 2466//2390 2465//2389 2459//2383
f 2467//2391 2466//2390 2460//2384
f 2468//2392 2467//2391 2461//2385
f 2469//2393 2468//2392 2462//2386
f 2470//2394 2469//2393 2463//2387
f 2430//2354 2470//2394 2464//2388
f 2472//2396 2471//2395 2465//2389
f 2473//2397 2472//2396 2466//2390
f 2474//2398 2473//2397 2467//2391
f 2475//2399 2474//2398 2468//2392
f 2476//2400 2475//2399 2469//2393
f 2436//2360 2476//2400 2470//2394
f 2478//2402 2477//2401 2471//2395
f 2479//2403 2478//2402 2472//2396
f 2480//2404 2479//2403 2473//2397
f 2481//2405 2480//2404 2474//2398
f 2482//2406 2481//2405 2475//2399
f 2442//2366 2482//2406 2476//2400
f 2484//2408 2483//2407 2477//2401
f 2485//2409 2484//2408 2478//2402
f 2486//2410 2485//2409 2479//2403
f 2487//2411 2486//2410 2480//2404
f 2488//2412 2487//2411 2481//2405
f 2448//2372 2488//2412 2482//2406
f 2490//2414 2489//2413 2483//2407
f 2490//2414 2484//2408 2485//2409
f 2491//2415 2485//2409 2486//2410
f 2493//2417 2492//2416 2486//2410
f 2494//2418 2493//2417 2487//2411
f 2454//2378 2494//2418 2488//2412
f 2495//2419 1985//1909 1986//1910
f 2497//2421 2496//2420 1986//1910
f 2497//2421 1987//1911 1988//1912
f 2498//2422 1988//1912 1989//1913
f 2499//2423 1989//1913 1990//1914
f 2459//2383 2500//2424 1990//1914
f 2501//2425 2495//2419 2496//2420
f 2503//2427 2502//2426 2496//2420
f 2503//2427 2497//2421 2498//2422
f 2504//2428 2498//2422 2499//2423
f 2505//2429 2499//2423 2500//2424
f 2465//2389 2506//2430 2500//2424
f 2507//2431 2501//2425 2502//2426
f 2508//2432 2502//2426 2503//2427
f 2510//2434 2509//2433 2503//2427
f 2510//2434 2504//2428 2505//2429
f 2511//2435 2505//2429 2506//2430
f 2471//2395 2512//2436 2506//2430
f 2513//2437 2507//2431 2508//2432
f 2515//2439 2514//2438 2508//2432
f 2516//2440 2515//2439 2509//2433
f 2517//2441 2516//2440 2510//2434
f 2518//2442 2517//2441 2511//2435
f 2477//2401 2518//2442 2512//2436
f 2519//2443 2513//2437 2514//2438
f 2521//2445 2520//2444 2514//2438
f 2522//2446 2521//2445 2515//2439
f 2523//2447 2522//2446 2516//2440
f 2524//2448 2523//2447 2517//2441
f 2483//2407 2524//2448 2518//2442
f 2525//2449 2519//2443 2520//2444
f 2527//2451 2526//2450 2520//2444
f 2528//2452 2527//2451 2521//2445
f 2529//2453 2528//2452 2522//2446
f 2530//2454 2529//2453 2523//2447
f 2489//2413 2530//2454 2524//2448
f 2531//2455 2027//1951 2028//1952
f 2532//2456 2028//1952 2029//1953
f 2533//2457 2029//1953 2030//1954
f 2534//2458 2030//1954 2031//1955
f 2535//2459 2031//1955 2032//1956
f 2536//2460 2032//1956 1985//1909
f 2537//2461 2531//2455 2532//2456
f 2538//2462 2532//2456 2533//2457
f 2539//2463 2533//2457 2534//2458
f 2540//2464 2534//2458 2535//2459
f 2541//2465 2535//2459 2536//2460
f 2542//2466 2536//2460 2495//2419
f 2543//2467 2537//2461 2538//2462
f 2544//2468 2538//2462 2539//2463
f 2545//2469 2539//2463 2540//2464
f 2546//2470 2540//2464 2541//2465
f 2547//2471 2541//2465 2542//2466
f 2548//2472 2542//2466 2501//2425
f 2549//2473 2543//2467 2544//2468
f 2550//2474 2544//2468 2545//2469
f 2551//2475 2545//2469 2546//2470
f 2552//2476 2546//2470 2547//2471
f 2553//2477 2547//2471 2548//2472
f 2554//2478 2548//2472 2507//2431
f 2555//2479 2549//2473 2550//2474
f 2556//2480 2550//2474 2551//2475
f 2557//2481 2551//2475 2552//2476
f 2558//2482 2552//2476 2553//2477
f 2559//2483 2553//2477 2554//2478
f 2560//2484 2554//2478 2513//2437
f 2561//2485 2555//2479 2556//2480
f 2562//2486 2556//2480 2557//2481
f 2563//2487 2557//2481 2558//2482
f 2564//2488 2558//2482 2559//2483
f 2565//2489 2559//2483 2560//2484
f 2566//2490 2560//2484 2519//2443
f 2567//2491 2069//1993 2070//1994
f 2568//2492 2070//1994 2071//1995
f 2569//2493 2071//1995 2072//1996
f 2570//2494 2072//1996 2073//1997
f 2571//2495 2073//1997 2074//1998
f 2572//2496 2074//1998 2027//1951
f 2573//2497 2567//2491 2568//2492
f 2574//2498 2568//2492 2569//2493
f 2575//2499 2569//2493 2570//2494
f 2576//2500 2570//2494 2571//2495
f 2577//2501 2571//2495 2572//2496
f 2578//2502 2572//2496 2531//2455
f 2579//2503 2112//2036 2573//2497
f 2580//2504 2579//2503 2574//2498
f 2581//2505 2580//2504 2575//2499
f 2582//2506 2581//2505 2576//2500
f 2583//2507 2582//2506 2577//2501
f 2583//2507 2578//2502 2537//2461
f 2584//2508 2111//2035 2112//2036
f 2585//2509 2584//2508 2579//2503
f 2586//2510 2585//2509 2580//2504
f 2587//2511 2586//2510 2581//2505
f 2588//2512 2587//2511 2582//2506
f 2588//2512 2583//2507 2543//2467
f 2589//2513 2110//2034 2111//2035
f 2590//2514 2589//2513 2584//2508
f 2591//2515 2590//2514 2585//2509
f 2592//2516 2591//2515 2586//2510
f 2593//2517 2592//2516 2587//2511
f 2593//2517 2588//2512 2549//2473
f 2594//2518 2109//2033 2110//2034
f 2595//2519 2594//2518 2589//2513
f 2596//2520 2595//2519 2590//2514
f 2597//2521 2596//2520 2591//2515
f 2598//2522 2597//2521 2592//2516
f 2598//2522 2593//2517 2555//2479
f 2599//2523 1231//1155 1228//1152
f 2600//2524 1228//1152 1240//1164
f 2601//2525 1240//1164 1246//1170
f 2602//2526 1246//1170 1252//1176
f 2603//2527 1252//1176 1258//1182
f 2604//2528 1258//1182 701//626
f 2605//2529 2599//2523 2600//2524
f 2606//2530 2600//2524 2601//2525
f 2607//2531 2601//2525 2602//2526
f 2608//2532 2602//2526 2603//2527
f 2609//2533 2603//2527 2604//2528
f 2610//2534 2604//2528 744//669
f 2611//2535 2605//2529 2606//2530
f 2612//2536 2606//2530 2607//2531
f 2613//2537 2607//2531 2608//2532
f 2614//2538 2608//2532 2609//2533
f 2615//2539 2609//2533 2610//2534
f 2616//2540 2610//2534 742//667
f 2617//2541 2611//2535 2612//2536
f 2618//2542 2612//2536 2613//2537
f 2619//2543 2613//2537 2614//2538
f 2620//2544 2614//2538 2615//2539
f 2621//2545 2615//2539 2616//2540
f 2622//2546 2616//2540 740//665
f 2624//2548 2617//2541 2618//2542
f 2625//2549 2618//2542 2619//2543
f 2626//2550 2619//2543 2620//2544
f 2627//2551 2620//2544 2621//2545
f 2628//2552 2621//2545 2622//2546
f 2629//2553 2622//2546 2623//2547
f 2630//2554 2624//2548 2625//2549
f 2631//2555 2625//2549 2626//2550
f 2632//2556 2626//2550 2627//2551
f 2633//2557 2627//2551 2628//2552
f 2634//2558 2628//2552 2629//2553
f 2635//2559 2629//2553 737//662
f 2636//2560 2639//2563 2638//2562
f 2640//2564 2637//2561 2638//2562
f 2642//2566 2640//2564 2641//2565
f 2644//2568 2642//2566 2643//2567
f 2646//2570 2644//2568 2645//2569
f 2599//2523 2646//2570 2677//2601
f 2647//2571 2636//2560 2637//2561
f 2649//2573 2648//2572 2637//2561
f 2650//2574 2649//2573 2640//2564
f 2651//2575 2650//2574 2642//2566
f 2652//2576 2651//2575 2644//2568
f 2605//2529 2652//2576 2646//2570
f 2653//2577 2647//2571 2648//2572
f 2655//2579 2654//2578 2648//2572
f 2656//2580 2655//2579 2649//2573
f 2657//2581 2656//2580 2650//2574
f 2658//2582 2657//2581 2651//2575
f 2611//2535 2658//2582 2652//2576
f 2660//2584 2659//2583 2653//2577
f 2661//2585 2660//2584 2654//2578
f 2662//2586 2661//2585 2655//2579
f 2663//2587 2662//2586 2656//2580
f 2664//2588 2663//2587 2657//2581
f 2664//2588 2658//2582 2611//2535
f 2666//2590 2665//2589 2659//2583
f 2667//2591 2666//2590 2660//2584
f 2668//2592 2667//2591 2661//2585
f 2669//2593 2668//2592 2662//2586
f 2669//2593 2663//2587 2664//2588
f 2670//2594 2664//2588 2617//2541
f 2630//2554 2665//2589 2666//2590
f 2630//2554 2666//2590 2667//2591
f 2630//2554 2667//2591 2668//2592
f 2630//2554 2668//2592 2669//2593
f 2630//2554 2669//2593 2670//2594
f 2630//2554 2670//2594 2624//2548
f 2671//2595 1556//1480 1553//1477
f 2672//2596 1553//1477 1565//1489
f 2673//2597 1565//1489 1571//1495
f 2674//2598 1571//1495 1577//1501
f 2675//2599 1577//1501 1583//1507
f 2676//2600 1583//1507 1231//1155
f 2678//2602 2671//2595 2672//2596
f 2679//2603 2672//2596 2673//2597
f 2680//2604 2673//2597 2674//2598
f 2681//2605 2674//2598 2675//2599
f 2682//2606 2675//2599 2676//2600
f 2683//2607 2676//2600 2677//2601
f 2684//2608 2678//2602 2679//2603
f 2685//2609 2679//2603 2680//2604
f 2686//2610 2680//2604 2681//2605
f 2687//2611 2681//2605 2682//2606
f 2688//2612 2682//2606 2683//2607
f 2689//2613 2683//2607 2645//2569
f 2690//2614 2684//2608 2685//2609
f 2691//2615 2685//2609 2686//2610
f 2692//2616 2686//2610 2687//2611
f 2693//2617 2687//2611 2688//2612
f 2694//2618 2688//2612 2689//2613
f 2695//2619 2689//2613 2643//2567
f 2696//2620 2690//2614 2691//2615
f 2697//2621 2691//2615 2692//2616
f 2698//2622 2692//2616 2693//2617
f 2699//2623 2693//2617 2694//2618
f 2700//2624 2694//2618 2695//2619
f 2701//2625 2695//2619 2641//2565
f 2702//2626 2696//2620 2697//2621
f 3003//2927 2697//2621 2698//2622
f 2703//2627 2698//2622 2699//2623
f 2704//2628 2699//2623 2700//2624
f 2705//2629 2700//2624 2701//2625
f 2706//2630 2701//2625 2638//2562
f 2458//2382 2418//2342 2419//2343
f 2707//2631 2419//2343 2420//2344
f 2708//2632 2420//2344 2421//2345
f 2709//2633 2421//2345 2422//2346
f 2711//2635 2710//2634 2422//2346
f 2671//2595 2711//2635 2423//2347
f 2457//2381 2458//2382 2707//2631
f 2712//2636 2707//2631 2708//2632
f 2713//2637 2708//2632 2709//2633
f 2714//2638 2709//2633 2710//2634
f 2716//2640 2715//2639 2710//2634
f 2678//2602 2716//2640 2711//2635
f 2456//2380 2457//2381 2712//2636
f 2717//2641 2712//2636 2713//2637
f 2718//2642 2713//2637 2714//2638
f 2719//2643 2714//2638 2715//2639
f 2720//2644 2715//2639 2716//2640
f 2684//2608 2721//2645 2716//2640
f 2455//2379 2456//2380 2717//2641
f 2722//2646 2717//2641 2718//2642
f 2723//2647 2718//2642 2719//2643
f 2724//2648 2719//2643 2720//2644
f 2725//2649 2720//2644 2721//2645
f 2726//2650 2721//2645 2684//2608
f 2727//2651 2455//2379 2722//2646
f 2728//2652 2722//2646 2723//2647
f 2729//2653 2723//2647 2724//2648
f 2730//2654 2724//2648 2725//2649
f 2731//2655 2725//2649 2726//2650
f 2732//2656 2726//2650 2690//2614
f 2454//2378 2727//2651 2728//2652
f 2733//2657 2728//2652 2729//2653
f 2734//2658 2729//2653 2730//2654
f 2735//2659 2730//2654 2731//2655
f 2736//2660 2731//2655 2732//2656
f 2737//2661 2732//2656 2696//2620
f 2739//2663 2738//2662 2489//2413
f 2740//2664 2739//2663 2490//2414
f 2741//2665 2740//2664 2491//2415
f 2742//2666 2741//2665 2492//2416
f 2743//2667 2742//2666 2493//2417
f 2733//2657 2743//2667 2494//2418
f 2745//2669 2744//2668 2738//2662
f 2746//2670 2745//2669 2739//2663
f 2747//2671 2746//2670 2740//2664
f 2748//2672 2747//2671 2741//2665
f 2749//2673 2748//2672 2742//2666
f 2734//2658 2749//2673 2743//2667
f 2751//2675 2750//2674 2744//2668
f 2752//2676 2751//2675 2745//2669
f 2753//2677 2752//2676 2746//2670
f 2754//2678 2753//2677 2747//2671
f 2755//2679 2754//2678 2748//2672
f 2735//2659 2755//2679 2749//2673
f 2757//2681 2756//2680 2750//2674
f 2758//2682 2757//2681 2751//2675
f 2759//2683 2758//2682 2752//2676
f 2760//2684 2759//2683 2753//2677
f 2761//2685 2760//2684 2754//2678
f 2736//2660 2761//2685 2755//2679
f 2763//2687 2762//2686 2756//2680
f 2764//2688 2763//2687 2757//2681
f 2765//2689 2764//2688 2758//2682
f 2766//2690 2765//2689 2759//2683
f 2767//2691 2766//2690 2760//2684
f 2737//2661 2767//2691 2761//2685
f 2768//2692 2252//2176 2762//2686
f 2769//2693 2768//2692 2763//2687
f 2770//2694 2769//2693 2764//2688
f 2771//2695 2770//2694 2765//2689
f 2772//2696 2771//2695 2766//2690
f 2702//2626 2772//2696 2767//2691
f 2773//2697 2525//2449 2526//2450
f 2775//2699 2774//2698 2526//2450
f 2776//2700 2775//2699 2527//2451
f 2777//2701 2776//2700 2528//2452
f 2778//2702 2777//2701 2529//2453
f 2738//2662 2778//2702 2530//2454
f 2780//2704 2779//2703 2773//2697
f 2781//2705 2780//2704 2774//2698
f 2782//2706 2781//2705 2775//2699
f 2783//2707 2782//2706 2776//2700
f 2784//2708 2783//2707 2777//2701
f 2744//2668 2784//2708 2778//2702
f 2786//2710 2785//2709 2779//2703
f 2787//2711 2786//2710 2780//2704
f 2788//2712 2787//2711 2781//2705
f 2789//2713 2788//2712 2782//2706
f 2790//2714 2789//2713 2783//2707
f 2750//2674 2790//2714 2784//2708
f 2792//2716 2791//2715 2785//2709
f 2793//2717 2792//2716 2786//2710
f 2794//2718 2793//2717 2787//2711
f 2795//2719 2794//2718 2788//2712
f 2796//2720 2795//2719 2789//2713
f 2756//2680 2796//2720 2790//2714
f 2798//2722 2797//2721 2791//2715
f 2799//2723 2798//2722 2792//2716
f 2800//2724 2799//2723 2793//2717
f 2801//2725 2800//2724 2794//2718
f 2802//2726 2801//2725 2795//2719
f 2762//2686 2802//2726 2796//2720
f 2288//2212 2289//2213 2797//2721
f 2291//2215 2288//2212 2798//2722
f 2293//2217 2291//2215 2799//2723
f 2295//2219 2293//2217 2800//2724
f 2297//2221 2295//2219 2801//2725
f 2297//2221 2802//2726 2762//2686
f 2803//2727 2561//2485 2562//2486
f 2804//2728 2562//2486 2563//2487
f 2805//2729 2563//2487 2564//2488
f 2806//2730 2564//2488 2565//2489
f 2807//2731 2565//2489 2566//2490
f 2808//2732 2566//2490 2525//2449
f 2809//2733 2803//2727 2804//2728
f 2810//2734 2804//2728 2805//2729
f 2811//2735 2805//2729 2806//2730
f 2812//2736 2806//2730 2807//2731
f 2813//2737 2807//2731 2808//2732
f 2814//2738 2808//2732 2773//2697
f 2815//2739 2809//2733 2810//2734
f 2816//2740 2810//2734 2811//2735
f 2817//2741 2811//2735 2812//2736
f 2818//2742 2812//2736 2813//2737
f 2819//2743 2813//2737 2814//2738
f 2820//2744 2814//2738 2779//2703
f 2821//2745 2815//2739 2816//2740
f 2822//2746 2816//2740 2817//2741
f 2823//2747 2817//2741 2818//2742
f 2824//2748 2818//2742 2819//2743
f 2825//2749 2819//2743 2820//2744
f 2826//2750 2820//2744 2785//2709
f 2827//2751 2821//2745 2822//2746
f 2828//2752 2822//2746 2823//2747
f 2829//2753 2823//2747 2824//2748
f 2830//2754 2824//2748 2825//2749
f 2831//2755 2825//2749 2826//2750
f 2832//2756 2826//2750 2791//2715
f 2325//2249 2827//2751 2828//2752
f 2324//2248 2828//2752 2829//2753
f 2327//2251 2829//2753 2830//2754
f 2329//2253 2830//2754 2831//2755
f 2331//2255 2831//2755 2832//2756
f 2333//2257 2832//2756 2797//2721
f 2833//2757 2109//2033 2594//2518
f 2834//2758 2594//2518 2595//2519
f 2835//2759 2595//2519 2596//2520
f 2836//2760 2596//2520 2597//2521
f 2838//2762 2837//2761 2597//2521
f 2838//2762 2598//2522 2561//2485
f 2839//2763 2098//2022 2833//2757
f 2839//2763 2834//2758 2835//2759
f 2840//2764 2835//2759 2836//2760
f 2841//2765 2836//2760 2837//2761
f 2842//2766 2837//2761 2838//2762
f 2843//2767 2838//2762 2803//2727
f 2844//2768 2092//2016 2098//2022
f 2845//2769 2844//2768 2839//2763
f 2846//2770 2845//2769 2840//2764
f 2846//2770 2841//2765 2842//2766
f 2847//2771 2842//2766 2843//2767
f 2848//2772 2843//2767 2809//2733
f 2850//2774 2849//2773 2092//2016
f 2851//2775 2850//2774 2844//2768
f 2852//2776 2851//2775 2845//2769
f 2853//2777 2852//2776 2846//2770
f 2853//2777 2847//2771 2848//2772
f 2854//2778 2848//2772 2815//2739
f 2855//2779 2075//1999 2849//2773
f 2856//2780 2855//2779 2850//2774
f 2857//2781 2856//2780 2851//2775
f 2858//2782 2857//2781 2852//2776
f 2859//2783 2858//2782 2853//2777
f 2859//2783 2854//2778 2821//2745
f 2359//2283 2078//2002 2075//1999
f 2361//2285 2359//2283 2855//2779
f 2363//2287 2361//2285 2856//2780
f 2365//2289 2363//2287 2857//2781
f 2367//2291 2365//2289 2858//2782
f 2367//2291 2859//2783 2827//2751
f 2860//2784 2630//2554 2631//2555
f 2861//2785 2631//2555 2632//2556
f 2862//2786 2632//2556 2633//2557
f 2863//2787 2633//2557 2634//2558
f 2864//2788 2634//2558 2635//2559
f 2865//2789 2635//2559 633//558
f 2866//2790 2860//2784 2861//2785
f 2867//2791 2861//2785 2862//2786
f 2868//2792 2862//2786 2863//2787
f 2869//2793 2863//2787 2864//2788
f 2870//2794 2864//2788 2865//2789
f 2871//2795 2865//2789 895//819
f 2872//2796 2866//2790 2867//2791
f 2873//2797 2867//2791 2868//2792
f 2874//2798 2868//2792 2869//2793
f 2875//2799 2869//2793 2870//2794
f 2876//2800 2870//2794 2871//2795
f 2877//2801 2871//2795 896//820
f 2879//2803 2878//2802 2872//2796
f 2880//2804 2879//2803 2873//2797
f 2881//2805 2880//2804 2874//2798
f 2882//2806 2881//2805 2875//2799
f 2883//2807 2882//2806 2876//2800
f 898//822 2883//2807 2877//2801
f 2885//2809 2884//2808 2878//2802
f 2886//2810 2885//2809 2879//2803
f 2887//2811 2886//2810 2880//2804
f 2888//2812 2887//2811 2881//2805
f 2889//2813 2888//2812 2882//2806
f 899//823 2889//2813 2883//2807
f 2115//2039 2116//2040 2884//2808
f 2118//2042 2115//2039 2885//2809
f 2120//2044 2118//2042 2886//2810
f 2122//2046 2120//2044 2887//2811
f 2124//2048 2122//2046 2888//2812
f 127//127 2124//2048 2889//2813
f 2891//2815 2890//2814 2639//2563
f 2892//2816 2891//2815 2636//2560
f 2893//2817 2892//2816 2647//2571
f 2894//2818 2893//2817 2653//2577
f 2894//2818 2659//2583 2665//2589
f 2895//2819 2665//2589 2630//2554
f 2897//2821 2896//2820 2890//2814
f 2898//2822 2897//2821 2891//2815
f 2899//2823 2898//2822 2892//2816
f 2900//2824 2899//2823 2893//2817
f 2900//2824 2894//2818 2895//2819
f 2901//2825 2895//2819 2860//2784
f 2903//2827 2902//2826 2896//2820
f 2904//2828 2903//2827 2897//2821
f 2905//2829 2904//2828 2898//2822
f 2906//2830 2905//2829 2899//2823
f 2906//2830 2900//2824 2901//2825
f 2907//2831 2901//2825 2866//2790
f 2908//2832 2902//2826 2903//2827
f 2909//2833 2903//2827 2904//2828
f 2910//2834 2904//2828 2905//2829
f 2911//2835 2905//2829 2906//2830
f 2913//2837 2912//2836 2906//2830
f 2878//2802 2913//2837 2907//2831
f 2914//2838 2908//2832 2909//2833
f 2915//2839 2909//2833 2910//2834
f 2916//2840 2910//2834 2911//2835
f 2917//2841 2911//2835 2912//2836
f 2919//2843 2918//2842 2912//2836
f 2884//2808 2919//2843 2913//2837
f 2154//2078 2914//2838 2915//2839
f 2153//2077 2915//2839 2916//2840
f 2156//2080 2916//2840 2917//2841
f 2158//2082 2917//2841 2918//2842
f 2162//2086 2160//2084 2918//2842
f 2116//2040 2162//2086 2919//2843
f 2920//2844 2639//2563 2890//2814
f 2921//2845 2890//2814 2896//2820
f 2922//2846 2896//2820 2902//2826
f 2924//2848 2923//2847 2902//2826
f 2925//2849 2924//2848 2908//2832
f 2926//2850 2925//2849 2914//2838
f 2927//2851 2920//2844 2921//2845
f 2928//2852 2921//2845 2922//2846
f 2929//2853 2922//2846 2923//2847
f 2931//2855 2930//2854 2923//2847
f 2932//2856 2931//2855 2924//2848
f 2933//2857 2932//2856 2925//2849
f 2934//2858 2927//2851 2928//2852
f 2935//2859 2928//2852 2929//2853
f 2936//2860 2929//2853 2930//2854
f 2938//2862 2937//2861 2930//2854
f 2939//2863 2938//2862 2931//2855
f 2940//2864 2939//2863 2932//2856
f 2941//2865 2934//2858 2935//2859
f 2942//2866 2935//2859 2936//2860
f 2943//2867 2936//2860 2937//2861
f 2945//2869 2944//2868 2937//2861
f 2946//2870 2945//2869 2938//2862
f 2947//2871 2946//2870 2939//2863
f 2948//2872 2941//2865 2942//2866
f 2949//2873 2942//2866 2943//2867
f 2950//2874 2943//2867 2944//2868
f 2952//2876 2951//2875 2944//2868
f 2953//2877 2952//2876 2945//2869
f 2955//2879 2953//2877 2946//2870
f 2252//2176 2948//2872 2949//2873
f 2252//2176 2949//2873 2950//2874
f 2252//2176 2950//2874 2951//2875
f 2252//2176 2951//2875 2952//2876
f 2252//2176 2952//2876 2953//2877
f 2252//2176 2953//2877 2955//2879
f 2251//2175 2252//2176 2955//2879
f 2954//2878 2955//2879 2947//2871
f 2956//2880 2947//2871 2940//2864
f 2957//2881 2940//2864 2933//2857
f 2958//2882 2933//2857 2926//2850
f 2959//2883 2926//2850 2154//2078
f 2254//2178 2251//2175 2954//2878
f 2960//2884 2954//2878 2956//2880
f 2961//2885 2956//2880 2957//2881
f 2962//2886 2957//2881 2958//2882
f 2963//2887 2958//2882 2959//2883
f 2964//2888 2959//2883 2195//2119
f 2256//2180 2254//2178 2960//2884
f 2966//2890 2960//2884 2961//2885
f 2967//2891 2961//2885 2962//2886
f 2968//2892 2962//2886 2963//2887
f 2969//2893 2963//2887 2964//2888
f 2970//2894 2964//2888 2965//2889
f 2972//2896 2258//2182 2256//2180
f 2973//2897 2972//2896 2966//2890
f 2973//2897 2967//2891 2968//2892
f 2974//2898 2968//2892 2969//2893
f 2975//2899 2969//2893 2970//2894
f 2976//2900 2970//2894 2971//2895
f 2977//2901 2260//2184 2258//2182
f 2978//2902 2977//2901 2972//2896
f 2978//2902 2973//2897 2974//2898
f 2979//2903 2974//2898 2975//2899
f 2980//2904 2975//2899 2976//2900
f 2981//2905 2976//2900 2191//2115
f 2189//2113 2260//2184 2977//2901
f 2189//2113 2977//2901 2978//2902
f 2189//2113 2978//2902 2979//2903
f 2189//2113 2979//2903 2980//2904
f 2189//2113 2980//2904 2981//2905
f 2189//2113 2981//2905 2982//2906
f 2983//2907 2706//2630 2639//2563
f 2984//2908 2983//2907 2920//2844
f 2985//2909 2984//2908 2927//2851
f 2986//2910 2985//2909 2934//2858
f 2987//2911 2986//2910 2941//2865
f 2768//2692 2987//2911 2948//2872
f 2988//2912 2705//2629 2706//2630
f 2989//2913 2988//2912 2983//2907
f 2990//2914 2989//2913 2984//2908
f 2991//2915 2990//2914 2985//2909
f 2992//2916 2991//2915 2986//2910
f 2769//2693 2992//2916 2987//2911
f 2993//2917 2704//2628 2705//2629
f 2994//2918 2993//2917 2988//2912
f 2995//2919 2994//2918 2989//2913
f 2996//2920 2995//2919 2990//2914
f 2997//2921 2996//2920 2991//2915
f 2770//2694 2997//2921 2992//2916
f 2998//2922 2703//2627 2704//2628
f 2999//2923 2998//2922 2993//2917
f 3000//2924 2999//2923 2994//2918
f 3001//2925 3000//2924 2995//2919
f 3001//2925 2996//2920 2997//2921
f 3002//2926 2997//2921 2770//2694
f 3004//2928 3003//2927 2703//2627
f 3005//2929 3004//2928 2998//2922
f 3006//2930 3005//2929 2999//2923
f 3007//2931 3006//2930 3000//2924
f 3007//2931 3001//2925 3002//2926
f 3008//2932 3002//2926 2771//2695
f 2702//2626 3003//2927 3004//2928
f 2702//2626 3004//2928 3005//2929
f 2702//2626 3005//2929 3006//2930
f 2702//2626 3006//2930 3007//2931
f 2702//2626 3007//2931 3008//2932
f 2702//2626 3008//2932 2772//2696
f 3009//2933 3350//3274 3011//2935
f 3012//2936 3009//2933 3010//2934
f 3012//2936 3013//2937 3015//2939
f 3016//2940 3014//2938 3015//2939
f 3018//2942 3016//2940 3017//2941
f 3018//2942 3019//2943 3021//2945
f 3022//2946 3349//3273 3350//3274
f 3023//2947 3022//2946 3009//2933
f 3023//2947 3012//2936 3014//2938
f 3024//2948 3014//2938 3016//2940
f 3025//2949 3016//2940 3018//2942
f 3027//2951 3026//2950 3018//2942
f 3029//2953 3028//2952 3349//3273
f 3030//2954 3029//2953 3022//2946
f 3030//2954 3023//2947 3024//2948
f 3031//2955 3024//2948 3025//2949
f 3032//2956 3025//2949 3026//2950
f 3034//2958 3033//2957 3026//2950
f 3035//2959 3348//3272 3028//2952
f 3036//2960 3035//2959 3029//2953
f 3036//2960 3030//2954 3031//2955
f 3037//2961 3031//2955 3032//2956
f 3038//2962 3032//2956 3033//2957
f 3040//2964 3039//2963 3033//2957
f 3041//2965 3347//3271 3348//3272
f 3041//2965 3035//2959 3036//2960
f 3042//2966 3036//2960 3037//2961
f 3043//2967 3037//2961 3038//2962
f 3045//2969 3044//2968 3038//2962
f 3046//2970 3045//2969 3039//2963
f 3048//2972 3047//2971 3347//3271
f 3048//2972 3041//2965 3042//2966
f 3049//2973 3042//2966 3043//2967
f 3050//2974 3043//2967 3044//2968
f 3052//2976 3051//2975 3044//2968
f 3053//2977 3052//2976 3045//2969
f 3055//2979 3054//2978 3057//2981
f 3058//2982 3055//2979 3056//2980
f 3060//2984 3058//2982 3059//2983
f 3062//2986 3060//2984 3061//2985
f 3064//2988 3062//2986 3063//2987
f 3048//2972 3064//2988 3065//2989
f 3067//2991 3066//2990 3054//2978
f 3068//2992 3067//2991 3055//2979
f 3068//2992 3058//2982 3060//2984
f 3069//2993 3060//2984 3062//2986
f 3070//2994 3062//2986 3064//2988
f 3049//2973 3071//2995 3064//2988
f 3072//2996 3066//2990 3067//2991
f 3073//2997 3067//2991 3068//2992
f 3074//2998 3068//2992 3069//2993
f 3075//2999 3069//2993 3070//2994
f 3076//3000 3070//2994 3071//2995
f 3077//3001 3071//2995 3049//2973
f 3078//3002 3072//2996 3073//2997
f 3079//3003 3073//2997 3074//2998
f 3080//3004 3074//2998 3075//2999
f 3081//3005 3075//2999 3076//3000
f 3082//3006 3076//3000 3077//3001
f 3083//3007 3077//3001 3050//2974
f 3084//3008 3078//3002 3079//3003
f 3085//3009 3079//3003 3080//3004
f 3086//3010 3080//3004 3081//3005
f 3087//3011 3081//3005 3082//3006
f 3088//3012 3082//3006 3083//3007
f 3089//3013 3083//3007 3051//2975
f 3090//3014 3084//3008 3085//3009
f 3091//3015 3085//3009 3086//3010
f 3472//3396 3086//3010 3087//3011
f 3092//3016 3087//3011 3088//3012
f 3471//3395 3088//3012 3089//3013
f 3093//3017 3089//3013 3052//2976
f 3094//3018 3443//3367 3096//3020
f 3097//3021 3094//3018 3095//3019
f 3099//3023 3097//3021 3098//3022
f 3101//3025 3099//3023 3100//3024
f 3103//3027 3101//3025 3102//3026
f 3054//2978 3103//3027 3104//3028
f 3105//3029 3443//3367 3094//3018
f 3107//3031 3106//3030 3094//3018
f 3108//3032 3107//3031 3097//3021
f 3109//3033 3108//3032 3099//3023
f 3110//3034 3109//3033 3101//3025
f 3066//2990 3110//3034 3103//3027
f 3112//3036 3111//3035 3105//3029
f 3113//3037 3112//3036 3106//3030
f 3114//3038 3113//3037 3107//3031
f 3115//3039 3114//3038 3108//3032
f 3115//3039 3109//3033 3110//3034
f 3116//3040 3110//3034 3066//2990
f 3118//3042 3117//3041 3111//3035
f 3119//3043 3118//3042 3112//3036
f 3120//3044 3119//3043 3113//3037
f 3120//3044 3114//3038 3115//3039
f 3121//3045 3115//3039 3116//3040
f 3122//3046 3116//3040 3072//2996
f 3123//3047 3442//3366 3117//3041
f 3124//3048 3123//3047 3118//3042
f 3125//3049 3124//3048 3119//3043
f 3125//3049 3120//3044 3121//3045
f 3126//3050 3121//3045 3122//3046
f 3127//3051 3122//3046 3078//3002
f 3090//3014 3442//3366 3123//3047
f 3090//3014 3123//3047 3124//3048
f 3090//3014 3124//3048 3125//3049
f 3090//3014 3125//3049 3126//3050
f 3090//3014 3126//3050 3127//3051
f 3090//3014 3127//3051 3084//3008
f 3129//3053 3128//3052 3131//3055
f 3132//3056 3129//3053 3130//3054
f 3134//3058 3132//3056 3133//3057
f 3136//3060 3134//3058 3135//3059
f 3137//3061 3136//3060 3319//3243
f 3138//3062 3137//3061 3317//3241
f 3141//3065 3140//3064 3128//3052
f 3142//3066 3141//3065 3129//3053
f 3143//3067 3142//3066 3132//3056
f 3144//3068 3143//3067 3134//3058
f 3145//3069 3144//3068 3136//3060
f 3146//3070 3145//3069 3137//3061
f 3148//3072 3147//3071 3140//3064
f 3149//3073 3148//3072 3141//3065
f 3150//3074 3149//3073 3142//3066
f 3151//3075 3150//3074 3143//3067
f 3152//3076 3151//3075 3144//3068
f 3153//3077 3152//3076 3145//3069
f 3155//3079 3154//3078 3147//3071
f 3156//3080 3155//3079 3148//3072
f 3157//3081 3156//3080 3149//3073
f 3158//3082 3157//3081 3150//3074
f 3158//3082 3151//3075 3152//3076
f 3159//3083 3152//3076 3153//3077
f 3162//3086 3161//3085 3154//3078
f 3162//3086 3155//3079 3156//3080
f 3163//3087 3156//3080 3157//3081
f 3164//3088 3157//3081 3158//3082
f 3165//3089 3158//3082 3159//3083
f 3166//3090 3159//3083 3160//3084
f 3168//3092 3161//3085 3162//3086
f 3169//3093 3162//3086 3163//3087
f 3170//3094 3163//3087 3164//3088
f 3171//3095 3164//3088 3165//3089
f 3172//3096 3165//3089 3166//3090
f 3173//3097 3166//3090 3167//3091
f 3176//3100 3175//3099 3178//3102
f 3179//3103 3176//3100 3177//3101
f 3180//3104 3179//3103 3449//3373
f 3182//3106 3180//3104 3181//3105
f 3182//3106 3183//3107 3445//3369
f 3184//3108 3445//3369 3174//3098
f 3186//3110 3185//3109 3175//3099
f 3187//3111 3186//3110 3176//3100
f 3188//3112 3187//3111 3179//3103
f 3189//3113 3188//3112 3180//3104
f 3189//3113 3182//3106 3184//3108
f 3190//3114 3184//3108 3167//3091
f 3192//3116 3191//3115 3185//3109
f 3193//3117 3192//3116 3186//3110
f 3194//3118 3193//3117 3187//3111
f 3195//3119 3194//3118 3188//3112
f 3195//3119 3189//3113 3190//3114
f 3196//3120 3190//3114 3160//3084
f 3198//3122 3197//3121 3191//3115
f 3199//3123 3198//3122 3192//3116
f 3200//3124 3199//3123 3193//3117
f 3201//3125 3200//3124 3194//3118
f 3202//3126 3201//3125 3195//3119
f 3146//3070 3202//3126 3196//3120
f 3204//3128 3203//3127 3197//3121
f 3205//3129 3204//3128 3198//3122
f 3206//3130 3205//3129 3199//3123
f 3207//3131 3206//3130 3200//3124
f 3208//3132 3207//3131 3201//3125
f 3138//3062 3208//3132 3202//3126
f 3210//3134 3209//3133 3203//3127
f 3211//3135 3210//3134 3204//3128
f 3212//3136 3211//3135 3205//3129
f 3213//3137 3212//3136 3206//3130
f 3214//3138 3213//3137 3207//3131
f 3139//3063 3214//3138 3208//3132
f 3216//3140 3215//3139 3218//3142
f 3219//3143 3216//3140 3217//3141
f 3221//3145 3219//3143 3220//3144
f 3223//3147 3221//3145 3222//3146
f 3225//3149 3223//3147 3224//3148
f 3175//3099 3225//3149 3413//3337
f 3227//3151 3226//3150 3215//3139
f 3228//3152 3227//3151 3216//3140
f 3229//3153 3228//3152 3219//3143
f 3230//3154 3229//3153 3221//3145
f 3231//3155 3230//3154 3223//3147
f 3185//3109 3231//3155 3225//3149
f 3233//3157 3232//3156 3226//3150
f 3234//3158 3233//3157 3227//3151
f 3235//3159 3234//3158 3228//3152
f 3236//3160 3235//3159 3229//3153
f 3237//3161 3236//3160 3230//3154
f 3191//3115 3237//3161 3231//3155
f 3239//3163 3238//3162 3232//3156
f 3240//3164 3239//3163 3233//3157
f 3241//3165 3240//3164 3234//3158
f 3242//3166 3241//3165 3235//3159
f 3243//3167 3242//3166 3236//3160
f 3197//3121 3243//3167 3237//3161
f 3245//3169 3244//3168 3238//3162
f 3246//3170 3245//3169 3239//3163
f 3247//3171 3246//3170 3240//3164
f 3248//3172 3247//3171 3241//3165
f 3249//3173 3248//3172 3242//3166
f 3203//3127 3249//3173 3243//3167
f 3209//3133 3244//3168 3245//3169
f 3209//3133 3245//3169 3246//3170
f 3209//3133 3246//3170 3247//3171
f 3209//3133 3247//3171 3248//3172
f 3209//3133 3248//3172 3249//3173
f 3209//3133 3249//3173 3203//3127
f 3250//3174 3168//3092 3169//3093
f 3251//3175 3169//3093 3170//3094
f 3252//3176 3170//3094 3171//3095
f 3253//3177 3171//3095 3172//3096
f 3254//3178 3172//3096 3173//3097
f 3255//3179 3173//3097 3174//3098
f 3257//3181 3250//3174 3251//3175
f 3258//3182 3251//3175 3252//3176
f 3259//3183 3252//3176 3253//3177
f 3260//3184 3253//3177 3254//3178
f 3261//3185 3254//3178 3255//3179
f 3262//3186 3255//3179 3256//3180
f 3264//3188 3257//3181 3258//3182
f 3265//3189 3258//3182 3259//3183
f 3266//3190 3259//3183 3260//3184
f 3267//3191 3260//3184 3261//3185
f 3268//3192 3261//3185 3262//3186
f 3270//3194 3269//3193 3262//3186
f 3271//3195 3264//3188 3265//3189
f 3272//3196 3265//3189 3266//3190
f 3273//3197 3266//3190 3267//3191
f 3274//3198 3267//3191 3268//3192
f 3275//3199 3268//3192 3269//3193
f 3277//3201 3276//3200 3269//3193
f 3278//3202 3271//3195 3272//3196
f 3280//3204 3279//3203 3272//3196
f 3281//3205 3280//3204 3273//3197
f 3282//3206 3281//3205 3274//3198
f 3282//3206 3275//3199 3276//3200
f 3283//3207 3276//3200 3277//3201
f 3020//2944 3021//2945 3278//3202
f 3027//2951 3020//2944 3279//3203
f 3034//2958 3027//2951 3280//3204
f 3034//2958 3281//3205 3282//3206
f 3040//2964 3282//3206 3283//3207
f 3046//2970 3283//3207 3284//3208
f 3285//3209 3131//3055 3128//3052
f 3286//3210 3128//3052 3140//3064
f 3287//3211 3140//3064 3147//3071
f 3288//3212 3147//3071 3154//3078
f 3290//3214 3289//3213 3154//3078
f 3250//3174 3290//3214 3161//3085
f 3291//3215 3285//3209 3286//3210
f 3292//3216 3286//3210 3287//3211
f 3293//3217 3287//3211 3288//3212
f 3294//3218 3288//3212 3289//3213
f 3296//3220 3295//3219 3289//3213
f 3296//3220 3290//3214 3250//3174
f 3297//3221 3291//3215 3292//3216
f 3298//3222 3292//3216 3293//3217
f 3299//3223 3293//3217 3294//3218
f 3300//3224 3294//3218 3295//3219
f 3301//3225 3295//3219 3296//3220
f 3302//3226 3296//3220 3257//3181
f 3303//3227 3297//3221 3298//3222
f 3304//3228 3298//3222 3299//3223
f 3305//3229 3299//3223 3300//3224
f 3306//3230 3300//3224 3301//3225
f 3307//3231 3301//3225 3302//3226
f 3308//3232 3302//3226 3264//3188
f 3310//3234 3309//3233 3303//3227
f 3311//3235 3310//3234 3304//3228
f 3312//3236 3311//3235 3305//3229
f 3312//3236 3306//3230 3307//3231
f 3313//3237 3307//3231 3308//3232
f 3314//3238 3308//3232 3271//3195
f 3010//2934 3011//2935 3309//3233
f 3013//2937 3010//2934 3310//3234
f 3015//2939 3013//2937 3311//3235
f 3015//2939 3312//3236 3313//3237
f 3017//2941 3313//3237 3314//3238
f 3019//2943 3314//3238 3278//3202
f 3316//3240 3315//3239 3139//3063
f 3318//3242 3316//3240 3317//3241
f 3320//3244 3318//3242 3319//3243
f 3321//3245 3320//3244 3135//3059
f 3322//3246 3321//3245 3133//3057
f 3285//3209 3322//3246 3130//3054
f 3324//3248 3323//3247 3315//3239
f 3325//3249 3324//3248 3316//3240
f 3326//3250 3325//3249 3318//3242
f 3327//3251 3326//3250 3320//3244
f 3328//3252 3327//3251 3321//3245
f 3291//3215 3328//3252 3322//3246
f 3329//3253 3323//3247 3324//3248
f 3330//3254 3324//3248 3325//3249
f 3332//3256 3331//3255 3325//3249
f 3333//3257 3332//3256 3326//3250
f 3333//3257 3327//3251 3328//3252
f 3334//3258 3328//3252 3291//3215
f 3335//3259 3329//3253 3330//3254
f 3336//3260 3330//3254 3331//3255
f 3337//3261 3331//3255 3332//3256
f 3338//3262 3332//3256 3333//3257
f 3339//3263 3333//3257 3334//3258
f 3340//3264 3334//3258 3297//3221
f 3341//3265 3335//3259 3336//3260
f 3342//3266 3336//3260 3337//3261
f 3343//3267 3337//3261 3338//3262
f 3344//3268 3338//3262 3339//3263
f 3345//3269 3339//3263 3340//3264
f 3346//3270 3340//3264 3303//3227
f 3047//2971 3341//3265 3342//3266
f 3347//3271 3342//3266 3343//3267
f 3348//3272 3343//3267 3344//3268
f 3028//2952 3344//3268 3345//3269
f 3349//3273 3345//3269 3346//3270
f 3350//3274 3346//3270 3309//3233
f 3352//3276 3351//3275 3209//3133
f 3353//3277 3352//3276 3210//3134
f 3354//3278 3353//3277 3211//3135
f 3355//3279 3354//3278 3212//3136
f 3356//3280 3355//3279 3213//3137
f 3315//3239 3356//3280 3214//3138
f 3358//3282 3357//3281 3351//3275
f 3359//3283 3358//3282 3352//3276
f 3360//3284 3359//3283 3353//3277
f 3361//3285 3360//3284 3354//3278
f 3362//3286 3361//3285 3355//3279
f 3323//3247 3362//3286 3356//3280
f 3364//3288 3363//3287 3357//3281
f 3365//3289 3364//3288 3358//3282
f 3366//3290 3365//3289 3359//3283
f 3367//3291 3366//3290 3360//3284
f 3368//3292 3367//3291 3361//3285
f 3329//3253 3368//3292 3362//3286
f 3370//3294 3369//3293 3363//3287
f 3371//3295 3370//3294 3364//3288
f 3371//3295 3365//3289 3366//3290
f 3372//3296 3366//3290 3367//3291
f 3373//3297 3367//3291 3368//3292
f 3374//3298 3368//3292 3329//3253
f 3376//3300 3375//3299 3369//3293
f 3377//3301 3376//3300 3370//3294
f 3378//3302 3377//3301 3371//3295
f 3378//3302 3372//3296 3373//3297
f 3379//3303 3373//3297 3374//3298
f 3380//3304 3374//3298 3335//3259
f 3056//2980 3057//2981 3375//3299
f 3059//2983 3056//2980 3376//3300
f 3061//2985 3059//2983 3377//3301
f 3063//2987 3061//2985 3378//3302
f 3063//2987 3379//3303 3380//3304
f 3065//2989 3380//3304 3341//3265
f 3381//3305 3218//3142 3215//3139
f 3382//3306 3215//3139 3226//3150
f 3383//3307 3226//3150 3232//3156
f 3384//3308 3232//3156 3238//3162
f 3385//3309 3238//3162 3244//3168
f 3386//3310 3244//3168 3209//3133
f 3387//3311 3381//3305 3382//3306
f 3388//3312 3382//3306 3383//3307
f 3389//3313 3383//3307 3384//3308
f 3390//3314 3384//3308 3385//3309
f 3391//3315 3385//3309 3386//3310
f 3392//3316 3386//3310 3351//3275
f 3393//3317 3387//3311 3388//3312
f 3394//3318 3388//3312 3389//3313
f 3395//3319 3389//3313 3390//3314
f 3396//3320 3390//3314 3391//3315
f 3397//3321 3391//3315 3392//3316
f 3398//3322 3392//3316 3357//3281
f 3400//3324 3399//3323 3393//3317
f 3401//3325 3400//3324 3394//3318
f 3402//3326 3401//3325 3395//3319
f 3403//3327 3402//3326 3396//3320
f 3404//3328 3403//3327 3397//3321
f 3369//3293 3404//3328 3398//3322
f 3406//3330 3405//3329 3399//3323
f 3407//3331 3406//3330 3400//3324
f 3408//3332 3407//3331 3401//3325
f 3409//3333 3408//3332 3402//3326
f 3410//3334 3409//3333 3403//3327
f 3375//3299 3410//3334 3404//3328
f 3095//3019 3096//3020 3405//3329
f 3098//3022 3095//3019 3406//3330
f 3100//3024 3098//3022 3407//3331
f 3102//3026 3100//3024 3408//3332
f 3104//3028 3102//3026 3409//3333
f 3057//2981 3104//3028 3410//3334
f 3412//3336 3411//3335 3178//3102
f 3414//3338 3412//3336 3413//3337
f 3415//3339 3414//3338 3224//3148
f 3416//3340 3415//3339 3222//3146
f 3417//3341 3416//3340 3220//3144
f 3381//3305 3417//3341 3217//3141
f 3419//3343 3418//3342 3411//3335
f 3420//3344 3419//3343 3412//3336
f 3421//3345 3420//3344 3414//3338
f 3422//3346 3421//3345 3415//3339
f 3423//3347 3422//3346 3416//3340
f 3387//3311 3423//3347 3417//3341
f 3425//3349 3424//3348 3418//3342
f 3426//3350 3425//3349 3419//3343
f 3427//3351 3426//3350 3420//3344
f 3428//3352 3427//3351 3421//3345
f 3429//3353 3428//3352 3422//3346
f 3393//3317 3429//3353 3423//3347
f 3430//3354 3424//3348 3425//3349
f 3431//3355 3425//3349 3426//3350
f 3432//3356 3426//3350 3427//3351
f 3433//3357 3427//3351 3428//3352
f 3434//3358 3428//3352 3429//3353
f 3399//3323 3435//3359 3429//3353
f 3436//3360 3430//3354 3431//3355
f 3437//3361 3431//3355 3432//3356
f 3438//3362 3432//3356 3433//3357
f 3439//3363 3433//3357 3434//3358
f 3440//3364 3434//3358 3435//3359
f 3441//3365 3435//3359 3399//3323
f 3090//3014 3436//3360 3437//3361
f 3442//3366 3437//3361 3438//3362
f 3117//3041 3438//3362 3439//3363
f 3111//3035 3439//3363 3440//3364
f 3105//3029 3440//3364 3441//3365
f 3443//3367 3441//3365 3405//3329
f 3256//3180 3174//3098 3445//3369
f 3446//3370 3444//3368 3445//3369
f 3447//3371 3446//3370 3183//3107
f 3448//3372 3447//3371 3181//3105
f 3450//3374 3448//3372 3449//3373
f 3411//3335 3450//3374 3177//3101
f 3451//3375 3263//3187 3256//3180
f 3452//3376 3451//3375 3444//3368
f 3453//3377 3452//3376 3446//3370
f 3454//3378 3453//3377 3447//3371
f 3455//3379 3454//3378 3448//3372
f 3418//3342 3455//3379 3450//3374
f 3456//3380 3270//3194 3263//3187
f 3457//3381 3456//3380 3451//3375
f 3458//3382 3457//3381 3452//3376
f 3459//3383 3458//3382 3453//3377
f 3460//3384 3459//3383 3454//3378
f 3424//3348 3460//3384 3455//3379
f 3461//3385 3277//3201 3270//3194
f 3462//3386 3461//3385 3456//3380
f 3463//3387 3462//3386 3457//3381
f 3464//3388 3463//3387 3458//3382
f 3465//3389 3464//3388 3459//3383
f 3465//3389 3460//3384 3424//3348
f 3284//3208 3277//3201 3461//3385
f 3466//3390 3461//3385 3462//3386
f 3467//3391 3462//3386 3463//3387
f 3468//3392 3463//3387 3464//3388
f 3469//3393 3464//3388 3465//3389
f 3470//3394 3465//3389 3430//3354
f 3053//2977 3284//3208 3466//3390
f 3093//3017 3466//3390 3467//3391
f 3471//3395 3467//3391 3468//3392
f 3092//3016 3468//3392 3469//3393
f 3472//3396 3469//3393 3470//3394
f 3091//3015 3470//3394 3436//3360
f 3473//3397 3475//3399 3814//3738
f 3476//3400 3474//3398 3473//3397
f 3476//3400 3479//3403 3477//3401
f 3480//3404 3479//3403 3478//3402
f 3482//3406 3481//3405 3480//3404
f 3482//3406 3485//3409 3483//3407
f 3486//3410 3814//3738 3813//3737
f 3487//3411 3473//3397 3486//3410
f 3487//3411 3478//3402 3476//3400
f 3488//3412 3480//3404 3478//3402
f 3489//3413 3482//3406 3480//3404
f 3491//3415 3482//3406 3490//3414
f 3493//3417 3813//3737 3492//3416
f 3494//3418 3486//3410 3493//3417
f 3494//3418 3488//3412 3487//3411
f 3495//3419 3489//3413 3488//3412
f 3496//3420 3490//3414 3489//3413
f 3498//3422 3490//3414 3497//3421
f 3499//3423 3492//3416 3812//3736
f 3500//3424 3493//3417 3499//3423
f 3500//3424 3495//3419 3494//3418
f 3501//3425 3496//3420 3495//3419
f 3502//3426 3497//3421 3496//3420
f 3504//3428 3497//3421 3503//3427
f 3505//3429 3812//3736 3811//3735
f 3505//3429 3500//3424 3499//3423
f 3506//3430 3501//3425 3500//3424
f 3507//3431 3502//3426 3501//3425
f 3509//3433 3502//3426 3508//3432
f 3510//3434 3503//3427 3509//3433
f 3512//3436 3811//3735 3511//3435
f 3512//3436 3506//3430 3505//3429
f 3513//3437 3507//3431 3506//3430
f 3514//3438 3508//3432 3507//3431
f 3516//3440 3508//3432 3515//3439
f 3517//3441 3509//3433 3516//3440
f 3519//3443 3521//3445 3518//3442
f 3522//3446 3520//3444 3519//3443
f 3524//3448 3523//3447 3522//3446
f 3526//3450 3525//3449 3524//3448
f 3528//3452 3527//3451 3526//3450
f 3512//3436 3529//3453 3528//3452
f 3531//3455 3518//3442 3530//3454
f 3532//3456 3519//3443 3531//3455
f 3532//3456 3524//3448 3522//3446
f 3533//3457 3526//3450 3524//3448
f 3534//3458 3528//3452 3526//3450
f 3513//3437 3528//3452 3535//3459
f 3536//3460 3531//3455 3530//3454
f 3537//3461 3532//3456 3531//3455
f 3538//3462 3533//3457 3532//3456
f 3539//3463 3534//3458 3533//3457
f 3540//3464 3535//3459 3534//3458
f 3541//3465 3513//3437 3535//3459
f 3542//3466 3537//3461 3536//3460
f 3543//3467 3538//3462 3537//3461
f 3544//3468 3539//3463 3538//3462
f 3545//3469 3540//3464 3539//3463
f 3546//3470 3541//3465 3540//3464
f 3547//3471 3514//3438 3541//3465
f 3548//3472 3543//3467 3542//3466
f 3549//3473 3544//3468 3543//3467
f 3550//3474 3545//3469 3544//3468
f 3551//3475 3546//3470 3545//3469
f 3552//3476 3547//3471 3546//3470
f 3553//3477 3515//3439 3547//3471
f 3554//3478 3549//3473 3548//3472
f 3555//3479 3550//3474 3549//3473
f 3936//3860 3551//3475 3550//3474
f 3556//3480 3552//3476 3551//3475
f 3935//3859 3553//3477 3552//3476
f 3557//3481 3516//3440 3553//3477
f 3558//3482 3560//3484 3907//3831
f 3561//3485 3559//3483 3558//3482
f 3563//3487 3562//3486 3561//3485
f 3565//3489 3564//3488 3563//3487
f 3567//3491 3566//3490 3565//3489
f 3518//3442 3568//3492 3567//3491
f 3569//3493 3558//3482 3907//3831
f 3571//3495 3558//3482 3570//3494
f 3572//3496 3561//3485 3571//3495
f 3573//3497 3563//3487 3572//3496
f 3574//3498 3565//3489 3573//3497
f 3530//3454 3567//3491 3574//3498
f 3576//3500 3569//3493 3575//3499
f 3577//3501 3570//3494 3576//3500
f 3578//3502 3571//3495 3577//3501
f 3579//3503 3572//3496 3578//3502
f 3579//3503 3574//3498 3573//3497
f 3580//3504 3530//3454 3574//3498
f 3582//3506 3575//3499 3581//3505
f 3583//3507 3576//3500 3582//3506
f 3584//3508 3577//3501 3583//3507
f 3584//3508 3579//3503 3578//3502
f 3585//3509 3580//3504 3579//3503
f 3586//3510 3536//3460 3580//3504
f 3588//3512 3581//3505 3587//3511
f 3589//3513 3582//3506 3588//3512
f 3590//3514 3583//3507 3589//3513
f 3590//3514 3585//3509 3584//3508
f 3591//3515 3586//3510 3585//3509
f 3592//3516 3542//3466 3586//3510
f 3554//3478 3588//3512 3587//3511
f 3554//3478 3589//3513 3588//3512
f 3554//3478 3590//3514 3589//3513
f 3554//3478 3591//3515 3590//3514
f 3554//3478 3592//3516 3591//3515
f 3554//3478 3548//3472 3592//3516
f 3594//3518 3596//3520 3593//3517
f 3597//3521 3595//3519 3594//3518
f 3599//3523 3598//3522 3597//3521
f 3601//3525 3600//3524 3599//3523
f 3603//3527 3602//3526 3601//3525
f 3604//3528 3782//3706 3603//3527
f 3607//3531 3593//3517 3606//3530
f 3608//3532 3594//3518 3607//3531
f 3609//3533 3597//3521 3608//3532
f 3610//3534 3599//3523 3609//3533
f 3611//3535 3601//3525 3610//3534
f 3612//3536 3603//3527 3611//3535
f 3614//3538 3606//3530 3613//3537
f 3615//3539 3607//3531 3614//3538
f 3616//3540 3608//3532 3615//3539
f 3617//3541 3609//3533 3616//3540
f 3618//3542 3610//3534 3617//3541
f 3619//3543 3611//3535 3618//3542
f 3621//3545 3613//3537 3620//3544
f 3622//3546 3614//3538 3621//3545
f 3623//3547 3615//3539 3622//3546
f 3624//3548 3616//3540 3623//3547
f 3624//3548 3618//3542 3617//3541
f 3625//3549 3619//3543 3618//3542
f 3628//3552 3620//3544 3627//3551
f 3628//3552 3622//3546 3621//3545
f 3629//3553 3623//3547 3622//3546
f 3630//3554 3624//3548 3623//3547
f 3631//3555 3625//3549 3624//3548
f 3632//3556 3626//3550 3625//3549
f 3634//3558 3628//3552 3627//3551
f 3635//3559 3629//3553 3628//3552
f 3636//3560 3630//3554 3629//3553
f 3637//3561 3631//3555 3630//3554
f 3638//3562 3632//3556 3631//3555
f 3639//3563 3633//3557 3632//3556
f 3642//3566 3644//3568 3641//3565
f 3645//3569 3643//3567 3642//3566
f 3646//3570 3913//3837 3645//3569
f 3648//3572 3647//3571 3646//3570
f 3648//3572 3909//3833 3649//3573
f 3650//3574 3640//3564 3909//3833
f 3652//3576 3641//3565 3651//3575
f 3653//3577 3642//3566 3652//3576
f 3654//3578 3645//3569 3653//3577
f 3655//3579 3646//3570 3654//3578
f 3655//3579 3650//3574 3648//3572
f 3656//3580 3633//3557 3650//3574
f 3658//3582 3651//3575 3657//3581
f 3659//3583 3652//3576 3658//3582
f 3660//3584 3653//3577 3659//3583
f 3661//3585 3654//3578 3660//3584
f 3661//3585 3656//3580 3655//3579
f 3662//3586 3626//3550 3656//3580
f 3664//3588 3657//3581 3663//3587
f 3665//3589 3658//3582 3664//3588
f 3666//3590 3659//3583 3665//3589
f 3667//3591 3660//3584 3666//3590
f 3668//3592 3661//3585 3667//3591
f 3612//3536 3662//3586 3668//3592
f 3670//3594 3663//3587 3669//3593
f 3671//3595 3664//3588 3670//3594
f 3672//3596 3665//3589 3671//3595
f 3673//3597 3666//3590 3672//3596
f 3674//3598 3667//3591 3673//3597
f 3604//3528 3668//3592 3674//3598
f 3676//3600 3669//3593 3675//3599
f 3677//3601 3670//3594 3676//3600
f 3678//3602 3671//3595 3677//3601
f 3679//3603 3672//3596 3678//3602
f 3680//3604 3673//3597 3679//3603
f 3605//3529 3674//3598 3680//3604
f 3682//3606 3683//3607 3681//3605
f 3684//3608 3882//3806 3682//3606
f 3686//3610 3685//3609 3684//3608
f 3688//3612 3687//3611 3686//3610
f 3690//3614 3689//3613 3688//3612
f 3641//3565 3877//3801 3690//3614
f 3692//3616 3681//3605 3691//3615
f 3693//3617 3682//3606 3692//3616
f 3694//3618 3684//3608 3693//3617
f 3695//3619 3686//3610 3694//3618
f 3696//3620 3688//3612 3695//3619
f 3651//3575 3690//3614 3696//3620
f 3698//3622 3691//3615 3697//3621
f 3699//3623 3692//3616 3698//3622
f 3700//3624 3693//3617 3699//3623
f 3701//3625 3694//3618 3700//3624
f 3702//3626 3695//3619 3701//3625
f 3657//3581 3696//3620 3702//3626
f 3704//3628 3697//3621 3703//3627
f 3705//3629 3698//3622 3704//3628
f 3706//3630 3699//3623 3705//3629
f 3707//3631 3700//3624 3706//3630
f 3708//3632 3701//3625 3707//3631
f 3663//3587 3702//3626 3708//3632
f 3710//3634 3703//3627 3709//3633
f 3711//3635 3704//3628 3710//3634
f 3712//3636 3705//3629 3711//3635
f 3713//3637 3706//3630 3712//3636
f 3714//3638 3707//3631 3713//3637
f 3669//3593 3708//3632 3714//3638
f 3675//3599 3710//3634 3709//3633
f 3675//3599 3711//3635 3710//3634
f 3675//3599 3712//3636 3711//3635
f 3675//3599 3713//3637 3712//3636
f 3675//3599 3714//3638 3713//3637
f 3675//3599 3669//3593 3714//3638
f 3715//3639 3635//3559 3634//3558
f 3716//3640 3636//3560 3635//3559
f 3717//3641 3637//3561 3636//3560
f 3718//3642 3638//3562 3637//3561
f 3719//3643 3639//3563 3638//3562
f 3720//3644 3640//3564 3639//3563
f 3722//3646 3716//3640 3715//3639
f 3723//3647 3717//3641 3716//3640
f 3724//3648 3718//3642 3717//3641
f 3725//3649 3719//3643 3718//3642
f 3726//3650 3720//3644 3719//3643
f 3727//3651 3721//3645 3720//3644
f 3729//3653 3723//3647 3722//3646
f 3730//3654 3724//3648 3723//3647
f 3731//3655 3725//3649 3724//3648
f 3732//3656 3726//3650 3725//3649
f 3733//3657 3727//3651 3726//3650
f 3735//3659 3727//3651 3734//3658
f 3736//3660 3730//3654 3729//3653
f 3737//3661 3731//3655 3730//3654
f 3738//3662 3732//3656 3731//3655
f 3739//3663 3733//3657 3732//3656
f 3740//3664 3734//3658 3733//3657
f 3742//3666 3734//3658 3741//3665
f 3743//3667 3737//3661 3736//3660
f 3745//3669 3737//3661 3744//3668
f 3746//3670 3738//3662 3745//3669
f 3747//3671 3739//3663 3746//3670
f 3747//3671 3741//3665 3740//3664
f 3748//3672 3742//3666 3741//3665
f 3484//3408 3743//3667 3485//3409
f 3491//3415 3744//3668 3484//3408
f 3498//3422 3745//3669 3491//3415
f 3498//3422 3747//3671 3746//3670
f 3504//3428 3748//3672 3747//3671
f 3510//3434 3749//3673 3748//3672
f 3750//3674 3593//3517 3596//3520
f 3751//3675 3606//3530 3593//3517
f 3752//3676 3613//3537 3606//3530
f 3753//3677 3620//3544 3613//3537
f 3755//3679 3620//3544 3754//3678
f 3715//3639 3627//3551 3755//3679
f 3756//3680 3751//3675 3750//3674
f 3757//3681 3752//3676 3751//3675
f 3758//3682 3753//3677 3752//3676
f 3759//3683 3754//3678 3753//3677
f 3761//3685 3754//3678 3760//3684
f 3761//3685 3715//3639 3755//3679
f 3762//3686 3757//3681 3756//3680
f 3763//3687 3758//3682 3757//3681
f 3764//3688 3759//3683 3758//3682
f 3765//3689 3760//3684 3759//3683
f 3766//3690 3761//3685 3760//3684
f 3767//3691 3722//3646 3761//3685
f 3768//3692 3763//3687 3762//3686
f 3769//3693 3764//3688 3763//3687
f 3770//3694 3765//3689 3764//3688
f 3771//3695 3766//3690 3765//3689
f 3772//3696 3767//3691 3766//3690
f 3773//3697 3729//3653 3767//3691
f 3775//3699 3768//3692 3774//3698
f 3776//3700 3769//3693 3775//3699
f 3777//3701 3770//3694 3776//3700
f 3777//3701 3772//3696 3771//3695
f 3778//3702 3773//3697 3772//3696
f 3779//3703 3736//3660 3773//3697
f 3474//3398 3774//3698 3475//3399
f 3477//3401 3775//3699 3474//3398
f 3479//3403 3776//3700 3477//3401
f 3479//3403 3778//3702 3777//3701
f 3481//3405 3779//3703 3778//3702
f 3483//3407 3743//3667 3779//3703
f 3781//3705 3605//3529 3780//3704
f 3783//3707 3782//3706 3781//3705
f 3784//3708 3602//3526 3783//3707
f 3785//3709 3600//3524 3784//3708
f 3786//3710 3598//3522 3785//3709
f 3750//3674 3595//3519 3786//3710
f 3788//3712 3780//3704 3787//3711
f 3789//3713 3781//3705 3788//3712
f 3790//3714 3783//3707 3789//3713
f 3791//3715 3784//3708 3790//3714
f 3792//3716 3785//3709 3791//3715
f 3756//3680 3786//3710 3792//3716
f 3793//3717 3788//3712 3787//3711
f 3794//3718 3789//3713 3788//3712
f 3796//3720 3789//3713 3795//3719
f 3797//3721 3790//3714 3796//3720
f 3797//3721 3792//3716 3791//3715
f 3798//3722 3756//3680 3792//3716
f 3799//3723 3794//3718 3793//3717
f 3800//3724 3795//3719 3794//3718
f 3801//3725 3796//3720 3795//3719
f 3802//3726 3797//3721 3796//3720
f 3803//3727 3798//3722 3797//3721
f 3804//3728 3762//3686 3798//3722
f 3805//3729 3800//3724 3799//3723
f 3806//3730 3801//3725 3800//3724
f 3807//3731 3802//3726 3801//3725
f 3808//3732 3803//3727 3802//3726
f 3809//3733 3804//3728 3803//3727
f 3810//3734 3768//3692 3804//3728
f 3511//3435 3806//3730 3805//3729
f 3811//3735 3807//3731 3806//3730
f 3812//3736 3808//3732 3807//3731
f 3492//3416 3809//3733 3808//3732
f 3813//3737 3810//3734 3809//3733
f 3814//3738 3774//3698 3810//3734
f 3816//3740 3675//3599 3815//3739
f 3817//3741 3676//3600 3816//3740
f 3818//3742 3677//3601 3817//3741
f 3819//3743 3678//3602 3818//3742
f 3820//3744 3679//3603 3819//3743
f 3780//3704 3680//3604 3820//3744
f 3822//3746 3815//3739 3821//3745
f 3823//3747 3816//3740 3822//3746
f 3824//3748 3817//3741 3823//3747
f 3825//3749 3818//3742 3824//3748
f 3826//3750 3819//3743 3825//3749
f 3787//3711 3820//3744 3826//3750
f 3828//3752 3821//3745 3827//3751
f 3829//3753 3822//3746 3828//3752
f 3830//3754 3823//3747 3829//3753
f 3831//3755 3824//3748 3830//3754
f 3832//3756 3825//3749 3831//3755
f 3793//3717 3826//3750 3832//3756
f 3834//3758 3827//3751 3833//3757
f 3835//3759 3828//3752 3834//3758
f 3835//3759 3830//3754 3829//3753
f 3836//3760 3831//3755 3830//3754
f 3837//3761 3832//3756 3831//3755
f 3838//3762 3793//3717 3832//3756
f 3840//3764 3833//3757 3839//3763
f 3841//3765 3834//3758 3840//3764
f 3842//3766 3835//3759 3841//3765
f 3842//3766 3837//3761 3836//3760
f 3843//3767 3838//3762 3837//3761
f 3844//3768 3799//3723 3838//3762
f 3520//3444 3839//3763 3521//3445
f 3523//3447 3840//3764 3520//3444
f 3525//3449 3841//3765 3523//3447
f 3527//3451 3842//3766 3525//3449
f 3527//3451 3844//3768 3843//3767
f 3529//3453 3805//3729 3844//3768
f 3845//3769 3681//3605 3683//3607
f 3846//3770 3691//3615 3681//3605
f 3847//3771 3697//3621 3691//3615
f 3848//3772 3703//3627 3697//3621
f 3849//3773 3709//3633 3703//3627
f 3850//3774 3675//3599 3709//3633
f 3851//3775 3846//3770 3845//3769
f 3852//3776 3847//3771 3846//3770
f 3853//3777 3848//3772 3847//3771
f 3854//3778 3849//3773 3848//3772
f 3855//3779 3850//3774 3849//3773
f 3856//3780 3815//3739 3850//3774
f 3857//3781 3852//3776 3851//3775
f 3858//3782 3853//3777 3852//3776
f 3859//3783 3854//3778 3853//3777
f 3860//3784 3855//3779 3854//3778
f 3861//3785 3856//3780 3855//3779
f 3862//3786 3821//3745 3856//3780
f 3864//3788 3857//3781 3863//3787
f 3865//3789 3858//3782 3864//3788
f 3866//3790 3859//3783 3865//3789
f 3867//3791 3860//3784 3866//3790
f 3868//3792 3861//3785 3867//3791
f 3833//3757 3862//3786 3868//3792
f 3870//3794 3863//3787 3869//3793
f 3871//3795 3864//3788 3870//3794
f 3872//3796 3865//3789 3871//3795
f 3873//3797 3866//3790 3872//3796
f 3874//3798 3867//3791 3873//3797
f 3839//3763 3868//3792 3874//3798
f 3559//3483 3869//3793 3560//3484
f 3562//3486 3870//3794 3559//3483
f 3564//3488 3871//3795 3562//3486
f 3566//3490 3872//3796 3564//3488
f 3568//3492 3873//3797 3566//3490
f 3521//3445 3874//3798 3568//3492
f 3876//3800 3644//3568 3875//3799
f 3878//3802 3877//3801 3876//3800
f 3879//3803 3689//3613 3878//3802
f 3880//3804 3687//3611 3879//3803
f 3881//3805 3685//3609 3880//3804
f 3845//3769 3882//3806 3881//3805
f 3884//3808 3875//3799 3883//3807
f 3885//3809 3876//3800 3884//3808
f 3886//3810 3878//3802 3885//3809
f 3887//3811 3879//3803 3886//3810
f 3888//3812 3880//3804 3887//3811
f 3851//3775 3881//3805 3888//3812
f 3890//3814 3883//3807 3889//3813
f 3891//3815 3884//3808 3890//3814
f 3892//3816 3885//3809 3891//3815
f 3893//3817 3886//3810 3892//3816
f 3894//3818 3887//3811 3893//3817
f 3857//3781 3888//3812 3894//3818
f 3895//3819 3890//3814 3889//3813
f 3896//3820 3891//3815 3890//3814
f 3897//3821 3892//3816 3891//3815
f 3898//3822 3893//3817 3892//3816
f 3899//3823 3894//3818 3893//3817
f 3863//3787 3894//3818 3900//3824
f 3901//3825 3896//3820 3895//3819
f 3902//3826 3897//3821 3896//3820
f 3903//3827 3898//3822 3897//3821
f 3904//3828 3899//3823 3898//3822
f 3905//3829 3900//3824 3899//3823
f 3906//3830 3863//3787 3900//3824
f 3554//3478 3902//3826 3901//3825
f 3587//3511 3903//3827 3902//3826
f 3581//3505 3904//3828 3903//3827
f 3575//3499 3905//3829 3904//3828
f 3569//3493 3906//3830 3905//3829
f 3907//3831 3869//3793 3906//3830
f 3721//3645 3909//3833 3640//3564
f 3910//3834 3909//3833 3908//3832
f 3911//3835 3649//3573 3910//3834
f 3912//3836 3647//3571 3911//3835
f 3914//3838 3913//3837 3912//3836
f 3875//3799 3643//3567 3914//3838
f 3915//3839 3721//3645 3728//3652
f 3916//3840 3908//3832 3915//3839
f 3917//3841 3910//3834 3916//3840
f 3918//3842 3911//3835 3917//3841
f 3919//3843 3912//3836 3918//3842
f 3883//3807 3914//3838 3919//3843
f 3920//3844 3728//3652 3735//3659
f 3921//3845 3915//3839 3920//3844
f 3922//3846 3916//3840 3921//3845
f 3923//3847 3917//3841 3922//3846
f 3924//3848 3918//3842 3923//3847
f 3889//3813 3919//3843 3924//3848
f 3925//3849 3735//3659 3742//3666
f 3926//3850 3920//3844 3925//3849
f 3927//3851 3921//3845 3926//3850
f 3928//3852 3922//3846 3927//3851
f 3929//3853 3923//3847 3928//3852
f 3929//3853 3889//3813 3924//3848
f 3749//3673 3925//3849 3742//3666
f 3930//3854 3926//3850 3925//3849
f 3931//3855 3927//3851 3926//3850
f 3932//3856 3928//3852 3927//3851
f 3933//3857 3929//3853 3928//3852
f 3934//3858 3895//3819 3929//3853
f 3517//3441 3930//3854 3749//3673
f 3557//3481 3931//3855 3930//3854
f 3935//3859 3932//3856 3931//3855
f 3556//3480 3933//3857 3932//3856
f 3936//3860 3934//3858 3933//3857
f 3555//3479 3901//3825 3934//3858
f 3938//3862 3937//3861 3940//3864
f 3941//3865 3938//3862 3939//3863
f 3943//3867 3941//3865 3942//3866
f 3945//3869 3943//3867 3944//3868
f 3947//3871 3945//3869 3946//3870
f 3949//3873 3947//3871 3948//3872
f 3952//3876 3951//3875 3937//3861
f 3953//3877 3952//3876 3938//3862
f 3954//3878 3953//3877 3941//3865
f 3955//3879 3954//3878 3943//3867
f 3956//3880 3955//3879 3945//3869
f 3956//3880 3947//3871 3949//3873
f 3959//3883 3958//3882 3951//3875
f 3960//3884 3959//3883 3952//3876
f 3961//3885 3960//3884 3953//3877
f 3962//3886 3961//3885 3954//3878
f 3962//3886 3955//3879 3956//3880
f 3963//3887 3956//3880 3957//3881
f 3966//3890 3965//3889 3958//3882
f 3967//3891 3966//3890 3959//3883
f 3968//3892 3967//3891 3960//3884
f 3969//3893 3968//3892 3961//3885
f 3969//3893 3962//3886 3963//3887
f 3970//3894 3963//3887 3964//3888
f 3973//3897 3972//3896 3965//3889
f 3974//3898 3973//3897 3966//3890
f 3975//3899 3974//3898 3967//3891
f 3976//3900 3975//3899 3968//3892
f 3976//3900 3969//3893 3970//3894
f 3977//3901 3970//3894 3971//3895
f 3980//3904 3979//3903 3972//3896
f 3981//3905 3980//3904 3973//3897
f 3982//3906 3981//3905 3974//3898
f 3983//3907 3982//3906 3975//3899
f 3984//3908 3983//3907 3976//3900
f 3985//3909 3984//3908 3977//3901
f 3986//3910 3989//3913 3988//3912
f 3987//3911 3988//3912 3991//3915
f 3990//3914 3991//3915 3993//3917
f 3994//3918 3992//3916 3993//3917
f 3996//3920 3994//3918 3995//3919
f 3937//3861 3996//3920 3997//3921
f 3999//3923 3998//3922 3986//3910
f 4000//3924 3999//3923 3987//3911
f 4001//3925 4000//3924 3990//3914
f 4001//3925 3992//3916 3994//3918
f 4002//3926 3994//3918 3996//3920
f 4003//3927 3996//3920 3937//3861
f 4005//3929 4004//3928 3998//3922
f 4006//3930 4005//3929 3999//3923
f 4007//3931 4006//3930 4000//3924
f 4007//3931 4001//3925 4002//3926
f 4008//3932 4002//3926 4003//3927
f 4009//3933 4003//3927 3951//3875
f 4011//3935 4010//3934 4004//3928
f 4012//3936 4011//3935 4005//3929
f 4013//3937 4012//3936 4006//3930
f 4013//3937 4007//3931 4008//3932
f 4014//3938 4008//3932 4009//3933
f 4015//3939 4009//3933 3958//3882
f 4017//3941 4016//3940 4010//3934
f 4018//3942 4017//3941 4011//3935
f 4019//3943 4018//3942 4012//3936
f 4019//3943 4013//3937 4014//3938
f 4020//3944 4014//3938 4015//3939
f 4021//3945 4015//3939 3965//3889
f 4023//3947 4022//3946 4016//3940
f 4024//3948 4023//3947 4017//3941
f 4025//3949 4024//3948 4018//3942
f 4025//3949 4019//3943 4020//3944
f 4026//3950 4020//3944 4021//3945
f 4027//3951 4021//3945 3972//3896
f 4028//3952 4031//3955 4030//3954
f 4029//3953 4030//3954 4033//3957
f 4032//3956 4033//3957 4035//3959
f 4034//3958 4035//3959 4037//3961
f 4036//3960 4037//3961 4039//3963
f 4038//3962 4039//3963 3989//3913
f 4041//3965 4040//3964 4028//3952
f 4041//3965 4029//3953 4032//3956
f 4042//3966 4032//3956 4034//3958
f 4043//3967 4034//3958 4036//3960
f 4044//3968 4036//3960 4038//3962
f 4045//3969 4038//3962 3986//3910
f 4047//3971 4046//3970 4040//3964
f 4048//3972 4047//3971 4041//3965
f 4048//3972 4042//3966 4043//3967
f 4049//3973 4043//3967 4044//3968
f 4050//3974 4044//3968 4045//3969
f 4051//3975 4045//3969 3998//3922
f 4053//3977 4052//3976 4046//3970
f 4054//3978 4053//3977 4047//3971
f 4054//3978 4048//3972 4049//3973
f 4055//3979 4049//3973 4050//3974
f 4056//3980 4050//3974 4051//3975
f 4057//3981 4051//3975 4004//3928
f 4059//3983 4058//3982 4052//3976
f 4060//3984 4059//3983 4053//3977
f 4060//3984 4054//3978 4055//3979
f 4061//3985 4055//3979 4056//3980
f 4062//3986 4056//3980 4057//3981
f 4063//3987 4057//3981 4010//3934
f 4064//3988 4058//3982 4059//3983
f 4065//3989 4059//3983 4060//3984
f 4066//3990 4060//3984 4061//3985
f 4067//3991 4061//3985 4062//3986
f 4068//3992 4062//3986 4063//3987
f 4069//3993 4063//3987 4016//3940
f 4070//3994 3949//3873 3950//3874
f 4072//3996 4070//3994 4071//3995
f 4074//3998 4072//3996 4073//3997
f 4074//3998 4075//3999 4077//4001
f 4076//4000 4077//4001 4079//4003
f 4078//4002 4079//4003 4031//3955
f 4080//4004 3957//3881 3949//3873
f 4081//4005 4080//4004 4070//3994
f 4082//4006 4081//4005 4072//3996
f 4082//4006 4074//3998 4076//4000
f 4083//4007 4076//4000 4078//4002
f 4084//4008 4078//4002 4028//3952
f 4085//4009 3964//3888 3957//3881
f 4086//4010 4085//4009 4080//4004
f 4087//4011 4086//4010 4081//4005
f 4087//4011 4082//4006 4083//4007
f 4088//4012 4083//4007 4084//4008
f 4089//4013 4084//4008 4040//3964
f 4090//4014 3971//3895 3964//3888
f 4091//4015 4090//4014 4085//4009
f 4092//4016 4091//4015 4086//4010
f 4092//4016 4087//4011 4088//4012
f 4093//4017 4088//4012 4089//4013
f 4094//4018 4089//4013 4046//3970
f 4095//4019 3978//3902 3971//3895
f 4096//4020 4095//4019 4090//4014
f 4097//4021 4096//4020 4091//4015
f 4097//4021 4092//4016 4093//4017
f 4098//4022 4093//4017 4094//4018
f 4099//4023 4094//4018 4052//3976
f 4100//4024 3985//3909 3978//3902
f 4101//4025 4100//4024 4095//4019
f 4102//4026 4101//4025 4096//4020
f 4102//4026 4097//4021 4098//4022
f 4103//4027 4098//4022 4099//4023
f 4104//4028 4099//4023 4058//3982
f 4105//4029 4107//4031 4273//4197
f 4106//4030 4273//4197 4109//4033
f 4108//4032 4109//4033 4262//4186
f 4110//4034 4262//4186 4256//4180
f 4112//4036 4111//4035 4256//4180
f 4114//4038 4112//4036 4113//4037
f 4116//4040 4105//4029 4106//4030
f 4117//4041 4106//4030 4108//4032
f 4118//4042 4108//4032 4110//4034
f 4120//4044 4119//4043 4110//4034
f 4121//4045 4120//4044 4111//4035
f 4122//4046 4121//4045 4112//4036
f 4123//4047 4116//4040 4117//4041
f 4124//4048 4117//4041 4118//4042
f 4125//4049 4118//4042 4119//4043
f 4127//4051 4126//4050 4119//4043
f 4128//4052 4127//4051 4120//4044
f 4129//4053 4128//4052 4121//4045
f 4130//4054 4123//4047 4124//4048
f 4131//4055 4124//4048 4125//4049
f 4132//4056 4125//4049 4126//4050
f 4134//4058 4133//4057 4126//4050
f 4135//4059 4134//4058 4127//4051
f 4136//4060 4135//4059 4128//4052
f 4137//4061 4130//4054 4131//4055
f 4138//4062 4131//4055 4132//4056
f 4139//4063 4132//4056 4133//4057
f 4141//4065 4140//4064 4133//4057
f 4142//4066 4141//4065 4134//4058
f 4143//4067 4142//4066 4135//4059
f 3940//3864 4137//4061 4138//4062
f 3942//3866 3939//3863 4138//4062
f 3944//3868 3942//3866 4139//4063
f 3946//3870 3944//3868 4140//4064
f 3948//3872 3946//3870 4141//4065
f 3950//3874 3948//3872 4142//4066
f 4144//4068 4147//4071 4146//4070
f 4145//4069 4146//4070 4149//4073
f 4148//4072 4149//4073 4151//4075
f 4152//4076 4150//4074 4151//4075
f 4154//4078 4152//4076 4153//4077
f 4105//4029 4154//4078 4155//4079
f 4156//4080 4144//4068 4145//4069
f 4157//4081 4145//4069 4148//4072
f 4158//4082 4148//4072 4150//4074
f 4160//4084 4159//4083 4150//4074
f 4161//4085 4160//4084 4152//4076
f 4116//4040 4161//4085 4154//4078
f 4162//4086 4156//4080 4157//4081
f 4163//4087 4157//4081 4158//4082
f 4164//4088 4158//4082 4159//4083
f 4166//4090 4165//4089 4159//4083
f 4167//4091 4166//4090 4160//4084
f 4123//4047 4167//4091 4161//4085
f 4168//4092 4162//4086 4163//4087
f 4169//4093 4163//4087 4164//4088
f 4170//4094 4164//4088 4165//4089
f 4172//4096 4171//4095 4165//4089
f 4173//4097 4172//4096 4166//4090
f 4130//4054 4173//4097 4167//4091
f 4174//4098 4168//4092 4169//4093
f 4175//4099 4169//4093 4170//4094
f 4176//4100 4170//4094 4171//4095
f 4178//4102 4177//4101 4171//4095
f 4179//4103 4178//4102 4172//4096
f 4137//4061 4179//4103 4173//4097
f 3989//3913 4174//4098 4175//4099
f 3988//3912 4175//4099 4176//4100
f 3991//3915 4176//4100 4177//4101
f 3995//3919 3993//3917 4177//4101
f 3997//3921 3995//3919 4178//4102
f 3940//3864 3997//3921 4179//4103
f 4180//4104 4183//4107 4182//4106
f 4181//4105 4182//4106 4185//4109
f 4186//4110 4184//4108 4185//4109
f 4188//4112 4186//4110 4187//4111
f 4190//4114 4188//4112 4189//4113
f 4144//4068 4190//4114 4191//4115
f 4192//4116 4180//4104 4181//4105
f 4193//4117 4181//4105 4184//4108
f 4194//4118 4184//4108 4186//4110
f 4196//4120 4195//4119 4186//4110
f 4197//4121 4196//4120 4188//4112
f 4156//4080 4197//4121 4190//4114
f 4198//4122 4192//4116 4193//4117
f 4199//4123 4193//4117 4194//4118
f 4200//4124 4194//4118 4195//4119
f 4202//4126 4201//4125 4195//4119
f 4203//4127 4202//4126 4196//4120
f 4162//4086 4203//4127 4197//4121
f 4204//4128 4198//4122 4199//4123
f 4205//4129 4199//4123 4200//4124
f 4206//4130 4200//4124 4201//4125
f 4208//4132 4207//4131 4201//4125
f 4209//4133 4208//4132 4202//4126
f 4168//4092 4209//4133 4203//4127
f 4210//4134 4204//4128 4205//4129
f 4211//4135 4205//4129 4206//4130
f 4212//4136 4206//4130 4207//4131
f 4214//4138 4213//4137 4207//4131
f 4215//4139 4214//4138 4208//4132
f 4174//4098 4215//4139 4209//4133
f 4031//3955 4210//4134 4211//4135
f 4030//3954 4211//4135 4212//4136
f 4033//3957 4212//4136 4213//4137
f 4035//3959 4213//4137 4214//4138
f 4037//3961 4214//4138 4215//4139
f 3989//3913 4039//3963 4215//4139
f 4114//4038 4115//4039 4217//4141
f 4216//4140 4217//4141 4249//4173
f 4218//4142 4249//4173 4247//4171
f 4220//4144 4219//4143 4247//4171
f 4222//4146 4220//4144 4221//4145
f 4180//4104 4222//4146 4223//4147
f 4122//4046 4114//4038 4216//4140
f 4224//4148 4216//4140 4218//4142
f 4225//4149 4218//4142 4219//4143
f 4227//4151 4226//4150 4219//4143
f 4228//4152 4227//4151 4220//4144
f 4192//4116 4228//4152 4222//4146
f 4129//4053 4122//4046 4224//4148
f 4229//4153 4224//4148 4225//4149
f 4230//4154 4225//4149 4226//4150
f 4232//4156 4231//4155 4226//4150
f 4233//4157 4232//4156 4227//4151
f 4198//4122 4233//4157 4228//4152
f 4136//4060 4129//4053 4229//4153
f 4234//4158 4229//4153 4230//4154
f 4235//4159 4230//4154 4231//4155
f 4237//4161 4236//4160 4231//4155
f 4238//4162 4237//4161 4232//4156
f 4204//4128 4238//4162 4233//4157
f 4143//4067 4136//4060 4234//4158
f 4239//4163 4234//4158 4235//4159
f 4240//4164 4235//4159 4236//4160
f 4242//4166 4241//4165 4236//4160
f 4243//4167 4242//4166 4237//4161
f 4210//4134 4243//4167 4238//4162
f 3950//3874 4143//4067 4239//4163
f 4071//3995 4239//4163 4240//4164
f 4073//3997 4240//4164 4241//4165
f 4077//4001 4075//3999 4241//4165
f 4079//4003 4077//4001 4242//4166
f 4031//3955 4079//4003 4243//4167
f 4182//4106 4183//4107 4223//4147
f 4244//4168 4223//4147 4221//4145
f 4245//4169 4221//4145 4247//4171
f 4248//4172 4246//4170 4247//4171
f 4250//4174 4248//4172 4249//4173
f 4113//4037 4250//4174 4217//4141
f 4185//4109 4182//4106 4244//4168
f 4251//4175 4244//4168 4245//4169
f 4252//4176 4245//4169 4246//4170
f 4254//4178 4253//4177 4246//4170
f 4255//4179 4254//4178 4248//4172
f 4256//4180 4255//4179 4250//4174
f 4187//4111 4185//4109 4251//4175
f 4257//4181 4251//4175 4252//4176
f 4258//4182 4252//4176 4253//4177
f 4260//4184 4259//4183 4253//4177
f 4261//4185 4260//4184 4254//4178
f 4262//4186 4261//4185 4255//4179
f 4189//4113 4187//4111 4257//4181
f 4264//4188 4263//4187 4257//4181
f 4265//4189 4264//4188 4258//4182
f 4265//4189 4259//4183 4260//4184
f 4266//4190 4260//4184 4261//4185
f 4109//4033 4267//4191 4261//4185
f 4268//4192 4191//4115 4189//4113
f 4269//4193 4268//4192 4263//4187
f 4270//4194 4269//4193 4264//4188
f 4270//4194 4265//4189 4266//4190
f 4271//4195 4266//4190 4267//4191
f 4272//4196 4267//4191 4109//4033
f 4146//4070 4147//4071 4191//4115
f 4149//4073 4146//4070 4268//4192
f 4151//4075 4149//4073 4269//4193
f 4151//4075 4270//4194 4271//4195
f 4153//4077 4271//4195 4272//4196
f 4155//4079 4272//4196 4273//4197
f 4275//4199 4274//4198 4277//4201
f 4278//4202 4275//4199 4276//4200
f 4280//4204 4278//4202 4279//4203
f 4282//4206 4280//4204 4281//4205
f 4284//4208 4282//4206 4283//4207
f 4286//4210 4284//4208 4285//4209
f 4289//4213 4288//4212 4274//4198
f 4290//4214 4289//4213 4275//4199
f 4291//4215 4290//4214 4278//4202
f 4292//4216 4291//4215 4280//4204
f 4293//4217 4292//4216 4282//4206
f 4293//4217 4284//4208 4286//4210
f 4296//4220 4295//4219 4288//4212
f 4297//4221 4296//4220 4289//4213
f 4298//4222 4297//4221 4290//4214
f 4299//4223 4298//4222 4291//4215
f 4299//4223 4292//4216 4293//4217
f 4300//4224 4293//4217 4294//4218
f 4303//4227 4302//4226 4295//4219
f 4304//4228 4303//4227 4296//4220
f 4305//4229 4304//4228 4297//4221
f 4306//4230 4305//4229 4298//4222
f 4306//4230 4299//4223 4300//4224
f 4307//4231 4300//4224 4301//4225
f 4310//4234 4309//4233 4302//4226
f 4311//4235 4310//4234 4303//4227
f 4312//4236 4311//4235 4304//4228
f 4313//4237 4312//4236 4305//4229
f 4313//4237 4306//4230 4307//4231
f 4314//4238 4307//4231 4308//4232
f 4317//4241 4316//4240 4309//4233
f 4318//4242 4317//4241 4310//4234
f 4319//4243 4318//4242 4311//4235
f 4320//4244 4319//4243 4312//4236
f 4321//4245 4320//4244 4313//4237
f 4322//4246 4321//4245 4314//4238
f 4323//4247 4326//4250 4325//4249
f 4324//4248 4325//4249 4328//4252
f 4327//4251 4328//4252 4330//4254
f 4331//4255 4329//4253 4330//4254
f 4333//4257 4331//4255 4332//4256
f 4274//4198 4333//4257 4334//4258
f 4336//4260 4335//4259 4323//4247
f 4337//4261 4336//4260 4324//4248
f 4338//4262 4337//4261 4327//4251
f 4338//4262 4329//4253 4331//4255
f 4339//4263 4331//4255 4333//4257
f 4340//4264 4333//4257 4274//4198
f 4342//4266 4341//4265 4335//4259
f 4343//4267 4342//4266 4336//4260
f 4344//4268 4343//4267 4337//4261
f 4344//4268 4338//4262 4339//4263
f 4345//4269 4339//4263 4340//4264
f 4346//4270 4340//4264 4288//4212
f 4348//4272 4347//4271 4341//4265
f 4349//4273 4348//4272 4342//4266
f 4350//4274 4349//4273 4343//4267
f 4350//4274 4344//4268 4345//4269
f 4351//4275 4345//4269 4346//4270
f 4352//4276 4346//4270 4295//4219
f 4354//4278 4353//4277 4347//4271
f 4355//4279 4354//4278 4348//4272
f 4356//4280 4355//4279 4349//4273
f 4356//4280 4350//4274 4351//4275
f 4357//4281 4351//4275 4352//4276
f 4358//4282 4352//4276 4302//4226
f 4360//4284 4359//4283 4353//4277
f 4361//4285 4360//4284 4354//4278
f 4362//4286 4361//4285 4355//4279
f 4362//4286 4356//4280 4357//4281
f 4363//4287 4357//4281 4358//4282
f 4364//4288 4358//4282 4309//4233
f 4365//4289 4368//4292 4367//4291
f 4366//4290 4367//4291 4370//4294
f 4369//4293 4370//4294 4372//4296
f 4371//4295 4372//4296 4374//4298
f 4373//4297 4374//4298 4376//4300
f 4375//4299 4376//4300 4326//4250
f 4378//4302 4377//4301 4365//4289
f 4378//4302 4366//4290 4369//4293
f 4379//4303 4369//4293 4371//4295
f 4380//4304 4371//4295 4373//4297
f 4381//4305 4373//4297 4375//4299
f 4382//4306 4375//4299 4323//4247
f 4384//4308 4383//4307 4377//4301
f 4385//4309 4384//4308 4378//4302
f 4385//4309 4379//4303 4380//4304
f 4386//4310 4380//4304 4381//4305
f 4387//4311 4381//4305 4382//4306
f 4388//4312 4382//4306 4335//4259
f 4390//4314 4389//4313 4383//4307
f 4391//4315 4390//4314 4384//4308
f 4391//4315 4385//4309 4386//4310
f 4392//4316 4386//4310 4387//4311
f 4393//4317 4387//4311 4388//4312
f 4394//4318 4388//4312 4341//4265
f 4396//4320 4395//4319 4389//4313
f 4397//4321 4396//4320 4390//4314
f 4397//4321 4391//4315 4392//4316
f 4398//4322 4392//4316 4393//4317
f 4399//4323 4393//4317 4394//4318
f 4400//4324 4394//4318 4347//4271
f 4401//4325 4395//4319 4396//4320
f 4402//4326 4396//4320 4397//4321
f 4403//4327 4397//4321 4398//4322
f 4404//4328 4398//4322 4399//4323
f 4405//4329 4399//4323 4400//4324
f 4406//4330 4400//4324 4353//4277
f 4407//4331 4286//4210 4287//4211
f 4409//4333 4407//4331 4408//4332
f 4411//4335 4409//4333 4410//4334
f 4411//4335 4412//4336 4414//4338
f 4413//4337 4414//4338 4416//4340
f 4415//4339 4416//4340 4368//4292
f 4417//4341 4294//4218 4286//4210
f 4418//4342 4417//4341 4407//4331
f 4419//4343 4418//4342 4409//4333
f 4419//4343 4411//4335 4413//4337
f 4420//4344 4413//4337 4415//4339
f 4421//4345 4415//4339 4365//4289
f 4422//4346 4301//4225 4294//4218
f 4423//4347 4422//4346 4417//4341
f 4424//4348 4423//4347 4418//4342
f 4424//4348 4419//4343 4420//4344
f 4425//4349 4420//4344 4421//4345
f 4426//4350 4421//4345 4377//4301
f 4427//4351 4308//4232 4301//4225
f 4428//4352 4427//4351 4422//4346
f 4429//4353 4428//4352 4423//4347
f 4429//4353 4424//4348 4425//4349
f 4430//4354 4425//4349 4426//4350
f 4431//4355 4426//4350 4383//4307
f 4432//4356 4315//4239 4308//4232
f 4433//4357 4432//4356 4427//4351
f 4434//4358 4433//4357 4428//4352
f 4434//4358 4429//4353 4430//4354
f 4435//4359 4430//4354 4431//4355
f 4436//4360 4431//4355 4389//4313
f 4437//4361 4322//4246 4315//4239
f 4438//4362 4437//4361 4432//4356
f 4439//4363 4438//4362 4433//4357
f 4439//4363 4434//4358 4435//4359
f 4440//4364 4435//4359 4436//4360
f 4441//4365 4436//4360 4395//4319
f 4442//4366 4445//4369 4444//4368
f 4443//4367 4444//4368 4447//4371
f 4446//4370 4447//4371 4600//4524
f 4448//4372 4600//4524 4594//4518
f 4450//4374 4449//4373 4594//4518
f 4451//4375 4450//4374 4588//4512
f 4453//4377 4442//4366 4443//4367
f 4454//4378 4443//4367 4446//4370
f 4455//4379 4446//4370 4448//4372
f 4457//4381 4456//4380 4448//4372
f 4458//4382 4457//4381 4449//4373
f 4459//4383 4458//4382 4450//4374
f 4460//4384 4453//4377 4454//4378
f 4461//4385 4454//4378 4455//4379
f 4462//4386 4455//4379 4456//4380
f 4464//4388 4463//4387 4456//4380
f 4465//4389 4464//4388 4457//4381
f 4466//4390 4465//4389 4458//4382
f 4467//4391 4460//4384 4461//4385
f 4468//4392 4461//4385 4462//4386
f 4469//4393 4462//4386 4463//4387
f 4471//4395 4470//4394 4463//4387
f 4472//4396 4471//4395 4464//4388
f 4473//4397 4472//4396 4465//4389
f 4474//4398 4467//4391 4468//4392
f 4475//4399 4468//4392 4469//4393
f 4476//4400 4469//4393 4470//4394
f 4478//4402 4477//4401 4470//4394
f 4479//4403 4478//4402 4471//4395
f 4480//4404 4479//4403 4472//4396
f 4277//4201 4474//4398 4475//4399
f 4279//4203 4276//4200 4475//4399
f 4281//4205 4279//4203 4476//4400
f 4283//4207 4281//4205 4477//4401
f 4285//4209 4283//4207 4478//4402
f 4287//4211 4285//4209 4479//4403
f 4481//4405 4484//4408 4483//4407
f 4482//4406 4483//4407 4486//4410
f 4485//4409 4486//4410 4488//4412
f 4489//4413 4487//4411 4488//4412
f 4491//4415 4489//4413 4490//4414
f 4442//4366 4491//4415 4492//4416
f 4493//4417 4481//4405 4482//4406
f 4494//4418 4482//4406 4485//4409
f 4495//4419 4485//4409 4487//4411
f 4497//4421 4496//4420 4487//4411
f 4498//4422 4497//4421 4489//4413
f 4453//4377 4498//4422 4491//4415
f 4499//4423 4493//4417 4494//4418
f 4500//4424 4494//4418 4495//4419
f 4501//4425 4495//4419 4496//4420
f 4503//4427 4502//4426 4496//4420
f 4504//4428 4503//4427 4497//4421
f 4460//4384 4504//4428 4498//4422
f 4505//4429 4499//4423 4500//4424
f 4506//4430 4500//4424 4501//4425
f 4507//4431 4501//4425 4502//4426
f 4509//4433 4508//4432 4502//4426
f 4510//4434 4509//4433 4503//4427
f 4467//4391 4510//4434 4504//4428
f 4511//4435 4505//4429 4506//4430
f 4512//4436 4506//4430 4507//4431
f 4513//4437 4507//4431 4508//4432
f 4515//4439 4514//4438 4508//4432
f 4516//4440 4515//4439 4509//4433
f 4474//4398 4516//4440 4510//4434
f 4326//4250 4511//4435 4512//4436
f 4325//4249 4512//4436 4513//4437
f 4328//4252 4513//4437 4514//4438
f 4332//4256 4330//4254 4514//4438
f 4334//4258 4332//4256 4515//4439
f 4277//4201 4334//4258 4516//4440
f 4517//4441 4520//4444 4519//4443
f 4518//4442 4519//4443 4522//4446
f 4523//4447 4521//4445 4522//4446
f 4525//4449 4523//4447 4524//4448
f 4527//4451 4525//4449 4526//4450
f 4481//4405 4527//4451 4528//4452
f 4529//4453 4517//4441 4518//4442
f 4530//4454 4518//4442 4521//4445
f 4531//4455 4521//4445 4523//4447
f 4533//4457 4532//4456 4523//4447
f 4534//4458 4533//4457 4525//4449
f 4493//4417 4534//4458 4527//4451
f 4535//4459 4529//4453 4530//4454
f 4536//4460 4530//4454 4531//4455
f 4537//4461 4531//4455 4532//4456
f 4539//4463 4538//4462 4532//4456
f 4540//4464 4539//4463 4533//4457
f 4499//4423 4540//4464 4534//4458
f 4541//4465 4535//4459 4536//4460
f 4542//4466 4536//4460 4537//4461
f 4543//4467 4537//4461 4538//4462
f 4545//4469 4544//4468 4538//4462
f 4546//4470 4545//4469 4539//4463
f 4505//4429 4546//4470 4540//4464
f 4547//4471 4541//4465 4542//4466
f 4548//4472 4542//4466 4543//4467
f 4549//4473 4543//4467 4544//4468
f 4551//4475 4550//4474 4544//4468
f 4552//4476 4551//4475 4545//4469
f 4511//4435 4552//4476 4546//4470
f 4368//4292 4547//4471 4548//4472
f 4367//4291 4548//4472 4549//4473
f 4370//4294 4549//4473 4550//4474
f 4372//4296 4550//4474 4551//4475
f 4374//4298 4551//4475 4552//4476
f 4326//4250 4376//4300 4552//4476
f 4451//4375 4452//4376 4554//4478
f 4553//4477 4554//4478 4586//4510
f 4555//4479 4586//4510 4557//4481
f 4558//4482 4556//4480 4557//4481
f 4559//4483 4558//4482 4583//4507
f 4517//4441 4559//4483 4560//4484
f 4459//4383 4451//4375 4553//4477
f 4561//4485 4553//4477 4555//4479
f 4562//4486 4555//4479 4556//4480
f 4564//4488 4563//4487 4556//4480
f 4565//4489 4564//4488 4558//4482
f 4529//4453 4565//4489 4559//4483
f 4466//4390 4459//4383 4561//4485
f 4566//4490 4561//4485 4562//4486
f 4567//4491 4562//4486 4563//4487
f 4569//4493 4568//4492 4563//4487
f 4570//4494 4569//4493 4564//4488
f 4535//4459 4570//4494 4565//4489
f 4473//4397 4466//4390 4566//4490
f 4571//4495 4566//4490 4567//4491
f 4572//4496 4567//4491 4568//4492
f 4574//4498 4573//4497 4568//4492
f 4575//4499 4574//4498 4569//4493
f 4541//4465 4575//4499 4570//4494
f 4480//4404 4473//4397 4571//4495
f 4576//4500 4571//4495 4572//4496
f 4577//4501 4572//4496 4573//4497
f 4579//4503 4578//4502 4573//4497
f 4580//4504 4579//4503 4574//4498
f 4547//4471 4580//4504 4575//4499
f 4287//4211 4480//4404 4576//4500
f 4408//4332 4576//4500 4577//4501
f 4410//4334 4577//4501 4578//4502
f 4414//4338 4412//4336 4578//4502
f 4416//4340 4414//4338 4579//4503
f 4368//4292 4416//4340 4580//4504
f 4519//4443 4520//4444 4560//4484
f 4581//4505 4560//4484 4583//4507
f 4582//4506 4583//4507 4557//4481
f 4585//4509 4584//4508 4557//4481
f 4587//4511 4585//4509 4586//4510
f 4588//4512 4587//4511 4554//4478
f 4522//4446 4519//4443 4581//4505
f 4589//4513 4581//4505 4582//4506
f 4590//4514 4582//4506 4584//4508
f 4592//4516 4591//4515 4584//4508
f 4593//4517 4592//4516 4585//4509
f 4594//4518 4593//4517 4587//4511
f 4524//4448 4522//4446 4589//4513
f 4595//4519 4589//4513 4590//4514
f 4596//4520 4590//4514 4591//4515
f 4598//4522 4597//4521 4591//4515
f 4599//4523 4598//4522 4592//4516
f 4600//4524 4599//4523 4593//4517
f 4526//4450 4524//4448 4595//4519
f 4602//4526 4601//4525 4595//4519
f 4603//4527 4602//4526 4596//4520
f 4603//4527 4597//4521 4598//4522
f 4604//4528 4598//4522 4599//4523
f 4447//4371 4605//4529 4599//4523
f 4606//4530 4528//4452 4526//4450
f 4607//4531 4606//4530 4601//4525
f 4608//4532 4607//4531 4602//4526
f 4608//4532 4603//4527 4604//4528
f 4609//4533 4604//4528 4605//4529
f 4610//4534 4605//4529 4447//4371
f 4483//4407 4484//4408 4528//4452
f 4486//4410 4483//4407 4606//4530
f 4488//4412 4486//4410 4607//4531
f 4488//4412 4608//4532 4609//4533
f 4490//4414 4609//4533 4610//4534
f 4492//4416 4610//4534 4444//4368
f 1//1 3//3 2//2
f 2//2 6//6 5//5
f 5//5 8//8 7//7
f 9//9 8//8 10//10
f 11//11 10//10 12//12
f 13//13 12//12 14//14
f 15//15 2//2 16//16
f 16//16 5//5 17//17
f 17//17 7//7 18//18
f 19//19 7//7 9//9
f 20//20 9//9 11//11
f 21//21 11//11 13//13
f 22//22 16//16 23//23
f 23//23 17//17 24//24
f 24//24 18//18 25//25
f 26//26 18//18 19//19
f 27//27 19//19 20//20
f 28//28 20//20 21//21
f 29//29 22//22 23//23
f 30//30 23//23 24//24
f 31//31 24//24 25//25
f 31//31 26//26 32//32
f 32//32 27//27 33//33
f 33//33 28//28 34//34
f 35//35 161//161 29//29
f 36//36 29//29 30//30
f 37//37 30//30 31//31
f 37//37 32//32 38//38
f 38//38 33//33 39//39
f 39//39 34//34 40//40
f 191//191 160//160 35//35
f 42//42 35//35 36//36
f 43//43 36//36 37//37
f 43//43 38//38 190//190
f 190//190 39//39 44//44
f 44//44 40//40 45//45
f 46//46 48//48 47//47
f 50//50 48//48 51//51
f 52//52 51//51 53//53
f 54//54 53//53 55//55
f 56//56 55//55 57//57
f 58//58 57//57 59//59
f 61//61 46//46 47//47
f 62//62 47//47 50//50
f 63//63 50//50 52//52
f 64//64 52//52 54//54
f 64//64 56//56 65//65
f 65//65 58//58 66//66
f 68//68 60//60 61//61
f 69//69 61//61 62//62
f 70//70 62//62 63//63
f 70//70 64//64 71//71
f 71//71 65//65 72//72
f 72//72 66//66 73//73
f 75//75 67//67 68//68
f 76//76 68//68 69//69
f 77//77 69//69 70//70
f 77//77 71//71 78//78
f 78//78 72//72 79//79
f 79//79 73//73 80//80
f 82//82 74//74 75//75
f 83//83 75//75 76//76
f 84//84 76//76 77//77
f 84//84 78//78 85//85
f 85//85 79//79 86//86
f 86//86 80//80 87//87
f 13//13 81//81 82//82
f 21//21 82//82 83//83
f 28//28 83//83 84//84
f 28//28 85//85 34//34
f 34//34 86//86 40//40
f 40//40 87//87 45//45
f 88//88 90//90 89//89
f 89//89 93//93 92//92
f 92//92 95//95 94//94
f 96//96 95//95 97//97
f 98//98 97//97 99//99
f 46//46 99//99 49//49
f 100//100 89//89 101//101
f 101//101 92//92 102//102
f 102//102 94//94 103//103
f 103//103 96//96 104//104
f 105//105 96//96 98//98
f 60//60 98//98 46//46
f 107//107 100//100 101//101
f 108//108 101//101 102//102
f 109//109 102//102 103//103
f 109//109 104//104 110//110
f 110//110 105//105 111//111
f 111//111 60//60 67//67
f 113//113 106//106 107//107
f 114//114 107//107 108//108
f 115//115 108//108 109//109
f 115//115 110//110 116//116
f 116//116 111//111 117//117
f 117//117 67//67 74//74
f 119//119 112//112 113//113
f 120//120 113//113 114//114
f 121//121 114//114 115//115
f 121//121 116//116 122//122
f 122//122 117//117 123//123
f 123//123 74//74 81//81
f 3//3 118//118 119//119
f 6//6 119//119 120//120
f 8//8 120//120 121//121
f 8//8 122//122 10//10
f 10//10 123//123 12//12
f 12//12 81//81 14//14
f 124//124 126//126 125//125
f 125//125 129//129 128//128
f 128//128 131//131 130//130
f 132//132 131//131 133//133
f 134//134 133//133 135//135
f 88//88 135//135 91//91
f 137//137 124//124 125//125
f 138//138 125//125 128//128
f 139//139 128//128 130//130
f 139//139 132//132 140//140
f 141//141 132//132 134//134
f 100//100 134//134 88//88
f 143//143 136//136 137//137
f 144//144 137//137 138//138
f 145//145 138//138 139//139
f 145//145 140//140 146//146
f 146//146 141//141 147//147
f 147//147 100//100 106//106
f 149//149 142//142 143//143
f 150//150 143//143 144//144
f 151//151 144//144 145//145
f 151//151 146//146 152//152
f 152//152 147//147 153//153
f 153//153 106//106 112//112
f 155//155 148//148 149//149
f 156//156 149//149 150//150
f 157//157 150//150 151//151
f 157//157 152//152 158//158
f 158//158 153//153 159//159
f 159//159 112//112 118//118
f 160//160 154//154 155//155
f 161//161 155//155 156//156
f 22//22 156//156 157//157
f 22//22 158//158 15//15
f 15//15 159//159 1//1
f 1//1 118//118 4//4
f 162//162 59//59 2150//2074
f 162//162 164//164 163//163
f 163//163 166//166 165//165
f 165//165 168//168 167//167
f 167//167 2125//2049 169//169
f 124//124 2125//2049 127//127
f 170//170 58//58 162//162
f 171//171 162//162 163//163
f 171//171 165//165 172//172
f 172//172 167//167 173//173
f 173//173 169//169 174//174
f 174//174 124//124 136//136
f 175//175 66//66 170//170
f 176//176 170//170 171//171
f 177//177 171//171 172//172
f 177//177 173//173 178//178
f 178//178 174//174 179//179
f 179//179 136//136 142//142
f 180//180 73//73 175//175
f 181//181 175//175 176//176
f 182//182 176//176 177//177
f 182//182 178//178 183//183
f 183//183 179//179 184//184
f 184//184 142//142 148//148
f 185//185 80//80 180//180
f 186//186 180//180 181//181
f 187//187 181//181 182//182
f 187//187 183//183 188//188
f 188//188 184//184 189//189
f 189//189 148//148 154//154
f 44//44 87//87 185//185
f 190//190 185//185 186//186
f 43//43 186//186 187//187
f 43//43 188//188 42//42
f 42//42 189//189 191//191
f 191//191 154//154 41//41
f 192//192 194//193 193//2
f 193//2 197//195 196//5
f 196//5 199//196 198//7
f 200//9 199//196 201//197
f 202//11 201//197 203//198
f 204//199 203//198 205//200
f 351//326 193//2 206//16
f 206//16 196//5 207//17
f 207//17 198//7 208//18
f 209//19 198//7 200//9
f 210//20 200//9 202//11
f 211//201 202//11 204//199
f 212//202 206//16 213//23
f 213//23 207//17 214//24
f 214//24 208//18 215//25
f 216//26 208//18 209//19
f 217//27 209//19 210//20
f 218//203 210//20 211//201
f 219//29 212//202 213//23
f 220//30 213//23 214//24
f 221//31 214//24 215//25
f 221//31 216//26 222//32
f 222//32 217//27 223//33
f 223//33 218//203 224//204
f 225//35 350//325 219//29
f 226//36 219//29 220//30
f 227//37 220//30 221//31
f 227//37 222//32 228//38
f 228//38 223//33 229//39
f 229//39 224//204 230//205
f 232//207 349//324 225//35
f 233//208 225//35 226//36
f 234//209 226//36 227//37
f 234//209 228//38 235//210
f 235//210 229//39 380//355
f 380//355 230//205 236//211
f 238//213 240//215 239//214
f 241//216 239//214 242//217
f 241//216 244//219 243//218
f 243//218 246//221 245//220
f 245//220 248//223 247//222
f 249//224 248//223 250//225
f 252//227 237//212 238//213
f 253//228 238//213 241//216
f 253//228 243//218 254//229
f 254//229 245//220 255//230
f 255//230 247//222 256//231
f 256//231 249//224 257//232
f 259//234 251//226 252//227
f 260//235 252//227 253//228
f 261//236 253//228 254//229
f 261//236 255//230 262//237
f 262//237 256//231 263//238
f 263//238 257//232 264//239
f 266//241 258//233 259//234
f 267//242 259//234 260//235
f 268//243 260//235 261//236
f 268//243 262//237 269//244
f 269//244 263//238 270//245
f 270//245 264//239 271//246
f 273//248 265//240 266//241
f 274//249 266//241 267//242
f 275//250 267//242 268//243
f 275//250 269//244 276//251
f 276//251 270//245 277//252
f 277//252 271//246 278//253
f 204//199 272//247 273//248
f 211//201 273//248 274//249
f 218//203 274//249 275//250
f 218//203 276//251 224//204
f 224//204 277//252 230//205
f 230//205 278//253 236//211
f 280//255 282//257 281//256
f 283//258 281//256 284//259
f 285//260 284//259 286//261
f 287//262 286//261 288//263
f 289//264 288//263 290//265
f 237//212 290//265 240//215
f 292//267 279//254 280//255
f 293//268 280//255 283//258
f 294//269 283//258 285//260
f 295//270 285//260 287//262
f 295//270 289//264 296//271
f 296//271 237//212 251//226
f 298//273 291//266 292//267
f 299//274 292//267 293//268
f 300//275 293//268 294//269
f 300//275 295//270 301//276
f 301//276 296//271 302//277
f 302//277 251//226 258//233
f 304//279 297//272 298//273
f 305//280 298//273 299//274
f 306//281 299//274 300//275
f 306//281 301//276 307//282
f 307//282 302//277 308//283
f 308//283 258//233 265//240
f 310//285 303//278 304//279
f 311//286 304//279 305//280
f 312//287 305//280 306//281
f 312//287 307//282 313//288
f 313//288 308//283 314//289
f 314//289 265//240 272//247
f 194//193 309//284 310//285
f 197//195 310//285 311//286
f 199//196 311//286 312//287
f 199//196 313//288 201//197
f 201//197 314//289 203//198
f 203//198 272//247 205//200
f 315//290 317//292 316//291
f 316//291 320//295 319//294
f 319//294 322//297 321//296
f 323//298 322//297 916//840
f 324//299 916//840 910//834
f 279//254 910//834 282//257
f 325//300 316//291 326//301
f 326//301 319//294 327//302
f 328//303 319//294 321//296
f 328//303 323//298 329//304
f 329//304 324//299 330//305
f 291//266 324//299 279//254
f 332//307 325//300 326//301
f 333//308 326//301 327//302
f 334//309 327//302 328//303
f 334//309 329//304 335//310
f 335//310 330//305 336//311
f 336//311 291//266 297//272
f 338//313 331//306 332//307
f 339//314 332//307 333//308
f 340//315 333//308 334//309
f 340//315 335//310 341//316
f 341//316 336//311 342//317
f 342//317 297//272 303//278
f 344//319 337//312 338//313
f 345//320 338//313 339//314
f 346//321 339//314 340//315
f 346//321 341//316 347//322
f 347//322 342//317 348//323
f 348//323 303//278 309//284
f 349//324 343//318 344//319
f 350//325 344//319 345//320
f 212//202 345//320 346//321
f 212//202 347//322 351//326
f 351//326 348//323 192//192
f 192//192 309//284 195//194
f 249//224 353//328 352//327
f 352//327 772//697 354//329
f 354//329 356//331 355//330
f 357//332 356//331 358//333
f 359//334 358//333 768//693
f 315//290 768//693 318//293
f 257//232 352//327 360//335
f 360//335 354//329 361//336
f 362//337 354//329 355//330
f 363//338 355//330 357//332
f 364//339 357//332 359//334
f 325//300 359//334 315//290
f 365//340 257//232 360//335
f 366//341 360//335 361//336
f 367//342 361//336 362//337
f 367//342 363//338 368//343
f 368//343 364//339 369//344
f 369//344 325//300 331//306
f 370//345 264//239 365//340
f 371//346 365//340 366//341
f 372//347 366//341 367//342
f 372//347 368//343 373//348
f 373//348 369//344 374//349
f 374//349 331//306 337//312
f 375//350 271//246 370//345
f 376//351 370//345 371//346
f 377//352 371//346 372//347
f 377//352 373//348 378//353
f 378//353 374//349 379//354
f 379//354 337//312 343//318
f 380//355 278//253 375//350
f 235//210 375//350 376//351
f 234//209 376//351 377//352
f 234//209 378//353 233//208
f 233//208 379//354 232//207
f 232//207 343//318 231//206
f 381//356 383//357 382//2
f 382//2 386//359 385//5
f 385//5 388//360 387//7
f 389//9 388//360 390//361
f 391//11 390//361 392//362
f 393//363 392//362 394//364
f 395//365 382//2 396//16
f 396//16 385//5 397//17
f 397//17 387//7 398//18
f 399//19 387//7 389//9
f 400//20 389//9 391//11
f 401//366 391//11 393//363
f 402//367 396//16 403//23
f 403//23 397//17 404//24
f 404//24 398//18 405//25
f 406//26 398//18 399//19
f 407//27 399//19 400//20
f 408//368 400//20 401//366
f 409//29 402//367 403//23
f 410//30 403//23 404//24
f 411//31 404//24 405//25
f 411//31 406//26 412//32
f 412//32 407//27 413//33
f 413//33 408//368 414//369
f 415//35 541//491 409//29
f 416//36 409//29 410//30
f 417//37 410//30 411//31
f 417//37 412//32 418//38
f 418//38 413//33 419//39
f 419//39 414//369 420//370
f 422//372 540//490 415//35
f 423//373 415//35 416//36
f 424//374 416//36 417//37
f 424//374 418//38 573//523
f 573//523 419//39 572//522
f 572//522 420//370 425//375
f 426//376 428//378 427//377
f 427//377 431//381 430//380
f 430//380 433//383 432//382
f 434//384 433//383 435//385
f 436//386 435//385 437//387
f 438//388 437//387 439//389
f 440//390 427//377 441//391
f 442//392 427//377 430//380
f 443//393 430//380 432//382
f 443//393 434//384 444//394
f 445//395 434//384 436//386
f 446//396 436//386 438//388
f 448//398 440//390 441//391
f 449//399 441//391 442//392
f 450//400 442//392 443//393
f 450//400 444//394 451//401
f 451//401 445//395 452//402
f 452//402 446//396 453//403
f 455//405 447//397 448//398
f 456//406 448//398 449//399
f 457//407 449//399 450//400
f 457//407 451//401 458//408
f 458//408 452//402 459//409
f 459//409 453//403 460//410
f 462//412 454//404 455//405
f 463//413 455//405 456//406
f 464//414 456//406 457//407
f 464//414 458//408 465//415
f 465//415 459//409 466//416
f 466//416 460//410 467//417
f 393//363 461//411 462//412
f 401//366 462//412 463//413
f 408//368 463//413 464//414
f 408//368 465//415 414//369
f 414//369 466//416 420//370
f 420//370 467//417 425//375
f 468//418 470//420 469//419
f 469//419 473//423 472//422
f 472//422 475//425 474//424
f 474//424 477//427 476//426
f 476//426 479//429 478//428
f 478//428 429//379 426//376
f 481//431 468//418 469//419
f 482//432 469//419 472//422
f 482//432 474//424 483//433
f 483//433 476//426 484//434
f 484//434 478//428 485//435
f 485//435 426//376 440//390
f 487//437 480//430 481//431
f 488//438 481//431 482//432
f 489//439 482//432 483//433
f 489//439 484//434 490//440
f 490//440 485//435 491//441
f 491//441 440//390 447//397
f 493//443 486//436 487//437
f 494//444 487//437 488//438
f 495//445 488//438 489//439
f 495//445 490//440 496//446
f 496//446 491//441 497//447
f 497//447 447//397 454//404
f 499//449 492//442 493//443
f 500//450 493//443 494//444
f 501//451 494//444 495//445
f 501//451 496//446 502//452
f 502//452 497//447 503//453
f 503//453 454//404 461//411
f 383//357 498//448 499//449
f 386//359 499//449 500//450
f 388//360 500//450 501//451
f 388//360 502//452 390//361
f 390//361 503//453 392//362
f 392//362 461//411 394//364
f 504//454 506//456 505//455
f 508//458 506//456 509//459
f 510//460 509//459 511//461
f 512//462 511//461 513//463
f 512//462 515//465 514//464
f 514//464 471//421 468//418
f 517//467 504//454 505//455
f 518//468 505//455 508//458
f 519//469 508//458 510//460
f 520//470 510//460 512//462
f 520//470 514//464 521//471
f 521//471 468//418 480//430
f 523//473 516//466 517//467
f 524//474 517//467 518//468
f 525//475 518//468 519//469
f 525//475 520//470 526//476
f 526//476 521//471 527//477
f 527//477 480//430 486//436
f 529//479 522//472 523//473
f 530//480 523//473 524//474
f 531//481 524//474 525//475
f 531//481 526//476 532//482
f 532//482 527//477 533//483
f 533//483 486//436 492//442
f 535//485 528//478 529//479
f 536//486 529//479 530//480
f 537//487 530//480 531//481
f 537//487 532//482 538//488
f 538//488 533//483 539//489
f 539//489 492//442 498//448
f 540//490 534//484 535//485
f 541//491 535//485 536//486
f 402//367 536//486 537//487
f 402//367 538//488 395//365
f 395//365 539//489 381//356
f 381//356 498//448 384//358
f 438//388 543//493 542//492
f 542//492 545//495 544//494
f 544//494 547//497 546//496
f 548//498 547//497 549//499
f 550//500 549//499 551//501
f 504//454 551//501 507//457
f 446//396 542//492 552//502
f 552//502 544//494 553//503
f 553//503 546//496 554//504
f 554//504 548//498 555//505
f 556//506 548//498 550//500
f 516//466 550//500 504//454
f 557//507 446//396 552//502
f 558//508 552//502 553//503
f 559//509 553//503 554//504
f 559//509 555//505 560//510
f 560//510 556//506 561//511
f 561//511 516//466 522//472
f 562//512 453//403 557//507
f 563//513 557//507 558//508
f 564//514 558//508 559//509
f 564//514 560//510 565//515
f 565//515 561//511 566//516
f 566//516 522//472 528//478
f 567//517 460//410 562//512
f 568//518 562//512 563//513
f 569//519 563//513 564//514
f 569//519 565//515 570//520
f 570//520 566//516 571//521
f 571//521 528//478 534//484
f 572//522 467//417 567//517
f 573//523 567//517 568//518
f 424//374 568//518 569//519
f 424//374 570//520 423//373
f 423//373 571//521 422//372
f 422//372 534//484 421//371
f 574//524 576//525 575//2
f 575//2 579//527 578//5
f 578//5 581//528 580//7
f 582//9 581//528 583//529
f 584//11 583//529 585//530
f 586//531 585//530 587//532
f 588//533 575//2 589//16
f 589//16 578//5 590//17
f 590//17 580//7 591//18
f 592//19 580//7 582//9
f 593//20 582//9 584//11
f 594//534 584//11 586//531
f 595//535 589//16 596//23
f 596//23 590//17 597//24
f 597//24 591//18 598//25
f 599//26 591//18 592//19
f 600//27 592//19 593//20
f 601//536 593//20 594//534
f 602//29 595//535 596//23
f 603//30 596//23 597//24
f 604//31 597//24 598//25
f 604//31 599//26 605//32
f 605//32 600//27 606//33
f 606//33 601//536 607//537
f 608//35 735//660 602//29
f 609//36 602//29 603//30
f 610//37 603//30 604//31
f 610//37 605//32 611//38
f 611//38 606//33 612//39
f 612//39 607//537 613//538
f 615//540 734//659 608//35
f 616//541 608//35 609//36
f 617//542 609//36 610//37
f 617//542 611//38 765//690
f 765//690 612//39 618//543
f 618//543 613//538 619//544
f 620//545 622//547 621//546
f 621//546 625//550 624//549
f 624//549 627//552 626//551
f 628//553 627//552 629//554
f 630//555 629//554 631//556
f 632//557 631//556 633//558
f 634//559 621//546 635//560
f 635//560 624//549 636//561
f 637//562 624//549 626//551
f 637//562 628//553 638//563
f 638//563 630//555 639//564
f 639//564 632//557 640//565
f 642//567 634//559 635//560
f 643//568 635//560 636//561
f 644//569 636//561 637//562
f 644//569 638//563 645//570
f 645//570 639//564 646//571
f 646//571 640//565 647//572
f 649//574 641//566 642//567
f 650//575 642//567 643//568
f 651//576 643//568 644//569
f 651//576 645//570 652//577
f 652//577 646//571 653//578
f 653//578 647//572 654//579
f 656//581 648//573 649//574
f 657//582 649//574 650//575
f 658//583 650//575 651//576
f 658//583 652//577 659//584
f 659//584 653//578 660//585
f 660//585 654//579 661//586
f 586//531 655//580 656//581
f 594//534 656//581 657//582
f 601//536 657//582 658//583
f 601//536 659//584 607//537
f 607//537 660//585 613//538
f 613//538 661//586 619//544
f 662//587 664//589 663//588
f 663//588 667//592 666//591
f 666//591 669//594 668//593
f 670//595 669//594 671//596
f 672//597 671//596 673//598
f 620//545 673//598 623//548
f 674//599 663//588 675//600
f 675//600 666//591 676//601
f 677//602 666//591 668//593
f 678//603 668//593 670//595
f 679//604 670//595 672//597
f 634//559 672//597 620//545
f 681//606 674//599 675//600
f 682//607 675//600 676//601
f 683//608 676//601 677//602
f 683//608 678//603 684//609
f 684//609 679//604 685//610
f 685//610 634//559 641//566
f 687//612 680//605 681//606
f 688//613 681//606 682//607
f 689//614 682//607 683//608
f 689//614 684//609 690//615
f 690//615 685//610 691//616
f 691//616 641//566 648//573
f 693//618 686//611 687//612
f 694//619 687//612 688//613
f 695//620 688//613 689//614
f 695//620 690//615 696//621
f 696//621 691//616 697//622
f 697//622 648//573 655//580
f 576//525 692//617 693//618
f 579//527 693//618 694//619
f 581//528 694//619 695//620
f 581//528 696//621 583//529
f 583//529 697//622 585//530
f 585//530 655//580 587//532
f 698//623 700//625 699//624
f 699//624 703//628 702//627
f 702//627 705//630 704//629
f 704//629 707//632 706//631
f 706//631 709//634 708//633
f 662//587 709//634 665//590
f 711//636 698//623 699//624
f 712//637 699//624 702//627
f 712//637 704//629 713//638
f 713//638 706//631 714//639
f 714//639 708//633 715//640
f 715//640 662//587 674//599
f 717//642 710//635 711//636
f 718//643 711//636 712//637
f 719//644 712//637 713//638
f 719//644 714//639 720//645
f 720//645 715//640 721//646
f 721//646 674//599 680//605
f 723//648 716//641 717//642
f 724//649 717//642 718//643
f 725//650 718//643 719//644
f 725//650 720//645 726//651
f 726//651 721//646 727//652
f 727//652 680//605 686//611
f 729//654 722//647 723//648
f 730//655 723//648 724//649
f 731//656 724//649 725//650
f 731//656 726//651 732//657
f 732//657 727//652 733//658
f 733//658 686//611 692//617
f 734//659 728//653 729//654
f 735//660 729//654 730//655
f 595//535 730//655 731//656
f 595//535 732//657 588//533
f 588//533 733//658 574//524
f 574//524 692//617 577//526
f 632//557 737//662 736//661
f 738//663 737//662 2623//2547
f 739//664 2623//2547 740//665
f 741//666 740//665 742//667
f 743//668 742//667 744//669
f 743//668 701//626 698//623
f 745//670 632//557 736//661
f 746//671 736//661 738//663
f 747//672 738//663 739//664
f 748//673 739//664 741//666
f 748//673 743//668 749//674
f 749//674 698//623 710//635
f 750//675 640//565 745//670
f 751//676 745//670 746//671
f 752//677 746//671 747//672
f 752//677 748//673 753//678
f 753//678 749//674 754//679
f 754//679 710//635 716//641
f 755//680 647//572 750//675
f 756//681 750//675 751//676
f 757//682 751//676 752//677
f 757//682 753//678 758//683
f 758//683 754//679 759//684
f 759//684 716//641 722//647
f 760//685 654//579 755//680
f 761//686 755//680 756//681
f 762//687 756//681 757//682
f 762//687 758//683 763//688
f 763//688 759//684 764//689
f 764//689 722//647 728//653
f 618//543 661//586 760//685
f 765//690 760//685 761//686
f 617//542 761//686 762//687
f 617//542 763//688 616//541
f 616//541 764//689 615//540
f 615//540 728//653 614//539
f 766//691 768//693 767//692
f 767//692 358//333 769//694
f 769//694 356//331 770//695
f 771//696 356//331 772//697
f 773//698 772//697 353//328
f 774//699 353//328 250//225
f 775//700 767//692 776//701
f 776//701 769//694 777//702
f 777//702 770//695 778//703
f 779//704 770//695 771//696
f 780//705 771//696 773//698
f 781//706 773//698 774//699
f 782//707 776//701 783//708
f 783//708 777//702 784//709
f 785//710 777//702 778//703
f 786//711 778//703 779//704
f 787//712 779//704 780//705
f 788//713 780//705 781//706
f 790//715 782//707 783//708
f 791//716 783//708 784//709
f 792//717 784//709 785//710
f 792//717 786//711 793//718
f 793//718 787//712 794//719
f 794//719 788//713 795//720
f 797//722 789//714 790//715
f 798//723 790//715 791//716
f 799//724 791//716 792//717
f 799//724 793//718 800//725
f 800//725 794//719 801//726
f 801//726 795//720 802//727
f 90//90 796//721 797//722
f 93//93 797//722 798//723
f 95//95 798//723 799//724
f 95//95 800//725 97//97
f 97//97 801//726 99//99
f 99//99 802//727 49//49
f 804//729 439//389 805//730
f 806//731 805//730 807//732
f 808//733 807//732 809//734
f 808//733 811//736 810//735
f 810//735 813//738 812//737
f 812//737 318//293 766//691
f 815//740 803//728 804//729
f 816//741 804//729 806//731
f 817//742 806//731 808//733
f 817//742 810//735 818//743
f 818//743 812//737 819//744
f 819//744 766//691 775//700
f 821//746 814//739 815//740
f 822//747 815//740 816//741
f 823//25 816//741 817//742
f 823//25 818//743 824//748
f 824//748 819//744 825//749
f 825//749 775//700 782//707
f 826//750 821//746 827//751
f 827//751 822//747 828//752
f 828//752 823//25 829//753
f 830//754 823//25 824//748
f 831//755 824//748 825//749
f 789//714 825//749 782//707
f 832//756 827//751 833//757
f 833//757 828//752 834//758
f 834//758 829//753 835//759
f 836//760 829//753 830//754
f 837//761 830//754 831//755
f 796//721 831//755 789//714
f 623//548 833//757 838//762
f 838//762 834//758 839//763
f 839//763 835//759 840//764
f 841//765 835//759 836//760
f 842//766 836//760 837//761
f 91//91 837//761 796//721
f 1227//1151 551//501 843//767
f 843//767 549//499 844//768
f 844//768 547//497 845//769
f 846//770 547//497 545//495
f 847//771 545//495 543//493
f 803//728 543//493 439//389
f 1226//1150 843//767 848//772
f 848//772 844//768 849//773
f 849//773 845//769 850//774
f 851//775 845//769 846//770
f 852//776 846//770 847//771
f 814//739 847//771 803//728
f 853//777 848//772 854//778
f 854//778 849//773 855//779
f 855//779 850//774 856//780
f 857//781 850//774 851//775
f 858//782 851//775 852//776
f 820//745 852//776 814//739
f 859//783 853//777 854//778
f 860//784 854//778 855//779
f 861//785 855//779 856//780
f 861//785 857//781 862//786
f 862//786 858//782 863//787
f 863//787 820//745 826//750
f 865//789 1225//1149 859//783
f 866//790 859//783 860//784
f 867//791 860//784 861//785
f 867//791 862//786 868//792
f 868//792 863//787 869//793
f 869//793 826//750 832//756
f 664//589 864//788 865//789
f 667//592 865//789 866//790
f 669//594 866//790 867//791
f 669//594 868//792 671//596
f 671//596 869//793 673//598
f 673//598 832//756 623//548
f 622//547 838//762 870//794
f 870//794 839//763 871//795
f 871//795 840//764 872//796
f 873//797 840//764 841//765
f 874//798 841//765 842//766
f 135//135 842//766 91//91
f 625//550 870//794 875//799
f 875//799 871//795 876//800
f 877//801 871//795 872//796
f 877//801 873//797 878//802
f 879//803 873//797 874//798
f 133//133 874//798 135//135
f 880//804 625//550 875//799
f 881//805 875//799 876//800
f 881//805 877//801 882//806
f 882//806 878//802 883//807
f 883//807 879//803 884//808
f 884//808 133//133 131//131
f 885//809 627//552 880//804
f 886//810 880//804 881//805
f 887//811 881//805 882//806
f 887//811 883//807 888//812
f 888//812 884//808 889//813
f 889//813 131//131 129//129
f 890//814 629//554 885//809
f 891//815 885//809 886//810
f 891//815 887//811 892//816
f 892//816 888//812 893//817
f 893//817 889//813 894//818
f 894//818 129//129 126//126
f 895//819 631//556 890//814
f 896//820 890//814 891//815
f 897//821 891//815 892//816
f 897//821 893//817 898//822
f 898//822 894//818 899//823
f 899//823 126//126 127//127
f 428//378 901//825 900//824
f 900//824 903//827 902//826
f 902//826 905//829 904//828
f 904//828 907//831 906//830
f 908//832 907//831 909//833
f 910//834 909//833 282//257
f 431//381 900//824 911//835
f 911//835 902//826 912//836
f 912//836 904//828 913//837
f 914//838 904//828 906//830
f 915//839 906//830 908//832
f 916//840 908//832 910//834
f 433//383 911//835 917//841
f 917//841 912//836 918//842
f 918//842 913//837 919//843
f 920//844 913//837 914//838
f 921//845 914//838 915//839
f 322//297 915//839 916//840
f 435//385 917//841 922//846
f 922//846 918//842 923//847
f 923//847 919//843 924//848
f 924//848 920//844 925//849
f 926//850 920//844 921//845
f 320//295 921//845 322//297
f 927//851 435//385 922//846
f 928//852 922//846 923//847
f 928//852 924//848 929//853
f 930//854 924//848 925//849
f 930//854 926//850 931//855
f 931//855 320//295 317//292
f 805//730 437//387 927//851
f 807//732 927//851 928//852
f 809//734 928//852 929//853
f 809//734 930//854 811//736
f 811//736 931//855 813//738
f 813//738 317//292 318//293
f 933//857 935//859 934//858
f 936//860 934//858 937//861
f 938//862 937//861 939//863
f 940//864 939//863 941//865
f 942//866 941//865 943//867
f 944//868 943//867 945//869
f 947//871 932//856 933//857
f 948//872 933//857 936//860
f 949//873 936//860 938//862
f 950//874 938//862 940//864
f 951//875 940//864 942//866
f 952//876 942//866 944//868
f 954//878 946//870 947//871
f 955//879 947//871 948//872
f 956//880 948//872 949//873
f 957//881 949//873 950//874
f 958//882 950//874 951//875
f 959//883 951//875 952//876
f 961//885 953//877 954//878
f 962//886 954//878 955//879
f 963//887 955//879 956//880
f 964//888 956//880 957//881
f 965//889 957//881 958//882
f 966//890 958//882 959//883
f 968//892 960//884 961//885
f 969//893 961//885 962//886
f 970//894 962//886 963//887
f 971//895 963//887 964//888
f 972//896 964//888 965//889
f 973//897 965//889 966//890
f 49//49 968//892 48//48
f 51//51 968//892 969//893
f 53//53 969//893 970//894
f 55//55 970//894 971//895
f 57//57 971//895 972//896
f 59//59 972//896 973//897
f 974//898 976//900 975//899
f 975//899 979//903 978//902
f 978//902 981//905 980//904
f 980//904 983//907 982//906
f 982//906 985//909 984//908
f 984//908 935//859 932//856
f 986//910 975//899 987//911
f 987//911 978//902 988//912
f 988//912 980//904 989//913
f 989//913 982//906 990//914
f 990//914 984//908 991//915
f 991//915 932//856 946//870
f 992//916 987//911 993//917
f 993//917 988//912 994//918
f 994//918 989//913 995//919
f 995//919 990//914 996//920
f 996//920 991//915 997//921
f 997//921 946//870 953//877
f 998//922 993//917 999//923
f 999//923 994//918 1000//924
f 1000//924 995//919 1001//925
f 1001//925 996//920 1002//926
f 1002//926 997//921 1003//927
f 1003//927 953//877 960//884
f 1004//928 999//923 1005//929
f 1005//929 1000//924 1006//930
f 1006//930 1001//925 1007//931
f 1007//931 1002//926 1008//932
f 1009//933 1002//926 1003//927
f 967//891 1003//927 960//884
f 250//225 1005//929 774//699
f 774//699 1006//930 781//706
f 781//706 1007//931 788//713
f 795//720 1007//931 1008//932
f 802//727 1008//932 1009//933
f 49//49 1009//933 967//891
f 1011//935 1013//937 1012//936
f 1014//938 1012//936 1015//939
f 1016//940 1015//939 1017//941
f 1018//942 1017//941 1019//943
f 1020//944 1019//943 1021//945
f 974//898 1021//945 977//901
f 1023//947 1010//934 1011//935
f 1024//948 1011//935 1014//938
f 1025//949 1014//938 1016//940
f 1025//949 1018//942 1026//950
f 1026//950 1020//944 1027//951
f 1027//951 974//898 986//910
f 1029//953 1022//946 1023//947
f 1030//954 1023//947 1024//948
f 1031//955 1024//948 1025//949
f 1031//955 1026//950 1032//956
f 1032//956 1027//951 1033//957
f 1033//957 986//910 992//916
f 1035//959 1028//952 1029//953
f 1036//960 1029//953 1030//954
f 1036//960 1031//955 1037//961
f 1037//961 1032//956 1038//962
f 1038//962 1033//957 1039//963
f 1039//963 992//916 998//922
f 1041//965 1034//958 1035//959
f 1042//966 1035//959 1036//960
f 1042//966 1037//961 1043//967
f 1043//967 1038//962 1044//968
f 1044//968 1039//963 1045//969
f 1045//969 998//922 1004//928
f 239//214 1040//964 1041//965
f 242//217 1041//965 1042//966
f 242//217 1043//967 244//219
f 244//219 1044//968 246//221
f 246//221 1045//969 248//223
f 248//223 1004//928 250//225
f 1046//970 1048//972 1047//971
f 1047//971 1051//975 1050//974
f 1050//974 1053//977 1052//976
f 1054//978 1053//977 1055//979
f 1056//980 1055//979 1057//981
f 1010//934 1057//981 1013//937
f 1059//983 1046//970 1047//971
f 1060//984 1047//971 1050//974
f 1061//985 1050//974 1052//976
f 1062//986 1052//976 1054//978
f 1063//987 1054//978 1056//980
f 1022//946 1056//980 1010//934
f 1065//989 1058//982 1059//983
f 1066//990 1059//983 1060//984
f 1067//991 1060//984 1061//985
f 1068//992 1061//985 1062//986
f 1069//993 1062//986 1063//987
f 1028//952 1063//987 1022//946
f 1071//995 1064//988 1065//989
f 1072//996 1065//989 1066//990
f 1073//997 1066//990 1067//991
f 1074//998 1067//991 1068//992
f 1075//999 1068//992 1069//993
f 1034//958 1069//993 1028//952
f 1077//1001 1070//994 1071//995
f 1078//1002 1071//995 1072//996
f 1079//1003 1072//996 1073//997
f 1080//1004 1073//997 1074//998
f 1081//1005 1074//998 1075//999
f 1040//964 1075//999 1034//958
f 281//256 1076//1000 1077//1001
f 284//259 1077//1001 1078//1002
f 286//261 1078//1002 1079//1003
f 288//263 1079//1003 1080//1004
f 290//265 1080//1004 1081//1005
f 240//215 1081//1005 1040//964
f 1083//1007 1085//1009 1084//1008
f 1086//1010 1084//1008 1087//1011
f 1088//1012 1087//1011 1089//1013
f 1088//1012 1091//1015 1090//1014
f 1090//1014 1414//1338 1092//1016
f 1092//1016 1049//973 1046//970
f 1093//1017 1083//1007 1094//1018
f 1094//1018 1086//1010 1095//1019
f 1095//1019 1088//1012 1096//1020
f 1097//1021 1088//1012 1090//1014
f 1098//1022 1090//1014 1092//1016
f 1058//982 1092//1016 1046//970
f 1099//1023 1094//1018 1100//1024
f 1100//1024 1095//1019 1101//1025
f 1101//1025 1096//1020 1102//1026
f 1103//1027 1096//1020 1097//1021
f 1104//1028 1097//1021 1098//1022
f 1064//988 1098//1022 1058//982
f 1105//1029 1100//1024 1106//1030
f 1106//1030 1101//1025 1107//1031
f 1107//1031 1102//1026 1108//1032
f 1109//1033 1102//1026 1103//1027
f 1110//1034 1103//1027 1104//1028
f 1070//994 1104//1028 1064//988
f 1111//1035 1106//1030 1112//1036
f 1112//1036 1107//1031 1113//1037
f 1113//1037 1108//1032 1114//1038
f 1115//1039 1108//1032 1109//1033
f 1116//1040 1109//1033 1110//1034
f 1076//1000 1110//1034 1070//994
f 429//379 1112//1036 901//825
f 901//825 1113//1037 903//827
f 903//827 1114//1038 905//829
f 907//831 1114//1038 1115//1039
f 909//833 1115//1039 1116//1040
f 282//257 1116//1040 1076//1000
f 1117//1041 1119//1043 1118//1042
f 1118//1042 1122//1046 1121//1045
f 1121//1045 1124//1048 1123//1047
f 1125//1049 1124//1048 1126//1050
f 1127//1051 1126//1050 1128//1052
f 1082//1006 1128//1052 1085//1009
f 1129//1053 1118//1042 1130//1054
f 1130//1054 1121//1045 1131//1055
f 1131//1055 1123//1047 1132//1056
f 1132//1056 1125//1049 1133//1057
f 1133//1057 1127//1051 1134//1058
f 1134//1058 1082//1006 1093//1017
f 1135//1059 1130//1054 1136//1060
f 1136//1060 1131//1055 1137//1061
f 1137//1061 1132//1056 1138//1062
f 1138//1062 1133//1057 1139//1063
f 1139//1063 1134//1058 1140//1064
f 1140//1064 1093//1017 1099//1023
f 1141//1065 1136//1060 1142//1066
f 1142//1066 1137//1061 1143//1067
f 1143//1067 1138//1062 1144//1068
f 1144//1068 1139//1063 1145//1069
f 1145//1069 1140//1064 1146//1070
f 1146//1070 1099//1023 1105//1029
f 1147//1071 1142//1066 1148//1072
f 1148//1072 1143//1067 1149//1073
f 1149//1073 1144//1068 1150//1074
f 1150//1074 1145//1069 1151//1075
f 1151//1075 1146//1070 1152//1076
f 1152//1076 1105//1029 1111//1035
f 471//421 1148//1072 470//420
f 470//420 1149//1073 473//423
f 473//423 1150//1074 475//425
f 475//425 1151//1075 477//427
f 477//427 1152//1076 479//429
f 479//429 1111//1035 429//379
f 1153//1077 1155//1079 1154//1078
f 1154//1078 1158//1082 1157//1081
f 1157//1081 1160//1084 1159//1083
f 1159//1083 1162//1086 1161//1085
f 1161//1085 1164//1088 1163//1087
f 1163//1087 1120//1044 1117//1041
f 1165//1089 1154//1078 1166//1090
f 1167//1091 1154//1078 1157//1081
f 1168//1092 1157//1081 1159//1083
f 1168//1092 1161//1085 1169//1093
f 1169//1093 1163//1087 1170//1094
f 1170//1094 1117//1041 1129//1053
f 1171//1095 1166//1090 1172//1096
f 1173//1097 1166//1090 1167//1091
f 1174//1098 1167//1091 1168//1092
f 1175//1099 1168//1092 1169//1093
f 1175//1099 1170//1094 1176//1100
f 1176//1100 1129//1053 1135//1059
f 1178//1102 1171//1095 1172//1096
f 1179//1103 1172//1096 1173//1097
f 1180//1104 1173//1097 1174//1098
f 1181//1105 1174//1098 1175//1099
f 1181//1105 1176//1100 1182//1106
f 1182//1106 1135//1059 1141//1065
f 1184//1108 1177//1101 1178//1102
f 1185//1109 1178//1102 1179//1103
f 1186//1110 1179//1103 1180//1104
f 1187//1111 1180//1104 1181//1105
f 1187//1111 1182//1106 1188//1112
f 1188//1112 1141//1065 1147//1071
f 506//456 1183//1107 1184//1108
f 509//459 1184//1108 1185//1109
f 511//461 1185//1109 1186//1110
f 513//463 1186//1110 1187//1111
f 513//463 1188//1112 515//465
f 515//465 1147//1071 471//421
f 1190//1114 1192//1116 1191//1115
f 1193//1117 1191//1115 1194//1118
f 1195//1119 1194//1118 1196//1120
f 1195//1119 1198//1122 1197//1121
f 1197//1121 1200//1124 1199//1123
f 1199//1123 1156//1080 1153//1077
f 1202//1126 1189//1113 1190//1114
f 1203//1127 1190//1114 1193//1117
f 1204//1128 1193//1117 1195//1119
f 1204//1128 1197//1121 1205//1129
f 1205//1129 1199//1123 1206//1130
f 1206//1130 1153//1077 1165//1089
f 1208//1132 1201//1125 1202//1126
f 1208//1132 1203//1127 1209//1133
f 1209//1133 1204//1128 1210//1134
f 1210//1134 1205//1129 1211//1135
f 1211//1135 1206//1130 1212//1136
f 1212//1136 1165//1089 1171//1095
f 1213//1137 1208//1132 1214//1138
f 1214//1138 1209//1133 1215//1139
f 1215//1139 1210//1134 1216//1140
f 1217//1141 1210//1134 1211//1135
f 1218//1142 1211//1135 1212//1136
f 1177//1101 1212//1136 1171//1095
f 1219//1143 1214//1138 1220//1144
f 1220//1144 1215//1139 1221//1145
f 1221//1145 1216//1140 1222//1146
f 1223//1147 1216//1140 1217//1141
f 1224//1148 1217//1141 1218//1142
f 1183//1107 1218//1142 1177//1101
f 665//590 1220//1144 864//788
f 864//788 1221//1145 1225//1149
f 1225//1149 1222//1146 853//777
f 1226//1150 1222//1146 1223//1147
f 1227//1151 1223//1147 1224//1148
f 507//457 1224//1148 1183//1107
f 1228//1152 1230//1154 1229//1153
f 1229//1153 1233//1157 1232//1156
f 1232//1156 1235//1159 1234//1158
f 1234//1158 1237//1161 1236//1160
f 1236//1160 1239//1163 1238//1162
f 1189//1113 1239//1163 1192//1116
f 1240//1164 1229//1153 1241//1165
f 1241//1165 1232//1156 1242//1166
f 1242//1166 1234//1158 1243//1167
f 1243//1167 1236//1160 1244//1168
f 1244//1168 1238//1162 1245//1169
f 1201//1125 1238//1162 1189//1113
f 1246//1170 1241//1165 1247//1171
f 1247//1171 1242//1166 1248//1172
f 1248//1172 1243//1167 1249//1173
f 1249//1173 1244//1168 1250//1174
f 1250//1174 1245//1169 1251//1175
f 1207//1131 1245//1169 1201//1125
f 1252//1176 1247//1171 1253//1177
f 1253//1177 1248//1172 1254//1178
f 1254//1178 1249//1173 1255//1179
f 1255//1179 1250//1174 1256//1180
f 1256//1180 1251//1175 1257//1181
f 1257//1181 1207//1131 1213//1137
f 1258//1182 1253//1177 1259//1183
f 1259//1183 1254//1178 1260//1184
f 1260//1184 1255//1179 1261//1185
f 1261//1185 1256//1180 1262//1186
f 1262//1186 1257//1181 1263//1187
f 1263//1187 1213//1137 1219//1143
f 701//626 1259//1183 700//625
f 700//625 1260//1184 703//628
f 703//628 1261//1185 705//630
f 705//630 1262//1186 707//632
f 707//632 1263//1187 709//634
f 709//634 1219//1143 665//590
f 1264//1188 1266//1190 1265//1189
f 1265//1189 1269//1193 1268//1192
f 1268//1192 1271//1195 1270//1194
f 1270//1194 1273//1197 1272//1196
f 1272//1196 1275//1199 1274//1198
f 1274//1198 1277//1201 1276//1200
f 1278//1202 1265//1189 1279//1203
f 1279//1203 1268//1192 1280//1204
f 1280//1204 1270//1194 1281//1205
f 1281//1205 1272//1196 1282//1206
f 1282//1206 1274//1198 1283//1207
f 1283//1207 1276//1200 1284//1208
f 1285//1209 1279//1203 1286//1210
f 1286//1210 1280//1204 1287//1211
f 1287//1211 1281//1205 1288//1212
f 1288//1212 1282//1206 1289//1213
f 1289//1213 1283//1207 1290//1214
f 1290//1214 1284//1208 1291//1215
f 1292//1216 1286//1210 1293//1217
f 1293//1217 1287//1211 1294//1218
f 1294//1218 1288//1212 1295//1219
f 1295//1219 1289//1213 1296//1220
f 1296//1220 1290//1214 1297//1221
f 1297//1221 1291//1215 1298//1222
f 1299//1223 1293//1217 1300//1224
f 1300//1224 1294//1218 1301//1225
f 1301//1225 1295//1219 1302//1226
f 1302//1226 1296//1220 1303//1227
f 1303//1227 1297//1221 1304//1228
f 1304//1228 1298//1222 1305//1229
f 935//859 1300//1224 934//858
f 934//858 1301//1225 937//861
f 937//861 1302//1226 939//863
f 939//863 1303//1227 941//865
f 941//865 1304//1228 943//867
f 943//867 1305//1229 945//869
f 1307//1231 1309//1233 1308//1232
f 1310//1234 1308//1232 1311//1235
f 1312//1236 1311//1235 1313//1237
f 1314//1238 1313//1237 1315//1239
f 1314//1238 1317//1241 1316//1240
f 1316//1240 1267//1191 1264//1188
f 1319//1243 1306//1230 1307//1231
f 1320//1244 1307//1231 1310//1234
f 1321//1245 1310//1234 1312//1236
f 1322//1246 1312//1236 1314//1238
f 1322//1246 1316//1240 1323//1247
f 1278//1202 1316//1240 1264//1188
f 1325//1249 1318//1242 1319//1243
f 1326//1250 1319//1243 1320//1244
f 1327//1251 1320//1244 1321//1245
f 1328//1252 1321//1245 1322//1246
f 1329//1253 1322//1246 1323//1247
f 1285//1209 1323//1247 1278//1202
f 1331//1255 1324//1248 1325//1249
f 1332//1256 1325//1249 1326//1250
f 1333//1257 1326//1250 1327//1251
f 1334//1258 1327//1251 1328//1252
f 1335//1259 1328//1252 1329//1253
f 1292//1216 1329//1253 1285//1209
f 1336//1260 1331//1255 1337//1261
f 1337//1261 1332//1256 1338//1262
f 1339//1263 1332//1256 1333//1257
f 1339//1263 1334//1258 1340//1264
f 1340//1264 1335//1259 1341//1265
f 1299//1223 1335//1259 1292//1216
f 977//901 1337//1261 976//900
f 976//900 1338//1262 979//903
f 979//903 1339//1263 981//905
f 981//905 1340//1264 983//907
f 983//907 1341//1265 985//909
f 985//909 1299//1223 935//859
f 1343//1267 1345//1269 1344//1268
f 1346//1270 1344//1268 1347//1271
f 1348//1272 1347//1271 1349//1273
f 1350//1274 1349//1273 1351//1275
f 1352//1276 1351//1275 1353//1277
f 1306//1230 1353//1277 1309//1233
f 1355//1279 1342//1266 1343//1267
f 1356//1280 1343//1267 1346//1270
f 1357//1281 1346//1270 1348//1272
f 1358//1282 1348//1272 1350//1274
f 1359//1283 1350//1274 1352//1276
f 1318//1242 1352//1276 1306//1230
f 1361//1285 1354//1278 1355//1279
f 1362//1286 1355//1279 1356//1280
f 1363//1287 1356//1280 1357//1281
f 1364//1288 1357//1281 1358//1282
f 1365//1289 1358//1282 1359//1283
f 1324//1248 1359//1283 1318//1242
f 1367//1291 1360//1284 1361//1285
f 1368//1292 1361//1285 1362//1286
f 1369//1293 1362//1286 1363//1287
f 1370//1294 1363//1287 1364//1288
f 1371//1295 1364//1288 1365//1289
f 1330//1254 1365//1289 1324//1248
f 1373//1297 1366//1290 1367//1291
f 1374//1298 1367//1291 1368//1292
f 1375//1299 1368//1292 1369//1293
f 1376//1300 1369//1293 1370//1294
f 1377//1301 1370//1294 1371//1295
f 1336//1260 1371//1295 1330//1254
f 1012//936 1372//1296 1373//1297
f 1015//939 1373//1297 1374//1298
f 1017//941 1374//1298 1375//1299
f 1019//943 1375//1299 1376//1300
f 1021//945 1376//1300 1377//1301
f 977//901 1377//1301 1336//1260
f 1378//1302 1380//1304 1379//1303
f 1379//1303 1383//1307 1382//1306
f 1382//1306 1385//1309 1384//1308
f 1384//1308 1387//1311 1386//1310
f 1386//1310 1389//1313 1388//1312
f 1388//1312 1345//1269 1342//1266
f 1390//1314 1379//1303 1391//1315
f 1391//1315 1382//1306 1392//1316
f 1392//1316 1384//1308 1393//1317
f 1393//1317 1386//1310 1394//1318
f 1394//1318 1388//1312 1395//1319
f 1395//1319 1342//1266 1354//1278
f 1396//1320 1391//1315 1397//1321
f 1397//1321 1392//1316 1398//1322
f 1398//1322 1393//1317 1399//1323
f 1399//1323 1394//1318 1400//1324
f 1400//1324 1395//1319 1401//1325
f 1360//1284 1395//1319 1354//1278
f 1419//1343 1397//1321 1402//1326
f 1402//1326 1398//1322 1403//1327
f 1403//1327 1399//1323 1404//1328
f 1404//1328 1400//1324 1405//1329
f 1405//1329 1401//1325 1406//1330
f 1366//1290 1401//1325 1360//1284
f 1412//1336 1402//1326 1407//1331
f 1407//1331 1403//1327 1408//1332
f 1408//1332 1404//1328 1409//1333
f 1409//1333 1405//1329 1410//1334
f 1410//1334 1406//1330 1411//1335
f 1372//1296 1406//1330 1366//1290
f 1049//973 1407//1331 1048//972
f 1048//972 1408//1332 1051//975
f 1051//975 1409//1333 1053//977
f 1053//977 1410//1334 1055//979
f 1055//979 1411//1335 1057//981
f 1013//937 1411//1335 1372//1296
f 1412//1336 1414//1338 1413//1337
f 1413//1337 1091//1015 1415//1339
f 1415//1339 1089//1013 1416//1340
f 1417//1341 1089//1013 1087//1011
f 1418//1342 1087//1011 1084//1008
f 1480//1404 1084//1008 1085//1009
f 1419//1343 1413//1337 1420//1344
f 1420//1344 1415//1339 1421//1345
f 1421//1345 1416//1340 1422//1346
f 1423//1347 1416//1340 1417//1341
f 1424//1348 1417//1341 1418//1342
f 1425//1349 1418//1342 1480//1404
f 1396//1320 1420//1344 1426//1350
f 1426//1350 1421//1345 1427//1351
f 1427//1351 1422//1346 1428//1352
f 1429//1353 1422//1346 1423//1347
f 1430//1354 1423//1347 1424//1348
f 1431//1355 1424//1348 1425//1349
f 1390//1314 1426//1350 1432//1356
f 1432//1356 1427//1351 1433//1357
f 1433//1357 1428//1352 1434//1358
f 1435//1359 1428//1352 1429//1353
f 1436//1360 1429//1353 1430//1354
f 1437//1361 1430//1354 1431//1355
f 1378//1302 1432//1356 1438//1362
f 1438//1362 1433//1357 1439//1363
f 1439//1363 1434//1358 1440//1364
f 1441//1365 1434//1358 1435//1359
f 1442//1366 1435//1359 1436//1360
f 1443//1367 1436//1360 1437//1361
f 1445//1369 1447//1371 1446//1370
f 1448//1372 1446//1370 1449//1373
f 1450//1374 1449//1373 1451//1375
f 1452//1376 1451//1375 1453//1377
f 1454//1378 1453//1377 1455//1379
f 1443//1367 1455//1379 1381//1305
f 1457//1381 1444//1368 1445//1369
f 1458//1382 1445//1369 1448//1372
f 1459//1383 1448//1372 1450//1374
f 1460//1384 1450//1374 1452//1376
f 1461//1385 1452//1376 1454//1378
f 1437//1361 1454//1378 1443//1367
f 1462//1386 1457//1381 1463//1387
f 1464//1388 1457//1381 1458//1382
f 1465//1389 1458//1382 1459//1383
f 1466//1390 1459//1383 1460//1384
f 1467//1391 1460//1384 1461//1385
f 1431//1355 1461//1385 1437//1361
f 1468//1392 1463//1387 1469//1393
f 1470//1394 1463//1387 1464//1388
f 1471//1395 1464//1388 1465//1389
f 1472//1396 1465//1389 1466//1390
f 1473//1397 1466//1390 1467//1391
f 1425//1349 1467//1391 1431//1355
f 1474//1398 1469//1393 1475//1399
f 1476//1400 1469//1393 1470//1394
f 1477//1401 1470//1394 1471//1395
f 1478//1402 1471//1395 1472//1396
f 1479//1403 1472//1396 1473//1397
f 1480//1404 1473//1397 1425//1349
f 1120//1044 1475//1399 1119//1043
f 1122//1046 1475//1399 1476//1400
f 1124//1048 1476//1400 1477//1401
f 1126//1050 1477//1401 1478//1402
f 1128//1052 1478//1402 1479//1403
f 1085//1009 1479//1403 1480//1404
f 1481//1405 1483//1407 1482//1406
f 1482//1406 1486//1410 1485//1409
f 1485//1409 1488//1412 1487//1411
f 1487//1411 1490//1414 1489//1413
f 1489//1413 1492//1416 1491//1415
f 1491//1415 1447//1371 1444//1368
f 1493//1417 1482//1406 1494//1418
f 1494//1418 1485//1409 1495//1419
f 1495//1419 1487//1411 1496//1420
f 1496//1420 1489//1413 1497//1421
f 1497//1421 1491//1415 1498//1422
f 1498//1422 1444//1368 1456//1380
f 1499//1423 1494//1418 1500//1424
f 1500//1424 1495//1419 1501//1425
f 1501//1425 1496//1420 1502//1426
f 1502//1426 1497//1421 1503//1427
f 1503//1427 1498//1422 1504//1428
f 1504//1428 1456//1380 1462//1386
f 1505//1429 1500//1424 1506//1430
f 1506//1430 1501//1425 1507//1431
f 1507//1431 1502//1426 1508//1432
f 1508//1432 1503//1427 1509//1433
f 1509//1433 1504//1428 1510//1434
f 1510//1434 1462//1386 1468//1392
f 1511//1435 1506//1430 1512//1436
f 1512//1436 1507//1431 1513//1437
f 1513//1437 1508//1432 1514//1438
f 1514//1438 1509//1433 1515//1439
f 1515//1439 1510//1434 1516//1440
f 1516//1440 1468//1392 1474//1398
f 1156//1080 1512//1436 1155//1079
f 1155//1079 1513//1437 1158//1082
f 1158//1082 1514//1438 1160//1084
f 1160//1084 1515//1439 1162//1086
f 1162//1086 1516//1440 1164//1088
f 1164//1088 1474//1398 1120//1044
f 1517//1441 1519//1443 1518//1442
f 1521//1445 1519//1443 1522//1446
f 1523//1447 1522//1446 1524//1448
f 1523//1447 1526//1450 1525//1449
f 1525//1449 1528//1452 1527//1451
f 1527//1451 1484//1408 1481//1405
f 1529//1453 1518//1442 1530//1454
f 1531//1455 1518//1442 1521//1445
f 1532//1456 1521//1445 1523//1447
f 1533//1457 1523//1447 1525//1449
f 1533//1457 1527//1451 1534//1458
f 1534//1458 1481//1405 1493//1417
f 1535//1459 1530//1454 1536//1460
f 1537//1461 1530//1454 1531//1455
f 1538//1462 1531//1455 1532//1456
f 1539//1463 1532//1456 1533//1457
f 1540//1464 1533//1457 1534//1458
f 1540//1464 1493//1417 1499//1423
f 1541//1465 1536//1460 1542//1466
f 1543//1467 1536//1460 1537//1461
f 1544//1468 1537//1461 1538//1462
f 1545//1469 1538//1462 1539//1463
f 1546//1470 1539//1463 1540//1464
f 1505//1429 1540//1464 1499//1423
f 1547//1471 1542//1466 1548//1472
f 1548//1472 1543//1467 1549//1473
f 1550//1474 1543//1467 1544//1468
f 1551//1475 1544//1468 1545//1469
f 1552//1476 1545//1469 1546//1470
f 1511//1435 1546//1470 1505//1429
f 1192//1116 1548//1472 1191//1115
f 1191//1115 1549//1473 1194//1118
f 1196//1120 1549//1473 1550//1474
f 1198//1122 1550//1474 1551//1475
f 1200//1124 1551//1475 1552//1476
f 1156//1080 1552//1476 1511//1435
f 1554//1478 1556//1480 1555//1479
f 1557//1481 1555//1479 1558//1482
f 1557//1481 1560//1484 1559//1483
f 1559//1483 1562//1486 1561//1485
f 1561//1485 1564//1488 1563//1487
f 1563//1487 1520//1444 1517//1441
f 1566//1490 1553//1477 1554//1478
f 1567//1491 1554//1478 1557//1481
f 1568//1492 1557//1481 1559//1483
f 1568//1492 1561//1485 1569//1493
f 1569//1493 1563//1487 1570//1494
f 1570//1494 1517//1441 1529//1453
f 1572//1496 1565//1489 1566//1490
f 1573//1497 1566//1490 1567//1491
f 1574//1498 1567//1491 1568//1492
f 1575//1499 1568//1492 1569//1493
f 1576//1500 1569//1493 1570//1494
f 1576//1500 1529//1453 1535//1459
f 1578//1502 1571//1495 1572//1496
f 1579//1503 1572//1496 1573//1497
f 1580//1504 1573//1497 1574//1498
f 1581//1505 1574//1498 1575//1499
f 1582//1506 1575//1499 1576//1500
f 1582//1506 1535//1459 1541//1465
f 1584//1508 1577//1501 1578//1502
f 1585//1509 1578//1502 1579//1503
f 1586//1510 1579//1503 1580//1504
f 1587//1511 1580//1504 1581//1505
f 1588//1512 1581//1505 1582//1506
f 1588//1512 1541//1465 1547//1471
f 1230//1154 1583//1507 1584//1508
f 1230//1154 1585//1509 1233//1157
f 1235//1159 1585//1509 1586//1510
f 1237//1161 1586//1510 1587//1511
f 1239//1163 1587//1511 1588//1512
f 1239//1163 1547//1471 1192//1116
f 1589//1513 1591//1515 1590//1514
f 1590//1514 1796//1720 1593//1517
f 1593//1517 1595//1519 1594//1518
f 1594//1518 1597//1521 1596//1520
f 1596//1520 1792//1716 1598//1522
f 1599//1523 1792//1716 1600//1524
f 1601//1525 1590//1514 1602//1526
f 1602//1526 1593//1517 1603//1527
f 1603//1527 1594//1518 1604//1528
f 1604//1528 1596//1520 1605//1529
f 1606//1530 1596//1520 1598//1522
f 1607//1531 1598//1522 1599//1523
f 1608//1532 1602//1526 1609//1533
f 1609//1533 1603//1527 1610//1534
f 1610//1534 1604//1528 1611//1535
f 1611//1535 1605//1529 1612//1536
f 1613//1537 1605//1529 1606//1530
f 1614//1538 1606//1530 1607//1531
f 1615//1539 1609//1533 1616//1540
f 1616//1540 1610//1534 1617//1541
f 1617//1541 1611//1535 1618//1542
f 1619//1543 1611//1535 1612//1536
f 1620//1544 1612//1536 1613//1537
f 1621//1545 1613//1537 1614//1538
f 1622//1546 1616//1540 1623//1547
f 1623//1547 1617//1541 1624//1548
f 1624//1548 1618//1542 1625//1549
f 1626//1550 1618//1542 1619//1543
f 1627//1551 1619//1543 1620//1544
f 1834//1758 1620//1544 1621//1545
f 1267//1191 1623//1547 1266//1190
f 1266//1190 1624//1548 1269//1193
f 1269//1193 1625//1549 1271//1195
f 1271//1195 1626//1550 1273//1197
f 1273//1197 1627//1551 1275//1199
f 1277//1201 1627//1551 1834//1758
f 1629//1553 1631//1555 1630//1554
f 1632//1556 1630//1554 1633//1557
f 1634//1558 1633//1557 1635//1559
f 1636//1560 1635//1559 1637//1561
f 1638//1562 1637//1561 1639//1563
f 1589//1513 1639//1563 1592//1516
f 1641//1565 1628//1552 1629//1553
f 1642//1566 1629//1553 1632//1556
f 1643//1567 1632//1556 1634//1558
f 1644//1568 1634//1558 1636//1560
f 1645//1569 1636//1560 1638//1562
f 1601//1525 1638//1562 1589//1513
f 1647//1571 1640//1564 1641//1565
f 1648//1572 1641//1565 1642//1566
f 1649//1573 1642//1566 1643//1567
f 1650//1574 1643//1567 1644//1568
f 1651//1575 1644//1568 1645//1569
f 1608//1532 1645//1569 1601//1525
f 1653//1577 1646//1570 1647//1571
f 1654//1578 1647//1571 1648//1572
f 1655//1579 1648//1572 1649//1573
f 1656//1580 1649//1573 1650//1574
f 1657//1581 1650//1574 1651//1575
f 1615//1539 1651//1575 1608//1532
f 1659//1583 1652//1576 1653//1577
f 1660//1584 1653//1577 1654//1578
f 1661//1585 1654//1578 1655//1579
f 1662//1586 1655//1579 1656//1580
f 1663//1587 1656//1580 1657//1581
f 1622//1546 1657//1581 1615//1539
f 1308//1232 1658//1582 1659//1583
f 1311//1235 1659//1583 1660//1584
f 1313//1237 1660//1584 1661//1585
f 1315//1239 1661//1585 1662//1586
f 1317//1241 1662//1586 1663//1587
f 1317//1241 1622//1546 1267//1191
f 1664//1588 1666//1590 1665//1589
f 1665//1589 1669//1593 1668//1592
f 1670//1594 1669//1593 1671//1595
f 1672//1596 1671//1595 1673//1597
f 1674//1598 1673//1597 1675//1599
f 1628//1552 1675//1599 1631//1555
f 1676//1600 1665//1589 1677//1601
f 1677//1601 1668//1592 1678//1602
f 1678//1602 1670//1594 1679//1603
f 1680//1604 1670//1594 1672//1596
f 1681//1605 1672//1596 1674//1598
f 1640//1564 1674//1598 1628//1552
f 1682//1606 1677//1601 1683//1607
f 1683//1607 1678//1602 1684//1608
f 1685//1609 1678//1602 1679//1603
f 1686//1610 1679//1603 1680//1604
f 1687//1611 1680//1604 1681//1605
f 1646//1570 1681//1605 1640//1564
f 1688//1612 1683//1607 1689//1613
f 1689//1613 1684//1608 1690//1614
f 1691//1615 1684//1608 1685//1609
f 1692//1616 1685//1609 1686//1610
f 1693//1617 1686//1610 1687//1611
f 1652//1576 1687//1611 1646//1570
f 1694//1618 1689//1613 1695//1619
f 1696//1620 1689//1613 1690//1614
f 1697//1621 1690//1614 1691//1615
f 1698//1622 1691//1615 1692//1616
f 1699//1623 1692//1616 1693//1617
f 1658//1582 1693//1617 1652//1576
f 1344//1268 1694//1618 1695//1619
f 1347//1271 1695//1619 1696//1620
f 1349//1273 1696//1620 1697//1621
f 1351//1275 1697//1621 1698//1622
f 1353//1277 1698//1622 1699//1623
f 1309//1233 1699//1623 1658//1582
f 1446//1370 1701//1625 1700//1624
f 1700//1624 1703//1627 1702//1626
f 1702//1626 1705//1629 1704//1628
f 1704//1628 1707//1631 1706//1630
f 1706//1630 1735//1659 1708//1632
f 1708//1632 1667//1591 1664//1588
f 1449//1373 1700//1624 1709//1633
f 1709//1633 1702//1626 1710//1634
f 1710//1634 1704//1628 1711//1635
f 1711//1635 1706//1630 1712//1636
f 1712//1636 1708//1632 1713//1637
f 1713//1637 1664//1588 1676//1600
f 1451//1375 1709//1633 1714//1638
f 1714//1638 1710//1634 1715//1639
f 1715//1639 1711//1635 1716//1640
f 1716//1640 1712//1636 1717//1641
f 1717//1641 1713//1637 1718//1642
f 1718//1642 1676//1600 1682//1606
f 1453//1377 1714//1638 1719//1643
f 1719//1643 1715//1639 1720//1644
f 1720//1644 1716//1640 1721//1645
f 1721//1645 1717//1641 1722//1646
f 1722//1646 1718//1642 1723//1647
f 1723//1647 1682//1606 1688//1612
f 1455//1379 1719//1643 1724//1648
f 1724//1648 1720//1644 1725//1649
f 1725//1649 1721//1645 1726//1650
f 1726//1650 1722//1646 1727//1651
f 1727//1651 1723//1647 1728//1652
f 1728//1652 1688//1612 1694//1618
f 1381//1305 1724//1648 1380//1304
f 1380//1304 1725//1649 1383//1307
f 1383//1307 1726//1650 1385//1309
f 1385//1309 1727//1651 1387//1311
f 1387//1311 1728//1652 1389//1313
f 1389//1313 1694//1618 1345//1269
f 1729//1653 1675//1599 1730//1654
f 1730//1654 1673//1597 1731//1655
f 1731//1655 1671//1595 1732//1656
f 1732//1656 1669//1593 1733//1657
f 1734//1658 1669//1593 1666//1590
f 1735//1659 1666//1590 1667//1591
f 1736//1660 1730//1654 1737//1661
f 1737//1661 1731//1655 1738//1662
f 1738//1662 1732//1656 1739//1663
f 1740//1664 1732//1656 1733//1657
f 1741//1665 1733//1657 1734//1658
f 1707//1631 1734//1658 1735//1659
f 1742//1666 1737//1661 1743//1667
f 1743//1667 1738//1662 1744//1668
f 1744//1668 1739//1663 1745//1669
f 1745//1669 1740//1664 1746//1670
f 1747//1671 1740//1664 1741//1665
f 1705//1629 1741//1665 1707//1631
f 1748//1672 1743//1667 1749//1673
f 1749//1673 1744//1668 1750//1674
f 1750//1674 1745//1669 1751//1675
f 1751//1675 1746//1670 1752//1676
f 1753//1677 1746//1670 1747//1671
f 1703//1627 1747//1671 1705//1629
f 1754//1678 1749//1673 1755//1679
f 1755//1679 1750//1674 1756//1680
f 1756//1680 1751//1675 1757//1681
f 1757//1681 1752//1676 1758//1682
f 1758//1682 1753//1677 1759//1683
f 1701//1625 1753//1677 1703//1627
f 1484//1408 1755//1679 1483//1407
f 1483//1407 1756//1680 1486//1410
f 1486//1410 1757//1681 1488//1412
f 1488//1412 1758//1682 1490//1414
f 1490//1414 1759//1683 1492//1416
f 1492//1416 1701//1625 1447//1371
f 1760//1684 1639//1563 1761//1685
f 1761//1685 1637//1561 1762//1686
f 1762//1686 1635//1559 1763//1687
f 1763//1687 1633//1557 1764//1688
f 1764//1688 1630//1554 1765//1689
f 1765//1689 1631//1555 1729//1653
f 1766//1690 1761//1685 1767//1691
f 1767//1691 1762//1686 1768//1692
f 1768//1692 1763//1687 1769//1693
f 1769//1693 1764//1688 1770//1694
f 1770//1694 1765//1689 1771//1695
f 1771//1695 1729//1653 1736//1660
f 1772//1696 1767//1691 1773//1697
f 1773//1697 1768//1692 1774//1698
f 1774//1698 1769//1693 1775//1699
f 1775//1699 1770//1694 1776//1700
f 1776//1700 1771//1695 1777//1701
f 1777//1701 1736//1660 1742//1666
f 1778//1702 1773//1697 1779//1703
f 1779//1703 1774//1698 1780//1704
f 1780//1704 1775//1699 1781//1705
f 1781//1705 1776//1700 1782//1706
f 1782//1706 1777//1701 1783//1707
f 1783//1707 1742//1666 1748//1672
f 1784//1708 1779//1703 1785//1709
f 1785//1709 1780//1704 1786//1710
f 1786//1710 1781//1705 1787//1711
f 1787//1711 1782//1706 1788//1712
f 1788//1712 1783//1707 1789//1713
f 1789//1713 1748//1672 1754//1678
f 1520//1444 1785//1709 1519//1443
f 1519//1443 1786//1710 1522//1446
f 1522//1446 1787//1711 1524//1448
f 1524//1448 1788//1712 1526//1450
f 1526//1450 1789//1713 1528//1452
f 1528//1452 1754//1678 1484//1408
f 1790//1714 1792//1716 1791//1715
f 1791//1715 1597//1521 1793//1717
f 1793//1717 1595//1519 1794//1718
f 1794//1718 1796//1720 1795//1719
f 1795//1719 1591//1515 1797//1721
f 1797//1721 1592//1516 1760//1684
f 1798//1722 1791//1715 1799//1723
f 1799//1723 1793//1717 1800//1724
f 1800//1724 1794//1718 1801//1725
f 1801//1725 1795//1719 1802//1726
f 1802//1726 1797//1721 1803//1727
f 1803//1727 1760//1684 1766//1690
f 1804//1728 1799//1723 1805//1729
f 1805//1729 1800//1724 1806//1730
f 1806//1730 1801//1725 1807//1731
f 1807//1731 1802//1726 1808//1732
f 1808//1732 1803//1727 1809//1733
f 1809//1733 1766//1690 1772//1696
f 1810//1734 1805//1729 1811//1735
f 1811//1735 1806//1730 1812//1736
f 1812//1736 1807//1731 1813//1737
f 1813//1737 1808//1732 1814//1738
f 1814//1738 1809//1733 1815//1739
f 1815//1739 1772//1696 1778//1702
f 1816//1740 1811//1735 1817//1741
f 1817//1741 1812//1736 1818//1742
f 1818//1742 1813//1737 1819//1743
f 1819//1743 1814//1738 1820//1744
f 1820//1744 1815//1739 1821//1745
f 1821//1745 1778//1702 1784//1708
f 1556//1480 1817//1741 1555//1479
f 1555//1479 1818//1742 1558//1482
f 1558//1482 1819//1743 1560//1484
f 1560//1484 1820//1744 1562//1486
f 1562//1486 1821//1745 1564//1488
f 1564//1488 1784//1708 1520//1444
f 1822//1746 1824//1748 1823//1747
f 1823//1747 1827//1751 1826//1750
f 1826//1750 1829//1753 1828//1752
f 1830//1754 1829//1753 1831//1755
f 1832//1756 1831//1755 1833//1757
f 1834//1758 1833//1757 1277//1201
f 1835//1759 1823//1747 1836//1760
f 1836//1760 1826//1750 1837//1761
f 1837//1761 1828//1752 1838//1762
f 1839//1763 1828//1752 1830//1754
f 1840//1764 1830//1754 1832//1756
f 1621//1545 1832//1756 1834//1758
f 1841//1765 1836//1760 1842//1766
f 1842//1766 1837//1761 1843//1767
f 1844//1768 1837//1761 1838//1762
f 1845//1769 1838//1762 1839//1763
f 1846//1770 1839//1763 1840//1764
f 1614//1538 1840//1764 1621//1545
f 1847//1771 1842//1766 1848//1772
f 1849//1773 1842//1766 1843//1767
f 1850//1774 1843//1767 1844//1768
f 1851//1775 1844//1768 1845//1769
f 1852//1776 1845//1769 1846//1770
f 1607//1531 1846//1770 1614//1538
f 1853//1777 1848//1772 1854//1778
f 1855//1779 1848//1772 1849//1773
f 1856//1780 1849//1773 1850//1774
f 1857//1781 1850//1774 1851//1775
f 1858//1782 1851//1775 1852//1776
f 1599//1523 1852//1776 1607//1531
f 1860//1784 1853//1777 1854//1778
f 1861//1785 1854//1778 1855//1779
f 1862//1786 1855//1779 1856//1780
f 1863//1787 1856//1780 1857//1781
f 1864//1788 1857//1781 1858//1782
f 1600//1524 1858//1782 1599//1523
f 1865//1789 1867//1791 1866//1790
f 1866//1790 1870//1794 1869//1793
f 1869//1793 1872//1796 1871//1795
f 1871//1795 1874//1798 1873//1797
f 1873//1797 1876//1800 1875//1799
f 1822//1746 1876//1800 1825//1749
f 1877//1801 1866//1790 1878//1802
f 1878//1802 1869//1793 1879//1803
f 1879//1803 1871//1795 1880//1804
f 1880//1804 1873//1797 1881//1805
f 1882//1806 1873//1797 1875//1799
f 1835//1759 1875//1799 1822//1746
f 1883//1807 1878//1802 1884//1808
f 1884//1808 1879//1803 1885//1809
f 1885//1809 1880//1804 1886//1810
f 1887//1811 1880//1804 1881//1805
f 1888//1812 1881//1805 1882//1806
f 1841//1765 1882//1806 1835//1759
f 1889//1813 1884//1808 1890//1814
f 1890//1814 1885//1809 1891//1815
f 1891//1815 1886//1810 1892//1816
f 1893//1817 1886//1810 1887//1811
f 1894//1818 1887//1811 1888//1812
f 1847//1771 1888//1812 1841//1765
f 1895//1819 1890//1814 1896//1820
f 1896//1820 1891//1815 1897//1821
f 1897//1821 1892//1816 1898//1822
f 1898//1822 1893//1817 1899//1823
f 1900//1824 1893//1817 1894//1818
f 1853//1777 1894//1818 1847//1771
f 1901//1825 1896//1820 1902//1826
f 1902//1826 1897//1821 1903//1827
f 1903//1827 1898//1822 1904//1828
f 1904//1828 1899//1823 1905//1829
f 1905//1829 1900//1824 1906//1830
f 1859//1783 1900//1824 1853//1777
f 1907//1831 1909//1833 1908//1832
f 1911//1835 1909//1833 1912//1836
f 1913//1837 1912//1836 1914//1838
f 1913//1837 1916//1840 1915//1839
f 1915//1839 1918//1842 1917//1841
f 1917//1841 1868//1792 1865//1789
f 1919//1843 1908//1832 1920//1844
f 1920//1844 1911//1835 1921//1845
f 1921//1845 1913//1837 1922//1846
f 1922//1846 1915//1839 1923//1847
f 1923//1847 1917//1841 1924//1848
f 1924//1848 1865//1789 1877//1801
f 1925//1849 1920//1844 1926//1850
f 1926//1850 1921//1845 1927//1851
f 1927//1851 1922//1846 1928//1852
f 1928//1852 1923//1847 1929//1853
f 1929//1853 1924//1848 1930//1854
f 1930//1854 1877//1801 1883//1807
f 1931//1855 1926//1850 1932//1856
f 1932//1856 1927//1851 1933//1857
f 1933//1857 1928//1852 1934//1858
f 1934//1858 1929//1853 1935//1859
f 1935//1859 1930//1854 1936//1860
f 1936//1860 1883//1807 1889//1813
f 1937//1861 1932//1856 1938//1862
f 1938//1862 1933//1857 1939//1863
f 1939//1863 1934//1858 1940//1864
f 1940//1864 1935//1859 1941//1865
f 1941//1865 1936//1860 1942//1866
f 1942//1866 1889//1813 1895//1819
f 1943//1867 1938//1862 1944//1868
f 1944//1868 1939//1863 1945//1869
f 1945//1869 1940//1864 1946//1870
f 1946//1870 1941//1865 1947//1871
f 1947//1871 1942//1866 1948//1872
f 1948//1872 1895//1819 1901//1825
f 1950//1874 1952//1876 1951//1875
f 1950//1874 1954//1878 1953//1877
f 1953//1877 1956//1880 1955//1879
f 1955//1879 1958//1882 1957//1881
f 1957//1881 1960//1884 1959//1883
f 1959//1883 1910//1834 1907//1831
f 1962//1886 1949//1873 1950//1874
f 1962//1886 1953//1877 1963//1887
f 1963//1887 1955//1879 1964//1888
f 1964//1888 1957//1881 1965//1889
f 1965//1889 1959//1883 1966//1890
f 1966//1890 1907//1831 1919//1843
f 1968//1892 1961//1885 1962//1886
f 1968//1892 1963//1887 1969//1893
f 1969//1893 1964//1888 1970//1894
f 1970//1894 1965//1889 1971//1895
f 1971//1895 1966//1890 1972//1896
f 1972//1896 1919//1843 1925//1849
f 1974//1898 1967//1891 1968//1892
f 1975//1899 1968//1892 1969//1893
f 1975//1899 1970//1894 1976//1900
f 1977//1901 1970//1894 1971//1895
f 1978//1902 1971//1895 1972//1896
f 1978//1902 1925//1849 1931//1855
f 1980//1904 1973//1897 1974//1898
f 1980//1904 1975//1899 1981//1905
f 1982//1906 1975//1899 1976//1900
f 1983//1907 1976//1900 1977//1901
f 1984//1908 1977//1901 1978//1902
f 1984//1908 1931//1855 1937//1861
f 1986//1910 1979//1903 1980//1904
f 1986//1910 1981//1905 1987//1911
f 1988//1912 1981//1905 1982//1906
f 1989//1913 1982//1906 1983//1907
f 1990//1914 1983//1907 1984//1908
f 1990//1914 1937//1861 1943//1867
f 1992//1916 1994//1918 1993//1917
f 1995//1919 1993//1917 1996//1920
f 1997//1921 1996//1920 1998//1922
f 1999//1923 1998//1922 2000//1924
f 2001//1925 2000//1924 2002//1926
f 1949//1873 2002//1926 1952//1876
f 2004//1928 1991//1915 1992//1916
f 2005//1929 1992//1916 1995//1919
f 2006//1930 1995//1919 1997//1921
f 2007//1931 1997//1921 1999//1923
f 2008//1932 1999//1923 2001//1925
f 1961//1885 2001//1925 1949//1873
f 2010//1934 2003//1927 2004//1928
f 2011//1935 2004//1928 2005//1929
f 2012//1936 2005//1929 2006//1930
f 2013//1937 2006//1930 2007//1931
f 2014//1938 2007//1931 2008//1932
f 1967//1891 2008//1932 1961//1885
f 2016//1940 2009//1933 2010//1934
f 2017//1941 2010//1934 2011//1935
f 2018//1942 2011//1935 2012//1936
f 2019//1943 2012//1936 2013//1937
f 2020//1944 2013//1937 2014//1938
f 1973//1897 2014//1938 1967//1891
f 2022//1946 2015//1939 2016//1940
f 2023//1947 2016//1940 2017//1941
f 2024//1948 2017//1941 2018//1942
f 2025//1949 2018//1942 2019//1943
f 2026//1950 2019//1943 2020//1944
f 1979//1903 2020//1944 1973//1897
f 2028//1952 2021//1945 2022//1946
f 2029//1953 2022//1946 2023//1947
f 2030//1954 2023//1947 2024//1948
f 2031//1955 2024//1948 2025//1949
f 2032//1956 2025//1949 2026//1950
f 1985//1909 2026//1950 1979//1903
f 2033//1957 2035//1959 2034//1958
f 2034//1958 2038//1962 2037//1961
f 2037//1961 2040//1964 2039//1963
f 2039//1963 2042//1966 2041//1965
f 2041//1965 2044//1968 2043//1967
f 1991//1915 2044//1968 1994//1918
f 2045//1969 2034//1958 2046//1970
f 2046//1970 2037//1961 2047//1971
f 2047//1971 2039//1963 2048//1972
f 2048//1972 2041//1965 2049//1973
f 2049//1973 2043//1967 2050//1974
f 2003//1927 2043//1967 1991//1915
f 2051//1975 2046//1970 2052//1976
f 2052//1976 2047//1971 2053//1977
f 2053//1977 2048//1972 2054//1978
f 2054//1978 2049//1973 2055//1979
f 2055//1979 2050//1974 2056//1980
f 2009//1933 2050//1974 2003//1927
f 2057//1981 2052//1976 2058//1982
f 2058//1982 2053//1977 2059//1983
f 2059//1983 2054//1978 2060//1984
f 2060//1984 2055//1979 2061//1985
f 2061//1985 2056//1980 2062//1986
f 2015//1939 2056//1980 2009//1933
f 2064//1988 2057//1981 2058//1982
f 2065//1989 2058//1982 2059//1983
f 2066//1990 2059//1983 2060//1984
f 2067//1991 2060//1984 2061//1985
f 2068//1992 2061//1985 2062//1986
f 2021//1945 2062//1986 2015//1939
f 2070//1994 2063//1987 2064//1988
f 2071//1995 2064//1988 2065//1989
f 2072//1996 2065//1989 2066//1990
f 2073//1997 2066//1990 2067//1991
f 2074//1998 2067//1991 2068//1992
f 2027//1951 2068//1992 2021//1945
f 2076//2000 2078//2002 2077//2001
f 2079//2003 2077//2001 2080//2004
f 2081//2005 2080//2004 2082//2006
f 2083//2007 2082//2006 2084//2008
f 2085//2009 2084//2008 2086//2010
f 2033//1957 2086//2010 2036//1960
f 2087//2011 2075//1999 2076//2000
f 2088//2012 2076//2000 2079//2003
f 2089//2013 2079//2003 2081//2005
f 2090//2014 2081//2005 2083//2007
f 2091//2015 2083//2007 2085//2009
f 2045//1969 2085//2009 2033//1957
f 2093//2017 2849//2773 2087//2011
f 2094//2018 2087//2011 2088//2012
f 2095//2019 2088//2012 2089//2013
f 2096//2020 2089//2013 2090//2014
f 2097//2021 2090//2014 2091//2015
f 2051//1975 2091//2015 2045//1969
f 2099//2023 2092//2016 2093//2017
f 2100//2024 2093//2017 2094//2018
f 2101//2025 2094//2018 2095//2019
f 2102//2026 2095//2019 2096//2020
f 2103//2027 2096//2020 2097//2021
f 2057//1981 2097//2021 2051//1975
f 2104//2028 2098//2022 2099//2023
f 2105//2029 2099//2023 2100//2024
f 2106//2030 2100//2024 2101//2025
f 2107//2031 2101//2025 2102//2026
f 2107//2031 2103//2027 2108//2032
f 2108//2032 2057//1981 2063//1987
f 2110//2034 2833//2757 2104//2028
f 2111//2035 2104//2028 2105//2029
f 2112//2036 2105//2029 2106//2030
f 2573//2497 2106//2030 2107//2031
f 2573//2497 2108//2032 2567//2491
f 2567//2491 2063//1987 2069//1993
f 2114//2038 2116//2040 2115//2039
f 2117//2041 2115//2039 2118//2042
f 2119//2043 2118//2042 2120//2044
f 2121//2045 2120//2044 2122//2046
f 2123//2047 2122//2046 2124//2048
f 2125//2049 2124//2048 127//127
f 2127//2051 2113//2037 2114//2038
f 2128//2052 2114//2038 2117//2041
f 2129//2053 2117//2041 2119//2043
f 2130//2054 2119//2043 2121//2045
f 2131//2055 2121//2045 2123//2047
f 168//168 2123//2047 2125//2049
f 2133//2057 2126//2050 2127//2051
f 2134//2058 2127//2051 2128//2052
f 2135//2059 2128//2052 2129//2053
f 2136//2060 2129//2053 2130//2054
f 2137//2061 2130//2054 2131//2055
f 166//166 2131//2055 168//168
f 2139//2063 2132//2056 2133//2057
f 2140//2064 2133//2057 2134//2058
f 2141//2065 2134//2058 2135//2059
f 2142//2066 2135//2059 2136//2060
f 2143//2067 2136//2060 2137//2061
f 164//164 2137//2061 166//166
f 2145//2069 2138//2062 2139//2063
f 2146//2070 2139//2063 2140//2064
f 2147//2071 2140//2064 2141//2065
f 2148//2072 2141//2065 2142//2066
f 2149//2073 2142//2066 2143//2067
f 2150//2074 2143//2067 164//164
f 944//868 2144//2068 2145//2069
f 952//876 2145//2069 2146//2070
f 959//883 2146//2070 2147//2071
f 966//890 2147//2071 2148//2072
f 973//897 2148//2072 2149//2073
f 59//59 2149//2073 2150//2074
f 2151//2075 2153//2077 2152//2076
f 2152//2076 2156//2080 2155//2079
f 2155//2079 2158//2082 2157//2081
f 2159//2083 2158//2082 2160//2084
f 2161//2085 2160//2084 2162//2086
f 2113//2037 2162//2086 2116//2040
f 2164//2088 2151//2075 2152//2076
f 2165//2089 2152//2076 2155//2079
f 2166//2090 2155//2079 2157//2081
f 2167//2091 2157//2081 2159//2083
f 2168//2092 2159//2083 2161//2085
f 2126//2050 2161//2085 2113//2037
f 2170//2094 2163//2087 2164//2088
f 2171//2095 2164//2088 2165//2089
f 2172//2096 2165//2089 2166//2090
f 2173//2097 2166//2090 2167//2091
f 2174//2098 2167//2091 2168//2092
f 2132//2056 2168//2092 2126//2050
f 2176//2100 2169//2093 2170//2094
f 2177//2101 2170//2094 2171//2095
f 2178//2102 2171//2095 2172//2096
f 2179//2103 2172//2096 2173//2097
f 2180//2104 2173//2097 2174//2098
f 2138//2062 2174//2098 2132//2056
f 2182//2106 2175//2099 2176//2100
f 2183//2107 2176//2100 2177//2101
f 2184//2108 2177//2101 2178//2102
f 2185//2109 2178//2102 2179//2103
f 2185//2109 2180//2104 2186//2110
f 2144//2068 2180//2104 2138//2062
f 2188//2112 2189//2113 2982//2906
f 2190//2114 2982//2906 2191//2115
f 2192//2116 2191//2115 2971//2895
f 2193//2117 2971//2895 2965//2889
f 2194//2118 2965//2889 2195//2119
f 2151//2075 2195//2119 2154//2078
f 2197//2121 2187//2111 2188//2112
f 2198//2122 2188//2112 2190//2114
f 2199//2123 2190//2114 2192//2116
f 2200//2124 2192//2116 2193//2117
f 2201//2125 2193//2117 2194//2118
f 2163//2087 2194//2118 2151//2075
f 2203//2127 2196//2120 2197//2121
f 2204//2128 2197//2121 2198//2122
f 2205//2129 2198//2122 2199//2123
f 2206//2130 2199//2123 2200//2124
f 2207//2131 2200//2124 2201//2125
f 2169//2093 2201//2125 2163//2087
f 2209//2133 2202//2126 2203//2127
f 2210//2134 2203//2127 2204//2128
f 2211//2135 2204//2128 2205//2129
f 2212//2136 2205//2129 2206//2130
f 2213//2137 2206//2130 2207//2131
f 2175//2099 2207//2131 2169//2093
f 2215//2139 2208//2132 2209//2133
f 2216//2140 2209//2133 2210//2134
f 2217//2141 2210//2134 2211//2135
f 2218//2142 2211//2135 2212//2136
f 2219//2143 2212//2136 2213//2137
f 2181//2105 2213//2137 2175//2099
f 1276//1200 2214//2138 2215//2139
f 1284//1208 2215//2139 2216//2140
f 1291//1215 2216//2140 2217//2141
f 1298//1222 2217//2141 2218//2142
f 1305//1229 2218//2142 2219//2143
f 945//869 2219//2143 2181//2105
f 2220//2144 1868//1792 2221//2145
f 2222//2146 2221//2145 2223//2147
f 2224//2148 2223//2147 2225//2149
f 2226//2150 2225//2149 2227//2151
f 2228//2152 2227//2151 2261//2185
f 2187//2111 2261//2185 2189//2113
f 2229//2153 1867//1791 2220//2144
f 2230//2154 2220//2144 2222//2146
f 2231//2155 2222//2146 2224//2148
f 2232//2156 2224//2148 2226//2150
f 2233//2157 2226//2150 2228//2152
f 2196//2120 2228//2152 2187//2111
f 2234//2158 1870//1794 2229//2153
f 2235//2159 2229//2153 2230//2154
f 2236//2160 2230//2154 2231//2155
f 2237//2161 2231//2155 2232//2156
f 2238//2162 2232//2156 2233//2157
f 2202//2126 2233//2157 2196//2120
f 2239//2163 1872//1796 2234//2158
f 2240//2164 2234//2158 2235//2159
f 2241//2165 2235//2159 2236//2160
f 2242//2166 2236//2160 2237//2161
f 2243//2167 2237//2161 2238//2162
f 2243//2167 2202//2126 2208//2132
f 2244//2168 1874//1798 2239//2163
f 2245//2169 2239//2163 2240//2164
f 2246//2170 2240//2164 2241//2165
f 2247//2171 2241//2165 2242//2166
f 2247//2171 2243//2167 2248//2172
f 2248//2172 2208//2132 2214//2138
f 1824//1748 1876//1800 2244//2168
f 1827//1751 2244//2168 2245//2169
f 1829//1753 2245//2169 2246//2170
f 1831//1755 2246//2170 2247//2171
f 1831//1755 2248//2172 1833//1757
f 1833//1757 2214//2138 1277//1201
f 2249//2173 2251//2175 2250//2174
f 2250//2174 2254//2178 2253//2177
f 2253//2177 2256//2180 2255//2179
f 2255//2179 2258//2182 2257//2181
f 2257//2181 2260//2184 2259//2183
f 2259//2183 2189//2113 2261//2185
f 2262//2186 2250//2174 2263//2187
f 2263//2187 2253//2177 2264//2188
f 2264//2188 2255//2179 2265//2189
f 2265//2189 2257//2181 2266//2190
f 2266//2190 2259//2183 2267//2191
f 2267//2191 2261//2185 2227//2151
f 2268//2192 2263//2187 2269//2193
f 2269//2193 2264//2188 2270//2194
f 2270//2194 2265//2189 2271//2195
f 2271//2195 2266//2190 2272//2196
f 2272//2196 2267//2191 2273//2197
f 2273//2197 2227//2151 2225//2149
f 2274//2198 2269//2193 2275//2199
f 2275//2199 2270//2194 2276//2200
f 2276//2200 2271//2195 2277//2201
f 2277//2201 2272//2196 2278//2202
f 2278//2202 2273//2197 2279//2203
f 2279//2203 2225//2149 2223//2147
f 2280//2204 2275//2199 2281//2205
f 2281//2205 2276//2200 2282//2206
f 2282//2206 2277//2201 2283//2207
f 2283//2207 2278//2202 2284//2208
f 2284//2208 2279//2203 2285//2209
f 2285//2209 2223//2147 2221//2145
f 1910//1834 2281//2205 1909//1833
f 1909//1833 2282//2206 1912//1836
f 1912//1836 2283//2207 1914//1838
f 1914//1838 2284//2208 1916//1840
f 1916//1840 2285//2209 1918//1842
f 1918//1842 2221//2145 1868//1792
f 2286//2210 2288//2212 2287//2211
f 2287//2211 2291//2215 2290//2214
f 2290//2214 2293//2217 2292//2216
f 2292//2216 2295//2219 2294//2218
f 2294//2218 2297//2221 2296//2220
f 2249//2173 2297//2221 2252//2176
f 2298//2222 2287//2211 2299//2223
f 2299//2223 2290//2214 2300//2224
f 2300//2224 2292//2216 2301//2225
f 2301//2225 2294//2218 2302//2226
f 2302//2226 2296//2220 2303//2227
f 2303//2227 2249//2173 2262//2186
f 2304//2228 2299//2223 2305//2229
f 2305//2229 2300//2224 2306//2230
f 2306//2230 2301//2225 2307//2231
f 2307//2231 2302//2226 2308//2232
f 2308//2232 2303//2227 2309//2233
f 2309//2233 2262//2186 2268//2192
f 2310//2234 2305//2229 2311//2235
f 2311//2235 2306//2230 2312//2236
f 2312//2236 2307//2231 2313//2237
f 2313//2237 2308//2232 2314//2238
f 2314//2238 2309//2233 2315//2239
f 2315//2239 2268//2192 2274//2198
f 2316//2240 2311//2235 2317//2241
f 2317//2241 2312//2236 2318//2242
f 2318//2242 2313//2237 2319//2243
f 2319//2243 2314//2238 2320//2244
f 2320//2244 2315//2239 2321//2245
f 2321//2245 2274//2198 2280//2204
f 1951//1875 2316//2240 2317//2241
f 1951//1875 2318//2242 1954//1878
f 1954//1878 2319//2243 1956//1880
f 1956//1880 2320//2244 1958//1882
f 1958//1882 2321//2245 1960//1884
f 1960//1884 2280//2204 1910//1834
f 2323//2247 2325//2249 2324//2248
f 2326//2250 2324//2248 2327//2251
f 2328//2252 2327//2251 2329//2253
f 2330//2254 2329//2253 2331//2255
f 2332//2256 2331//2255 2333//2257
f 2286//2210 2333//2257 2289//2213
f 2335//2259 2322//2246 2323//2247
f 2336//2260 2323//2247 2326//2250
f 2337//2261 2326//2250 2328//2252
f 2338//2262 2328//2252 2330//2254
f 2339//2263 2330//2254 2332//2256
f 2298//2222 2332//2256 2286//2210
f 2341//2265 2334//2258 2335//2259
f 2342//2266 2335//2259 2336//2260
f 2343//2267 2336//2260 2337//2261
f 2344//2268 2337//2261 2338//2262
f 2345//2269 2338//2262 2339//2263
f 2304//2228 2339//2263 2298//2222
f 2347//2271 2340//2264 2341//2265
f 2348//2272 2341//2265 2342//2266
f 2349//2273 2342//2266 2343//2267
f 2350//2274 2343//2267 2344//2268
f 2351//2275 2344//2268 2345//2269
f 2310//2234 2345//2269 2304//2228
f 2353//2277 2346//2270 2347//2271
f 2354//2278 2347//2271 2348//2272
f 2355//2279 2348//2272 2349//2273
f 2356//2280 2349//2273 2350//2274
f 2357//2281 2350//2274 2351//2275
f 2316//2240 2351//2275 2310//2234
f 1993//1917 2352//2276 2353//2277
f 1996//1920 2353//2277 2354//2278
f 1998//1922 2354//2278 2355//2279
f 2000//1924 2355//2279 2356//2280
f 2002//1926 2356//2280 2357//2281
f 1952//1876 2357//2281 2316//2240
f 2077//2001 2359//2283 2358//2282
f 2358//2282 2361//2285 2360//2284
f 2360//2284 2363//2287 2362//2286
f 2362//2286 2365//2289 2364//2288
f 2364//2288 2367//2291 2366//2290
f 2322//2246 2367//2291 2325//2249
f 2080//2004 2358//2282 2368//2292
f 2368//2292 2360//2284 2369//2293
f 2369//2293 2362//2286 2370//2294
f 2370//2294 2364//2288 2371//2295
f 2371//2295 2366//2290 2372//2296
f 2334//2258 2366//2290 2322//2246
f 2082//2006 2368//2292 2373//2297
f 2373//2297 2369//2293 2374//2298
f 2374//2298 2370//2294 2375//2299
f 2375//2299 2371//2295 2376//2300
f 2377//2301 2371//2295 2372//2296
f 2340//2264 2372//2296 2334//2258
f 2084//2008 2373//2297 2378//2302
f 2378//2302 2374//2298 2379//2303
f 2379//2303 2375//2299 2380//2304
f 2381//2305 2375//2299 2376//2300
f 2382//2306 2376//2300 2377//2301
f 2346//2270 2377//2301 2340//2264
f 2086//2010 2378//2302 2383//2307
f 2384//2308 2378//2302 2379//2303
f 2385//2309 2379//2303 2380//2304
f 2386//2310 2380//2304 2381//2305
f 2387//2311 2381//2305 2382//2306
f 2352//2276 2382//2306 2346//2270
f 2035//1959 2086//2010 2383//2307
f 2038//1962 2383//2307 2384//2308
f 2040//1964 2384//2308 2385//2309
f 2042//1966 2385//2309 2386//2310
f 2042//1966 2387//2311 2044//1968
f 1994//1918 2387//2311 2352//2276
f 2388//2312 1860//1784 2389//2313
f 2389//2313 1861//1785 2390//2314
f 2390//2314 1862//1786 2391//2315
f 2391//2315 1863//1787 2392//2316
f 2392//2316 1864//1788 2393//2317
f 2393//2317 1600//1524 1790//1714
f 2395//2319 2388//2312 2389//2313
f 2395//2319 2390//2314 2396//2320
f 2396//2320 2391//2315 2397//2321
f 2397//2321 2392//2316 2398//2322
f 2398//2322 2393//2317 2399//2323
f 2399//2323 1790//1714 1798//1722
f 2401//2325 2394//2318 2395//2319
f 2402//2326 2395//2319 2396//2320
f 2402//2326 2397//2321 2403//2327
f 2403//2327 2398//2322 2404//2328
f 2404//2328 2399//2323 2405//2329
f 2405//2329 1798//1722 1804//1728
f 2407//2331 2400//2324 2401//2325
f 2408//2332 2401//2325 2402//2326
f 2409//2333 2402//2326 2403//2327
f 2409//2333 2404//2328 2410//2334
f 2410//2334 2405//2329 2411//2335
f 2411//2335 1804//1728 1810//1734
f 2413//2337 2406//2330 2407//2331
f 2414//2338 2407//2331 2408//2332
f 2415//2339 2408//2332 2409//2333
f 2416//2340 2409//2333 2410//2334
f 2416//2340 2411//2335 2417//2341
f 2417//2341 1810//1734 1816//1740
f 2419//2343 2412//2336 2413//2337
f 2420//2344 2413//2337 2414//2338
f 2421//2345 2414//2338 2415//2339
f 2422//2346 2415//2339 2416//2340
f 2422//2346 2417//2341 2423//2347
f 2423//2347 1816//1740 1556//1480
f 2425//2349 1901//1825 1902//1826
f 2426//2350 1902//1826 1903//1827
f 2427//2351 1903//1827 1904//1828
f 2428//2352 1904//1828 1905//1829
f 2429//2353 1905//1829 1906//1830
f 2429//2353 1859//1783 2388//2312
f 2431//2355 2424//2348 2425//2349
f 2432//2356 2425//2349 2426//2350
f 2433//2357 2426//2350 2427//2351
f 2434//2358 2427//2351 2428//2352
f 2434//2358 2429//2353 2435//2359
f 2435//2359 2388//2312 2394//2318
f 2437//2361 2430//2354 2431//2355
f 2438//2362 2431//2355 2432//2356
f 2439//2363 2432//2356 2433//2357
f 2439//2363 2434//2358 2440//2364
f 2440//2364 2435//2359 2441//2365
f 2441//2365 2394//2318 2400//2324
f 2443//2367 2436//2360 2437//2361
f 2444//2368 2437//2361 2438//2362
f 2445//2369 2438//2362 2439//2363
f 2445//2369 2440//2364 2446//2370
f 2446//2370 2441//2365 2447//2371
f 2447//2371 2400//2324 2406//2330
f 2449//2373 2442//2366 2443//2367
f 2450//2374 2443//2367 2444//2368
f 2451//2375 2444//2368 2445//2369
f 2452//2376 2445//2369 2446//2370
f 2452//2376 2447//2371 2453//2377
f 2453//2377 2406//2330 2412//2336
f 2727//2651 2448//2372 2449//2373
f 2455//2379 2449//2373 2450//2374
f 2456//2380 2450//2374 2451//2375
f 2457//2381 2451//2375 2452//2376
f 2458//2382 2452//2376 2453//2377
f 2418//2342 2453//2377 2412//2336
f 2460//2384 1943//1867 1944//1868
f 2461//2385 1944//1868 1945//1869
f 2462//2386 1945//1869 1946//1870
f 2463//2387 1946//1870 1947//1871
f 2464//2388 1947//1871 1948//1872
f 2424//2348 1948//1872 1901//1825
f 2466//2390 2459//2383 2460//2384
f 2467//2391 2460//2384 2461//2385
f 2468//2392 2461//2385 2462//2386
f 2469//2393 2462//2386 2463//2387
f 2470//2394 2463//2387 2464//2388
f 2430//2354 2464//2388 2424//2348
f 2472//2396 2465//2389 2466//2390
f 2473//2397 2466//2390 2467//2391
f 2474//2398 2467//2391 2468//2392
f 2475//2399 2468//2392 2469//2393
f 2476//2400 2469//2393 2470//2394
f 2436//2360 2470//2394 2430//2354
f 2478//2402 2471//2395 2472//2396
f 2479//2403 2472//2396 2473//2397
f 2480//2404 2473//2397 2474//2398
f 2481//2405 2474//2398 2475//2399
f 2482//2406 2475//2399 2476//2400
f 2442//2366 2476//2400 2436//2360
f 2484//2408 2477//2401 2478//2402
f 2485//2409 2478//2402 2479//2403
f 2486//2410 2479//2403 2480//2404
f 2487//2411 2480//2404 2481//2405
f 2488//2412 2481//2405 2482//2406
f 2448//2372 2482//2406 2442//2366
f 2490//2414 2483//2407 2484//2408
f 2490//2414 2485//2409 2491//2415
f 2491//2415 2486//2410 2492//2416
f 2493//2417 2486//2410 2487//2411
f 2494//2418 2487//2411 2488//2412
f 2454//2378 2488//2412 2448//2372
f 2495//2419 1986//1910 2496//2420
f 2497//2421 1986//1910 1987//1911
f 2497//2421 1988//1912 2498//2422
f 2498//2422 1989//1913 2499//2423
f 2499//2423 1990//1914 2500//2424
f 2459//2383 1990//1914 1943//1867
f 2501//2425 2496//2420 2502//2426
f 2503//2427 2496//2420 2497//2421
f 2503//2427 2498//2422 2504//2428
f 2504//2428 2499//2423 2505//2429
f 2505//2429 2500//2424 2506//2430
f 2465//2389 2500//2424 2459//2383
f 2507//2431 2502//2426 2508//2432
f 2508//2432 2503//2427 2509//2433
f 2510//2434 2503//2427 2504//2428
f 2510//2434 2505//2429 2511//2435
f 2511//2435 2506//2430 2512//2436
f 2471//2395 2506//2430 2465//2389
f 2513//2437 2508//2432 2514//2438
f 2515//2439 2508//2432 2509//2433
f 2516//2440 2509//2433 2510//2434
f 2517//2441 2510//2434 2511//2435
f 2518//2442 2511//2435 2512//2436
f 2477//2401 2512//2436 2471//2395
f 2519//2443 2514//2438 2520//2444
f 2521//2445 2514//2438 2515//2439
f 2522//2446 2515//2439 2516//2440
f 2523//2447 2516//2440 2517//2441
f 2524//2448 2517//2441 2518//2442
f 2483//2407 2518//2442 2477//2401
f 2525//2449 2520//2444 2526//2450
f 2527//2451 2520//2444 2521//2445
f 2528//2452 2521//2445 2522//2446
f 2529//2453 2522//2446 2523//2447
f 2530//2454 2523//2447 2524//2448
f 2489//2413 2524//2448 2483//2407
f 2531//2455 2028//1952 2532//2456
f 2532//2456 2029//1953 2533//2457
f 2533//2457 2030//1954 2534//2458
f 2534//2458 2031//1955 2535//2459
f 2535//2459 2032//1956 2536//2460
f 2536//2460 1985//1909 2495//2419
f 2537//2461 2532//2456 2538//2462
f 2538//2462 2533//2457 2539//2463
f 2539//2463 2534//2458 2540//2464
f 2540//2464 2535//2459 2541//2465
f 2541//2465 2536//2460 2542//2466
f 2542//2466 2495//2419 2501//2425
f 2543//2467 2538//2462 2544//2468
f 2544//2468 2539//2463 2545//2469
f 2545//2469 2540//2464 2546//2470
f 2546//2470 2541//2465 2547//2471
f 2547//2471 2542//2466 2548//2472
f 2548//2472 2501//2425 2507//2431
f 2549//2473 2544//2468 2550//2474
f 2550//2474 2545//2469 2551//2475
f 2551//2475 2546//2470 2552//2476
f 2552//2476 2547//2471 2553//2477
f 2553//2477 2548//2472 2554//2478
f 2554//2478 2507//2431 2513//2437
f 2555//2479 2550//2474 2556//2480
f 2556//2480 2551//2475 2557//2481
f 2557//2481 2552//2476 2558//2482
f 2558//2482 2553//2477 2559//2483
f 2559//2483 2554//2478 2560//2484
f 2560//2484 2513//2437 2519//2443
f 2561//2485 2556//2480 2562//2486
f 2562//2486 2557//2481 2563//2487
f 2563//2487 2558//2482 2564//2488
f 2564//2488 2559//2483 2565//2489
f 2565//2489 2560//2484 2566//2490
f 2566//2490 2519//2443 2525//2449
f 2567//2491 2070//1994 2568//2492
f 2568//2492 2071//1995 2569//2493
f 2569//2493 2072//1996 2570//2494
f 2570//2494 2073//1997 2571//2495
f 2571//2495 2074//1998 2572//2496
f 2572//2496 2027//1951 2531//2455
f 2573//2497 2568//2492 2574//2498
f 2574//2498 2569//2493 2575//2499
f 2575//2499 2570//2494 2576//2500
f 2576//2500 2571//2495 2577//2501
f 2577//2501 2572//2496 2578//2502
f 2578//2502 2531//2455 2537//2461
f 2579//2503 2573//2497 2574//2498
f 2580//2504 2574//2498 2575//2499
f 2581//2505 2575//2499 2576//2500
f 2582//2506 2576//2500 2577//2501
f 2583//2507 2577//2501 2578//2502
f 2583//2507 2537//2461 2543//2467
f 2584//2508 2112//2036 2579//2503
f 2585//2509 2579//2503 2580//2504
f 2586//2510 2580//2504 2581//2505
f 2587//2511 2581//2505 2582//2506
f 2588//2512 2582//2506 2583//2507
f 2588//2512 2543//2467 2549//2473
f 2589//2513 2111//2035 2584//2508
f 2590//2514 2584//2508 2585//2509
f 2591//2515 2585//2509 2586//2510
f 2592//2516 2586//2510 2587//2511
f 2593//2517 2587//2511 2588//2512
f 2593//2517 2549//2473 2555//2479
f 2594//2518 2110//2034 2589//2513
f 2595//2519 2589//2513 2590//2514
f 2596//2520 2590//2514 2591//2515
f 2597//2521 2591//2515 2592//2516
f 2598//2522 2592//2516 2593//2517
f 2598//2522 2555//2479 2561//2485
f 2599//2523 1228//1152 2600//2524
f 2600//2524 1240//1164 2601//2525
f 2601//2525 1246//1170 2602//2526
f 2602//2526 1252//1176 2603//2527
f 2603//2527 1258//1182 2604//2528
f 2604//2528 701//626 744//669
f 2605//2529 2600//2524 2606//2530
f 2606//2530 2601//2525 2607//2531
f 2607//2531 2602//2526 2608//2532
f 2608//2532 2603//2527 2609//2533
f 2609//2533 2604//2528 2610//2534
f 2610//2534 744//669 742//667
f 2611//2535 2606//2530 2612//2536
f 2612//2536 2607//2531 2613//2537
f 2613//2537 2608//2532 2614//2538
f 2614//2538 2609//2533 2615//2539
f 2615//2539 2610//2534 2616//2540
f 2616//2540 742//667 740//665
f 2617//2541 2612//2536 2618//2542
f 2618//2542 2613//2537 2619//2543
f 2619//2543 2614//2538 2620//2544
f 2620//2544 2615//2539 2621//2545
f 2621//2545 2616//2540 2622//2546
f 2622//2546 740//665 2623//2547
f 2624//2548 2618//2542 2625//2549
f 2625//2549 2619//2543 2626//2550
f 2626//2550 2620//2544 2627//2551
f 2627//2551 2621//2545 2628//2552
f 2628//2552 2622//2546 2629//2553
f 2629//2553 2623//2547 737//662
f 2630//2554 2625//2549 2631//2555
f 2631//2555 2626//2550 2632//2556
f 2632//2556 2627//2551 2633//2557
f 2633//2557 2628//2552 2634//2558
f 2634//2558 2629//2553 2635//2559
f 2635//2559 737//662 633//558
f 2636//2560 2638//2562 2637//2561
f 2640//2564 2638//2562 2641//2565
f 2642//2566 2641//2565 2643//2567
f 2644//2568 2643//2567 2645//2569
f 2646//2570 2645//2569 2677//2601
f 2599//2523 2677//2601 1231//1155
f 2647//2571 2637//2561 2648//2572
f 2649//2573 2637//2561 2640//2564
f 2650//2574 2640//2564 2642//2566
f 2651//2575 2642//2566 2644//2568
f 2652//2576 2644//2568 2646//2570
f 2605//2529 2646//2570 2599//2523
f 2653//2577 2648//2572 2654//2578
f 2655//2579 2648//2572 2649//2573
f 2656//2580 2649//2573 2650//2574
f 2657//2581 2650//2574 2651//2575
f 2658//2582 2651//2575 2652//2576
f 2611//2535 2652//2576 2605//2529
f 2660//2584 2653//2577 2654//2578
f 2661//2585 2654//2578 2655//2579
f 2662//2586 2655//2579 2656//2580
f 2663//2587 2656//2580 2657//2581
f 2664//2588 2657//2581 2658//2582
f 2664//2588 2611//2535 2617//2541
f 2666//2590 2659//2583 2660//2584
f 2667//2591 2660//2584 2661//2585
f 2668//2592 2661//2585 2662//2586
f 2669//2593 2662//2586 2663//2587
f 2669//2593 2664//2588 2670//2594
f 2670//2594 2617//2541 2624//2548
f 2671//2595 1553//1477 2672//2596
f 2672//2596 1565//1489 2673//2597
f 2673//2597 1571//1495 2674//2598
f 2674//2598 1577//1501 2675//2599
f 2675//2599 1583//1507 2676//2600
f 2676//2600 1231//1155 2677//2601
f 2678//2602 2672//2596 2679//2603
f 2679//2603 2673//2597 2680//2604
f 2680//2604 2674//2598 2681//2605
f 2681//2605 2675//2599 2682//2606
f 2682//2606 2676//2600 2683//2607
f 2683//2607 2677//2601 2645//2569
f 2684//2608 2679//2603 2685//2609
f 2685//2609 2680//2604 2686//2610
f 2686//2610 2681//2605 2687//2611
f 2687//2611 2682//2606 2688//2612
f 2688//2612 2683//2607 2689//2613
f 2689//2613 2645//2569 2643//2567
f 2690//2614 2685//2609 2691//2615
f 2691//2615 2686//2610 2692//2616
f 2692//2616 2687//2611 2693//2617
f 2693//2617 2688//2612 2694//2618
f 2694//2618 2689//2613 2695//2619
f 2695//2619 2643//2567 2641//2565
f 2696//2620 2691//2615 2697//2621
f 2697//2621 2692//2616 2698//2622
f 2698//2622 2693//2617 2699//2623
f 2699//2623 2694//2618 2700//2624
f 2700//2624 2695//2619 2701//2625
f 2701//2625 2641//2565 2638//2562
f 2702//2626 2697//2621 3003//2927
f 3003//2927 2698//2622 2703//2627
f 2703//2627 2699//2623 2704//2628
f 2704//2628 2700//2624 2705//2629
f 2705//2629 2701//2625 2706//2630
f 2706//2630 2638//2562 2639//2563
f 2458//2382 2419//2343 2707//2631
f 2707//2631 2420//2344 2708//2632
f 2708//2632 2421//2345 2709//2633
f 2709//2633 2422//2346 2710//2634
f 2711//2635 2422//2346 2423//2347
f 2671//2595 2423//2347 1556//1480
f 2457//2381 2707//2631 2712//2636
f 2712//2636 2708//2632 2713//2637
f 2713//2637 2709//2633 2714//2638
f 2714//2638 2710//2634 2715//2639
f 2716//2640 2710//2634 2711//2635
f 2678//2602 2711//2635 2671//2595
f 2456//2380 2712//2636 2717//2641
f 2717//2641 2713//2637 2718//2642
f 2718//2642 2714//2638 2719//2643
f 2719//2643 2715//2639 2720//2644
f 2720//2644 2716//2640 2721//2645
f 2684//2608 2716//2640 2678//2602
f 2455//2379 2717//2641 2722//2646
f 2722//2646 2718//2642 2723//2647
f 2723//2647 2719//2643 2724//2648
f 2724//2648 2720//2644 2725//2649
f 2725//2649 2721//2645 2726//2650
f 2726//2650 2684//2608 2690//2614
f 2727//2651 2722//2646 2728//2652
f 2728//2652 2723//2647 2729//2653
f 2729//2653 2724//2648 2730//2654
f 2730//2654 2725//2649 2731//2655
f 2731//2655 2726//2650 2732//2656
f 2732//2656 2690//2614 2696//2620
f 2454//2378 2728//2652 2733//2657
f 2733//2657 2729//2653 2734//2658
f 2734//2658 2730//2654 2735//2659
f 2735//2659 2731//2655 2736//2660
f 2736//2660 2732//2656 2737//2661
f 2737//2661 2696//2620 2702//2626
f 2739//2663 2489//2413 2490//2414
f 2740//2664 2490//2414 2491//2415
f 2741//2665 2491//2415 2492//2416
f 2742//2666 2492//2416 2493//2417
f 2743//2667 2493//2417 2494//2418
f 2733//2657 2494//2418 2454//2378
f 2745//2669 2738//2662 2739//2663
f 2746//2670 2739//2663 2740//2664
f 2747//2671 2740//2664 2741//2665
f 2748//2672 2741//2665 2742//2666
f 2749//2673 2742//2666 2743//2667
f 2734//2658 2743//2667 2733//2657
f 2751//2675 2744//2668 2745//2669
f 2752//2676 2745//2669 2746//2670
f 2753//2677 2746//2670 2747//2671
f 2754//2678 2747//2671 2748//2672
f 2755//2679 2748//2672 2749//2673
f 2735//2659 2749//2673 2734//2658
f 2757//2681 2750//2674 2751//2675
f 2758//2682 2751//2675 2752//2676
f 2759//2683 2752//2676 2753//2677
f 2760//2684 2753//2677 2754//2678
f 2761//2685 2754//2678 2755//2679
f 2736//2660 2755//2679 2735//2659
f 2763//2687 2756//2680 2757//2681
f 2764//2688 2757//2681 2758//2682
f 2765//2689 2758//2682 2759//2683
f 2766//2690 2759//2683 2760//2684
f 2767//2691 2760//2684 2761//2685
f 2737//2661 2761//2685 2736//2660
f 2768//2692 2762//2686 2763//2687
f 2769//2693 2763//2687 2764//2688
f 2770//2694 2764//2688 2765//2689
f 2771//2695 2765//2689 2766//2690
f 2772//2696 2766//2690 2767//2691
f 2702//2626 2767//2691 2737//2661
f 2773//2697 2526//2450 2774//2698
f 2775//2699 2526//2450 2527//2451
f 2776//2700 2527//2451 2528//2452
f 2777//2701 2528//2452 2529//2453
f 2778//2702 2529//2453 2530//2454
f 2738//2662 2530//2454 2489//2413
f 2780//2704 2773//2697 2774//2698
f 2781//2705 2774//2698 2775//2699
f 2782//2706 2775//2699 2776//2700
f 2783//2707 2776//2700 2777//2701
f 2784//2708 2777//2701 2778//2702
f 2744//2668 2778//2702 2738//2662
f 2786//2710 2779//2703 2780//2704
f 2787//2711 2780//2704 2781//2705
f 2788//2712 2781//2705 2782//2706
f 2789//2713 2782//2706 2783//2707
f 2790//2714 2783//2707 2784//2708
f 2750//2674 2784//2708 2744//2668
f 2792//2716 2785//2709 2786//2710
f 2793//2717 2786//2710 2787//2711
f 2794//2718 2787//2711 2788//2712
f 2795//2719 2788//2712 2789//2713
f 2796//2720 2789//2713 2790//2714
f 2756//2680 2790//2714 2750//2674
f 2798//2722 2791//2715 2792//2716
f 2799//2723 2792//2716 2793//2717
f 2800//2724 2793//2717 2794//2718
f 2801//2725 2794//2718 2795//2719
f 2802//2726 2795//2719 2796//2720
f 2762//2686 2796//2720 2756//2680
f 2288//2212 2797//2721 2798//2722
f 2291//2215 2798//2722 2799//2723
f 2293//2217 2799//2723 2800//2724
f 2295//2219 2800//2724 2801//2725
f 2297//2221 2801//2725 2802//2726
f 2297//2221 2762//2686 2252//2176
f 2803//2727 2562//2486 2804//2728
f 2804//2728 2563//2487 2805//2729
f 2805//2729 2564//2488 2806//2730
f 2806//2730 2565//2489 2807//2731
f 2807//2731 2566//2490 2808//2732
f 2808//2732 2525//2449 2773//2697
f 2809//2733 2804//2728 2810//2734
f 2810//2734 2805//2729 2811//2735
f 2811//2735 2806//2730 2812//2736
f 2812//2736 2807//2731 2813//2737
f 2813//2737 2808//2732 2814//2738
f 2814//2738 2773//2697 2779//2703
f 2815//2739 2810//2734 2816//2740
f 2816//2740 2811//2735 2817//2741
f 2817//2741 2812//2736 2818//2742
f 2818//2742 2813//2737 2819//2743
f 2819//2743 2814//2738 2820//2744
f 2820//2744 2779//2703 2785//2709
f 2821//2745 2816//2740 2822//2746
f 2822//2746 2817//2741 2823//2747
f 2823//2747 2818//2742 2824//2748
f 2824//2748 2819//2743 2825//2749
f 2825//2749 2820//2744 2826//2750
f 2826//2750 2785//2709 2791//2715
f 2827//2751 2822//2746 2828//2752
f 2828//2752 2823//2747 2829//2753
f 2829//2753 2824//2748 2830//2754
f 2830//2754 2825//2749 2831//2755
f 2831//2755 2826//2750 2832//2756
f 2832//2756 2791//2715 2797//2721
f 2325//2249 2828//2752 2324//2248
f 2324//2248 2829//2753 2327//2251
f 2327//2251 2830//2754 2329//2253
f 2329//2253 2831//2755 2331//2255
f 2331//2255 2832//2756 2333//2257
f 2333//2257 2797//2721 2289//2213
f 2833//2757 2594//2518 2834//2758
f 2834//2758 2595//2519 2835//2759
f 2835//2759 2596//2520 2836//2760
f 2836//2760 2597//2521 2837//2761
f 2838//2762 2597//2521 2598//2522
f 2838//2762 2561//2485 2803//2727
f 2839//2763 2833//2757 2834//2758
f 2839//2763 2835//2759 2840//2764
f 2840//2764 2836//2760 2841//2765
f 2841//2765 2837//2761 2842//2766
f 2842//2766 2838//2762 2843//2767
f 2843//2767 2803//2727 2809//2733
f 2844//2768 2098//2022 2839//2763
f 2845//2769 2839//2763 2840//2764
f 2846//2770 2840//2764 2841//2765
f 2846//2770 2842//2766 2847//2771
f 2847//2771 2843//2767 2848//2772
f 2848//2772 2809//2733 2815//2739
f 2850//2774 2092//2016 2844//2768
f 2851//2775 2844//2768 2845//2769
f 2852//2776 2845//2769 2846//2770
f 2853//2777 2846//2770 2847//2771
f 2853//2777 2848//2772 2854//2778
f 2854//2778 2815//2739 2821//2745
f 2855//2779 2849//2773 2850//2774
f 2856//2780 2850//2774 2851//2775
f 2857//2781 2851//2775 2852//2776
f 2858//2782 2852//2776 2853//2777
f 2859//2783 2853//2777 2854//2778
f 2859//2783 2821//2745 2827//2751
f 2359//2283 2075//1999 2855//2779
f 2361//2285 2855//2779 2856//2780
f 2363//2287 2856//2780 2857//2781
f 2365//2289 2857//2781 2858//2782
f 2367//2291 2858//2782 2859//2783
f 2367//2291 2827//2751 2325//2249
f 2860//2784 2631//2555 2861//2785
f 2861//2785 2632//2556 2862//2786
f 2862//2786 2633//2557 2863//2787
f 2863//2787 2634//2558 2864//2788
f 2864//2788 2635//2559 2865//2789
f 2865//2789 633//558 895//819
f 2866//2790 2861//2785 2867//2791
f 2867//2791 2862//2786 2868//2792
f 2868//2792 2863//2787 2869//2793
f 2869//2793 2864//2788 2870//2794
f 2870//2794 2865//2789 2871//2795
f 2871//2795 895//819 896//820
f 2872//2796 2867//2791 2873//2797
f 2873//2797 2868//2792 2874//2798
f 2874//2798 2869//2793 2875//2799
f 2875//2799 2870//2794 2876//2800
f 2876//2800 2871//2795 2877//2801
f 2877//2801 896//820 897//821
f 2879//2803 2872//2796 2873//2797
f 2880//2804 2873//2797 2874//2798
f 2881//2805 2874//2798 2875//2799
f 2882//2806 2875//2799 2876//2800
f 2883//2807 2876//2800 2877//2801
f 898//822 2877//2801 897//821
f 2885//2809 2878//2802 2879//2803
f 2886//2810 2879//2803 2880//2804
f 2887//2811 2880//2804 2881//2805
f 2888//2812 2881//2805 2882//2806
f 2889//2813 2882//2806 2883//2807
f 899//823 2883//2807 898//822
f 2115//2039 2884//2808 2885//2809
f 2118//2042 2885//2809 2886//2810
f 2120//2044 2886//2810 2887//2811
f 2122//2046 2887//2811 2888//2812
f 2124//2048 2888//2812 2889//2813
f 127//127 2889//2813 899//823
f 2891//2815 2639//2563 2636//2560
f 2892//2816 2636//2560 2647//2571
f 2893//2817 2647//2571 2653//2577
f 2894//2818 2653//2577 2659//2583
f 2894//2818 2665//2589 2895//2819
f 2895//2819 2630//2554 2860//2784
f 2897//2821 2890//2814 2891//2815
f 2898//2822 2891//2815 2892//2816
f 2899//2823 2892//2816 2893//2817
f 2900//2824 2893//2817 2894//2818
f 2900//2824 2895//2819 2901//2825
f 2901//2825 2860//2784 2866//2790
f 2903//2827 2896//2820 2897//2821
f 2904//2828 2897//2821 2898//2822
f 2905//2829 2898//2822 2899//2823
f 2906//2830 2899//2823 2900//2824
f 2906//2830 2901//2825 2907//2831
f 2907//2831 2866//2790 2872//2796
f 2908//2832 2903//2827 2909//2833
f 2909//2833 2904//2828 2910//2834
f 2910//2834 2905//2829 2911//2835
f 2911//2835 2906//2830 2912//2836
f 2913//2837 2906//2830 2907//2831
f 2878//2802 2907//2831 2872//2796
f 2914//2838 2909//2833 2915//2839
f 2915//2839 2910//2834 2916//2840
f 2916//2840 2911//2835 2917//2841
f 2917//2841 2912//2836 2918//2842
f 2919//2843 2912//2836 2913//2837
f 2884//2808 2913//2837 2878//2802
f 2154//2078 2915//2839 2153//2077
f 2153//2077 2916//2840 2156//2080
f 2156//2080 2917//2841 2158//2082
f 2158//2082 2918//2842 2160//2084
f 2162//2086 2918//2842 2919//2843
f 2116//2040 2919//2843 2884//2808
f 2920//2844 2890//2814 2921//2845
f 2921//2845 2896//2820 2922//2846
f 2922//2846 2902//2826 2923//2847
f 2924//2848 2902//2826 2908//2832
f 2925//2849 2908//2832 2914//2838
f 2926//2850 2914//2838 2154//2078
f 2927//2851 2921//2845 2928//2852
f 2928//2852 2922//2846 2929//2853
f 2929//2853 2923//2847 2930//2854
f 2931//2855 2923//2847 2924//2848
f 2932//2856 2924//2848 2925//2849
f 2933//2857 2925//2849 2926//2850
f 2934//2858 2928//2852 2935//2859
f 2935//2859 2929//2853 2936//2860
f 2936//2860 2930//2854 2937//2861
f 2938//2862 2930//2854 2931//2855
f 2939//2863 2931//2855 2932//2856
f 2940//2864 2932//2856 2933//2857
f 2941//2865 2935//2859 2942//2866
f 2942//2866 2936//2860 2943//2867
f 2943//2867 2937//2861 2944//2868
f 2945//2869 2937//2861 2938//2862
f 2946//2870 2938//2862 2939//2863
f 2947//2871 2939//2863 2940//2864
f 2948//2872 2942//2866 2949//2873
f 2949//2873 2943//2867 2950//2874
f 2950//2874 2944//2868 2951//2875
f 2952//2876 2944//2868 2945//2869
f 2953//2877 2945//2869 2946//2870
f 2955//2879 2946//2870 2947//2871
f 2251//2175 2955//2879 2954//2878
f 2954//2878 2947//2871 2956//2880
f 2956//2880 2940//2864 2957//2881
f 2957//2881 2933//2857 2958//2882
f 2958//2882 2926//2850 2959//2883
f 2959//2883 2154//2078 2195//2119
f 2254//2178 2954//2878 2960//2884
f 2960//2884 2956//2880 2961//2885
f 2961//2885 2957//2881 2962//2886
f 2962//2886 2958//2882 2963//2887
f 2963//2887 2959//2883 2964//2888
f 2964//2888 2195//2119 2965//2889
f 2256//2180 2960//2884 2966//2890
f 2966//2890 2961//2885 2967//2891
f 2967//2891 2962//2886 2968//2892
f 2968//2892 2963//2887 2969//2893
f 2969//2893 2964//2888 2970//2894
f 2970//2894 2965//2889 2971//2895
f 2972//2896 2256//2180 2966//2890
f 2973//2897 2966//2890 2967//2891
f 2973//2897 2968//2892 2974//2898
f 2974//2898 2969//2893 2975//2899
f 2975//2899 2970//2894 2976//2900
f 2976//2900 2971//2895 2191//2115
f 2977//2901 2258//2182 2972//2896
f 2978//2902 2972//2896 2973//2897
f 2978//2902 2974//2898 2979//2903
f 2979//2903 2975//2899 2980//2904
f 2980//2904 2976//2900 2981//2905
f 2981//2905 2191//2115 2982//2906
f 2983//2907 2639//2563 2920//2844
f 2984//2908 2920//2844 2927//2851
f 2985//2909 2927//2851 2934//2858
f 2986//2910 2934//2858 2941//2865
f 2987//2911 2941//2865 2948//2872
f 2768//2692 2948//2872 2252//2176
f 2988//2912 2706//2630 2983//2907
f 2989//2913 2983//2907 2984//2908
f 2990//2914 2984//2908 2985//2909
f 2991//2915 2985//2909 2986//2910
f 2992//2916 2986//2910 2987//2911
f 2769//2693 2987//2911 2768//2692
f 2993//2917 2705//2629 2988//2912
f 2994//2918 2988//2912 2989//2913
f 2995//2919 2989//2913 2990//2914
f 2996//2920 2990//2914 2991//2915
f 2997//2921 2991//2915 2992//2916
f 2770//2694 2992//2916 2769//2693
f 2998//2922 2704//2628 2993//2917
f 2999//2923 2993//2917 2994//2918
f 3000//2924 2994//2918 2995//2919
f 3001//2925 2995//2919 2996//2920
f 3001//2925 2997//2921 3002//2926
f 3002//2926 2770//2694 2771//2695
f 3004//2928 2703//2627 2998//2922
f 3005//2929 2998//2922 2999//2923
f 3006//2930 2999//2923 3000//2924
f 3007//2931 3000//2924 3001//2925
f 3007//2931 3002//2926 3008//2932
f 3008//2932 2771//2695 2772//2696
f 3009//2933 3011//2935 3010//2934
f 3012//2936 3010//2934 3013//2937
f 3012//2936 3015//2939 3014//2938
f 3016//2940 3015//2939 3017//2941
f 3018//2942 3017//2941 3019//2943
f 3018//2942 3021//2945 3020//2944
f 3022//2946 3350//3274 3009//2933
f 3023//2947 3009//2933 3012//2936
f 3023//2947 3014//2938 3024//2948
f 3024//2948 3016//2940 3025//2949
f 3025//2949 3018//2942 3026//2950
f 3027//2951 3018//2942 3020//2944
f 3029//2953 3349//3273 3022//2946
f 3030//2954 3022//2946 3023//2947
f 3030//2954 3024//2948 3031//2955
f 3031//2955 3025//2949 3032//2956
f 3032//2956 3026//2950 3033//2957
f 3034//2958 3026//2950 3027//2951
f 3035//2959 3028//2952 3029//2953
f 3036//2960 3029//2953 3030//2954
f 3036//2960 3031//2955 3037//2961
f 3037//2961 3032//2956 3038//2962
f 3038//2962 3033//2957 3039//2963
f 3040//2964 3033//2957 3034//2958
f 3041//2965 3348//3272 3035//2959
f 3041//2965 3036//2960 3042//2966
f 3042//2966 3037//2961 3043//2967
f 3043//2967 3038//2962 3044//2968
f 3045//2969 3038//2962 3039//2963
f 3046//2970 3039//2963 3040//2964
f 3048//2972 3347//3271 3041//2965
f 3048//2972 3042//2966 3049//2973
f 3049//2973 3043//2967 3050//2974
f 3050//2974 3044//2968 3051//2975
f 3052//2976 3044//2968 3045//2969
f 3053//2977 3045//2969 3046//2970
f 3055//2979 3057//2981 3056//2980
f 3058//2982 3056//2980 3059//2983
f 3060//2984 3059//2983 3061//2985
f 3062//2986 3061//2985 3063//2987
f 3064//2988 3063//2987 3065//2989
f 3048//2972 3065//2989 3047//2971
f 3067//2991 3054//2978 3055//2979
f 3068//2992 3055//2979 3058//2982
f 3068//2992 3060//2984 3069//2993
f 3069//2993 3062//2986 3070//2994
f 3070//2994 3064//2988 3071//2995
f 3049//2973 3064//2988 3048//2972
f 3072//2996 3067//2991 3073//2997
f 3073//2997 3068//2992 3074//2998
f 3074//2998 3069//2993 3075//2999
f 3075//2999 3070//2994 3076//3000
f 3076//3000 3071//2995 3077//3001
f 3077//3001 3049//2973 3050//2974
f 3078//3002 3073//2997 3079//3003
f 3079//3003 3074//2998 3080//3004
f 3080//3004 3075//2999 3081//3005
f 3081//3005 3076//3000 3082//3006
f 3082//3006 3077//3001 3083//3007
f 3083//3007 3050//2974 3051//2975
f 3084//3008 3079//3003 3085//3009
f 3085//3009 3080//3004 3086//3010
f 3086//3010 3081//3005 3087//3011
f 3087//3011 3082//3006 3088//3012
f 3088//3012 3083//3007 3089//3013
f 3089//3013 3051//2975 3052//2976
f 3090//3014 3085//3009 3091//3015
f 3091//3015 3086//3010 3472//3396
f 3472//3396 3087//3011 3092//3016
f 3092//3016 3088//3012 3471//3395
f 3471//3395 3089//3013 3093//3017
f 3093//3017 3052//2976 3053//2977
f 3094//3018 3096//3020 3095//3019
f 3097//3021 3095//3019 3098//3022
f 3099//3023 3098//3022 3100//3024
f 3101//3025 3100//3024 3102//3026
f 3103//3027 3102//3026 3104//3028
f 3054//2978 3104//3028 3057//2981
f 3105//3029 3094//3018 3106//3030
f 3107//3031 3094//3018 3097//3021
f 3108//3032 3097//3021 3099//3023
f 3109//3033 3099//3023 3101//3025
f 3110//3034 3101//3025 3103//3027
f 3066//2990 3103//3027 3054//2978
f 3112//3036 3105//3029 3106//3030
f 3113//3037 3106//3030 3107//3031
f 3114//3038 3107//3031 3108//3032
f 3115//3039 3108//3032 3109//3033
f 3115//3039 3110//3034 3116//3040
f 3116//3040 3066//2990 3072//2996
f 3118//3042 3111//3035 3112//3036
f 3119//3043 3112//3036 3113//3037
f 3120//3044 3113//3037 3114//3038
f 3120//3044 3115//3039 3121//3045
f 3121//3045 3116//3040 3122//3046
f 3122//3046 3072//2996 3078//3002
f 3123//3047 3117//3041 3118//3042
f 3124//3048 3118//3042 3119//3043
f 3125//3049 3119//3043 3120//3044
f 3125//3049 3121//3045 3126//3050
f 3126//3050 3122//3046 3127//3051
f 3127//3051 3078//3002 3084//3008
f 3129//3053 3131//3055 3130//3054
f 3132//3056 3130//3054 3133//3057
f 3134//3058 3133//3057 3135//3059
f 3136//3060 3135//3059 3319//3243
f 3137//3061 3319//3243 3317//3241
f 3138//3062 3317//3241 3139//3063
f 3141//3065 3128//3052 3129//3053
f 3142//3066 3129//3053 3132//3056
f 3143//3067 3132//3056 3134//3058
f 3144//3068 3134//3058 3136//3060
f 3145//3069 3136//3060 3137//3061
f 3146//3070 3137//3061 3138//3062
f 3148//3072 3140//3064 3141//3065
f 3149//3073 3141//3065 3142//3066
f 3150//3074 3142//3066 3143//3067
f 3151//3075 3143//3067 3144//3068
f 3152//3076 3144//3068 3145//3069
f 3153//3077 3145//3069 3146//3070
f 3155//3079 3147//3071 3148//3072
f 3156//3080 3148//3072 3149//3073
f 3157//3081 3149//3073 3150//3074
f 3158//3082 3150//3074 3151//3075
f 3158//3082 3152//3076 3159//3083
f 3159//3083 3153//3077 3160//3084
f 3162//3086 3154//3078 3155//3079
f 3162//3086 3156//3080 3163//3087
f 3163//3087 3157//3081 3164//3088
f 3164//3088 3158//3082 3165//3089
f 3165//3089 3159//3083 3166//3090
f 3166//3090 3160//3084 3167//3091
f 3168//3092 3162//3086 3169//3093
f 3169//3093 3163//3087 3170//3094
f 3170//3094 3164//3088 3171//3095
f 3171//3095 3165//3089 3172//3096
f 3172//3096 3166//3090 3173//3097
f 3173//3097 3167//3091 3174//3098
f 3176//3100 3178//3102 3177//3101
f 3179//3103 3177//3101 3449//3373
f 3180//3104 3449//3373 3181//3105
f 3182//3106 3181//3105 3183//3107
f 3182//3106 3445//3369 3184//3108
f 3184//3108 3174//3098 3167//3091
f 3186//3110 3175//3099 3176//3100
f 3187//3111 3176//3100 3179//3103
f 3188//3112 3179//3103 3180//3104
f 3189//3113 3180//3104 3182//3106
f 3189//3113 3184//3108 3190//3114
f 3190//3114 3167//3091 3160//3084
f 3192//3116 3185//3109 3186//3110
f 3193//3117 3186//3110 3187//3111
f 3194//3118 3187//3111 3188//3112
f 3195//3119 3188//3112 3189//3113
f 3195//3119 3190//3114 3196//3120
f 3196//3120 3160//3084 3153//3077
f 3198//3122 3191//3115 3192//3116
f 3199//3123 3192//3116 3193//3117
f 3200//3124 3193//3117 3194//3118
f 3201//3125 3194//3118 3195//3119
f 3202//3126 3195//3119 3196//3120
f 3146//3070 3196//3120 3153//3077
f 3204//3128 3197//3121 3198//3122
f 3205//3129 3198//3122 3199//3123
f 3206//3130 3199//3123 3200//3124
f 3207//3131 3200//3124 3201//3125
f 3208//3132 3201//3125 3202//3126
f 3138//3062 3202//3126 3146//3070
f 3210//3134 3203//3127 3204//3128
f 3211//3135 3204//3128 3205//3129
f 3212//3136 3205//3129 3206//3130
f 3213//3137 3206//3130 3207//3131
f 3214//3138 3207//3131 3208//3132
f 3139//3063 3208//3132 3138//3062
f 3216//3140 3218//3142 3217//3141
f 3219//3143 3217//3141 3220//3144
f 3221//3145 3220//3144 3222//3146
f 3223//3147 3222//3146 3224//3148
f 3225//3149 3224//3148 3413//3337
f 3175//3099 3413//3337 3178//3102
f 3227//3151 3215//3139 3216//3140
f 3228//3152 3216//3140 3219//3143
f 3229//3153 3219//3143 3221//3145
f 3230//3154 3221//3145 3223//3147
f 3231//3155 3223//3147 3225//3149
f 3185//3109 3225//3149 3175//3099
f 3233//3157 3226//3150 3227//3151
f 3234//3158 3227//3151 3228//3152
f 3235//3159 3228//3152 3229//3153
f 3236//3160 3229//3153 3230//3154
f 3237//3161 3230//3154 3231//3155
f 3191//3115 3231//3155 3185//3109
f 3239//3163 3232//3156 3233//3157
f 3240//3164 3233//3157 3234//3158
f 3241//3165 3234//3158 3235//3159
f 3242//3166 3235//3159 3236//3160
f 3243//3167 3236//3160 3237//3161
f 3197//3121 3237//3161 3191//3115
f 3245//3169 3238//3162 3239//3163
f 3246//3170 3239//3163 3240//3164
f 3247//3171 3240//3164 3241//3165
f 3248//3172 3241//3165 3242//3166
f 3249//3173 3242//3166 3243//3167
f 3203//3127 3243//3167 3197//3121
f 3250//3174 3169//3093 3251//3175
f 3251//3175 3170//3094 3252//3176
f 3252//3176 3171//3095 3253//3177
f 3253//3177 3172//3096 3254//3178
f 3254//3178 3173//3097 3255//3179
f 3255//3179 3174//3098 3256//3180
f 3257//3181 3251//3175 3258//3182
f 3258//3182 3252//3176 3259//3183
f 3259//3183 3253//3177 3260//3184
f 3260//3184 3254//3178 3261//3185
f 3261//3185 3255//3179 3262//3186
f 3262//3186 3256//3180 3263//3187
f 3264//3188 3258//3182 3265//3189
f 3265//3189 3259//3183 3266//3190
f 3266//3190 3260//3184 3267//3191
f 3267//3191 3261//3185 3268//3192
f 3268//3192 3262//3186 3269//3193
f 3270//3194 3262//3186 3263//3187
f 3271//3195 3265//3189 3272//3196
f 3272//3196 3266//3190 3273//3197
f 3273//3197 3267//3191 3274//3198
f 3274//3198 3268//3192 3275//3199
f 3275//3199 3269//3193 3276//3200
f 3277//3201 3269//3193 3270//3194
f 3278//3202 3272//3196 3279//3203
f 3280//3204 3272//3196 3273//3197
f 3281//3205 3273//3197 3274//3198
f 3282//3206 3274//3198 3275//3199
f 3282//3206 3276//3200 3283//3207
f 3283//3207 3277//3201 3284//3208
f 3020//2944 3278//3202 3279//3203
f 3027//2951 3279//3203 3280//3204
f 3034//2958 3280//3204 3281//3205
f 3034//2958 3282//3206 3040//2964
f 3040//2964 3283//3207 3046//2970
f 3046//2970 3284//3208 3053//2977
f 3285//3209 3128//3052 3286//3210
f 3286//3210 3140//3064 3287//3211
f 3287//3211 3147//3071 3288//3212
f 3288//3212 3154//3078 3289//3213
f 3290//3214 3154//3078 3161//3085
f 3250//3174 3161//3085 3168//3092
f 3291//3215 3286//3210 3292//3216
f 3292//3216 3287//3211 3293//3217
f 3293//3217 3288//3212 3294//3218
f 3294//3218 3289//3213 3295//3219
f 3296//3220 3289//3213 3290//3214
f 3296//3220 3250//3174 3257//3181
f 3297//3221 3292//3216 3298//3222
f 3298//3222 3293//3217 3299//3223
f 3299//3223 3294//3218 3300//3224
f 3300//3224 3295//3219 3301//3225
f 3301//3225 3296//3220 3302//3226
f 3302//3226 3257//3181 3264//3188
f 3303//3227 3298//3222 3304//3228
f 3304//3228 3299//3223 3305//3229
f 3305//3229 3300//3224 3306//3230
f 3306//3230 3301//3225 3307//3231
f 3307//3231 3302//3226 3308//3232
f 3308//3232 3264//3188 3271//3195
f 3310//3234 3303//3227 3304//3228
f 3311//3235 3304//3228 3305//3229
f 3312//3236 3305//3229 3306//3230
f 3312//3236 3307//3231 3313//3237
f 3313//3237 3308//3232 3314//3238
f 3314//3238 3271//3195 3278//3202
f 3010//2934 3309//3233 3310//3234
f 3013//2937 3310//3234 3311//3235
f 3015//2939 3311//3235 3312//3236
f 3015//2939 3313//3237 3017//2941
f 3017//2941 3314//3238 3019//2943
f 3019//2943 3278//3202 3021//2945
f 3316//3240 3139//3063 3317//3241
f 3318//3242 3317//3241 3319//3243
f 3320//3244 3319//3243 3135//3059
f 3321//3245 3135//3059 3133//3057
f 3322//3246 3133//3057 3130//3054
f 3285//3209 3130//3054 3131//3055
f 3324//3248 3315//3239 3316//3240
f 3325//3249 3316//3240 3318//3242
f 3326//3250 3318//3242 3320//3244
f 3327//3251 3320//3244 3321//3245
f 3328//3252 3321//3245 3322//3246
f 3291//3215 3322//3246 3285//3209
f 3329//3253 3324//3248 3330//3254
f 3330//3254 3325//3249 3331//3255
f 3332//3256 3325//3249 3326//3250
f 3333//3257 3326//3250 3327//3251
f 3333//3257 3328//3252 3334//3258
f 3334//3258 3291//3215 3297//3221
f 3335//3259 3330//3254 3336//3260
f 3336//3260 3331//3255 3337//3261
f 3337//3261 3332//3256 3338//3262
f 3338//3262 3333//3257 3339//3263
f 3339//3263 3334//3258 3340//3264
f 3340//3264 3297//3221 3303//3227
f 3341//3265 3336//3260 3342//3266
f 3342//3266 3337//3261 3343//3267
f 3343//3267 3338//3262 3344//3268
f 3344//3268 3339//3263 3345//3269
f 3345//3269 3340//3264 3346//3270
f 3346//3270 3303//3227 3309//3233
f 3047//2971 3342//3266 3347//3271
f 3347//3271 3343//3267 3348//3272
f 3348//3272 3344//3268 3028//2952
f 3028//2952 3345//3269 3349//3273
f 3349//3273 3346//3270 3350//3274
f 3350//3274 3309//3233 3011//2935
f 3352//3276 3209//3133 3210//3134
f 3353//3277 3210//3134 3211//3135
f 3354//3278 3211//3135 3212//3136
f 3355//3279 3212//3136 3213//3137
f 3356//3280 3213//3137 3214//3138
f 3315//3239 3214//3138 3139//3063
f 3358//3282 3351//3275 3352//3276
f 3359//3283 3352//3276 3353//3277
f 3360//3284 3353//3277 3354//3278
f 3361//3285 3354//3278 3355//3279
f 3362//3286 3355//3279 3356//3280
f 3323//3247 3356//3280 3315//3239
f 3364//3288 3357//3281 3358//3282
f 3365//3289 3358//3282 3359//3283
f 3366//3290 3359//3283 3360//3284
f 3367//3291 3360//3284 3361//3285
f 3368//3292 3361//3285 3362//3286
f 3329//3253 3362//3286 3323//3247
f 3370//3294 3363//3287 3364//3288
f 3371//3295 3364//3288 3365//3289
f 3371//3295 3366//3290 3372//3296
f 3372//3296 3367//3291 3373//3297
f 3373//3297 3368//3292 3374//3298
f 3374//3298 3329//3253 3335//3259
f 3376//3300 3369//3293 3370//3294
f 3377//3301 3370//3294 3371//3295
f 3378//3302 3371//3295 3372//3296
f 3378//3302 3373//3297 3379//3303
f 3379//3303 3374//3298 3380//3304
f 3380//3304 3335//3259 3341//3265
f 3056//2980 3375//3299 3376//3300
f 3059//2983 3376//3300 3377//3301
f 3061//2985 3377//3301 3378//3302
f 3063//2987 3378//3302 3379//3303
f 3063//2987 3380//3304 3065//2989
f 3065//2989 3341//3265 3047//2971
f 3381//3305 3215//3139 3382//3306
f 3382//3306 3226//3150 3383//3307
f 3383//3307 3232//3156 3384//3308
f 3384//3308 3238//3162 3385//3309
f 3385//3309 3244//3168 3386//3310
f 3386//3310 3209//3133 3351//3275
f 3387//3311 3382//3306 3388//3312
f 3388//3312 3383//3307 3389//3313
f 3389//3313 3384//3308 3390//3314
f 3390//3314 3385//3309 3391//3315
f 3391//3315 3386//3310 3392//3316
f 3392//3316 3351//3275 3357//3281
f 3393//3317 3388//3312 3394//3318
f 3394//3318 3389//3313 3395//3319
f 3395//3319 3390//3314 3396//3320
f 3396//3320 3391//3315 3397//3321
f 3397//3321 3392//3316 3398//3322
f 3398//3322 3357//3281 3363//3287
f 3400//3324 3393//3317 3394//3318
f 3401//3325 3394//3318 3395//3319
f 3402//3326 3395//3319 3396//3320
f 3403//3327 3396//3320 3397//3321
f 3404//3328 3397//3321 3398//3322
f 3369//3293 3398//3322 3363//3287
f 3406//3330 3399//3323 3400//3324
f 3407//3331 3400//3324 3401//3325
f 3408//3332 3401//3325 3402//3326
f 3409//3333 3402//3326 3403//3327
f 3410//3334 3403//3327 3404//3328
f 3375//3299 3404//3328 3369//3293
f 3095//3019 3405//3329 3406//3330
f 3098//3022 3406//3330 3407//3331
f 3100//3024 3407//3331 3408//3332
f 3102//3026 3408//3332 3409//3333
f 3104//3028 3409//3333 3410//3334
f 3057//2981 3410//3334 3375//3299
f 3412//3336 3178//3102 3413//3337
f 3414//3338 3413//3337 3224//3148
f 3415//3339 3224//3148 3222//3146
f 3416//3340 3222//3146 3220//3144
f 3417//3341 3220//3144 3217//3141
f 3381//3305 3217//3141 3218//3142
f 3419//3343 3411//3335 3412//3336
f 3420//3344 3412//3336 3414//3338
f 3421//3345 3414//3338 3415//3339
f 3422//3346 3415//3339 3416//3340
f 3423//3347 3416//3340 3417//3341
f 3387//3311 3417//3341 3381//3305
f 3425//3349 3418//3342 3419//3343
f 3426//3350 3419//3343 3420//3344
f 3427//3351 3420//3344 3421//3345
f 3428//3352 3421//3345 3422//3346
f 3429//3353 3422//3346 3423//3347
f 3393//3317 3423//3347 3387//3311
f 3430//3354 3425//3349 3431//3355
f 3431//3355 3426//3350 3432//3356
f 3432//3356 3427//3351 3433//3357
f 3433//3357 3428//3352 3434//3358
f 3434//3358 3429//3353 3435//3359
f 3399//3323 3429//3353 3393//3317
f 3436//3360 3431//3355 3437//3361
f 3437//3361 3432//3356 3438//3362
f 3438//3362 3433//3357 3439//3363
f 3439//3363 3434//3358 3440//3364
f 3440//3364 3435//3359 3441//3365
f 3441//3365 3399//3323 3405//3329
f 3090//3014 3437//3361 3442//3366
f 3442//3366 3438//3362 3117//3041
f 3117//3041 3439//3363 3111//3035
f 3111//3035 3440//3364 3105//3029
f 3105//3029 3441//3365 3443//3367
f 3443//3367 3405//3329 3096//3020
f 3256//3180 3445//3369 3444//3368
f 3446//3370 3445//3369 3183//3107
f 3447//3371 3183//3107 3181//3105
f 3448//3372 3181//3105 3449//3373
f 3450//3374 3449//3373 3177//3101
f 3411//3335 3177//3101 3178//3102
f 3451//3375 3256//3180 3444//3368
f 3452//3376 3444//3368 3446//3370
f 3453//3377 3446//3370 3447//3371
f 3454//3378 3447//3371 3448//3372
f 3455//3379 3448//3372 3450//3374
f 3418//3342 3450//3374 3411//3335
f 3456//3380 3263//3187 3451//3375
f 3457//3381 3451//3375 3452//3376
f 3458//3382 3452//3376 3453//3377
f 3459//3383 3453//3377 3454//3378
f 3460//3384 3454//3378 3455//3379
f 3424//3348 3455//3379 3418//3342
f 3461//3385 3270//3194 3456//3380
f 3462//3386 3456//3380 3457//3381
f 3463//3387 3457//3381 3458//3382
f 3464//3388 3458//3382 3459//3383
f 3465//3389 3459//3383 3460//3384
f 3465//3389 3424//3348 3430//3354
f 3284//3208 3461//3385 3466//3390
f 3466//3390 3462//3386 3467//3391
f 3467//3391 3463//3387 3468//3392
f 3468//3392 3464//3388 3469//3393
f 3469//3393 3465//3389 3470//3394
f 3470//3394 3430//3354 3436//3360
f 3053//2977 3466//3390 3093//3017
f 3093//3017 3467//3391 3471//3395
f 3471//3395 3468//3392 3092//3016
f 3092//3016 3469//3393 3472//3396
f 3472//3396 3470//3394 3091//3015
f 3091//3015 3436//3360 3090//3014
f 3473//3397 3474//3398 3475//3399
f 3476//3400 3477//3401 3474//3398
f 3476//3400 3478//3402 3479//3403
f 3480//3404 3481//3405 3479//3403
f 3482//3406 3483//3407 3481//3405
f 3482//3406 3484//3408 3485//3409
f 3486//3410 3473//3397 3814//3738
f 3487//3411 3476//3400 3473//3397
f 3487//3411 3488//3412 3478//3402
f 3488//3412 3489//3413 3480//3404
f 3489//3413 3490//3414 3482//3406
f 3491//3415 3484//3408 3482//3406
f 3493//3417 3486//3410 3813//3737
f 3494//3418 3487//3411 3486//3410
f 3494//3418 3495//3419 3488//3412
f 3495//3419 3496//3420 3489//3413
f 3496//3420 3497//3421 3490//3414
f 3498//3422 3491//3415 3490//3414
f 3499//3423 3493//3417 3492//3416
f 3500//3424 3494//3418 3493//3417
f 3500//3424 3501//3425 3495//3419
f 3501//3425 3502//3426 3496//3420
f 3502//3426 3503//3427 3497//3421
f 3504//3428 3498//3422 3497//3421
f 3505//3429 3499//3423 3812//3736
f 3505//3429 3506//3430 3500//3424
f 3506//3430 3507//3431 3501//3425
f 3507//3431 3508//3432 3502//3426
f 3509//3433 3503//3427 3502//3426
f 3510//3434 3504//3428 3503//3427
f 3512//3436 3505//3429 3811//3735
f 3512//3436 3513//3437 3506//3430
f 3513//3437 3514//3438 3507//3431
f 3514//3438 3515//3439 3508//3432
f 3516//3440 3509//3433 3508//3432
f 3517//3441 3510//3434 3509//3433
f 3519//3443 3520//3444 3521//3445
f 3522//3446 3523//3447 3520//3444
f 3524//3448 3525//3449 3523//3447
f 3526//3450 3527//3451 3525//3449
f 3528//3452 3529//3453 3527//3451
f 3512//3436 3511//3435 3529//3453
f 3531//3455 3519//3443 3518//3442
f 3532//3456 3522//3446 3519//3443
f 3532//3456 3533//3457 3524//3448
f 3533//3457 3534//3458 3526//3450
f 3534//3458 3535//3459 3528//3452
f 3513//3437 3512//3436 3528//3452
f 3536//3460 3537//3461 3531//3455
f 3537//3461 3538//3462 3532//3456
f 3538//3462 3539//3463 3533//3457
f 3539//3463 3540//3464 3534//3458
f 3540//3464 3541//3465 3535//3459
f 3541//3465 3514//3438 3513//3437
f 3542//3466 3543//3467 3537//3461
f 3543//3467 3544//3468 3538//3462
f 3544//3468 3545//3469 3539//3463
f 3545//3469 3546//3470 3540//3464
f 3546//3470 3547//3471 3541//3465
f 3547//3471 3515//3439 3514//3438
f 3548//3472 3549//3473 3543//3467
f 3549//3473 3550//3474 3544//3468
f 3550//3474 3551//3475 3545//3469
f 3551//3475 3552//3476 3546//3470
f 3552//3476 3553//3477 3547//3471
f 3553//3477 3516//3440 3515//3439
f 3554//3478 3555//3479 3549//3473
f 3555//3479 3936//3860 3550//3474
f 3936//3860 3556//3480 3551//3475
f 3556//3480 3935//3859 3552//3476
f 3935//3859 3557//3481 3553//3477
f 3557//3481 3517//3441 3516//3440
f 3558//3482 3559//3483 3560//3484
f 3561//3485 3562//3486 3559//3483
f 3563//3487 3564//3488 3562//3486
f 3565//3489 3566//3490 3564//3488
f 3567//3491 3568//3492 3566//3490
f 3518//3442 3521//3445 3568//3492
f 3569//3493 3570//3494 3558//3482
f 3571//3495 3561//3485 3558//3482
f 3572//3496 3563//3487 3561//3485
f 3573//3497 3565//3489 3563//3487
f 3574//3498 3567//3491 3565//3489
f 3530//3454 3518//3442 3567//3491
f 3576//3500 3570//3494 3569//3493
f 3577//3501 3571//3495 3570//3494
f 3578//3502 3572//3496 3571//3495
f 3579//3503 3573//3497 3572//3496
f 3579//3503 3580//3504 3574//3498
f 3580//3504 3536//3460 3530//3454
f 3582//3506 3576//3500 3575//3499
f 3583//3507 3577//3501 3576//3500
f 3584//3508 3578//3502 3577//3501
f 3584//3508 3585//3509 3579//3503
f 3585//3509 3586//3510 3580//3504
f 3586//3510 3542//3466 3536//3460
f 3588//3512 3582//3506 3581//3505
f 3589//3513 3583//3507 3582//3506
f 3590//3514 3584//3508 3583//3507
f 3590//3514 3591//3515 3585//3509
f 3591//3515 3592//3516 3586//3510
f 3592//3516 3548//3472 3542//3466
f 3594//3518 3595//3519 3596//3520
f 3597//3521 3598//3522 3595//3519
f 3599//3523 3600//3524 3598//3522
f 3601//3525 3602//3526 3600//3524
f 3603//3527 3782//3706 3602//3526
f 3604//3528 3605//3529 3782//3706
f 3607//3531 3594//3518 3593//3517
f 3608//3532 3597//3521 3594//3518
f 3609//3533 3599//3523 3597//3521
f 3610//3534 3601//3525 3599//3523
f 3611//3535 3603//3527 3601//3525
f 3612//3536 3604//3528 3603//3527
f 3614//3538 3607//3531 3606//3530
f 3615//3539 3608//3532 3607//3531
f 3616//3540 3609//3533 3608//3532
f 3617//3541 3610//3534 3609//3533
f 3618//3542 3611//3535 3610//3534
f 3619//3543 3612//3536 3611//3535
f 3621//3545 3614//3538 3613//3537
f 3622//3546 3615//3539 3614//3538
f 3623//3547 3616//3540 3615//3539
f 3624//3548 3617//3541 3616//3540
f 3624//3548 3625//3549 3618//3542
f 3625//3549 3626//3550 3619//3543
f 3628//3552 3621//3545 3620//3544
f 3628//3552 3629//3553 3622//3546
f 3629//3553 3630//3554 3623//3547
f 3630//3554 3631//3555 3624//3548
f 3631//3555 3632//3556 3625//3549
f 3632//3556 3633//3557 3626//3550
f 3634//3558 3635//3559 3628//3552
f 3635//3559 3636//3560 3629//3553
f 3636//3560 3637//3561 3630//3554
f 3637//3561 3638//3562 3631//3555
f 3638//3562 3639//3563 3632//3556
f 3639//3563 3640//3564 3633//3557
f 3642//3566 3643//3567 3644//3568
f 3645//3569 3913//3837 3643//3567
f 3646//3570 3647//3571 3913//3837
f 3648//3572 3649//3573 3647//3571
f 3648//3572 3650//3574 3909//3833
f 3650//3574 3633//3557 3640//3564
f 3652//3576 3642//3566 3641//3565
f 3653//3577 3645//3569 3642//3566
f 3654//3578 3646//3570 3645//3569
f 3655//3579 3648//3572 3646//3570
f 3655//3579 3656//3580 3650//3574
f 3656//3580 3626//3550 3633//3557
f 3658//3582 3652//3576 3651//3575
f 3659//3583 3653//3577 3652//3576
f 3660//3584 3654//3578 3653//3577
f 3661//3585 3655//3579 3654//3578
f 3661//3585 3662//3586 3656//3580
f 3662//3586 3619//3543 3626//3550
f 3664//3588 3658//3582 3657//3581
f 3665//3589 3659//3583 3658//3582
f 3666//3590 3660//3584 3659//3583
f 3667//3591 3661//3585 3660//3584
f 3668//3592 3662//3586 3661//3585
f 3612//3536 3619//3543 3662//3586
f 3670//3594 3664//3588 3663//3587
f 3671//3595 3665//3589 3664//3588
f 3672//3596 3666//3590 3665//3589
f 3673//3597 3667//3591 3666//3590
f 3674//3598 3668//3592 3667//3591
f 3604//3528 3612//3536 3668//3592
f 3676//3600 3670//3594 3669//3593
f 3677//3601 3671//3595 3670//3594
f 3678//3602 3672//3596 3671//3595
f 3679//3603 3673//3597 3672//3596
f 3680//3604 3674//3598 3673//3597
f 3605//3529 3604//3528 3674//3598
f 3682//3606 3882//3806 3683//3607
f 3684//3608 3685//3609 3882//3806
f 3686//3610 3687//3611 3685//3609
f 3688//3612 3689//3613 3687//3611
f 3690//3614 3877//3801 3689//3613
f 3641//3565 3644//3568 3877//3801
f 3692//3616 3682//3606 3681//3605
f 3693//3617 3684//3608 3682//3606
f 3694//3618 3686//3610 3684//3608
f 3695//3619 3688//3612 3686//3610
f 3696//3620 3690//3614 3688//3612
f 3651//3575 3641//3565 3690//3614
f 3698//3622 3692//3616 3691//3615
f 3699//3623 3693//3617 3692//3616
f 3700//3624 3694//3618 3693//3617
f 3701//3625 3695//3619 3694//3618
f 3702//3626 3696//3620 3695//3619
f 3657//3581 3651//3575 3696//3620
f 3704//3628 3698//3622 3697//3621
f 3705//3629 3699//3623 3698//3622
f 3706//3630 3700//3624 3699//3623
f 3707//3631 3701//3625 3700//3624
f 3708//3632 3702//3626 3701//3625
f 3663//3587 3657//3581 3702//3626
f 3710//3634 3704//3628 3703//3627
f 3711//3635 3705//3629 3704//3628
f 3712//3636 3706//3630 3705//3629
f 3713//3637 3707//3631 3706//3630
f 3714//3638 3708//3632 3707//3631
f 3669//3593 3663//3587 3708//3632
f 3715//3639 3716//3640 3635//3559
f 3716//3640 3717//3641 3636//3560
f 3717//3641 3718//3642 3637//3561
f 3718//3642 3719//3643 3638//3562
f 3719//3643 3720//3644 3639//3563
f 3720//3644 3721//3645 3640//3564
f 3722//3646 3723//3647 3716//3640
f 3723//3647 3724//3648 3717//3641
f 3724//3648 3725//3649 3718//3642
f 3725//3649 3726//3650 3719//3643
f 3726//3650 3727//3651 3720//3644
f 3727//3651 3728//3652 3721//3645
f 3729//3653 3730//3654 3723//3647
f 3730//3654 3731//3655 3724//3648
f 3731//3655 3732//3656 3725//3649
f 3732//3656 3733//3657 3726//3650
f 3733//3657 3734//3658 3727//3651
f 3735//3659 3728//3652 3727//3651
f 3736//3660 3737//3661 3730//3654
f 3737//3661 3738//3662 3731//3655
f 3738//3662 3739//3663 3732//3656
f 3739//3663 3740//3664 3733//3657
f 3740//3664 3741//3665 3734//3658
f 3742//3666 3735//3659 3734//3658
f 3743//3667 3744//3668 3737//3661
f 3745//3669 3738//3662 3737//3661
f 3746//3670 3739//3663 3738//3662
f 3747//3671 3740//3664 3739//3663
f 3747//3671 3748//3672 3741//3665
f 3748//3672 3749//3673 3742//3666
f 3484//3408 3744//3668 3743//3667
f 3491//3415 3745//3669 3744//3668
f 3498//3422 3746//3670 3745//3669
f 3498//3422 3504//3428 3747//3671
f 3504//3428 3510//3434 3748//3672
f 3510//3434 3517//3441 3749//3673
f 3750//3674 3751//3675 3593//3517
f 3751//3675 3752//3676 3606//3530
f 3752//3676 3753//3677 3613//3537
f 3753//3677 3754//3678 3620//3544
f 3755//3679 3627//3551 3620//3544
f 3715//3639 3634//3558 3627//3551
f 3756//3680 3757//3681 3751//3675
f 3757//3681 3758//3682 3752//3676
f 3758//3682 3759//3683 3753//3677
f 3759//3683 3760//3684 3754//3678
f 3761//3685 3755//3679 3754//3678
f 3761//3685 3722//3646 3715//3639
f 3762//3686 3763//3687 3757//3681
f 3763//3687 3764//3688 3758//3682
f 3764//3688 3765//3689 3759//3683
f 3765//3689 3766//3690 3760//3684
f 3766//3690 3767//3691 3761//3685
f 3767//3691 3729//3653 3722//3646
f 3768//3692 3769//3693 3763//3687
f 3769//3693 3770//3694 3764//3688
f 3770//3694 3771//3695 3765//3689
f 3771//3695 3772//3696 3766//3690
f 3772//3696 3773//3697 3767//3691
f 3773//3697 3736//3660 3729//3653
f 3775//3699 3769//3693 3768//3692
f 3776//3700 3770//3694 3769//3693
f 3777//3701 3771//3695 3770//3694
f 3777//3701 3778//3702 3772//3696
f 3778//3702 3779//3703 3773//3697
f 3779//3703 3743//3667 3736//3660
f 3474//3398 3775//3699 3774//3698
f 3477//3401 3776//3700 3775//3699
f 3479//3403 3777//3701 3776//3700
f 3479//3403 3481//3405 3778//3702
f 3481//3405 3483//3407 3779//3703
f 3483//3407 3485//3409 3743//3667
f 3781//3705 3782//3706 3605//3529
f 3783//3707 3602//3526 3782//3706
f 3784//3708 3600//3524 3602//3526
f 3785//3709 3598//3522 3600//3524
f 3786//3710 3595//3519 3598//3522
f 3750//3674 3596//3520 3595//3519
f 3788//3712 3781//3705 3780//3704
f 3789//3713 3783//3707 3781//3705
f 3790//3714 3784//3708 3783//3707
f 3791//3715 3785//3709 3784//3708
f 3792//3716 3786//3710 3785//3709
f 3756//3680 3750//3674 3786//3710
f 3793//3717 3794//3718 3788//3712
f 3794//3718 3795//3719 3789//3713
f 3796//3720 3790//3714 3789//3713
f 3797//3721 3791//3715 3790//3714
f 3797//3721 3798//3722 3792//3716
f 3798//3722 3762//3686 3756//3680
f 3799//3723 3800//3724 3794//3718
f 3800//3724 3801//3725 3795//3719
f 3801//3725 3802//3726 3796//3720
f 3802//3726 3803//3727 3797//3721
f 3803//3727 3804//3728 3798//3722
f 3804//3728 3768//3692 3762//3686
f 3805//3729 3806//3730 3800//3724
f 3806//3730 3807//3731 3801//3725
f 3807//3731 3808//3732 3802//3726
f 3808//3732 3809//3733 3803//3727
f 3809//3733 3810//3734 3804//3728
f 3810//3734 3774//3698 3768//3692
f 3511//3435 3811//3735 3806//3730
f 3811//3735 3812//3736 3807//3731
f 3812//3736 3492//3416 3808//3732
f 3492//3416 3813//3737 3809//3733
f 3813//3737 3814//3738 3810//3734
f 3814//3738 3475//3399 3774//3698
f 3816//3740 3676//3600 3675//3599
f 3817//3741 3677//3601 3676//3600
f 3818//3742 3678//3602 3677//3601
f 3819//3743 3679//3603 3678//3602
f 3820//3744 3680//3604 3679//3603
f 3780//3704 3605//3529 3680//3604
f 3822//3746 3816//3740 3815//3739
f 3823//3747 3817//3741 3816//3740
f 3824//3748 3818//3742 3817//3741
f 3825//3749 3819//3743 3818//3742
f 3826//3750 3820//3744 3819//3743
f 3787//3711 3780//3704 3820//3744
f 3828//3752 3822//3746 3821//3745
f 3829//3753 3823//3747 3822//3746
f 3830//3754 3824//3748 3823//3747
f 3831//3755 3825//3749 3824//3748
f 3832//3756 3826//3750 3825//3749
f 3793//3717 3787//3711 3826//3750
f 3834//3758 3828//3752 3827//3751
f 3835//3759 3829//3753 3828//3752
f 3835//3759 3836//3760 3830//3754
f 3836//3760 3837//3761 3831//3755
f 3837//3761 3838//3762 3832//3756
f 3838//3762 3799//3723 3793//3717
f 3840//3764 3834//3758 3833//3757
f 3841//3765 3835//3759 3834//3758
f 3842//3766 3836//3760 3835//3759
f 3842//3766 3843//3767 3837//3761
f 3843//3767 3844//3768 3838//3762
f 3844//3768 3805//3729 3799//3723
f 3520//3444 3840//3764 3839//3763
f 3523//3447 3841//3765 3840//3764
f 3525//3449 3842//3766 3841//3765
f 3527//3451 3843//3767 3842//3766
f 3527//3451 3529//3453 3844//3768
f 3529//3453 3511//3435 3805//3729
f 3845//3769 3846//3770 3681//3605
f 3846//3770 3847//3771 3691//3615
f 3847//3771 3848//3772 3697//3621
f 3848//3772 3849//3773 3703//3627
f 3849//3773 3850//3774 3709//3633
f 3850//3774 3815//3739 3675//3599
f 3851//3775 3852//3776 3846//3770
f 3852//3776 3853//3777 3847//3771
f 3853//3777 3854//3778 3848//3772
f 3854//3778 3855//3779 3849//3773
f 3855//3779 3856//3780 3850//3774
f 3856//3780 3821//3745 3815//3739
f 3857//3781 3858//3782 3852//3776
f 3858//3782 3859//3783 3853//3777
f 3859//3783 3860//3784 3854//3778
f 3860//3784 3861//3785 3855//3779
f 3861//3785 3862//3786 3856//3780
f 3862//3786 3827//3751 3821//3745
f 3864//3788 3858//3782 3857//3781
f 3865//3789 3859//3783 3858//3782
f 3866//3790 3860//3784 3859//3783
f 3867//3791 3861//3785 3860//3784
f 3868//3792 3862//3786 3861//3785
f 3833//3757 3827//3751 3862//3786
f 3870//3794 3864//3788 3863//3787
f 3871//3795 3865//3789 3864//3788
f 3872//3796 3866//3790 3865//3789
f 3873//3797 3867//3791 3866//3790
f 3874//3798 3868//3792 3867//3791
f 3839//3763 3833//3757 3868//3792
f 3559//3483 3870//3794 3869//3793
f 3562//3486 3871//3795 3870//3794
f 3564//3488 3872//3796 3871//3795
f 3566//3490 3873//3797 3872//3796
f 3568//3492 3874//3798 3873//3797
f 3521//3445 3839//3763 3874//3798
f 3876//3800 3877//3801 3644//3568
f 3878//3802 3689//3613 3877//3801
f 3879//3803 3687//3611 3689//3613
f 3880//3804 3685//3609 3687//3611
f 3881//3805 3882//3806 3685//3609
f 3845//3769 3683//3607 3882//3806
f 3884//3808 3876//3800 3875//3799
f 3885//3809 3878//3802 3876//3800
f 3886//3810 3879//3803 3878//3802
f 3887//3811 3880//3804 3879//3803
f 3888//3812 3881//3805 3880//3804
f 3851//3775 3845//3769 3881//3805
f 3890//3814 3884//3808 3883//3807
f 3891//3815 3885//3809 3884//3808
f 3892//3816 3886//3810 3885//3809
f 3893//3817 3887//3811 3886//3810
f 3894//3818 3888//3812 3887//3811
f 3857//3781 3851//3775 3888//3812
f 3895//3819 3896//3820 3890//3814
f 3896//3820 3897//3821 3891//3815
f 3897//3821 3898//3822 3892//3816
f 3898//3822 3899//3823 3893//3817
f 3899//3823 3900//3824 3894//3818
f 3863//3787 3857//3781 3894//3818
f 3901//3825 3902//3826 3896//3820
f 3902//3826 3903//3827 3897//3821
f 3903//3827 3904//3828 3898//3822
f 3904//3828 3905//3829 3899//3823
f 3905//3829 3906//3830 3900//3824
f 3906//3830 3869//3793 3863//3787
f 3554//3478 3587//3511 3902//3826
f 3587//3511 3581//3505 3903//3827
f 3581//3505 3575//3499 3904//3828
f 3575//3499 3569//3493 3905//3829
f 3569//3493 3907//3831 3906//3830
f 3907//3831 3560//3484 3869//3793
f 3721//3645 3908//3832 3909//3833
f 3910//3834 3649//3573 3909//3833
f 3911//3835 3647//3571 3649//3573
f 3912//3836 3913//3837 3647//3571
f 3914//3838 3643//3567 3913//3837
f 3875//3799 3644//3568 3643//3567
f 3915//3839 3908//3832 3721//3645
f 3916//3840 3910//3834 3908//3832
f 3917//3841 3911//3835 3910//3834
f 3918//3842 3912//3836 3911//3835
f 3919//3843 3914//3838 3912//3836
f 3883//3807 3875//3799 3914//3838
f 3920//3844 3915//3839 3728//3652
f 3921//3845 3916//3840 3915//3839
f 3922//3846 3917//3841 3916//3840
f 3923//3847 3918//3842 3917//3841
f 3924//3848 3919//3843 3918//3842
f 3889//3813 3883//3807 3919//3843
f 3925//3849 3920//3844 3735//3659
f 3926//3850 3921//3845 3920//3844
f 3927//3851 3922//3846 3921//3845
f 3928//3852 3923//3847 3922//3846
f 3929//3853 3924//3848 3923//3847
f 3929//3853 3895//3819 3889//3813
f 3749//3673 3930//3854 3925//3849
f 3930//3854 3931//3855 3926//3850
f 3931//3855 3932//3856 3927//3851
f 3932//3856 3933//3857 3928//3852
f 3933//3857 3934//3858 3929//3853
f 3934//3858 3901//3825 3895//3819
f 3517//3441 3557//3481 3930//3854
f 3557//3481 3935//3859 3931//3855
f 3935//3859 3556//3480 3932//3856
f 3556//3480 3936//3860 3933//3857
f 3936//3860 3555//3479 3934//3858
f 3555//3479 3554//3478 3901//3825
f 3938//3862 3940//3864 3939//3863
f 3941//3865 3939//3863 3942//3866
f 3943//3867 3942//3866 3944//3868
f 3945//3869 3944//3868 3946//3870
f 3947//3871 3946//3870 3948//3872
f 3949//3873 3948//3872 3950//3874
f 3952//3876 3937//3861 3938//3862
f 3953//3877 3938//3862 3941//3865
f 3954//3878 3941//3865 3943//3867
f 3955//3879 3943//3867 3945//3869
f 3956//3880 3945//3869 3947//3871
f 3956//3880 3949//3873 3957//3881
f 3959//3883 3951//3875 3952//3876
f 3960//3884 3952//3876 3953//3877
f 3961//3885 3953//3877 3954//3878
f 3962//3886 3954//3878 3955//3879
f 3962//3886 3956//3880 3963//3887
f 3963//3887 3957//3881 3964//3888
f 3966//3890 3958//3882 3959//3883
f 3967//3891 3959//3883 3960//3884
f 3968//3892 3960//3884 3961//3885
f 3969//3893 3961//3885 3962//3886
f 3969//3893 3963//3887 3970//3894
f 3970//3894 3964//3888 3971//3895
f 3973//3897 3965//3889 3966//3890
f 3974//3898 3966//3890 3967//3891
f 3975//3899 3967//3891 3968//3892
f 3976//3900 3968//3892 3969//3893
f 3976//3900 3970//3894 3977//3901
f 3977//3901 3971//3895 3978//3902
f 3980//3904 3972//3896 3973//3897
f 3981//3905 3973//3897 3974//3898
f 3982//3906 3974//3898 3975//3899
f 3983//3907 3975//3899 3976//3900
f 3984//3908 3976//3900 3977//3901
f 3985//3909 3977//3901 3978//3902
f 3986//3910 3988//3912 3987//3911
f 3987//3911 3991//3915 3990//3914
f 3990//3914 3993//3917 3992//3916
f 3994//3918 3993//3917 3995//3919
f 3996//3920 3995//3919 3997//3921
f 3937//3861 3997//3921 3940//3864
f 3999//3923 3986//3910 3987//3911
f 4000//3924 3987//3911 3990//3914
f 4001//3925 3990//3914 3992//3916
f 4001//3925 3994//3918 4002//3926
f 4002//3926 3996//3920 4003//3927
f 4003//3927 3937//3861 3951//3875
f 4005//3929 3998//3922 3999//3923
f 4006//3930 3999//3923 4000//3924
f 4007//3931 4000//3924 4001//3925
f 4007//3931 4002//3926 4008//3932
f 4008//3932 4003//3927 4009//3933
f 4009//3933 3951//3875 3958//3882
f 4011//3935 4004//3928 4005//3929
f 4012//3936 4005//3929 4006//3930
f 4013//3937 4006//3930 4007//3931
f 4013//3937 4008//3932 4014//3938
f 4014//3938 4009//3933 4015//3939
f 4015//3939 3958//3882 3965//3889
f 4017//3941 4010//3934 4011//3935
f 4018//3942 4011//3935 4012//3936
f 4019//3943 4012//3936 4013//3937
f 4019//3943 4014//3938 4020//3944
f 4020//3944 4015//3939 4021//3945
f 4021//3945 3965//3889 3972//3896
f 4023//3947 4016//3940 4017//3941
f 4024//3948 4017//3941 4018//3942
f 4025//3949 4018//3942 4019//3943
f 4025//3949 4020//3944 4026//3950
f 4026//3950 4021//3945 4027//3951
f 4027//3951 3972//3896 3979//3903
f 4028//3952 4030//3954 4029//3953
f 4029//3953 4033//3957 4032//3956
f 4032//3956 4035//3959 4034//3958
f 4034//3958 4037//3961 4036//3960
f 4036//3960 4039//3963 4038//3962
f 4038//3962 3989//3913 3986//3910
f 4041//3965 4028//3952 4029//3953
f 4041//3965 4032//3956 4042//3966
f 4042//3966 4034//3958 4043//3967
f 4043//3967 4036//3960 4044//3968
f 4044//3968 4038//3962 4045//3969
f 4045//3969 3986//3910 3998//3922
f 4047//3971 4040//3964 4041//3965
f 4048//3972 4041//3965 4042//3966
f 4048//3972 4043//3967 4049//3973
f 4049//3973 4044//3968 4050//3974
f 4050//3974 4045//3969 4051//3975
f 4051//3975 3998//3922 4004//3928
f 4053//3977 4046//3970 4047//3971
f 4054//3978 4047//3971 4048//3972
f 4054//3978 4049//3973 4055//3979
f 4055//3979 4050//3974 4056//3980
f 4056//3980 4051//3975 4057//3981
f 4057//3981 4004//3928 4010//3934
f 4059//3983 4052//3976 4053//3977
f 4060//3984 4053//3977 4054//3978
f 4060//3984 4055//3979 4061//3985
f 4061//3985 4056//3980 4062//3986
f 4062//3986 4057//3981 4063//3987
f 4063//3987 4010//3934 4016//3940
f 4064//3988 4059//3983 4065//3989
f 4065//3989 4060//3984 4066//3990
f 4066//3990 4061//3985 4067//3991
f 4067//3991 4062//3986 4068//3992
f 4068//3992 4063//3987 4069//3993
f 4069//3993 4016//3940 4022//3946
f 4070//3994 3950//3874 4071//3995
f 4072//3996 4071//3995 4073//3997
f 4074//3998 4073//3997 4075//3999
f 4074//3998 4077//4001 4076//4000
f 4076//4000 4079//4003 4078//4002
f 4078//4002 4031//3955 4028//3952
f 4080//4004 3949//3873 4070//3994
f 4081//4005 4070//3994 4072//3996
f 4082//4006 4072//3996 4074//3998
f 4082//4006 4076//4000 4083//4007
f 4083//4007 4078//4002 4084//4008
f 4084//4008 4028//3952 4040//3964
f 4085//4009 3957//3881 4080//4004
f 4086//4010 4080//4004 4081//4005
f 4087//4011 4081//4005 4082//4006
f 4087//4011 4083//4007 4088//4012
f 4088//4012 4084//4008 4089//4013
f 4089//4013 4040//3964 4046//3970
f 4090//4014 3964//3888 4085//4009
f 4091//4015 4085//4009 4086//4010
f 4092//4016 4086//4010 4087//4011
f 4092//4016 4088//4012 4093//4017
f 4093//4017 4089//4013 4094//4018
f 4094//4018 4046//3970 4052//3976
f 4095//4019 3971//3895 4090//4014
f 4096//4020 4090//4014 4091//4015
f 4097//4021 4091//4015 4092//4016
f 4097//4021 4093//4017 4098//4022
f 4098//4022 4094//4018 4099//4023
f 4099//4023 4052//3976 4058//3982
f 4100//4024 3978//3902 4095//4019
f 4101//4025 4095//4019 4096//4020
f 4102//4026 4096//4020 4097//4021
f 4102//4026 4098//4022 4103//4027
f 4103//4027 4099//4023 4104//4028
f 4104//4028 4058//3982 4064//3988
f 4105//4029 4273//4197 4106//4030
f 4106//4030 4109//4033 4108//4032
f 4108//4032 4262//4186 4110//4034
f 4110//4034 4256//4180 4111//4035
f 4112//4036 4256//4180 4113//4037
f 4114//4038 4113//4037 4115//4039
f 4116//4040 4106//4030 4117//4041
f 4117//4041 4108//4032 4118//4042
f 4118//4042 4110//4034 4119//4043
f 4120//4044 4110//4034 4111//4035
f 4121//4045 4111//4035 4112//4036
f 4122//4046 4112//4036 4114//4038
f 4123//4047 4117//4041 4124//4048
f 4124//4048 4118//4042 4125//4049
f 4125//4049 4119//4043 4126//4050
f 4127//4051 4119//4043 4120//4044
f 4128//4052 4120//4044 4121//4045
f 4129//4053 4121//4045 4122//4046
f 4130//4054 4124//4048 4131//4055
f 4131//4055 4125//4049 4132//4056
f 4132//4056 4126//4050 4133//4057
f 4134//4058 4126//4050 4127//4051
f 4135//4059 4127//4051 4128//4052
f 4136//4060 4128//4052 4129//4053
f 4137//4061 4131//4055 4138//4062
f 4138//4062 4132//4056 4139//4063
f 4139//4063 4133//4057 4140//4064
f 4141//4065 4133//4057 4134//4058
f 4142//4066 4134//4058 4135//4059
f 4143//4067 4135//4059 4136//4060
f 3940//3864 4138//4062 3939//3863
f 3942//3866 4138//4062 4139//4063
f 3944//3868 4139//4063 4140//4064
f 3946//3870 4140//4064 4141//4065
f 3948//3872 4141//4065 4142//4066
f 3950//3874 4142//4066 4143//4067
f 4144//4068 4146//4070 4145//4069
f 4145//4069 4149//4073 4148//4072
f 4148//4072 4151//4075 4150//4074
f 4152//4076 4151//4075 4153//4077
f 4154//4078 4153//4077 4155//4079
f 4105//4029 4155//4079 4107//4031
f 4156//4080 4145//4069 4157//4081
f 4157//4081 4148//4072 4158//4082
f 4158//4082 4150//4074 4159//4083
f 4160//4084 4150//4074 4152//4076
f 4161//4085 4152//4076 4154//4078
f 4116//4040 4154//4078 4105//4029
f 4162//4086 4157//4081 4163//4087
f 4163//4087 4158//4082 4164//4088
f 4164//4088 4159//4083 4165//4089
f 4166//4090 4159//4083 4160//4084
f 4167//4091 4160//4084 4161//4085
f 4123//4047 4161//4085 4116//4040
f 4168//4092 4163//4087 4169//4093
f 4169//4093 4164//4088 4170//4094
f 4170//4094 4165//4089 4171//4095
f 4172//4096 4165//4089 4166//4090
f 4173//4097 4166//4090 4167//4091
f 4130//4054 4167//4091 4123//4047
f 4174//4098 4169//4093 4175//4099
f 4175//4099 4170//4094 4176//4100
f 4176//4100 4171//4095 4177//4101
f 4178//4102 4171//4095 4172//4096
f 4179//4103 4172//4096 4173//4097
f 4137//4061 4173//4097 4130//4054
f 3989//3913 4175//4099 3988//3912
f 3988//3912 4176//4100 3991//3915
f 3991//3915 4177//4101 3993//3917
f 3995//3919 4177//4101 4178//4102
f 3997//3921 4178//4102 4179//4103
f 3940//3864 4179//4103 4137//4061
f 4180//4104 4182//4106 4181//4105
f 4181//4105 4185//4109 4184//4108
f 4186//4110 4185//4109 4187//4111
f 4188//4112 4187//4111 4189//4113
f 4190//4114 4189//4113 4191//4115
f 4144//4068 4191//4115 4147//4071
f 4192//4116 4181//4105 4193//4117
f 4193//4117 4184//4108 4194//4118
f 4194//4118 4186//4110 4195//4119
f 4196//4120 4186//4110 4188//4112
f 4197//4121 4188//4112 4190//4114
f 4156//4080 4190//4114 4144//4068
f 4198//4122 4193//4117 4199//4123
f 4199//4123 4194//4118 4200//4124
f 4200//4124 4195//4119 4201//4125
f 4202//4126 4195//4119 4196//4120
f 4203//4127 4196//4120 4197//4121
f 4162//4086 4197//4121 4156//4080
f 4204//4128 4199//4123 4205//4129
f 4205//4129 4200//4124 4206//4130
f 4206//4130 4201//4125 4207//4131
f 4208//4132 4201//4125 4202//4126
f 4209//4133 4202//4126 4203//4127
f 4168//4092 4203//4127 4162//4086
f 4210//4134 4205//4129 4211//4135
f 4211//4135 4206//4130 4212//4136
f 4212//4136 4207//4131 4213//4137
f 4214//4138 4207//4131 4208//4132
f 4215//4139 4208//4132 4209//4133
f 4174//4098 4209//4133 4168//4092
f 4031//3955 4211//4135 4030//3954
f 4030//3954 4212//4136 4033//3957
f 4033//3957 4213//4137 4035//3959
f 4035//3959 4214//4138 4037//3961
f 4037//3961 4215//4139 4039//3963
f 3989//3913 4215//4139 4174//4098
f 4114//4038 4217//4141 4216//4140
f 4216//4140 4249//4173 4218//4142
f 4218//4142 4247//4171 4219//4143
f 4220//4144 4247//4171 4221//4145
f 4222//4146 4221//4145 4223//4147
f 4180//4104 4223//4147 4183//4107
f 4122//4046 4216//4140 4224//4148
f 4224//4148 4218//4142 4225//4149
f 4225//4149 4219//4143 4226//4150
f 4227//4151 4219//4143 4220//4144
f 4228//4152 4220//4144 4222//4146
f 4192//4116 4222//4146 4180//4104
f 4129//4053 4224//4148 4229//4153
f 4229//4153 4225//4149 4230//4154
f 4230//4154 4226//4150 4231//4155
f 4232//4156 4226//4150 4227//4151
f 4233//4157 4227//4151 4228//4152
f 4198//4122 4228//4152 4192//4116
f 4136//4060 4229//4153 4234//4158
f 4234//4158 4230//4154 4235//4159
f 4235//4159 4231//4155 4236//4160
f 4237//4161 4231//4155 4232//4156
f 4238//4162 4232//4156 4233//4157
f 4204//4128 4233//4157 4198//4122
f 4143//4067 4234//4158 4239//4163
f 4239//4163 4235//4159 4240//4164
f 4240//4164 4236//4160 4241//4165
f 4242//4166 4236//4160 4237//4161
f 4243//4167 4237//4161 4238//4162
f 4210//4134 4238//4162 4204//4128
f 3950//3874 4239//4163 4071//3995
f 4071//3995 4240//4164 4073//3997
f 4073//3997 4241//4165 4075//3999
f 4077//4001 4241//4165 4242//4166
f 4079//4003 4242//4166 4243//4167
f 4031//3955 4243//4167 4210//4134
f 4182//4106 4223//4147 4244//4168
f 4244//4168 4221//4145 4245//4169
f 4245//4169 4247//4171 4246//4170
f 4248//4172 4247//4171 4249//4173
f 4250//4174 4249//4173 4217//4141
f 4113//4037 4217//4141 4115//4039
f 4185//4109 4244//4168 4251//4175
f 4251//4175 4245//4169 4252//4176
f 4252//4176 4246//4170 4253//4177
f 4254//4178 4246//4170 4248//4172
f 4255//4179 4248//4172 4250//4174
f 4256//4180 4250//4174 4113//4037
f 4187//4111 4251//4175 4257//4181
f 4257//4181 4252//4176 4258//4182
f 4258//4182 4253//4177 4259//4183
f 4260//4184 4253//4177 4254//4178
f 4261//4185 4254//4178 4255//4179
f 4262//4186 4255//4179 4256//4180
f 4189//4113 4257//4181 4263//4187
f 4264//4188 4257//4181 4258//4182
f 4265//4189 4258//4182 4259//4183
f 4265//4189 4260//4184 4266//4190
f 4266//4190 4261//4185 4267//4191
f 4109//4033 4261//4185 4262//4186
f 4268//4192 4189//4113 4263//4187
f 4269//4193 4263//4187 4264//4188
f 4270//4194 4264//4188 4265//4189
f 4270//4194 4266//4190 4271//4195
f 4271//4195 4267//4191 4272//4196
f 4272//4196 4109//4033 4273//4197
f 4146//4070 4191//4115 4268//4192
f 4149//4073 4268//4192 4269//4193
f 4151//4075 4269//4193 4270//4194
f 4151//4075 4271//4195 4153//4077
f 4153//4077 4272//4196 4155//4079
f 4155//4079 4273//4197 4107//4031
f 4275//4199 4277//4201 4276//4200
f 4278//4202 4276//4200 4279//4203
f 4280//4204 4279//4203 4281//4205
f 4282//4206 4281//4205 4283//4207
f 4284//4208 4283//4207 4285//4209
f 4286//4210 4285//4209 4287//4211
f 4289//4213 4274//4198 4275//4199
f 4290//4214 4275//4199 4278//4202
f 4291//4215 4278//4202 4280//4204
f 4292//4216 4280//4204 4282//4206
f 4293//4217 4282//4206 4284//4208
f 4293//4217 4286//4210 4294//4218
f 4296//4220 4288//4212 4289//4213
f 4297//4221 4289//4213 4290//4214
f 4298//4222 4290//4214 4291//4215
f 4299//4223 4291//4215 4292//4216
f 4299//4223 4293//4217 4300//4224
f 4300//4224 4294//4218 4301//4225
f 4303//4227 4295//4219 4296//4220
f 4304//4228 4296//4220 4297//4221
f 4305//4229 4297//4221 4298//4222
f 4306//4230 4298//4222 4299//4223
f 4306//4230 4300//4224 4307//4231
f 4307//4231 4301//4225 4308//4232
f 4310//4234 4302//4226 4303//4227
f 4311//4235 4303//4227 4304//4228
f 4312//4236 4304//4228 4305//4229
f 4313//4237 4305//4229 4306//4230
f 4313//4237 4307//4231 4314//4238
f 4314//4238 4308//4232 4315//4239
f 4317//4241 4309//4233 4310//4234
f 4318//4242 4310//4234 4311//4235
f 4319//4243 4311//4235 4312//4236
f 4320//4244 4312//4236 4313//4237
f 4321//4245 4313//4237 4314//4238
f 4322//4246 4314//4238 4315//4239
f 4323//4247 4325//4249 4324//4248
f 4324//4248 4328//4252 4327//4251
f 4327//4251 4330//4254 4329//4253
f 4331//4255 4330//4254 4332//4256
f 4333//4257 4332//4256 4334//4258
f 4274//4198 4334//4258 4277//4201
f 4336//4260 4323//4247 4324//4248
f 4337//4261 4324//4248 4327//4251
f 4338//4262 4327//4251 4329//4253
f 4338//4262 4331//4255 4339//4263
f 4339//4263 4333//4257 4340//4264
f 4340//4264 4274//4198 4288//4212
f 4342//4266 4335//4259 4336//4260
f 4343//4267 4336//4260 4337//4261
f 4344//4268 4337//4261 4338//4262
f 4344//4268 4339//4263 4345//4269
f 4345//4269 4340//4264 4346//4270
f 4346//4270 4288//4212 4295//4219
f 4348//4272 4341//4265 4342//4266
f 4349//4273 4342//4266 4343//4267
f 4350//4274 4343//4267 4344//4268
f 4350//4274 4345//4269 4351//4275
f 4351//4275 4346//4270 4352//4276
f 4352//4276 4295//4219 4302//4226
f 4354//4278 4347//4271 4348//4272
f 4355//4279 4348//4272 4349//4273
f 4356//4280 4349//4273 4350//4274
f 4356//4280 4351//4275 4357//4281
f 4357//4281 4352//4276 4358//4282
f 4358//4282 4302//4226 4309//4233
f 4360//4284 4353//4277 4354//4278
f 4361//4285 4354//4278 4355//4279
f 4362//4286 4355//4279 4356//4280
f 4362//4286 4357//4281 4363//4287
f 4363//4287 4358//4282 4364//4288
f 4364//4288 4309//4233 4316//4240
f 4365//4289 4367//4291 4366//4290
f 4366//4290 4370//4294 4369//4293
f 4369//4293 4372//4296 4371//4295
f 4371//4295 4374//4298 4373//4297
f 4373//4297 4376//4300 4375//4299
f 4375//4299 4326//4250 4323//4247
f 4378//4302 4365//4289 4366//4290
f 4378//4302 4369//4293 4379//4303
f 4379//4303 4371//4295 4380//4304
f 4380//4304 4373//4297 4381//4305
f 4381//4305 4375//4299 4382//4306
f 4382//4306 4323//4247 4335//4259
f 4384//4308 4377//4301 4378//4302
f 4385//4309 4378//4302 4379//4303
f 4385//4309 4380//4304 4386//4310
f 4386//4310 4381//4305 4387//4311
f 4387//4311 4382//4306 4388//4312
f 4388//4312 4335//4259 4341//4265
f 4390//4314 4383//4307 4384//4308
f 4391//4315 4384//4308 4385//4309
f 4391//4315 4386//4310 4392//4316
f 4392//4316 4387//4311 4393//4317
f 4393//4317 4388//4312 4394//4318
f 4394//4318 4341//4265 4347//4271
f 4396//4320 4389//4313 4390//4314
f 4397//4321 4390//4314 4391//4315
f 4397//4321 4392//4316 4398//4322
f 4398//4322 4393//4317 4399//4323
f 4399//4323 4394//4318 4400//4324
f 4400//4324 4347//4271 4353//4277
f 4401//4325 4396//4320 4402//4326
f 4402//4326 4397//4321 4403//4327
f 4403//4327 4398//4322 4404//4328
f 4404//4328 4399//4323 4405//4329
f 4405//4329 4400//4324 4406//4330
f 4406//4330 4353//4277 4359//4283
f 4407//4331 4287//4211 4408//4332
f 4409//4333 4408//4332 4410//4334
f 4411//4335 4410//4334 4412//4336
f 4411//4335 4414//4338 4413//4337
f 4413//4337 4416//4340 4415//4339
f 4415//4339 4368//4292 4365//4289
f 4417//4341 4286//4210 4407//4331
f 4418//4342 4407//4331 4409//4333
f 4419//4343 4409//4333 4411//4335
f 4419//4343 4413//4337 4420//4344
f 4420//4344 4415//4339 4421//4345
f 4421//4345 4365//4289 4377//4301
f 4422//4346 4294//4218 4417//4341
f 4423//4347 4417//4341 4418//4342
f 4424//4348 4418//4342 4419//4343
f 4424//4348 4420//4344 4425//4349
f 4425//4349 4421//4345 4426//4350
f 4426//4350 4377//4301 4383//4307
f 4427//4351 4301//4225 4422//4346
f 4428//4352 4422//4346 4423//4347
f 4429//4353 4423//4347 4424//4348
f 4429//4353 4425//4349 4430//4354
f 4430//4354 4426//4350 4431//4355
f 4431//4355 4383//4307 4389//4313
f 4432//4356 4308//4232 4427//4351
f 4433//4357 4427//4351 4428//4352
f 4434//4358 4428//4352 4429//4353
f 4434//4358 4430//4354 4435//4359
f 4435//4359 4431//4355 4436//4360
f 4436//4360 4389//4313 4395//4319
f 4437//4361 4315//4239 4432//4356
f 4438//4362 4432//4356 4433//4357
f 4439//4363 4433//4357 4434//4358
f 4439//4363 4435//4359 4440//4364
f 4440//4364 4436//4360 4441//4365
f 4441//4365 4395//4319 4401//4325
f 4442//4366 4444//4368 4443//4367
f 4443//4367 4447//4371 4446//4370
f 4446//4370 4600//4524 4448//4372
f 4448//4372 4594//4518 4449//4373
f 4450//4374 4594//4518 4588//4512
f 4451//4375 4588//4512 4452//4376
f 4453//4377 4443//4367 4454//4378
f 4454//4378 4446//4370 4455//4379
f 4455//4379 4448//4372 4456//4380
f 4457//4381 4448//4372 4449//4373
f 4458//4382 4449//4373 4450//4374
f 4459//4383 4450//4374 4451//4375
f 4460//4384 4454//4378 4461//4385
f 4461//4385 4455//4379 4462//4386
f 4462//4386 4456//4380 4463//4387
f 4464//4388 4456//4380 4457//4381
f 4465//4389 4457//4381 4458//4382
f 4466//4390 4458//4382 4459//4383
f 4467//4391 4461//4385 4468//4392
f 4468//4392 4462//4386 4469//4393
f 4469//4393 4463//4387 4470//4394
f 4471//4395 4463//4387 4464//4388
f 4472//4396 4464//4388 4465//4389
f 4473//4397 4465//4389 4466//4390
f 4474//4398 4468//4392 4475//4399
f 4475//4399 4469//4393 4476//4400
f 4476//4400 4470//4394 4477//4401
f 4478//4402 4470//4394 4471//4395
f 4479//4403 4471//4395 4472//4396
f 4480//4404 4472//4396 4473//4397
f 4277//4201 4475//4399 4276//4200
f 4279//4203 4475//4399 4476//4400
f 4281//4205 4476//4400 4477//4401
f 4283//4207 4477//4401 4478//4402
f 4285//4209 4478//4402 4479//4403
f 4287//4211 4479//4403 4480//4404
f 4481//4405 4483//4407 4482//4406
f 4482//4406 4486//4410 4485//4409
f 4485//4409 4488//4412 4487//4411
f 4489//4413 4488//4412 4490//4414
f 4491//4415 4490//4414 4492//4416
f 4442//4366 4492//4416 4445//4369
f 4493//4417 4482//4406 4494//4418
f 4494//4418 4485//4409 4495//4419
f 4495//4419 4487//4411 4496//4420
f 4497//4421 4487//4411 4489//4413
f 4498//4422 4489//4413 4491//4415
f 4453//4377 4491//4415 4442//4366
f 4499//4423 4494//4418 4500//4424
f 4500//4424 4495//4419 4501//4425
f 4501//4425 4496//4420 4502//4426
f 4503//4427 4496//4420 4497//4421
f 4504//4428 4497//4421 4498//4422
f 4460//4384 4498//4422 4453//4377
f 4505//4429 4500//4424 4506//4430
f 4506//4430 4501//4425 4507//4431
f 4507//4431 4502//4426 4508//4432
f 4509//4433 4502//4426 4503//4427
f 4510//4434 4503//4427 4504//4428
f 4467//4391 4504//4428 4460//4384
f 4511//4435 4506//4430 4512//4436
f 4512//4436 4507//4431 4513//4437
f 4513//4437 4508//4432 4514//4438
f 4515//4439 4508//4432 4509//4433
f 4516//4440 4509//4433 4510//4434
f 4474//4398 4510//4434 4467//4391
f 4326//4250 4512//4436 4325//4249
f 4325//4249 4513//4437 4328//4252
f 4328//4252 4514//4438 4330//4254
f 4332//4256 4514//4438 4515//4439
f 4334//4258 4515//4439 4516//4440
f 4277//4201 4516//4440 4474//4398
f 4517//4441 4519//4443 4518//4442
f 4518//4442 4522//4446 4521//4445
f 4523//4447 4522//4446 4524//4448
f 4525//4449 4524//4448 4526//4450
f 4527//4451 4526//4450 4528//4452
f 4481//4405 4528//4452 4484//4408
f 4529//4453 4518//4442 4530//4454
f 4530//4454 4521//4445 4531//4455
f 4531//4455 4523//4447 4532//4456
f 4533//4457 4523//4447 4525//4449
f 4534//4458 4525//4449 4527//4451
f 4493//4417 4527//4451 4481//4405
f 4535//4459 4530//4454 4536//4460
f 4536//4460 4531//4455 4537//4461
f 4537//4461 4532//4456 4538//4462
f 4539//4463 4532//4456 4533//4457
f 4540//4464 4533//4457 4534//4458
f 4499//4423 4534//4458 4493//4417
f 4541//4465 4536//4460 4542//4466
f 4542//4466 4537//4461 4543//4467
f 4543//4467 4538//4462 4544//4468
f 4545//4469 4538//4462 4539//4463
f 4546//4470 4539//4463 4540//4464
f 4505//4429 4540//4464 4499//4423
f 4547//4471 4542//4466 4548//4472
f 4548//4472 4543//4467 4549//4473
f 4549//4473 4544//4468 4550//4474
f 4551//4475 4544//4468 4545//4469
f 4552//4476 4545//4469 4546//4470
f 4511//4435 4546//4470 4505//4429
f 4368//4292 4548//4472 4367//4291
f 4367//4291 4549//4473 4370//4294
f 4370//4294 4550//4474 4372//4296
f 4372//4296 4551//4475 4374//4298
f 4374//4298 4552//4476 4376//4300
f 4326//4250 4552//4476 4511//4435
f 4451//4375 4554//4478 4553//4477
f 4553//4477 4586//4510 4555//4479
f 4555//4479 4557//4481 4556//4480
f 4558//4482 4557//4481 4583//4507
f 4559//4483 4583//4507 4560//4484
f 4517//4441 4560//4484 4520//4444
f 4459//4383 4553//4477 4561//4485
f 4561//4485 4555//4479 4562//4486
f 4562//4486 4556//4480 4563//4487
f 4564//4488 4556//4480 4558//4482
f 4565//4489 4558//4482 4559//4483
f 4529//4453 4559//4483 4517//4441
f 4466//4390 4561//4485 4566//4490
f 4566//4490 4562//4486 4567//4491
f 4567//4491 4563//4487 4568//4492
f 4569//4493 4563//4487 4564//4488
f 4570//4494 4564//4488 4565//4489
f 4535//4459 4565//4489 4529//4453
f 4473//4397 4566//4490 4571//4495
f 4571//4495 4567//4491 4572//4496
f 4572//4496 4568//4492 4573//4497
f 4574//4498 4568//4492 4569//4493
f 4575//4499 4569//4493 4570//4494
f 4541//4465 4570//4494 4535//4459
f 4480//4404 4571//4495 4576//4500
f 4576//4500 4572//4496 4577//4501
f 4577//4501 4573//4497 4578//4502
f 4579//4503 4573//4497 4574//4498
f 4580//4504 4574//4498 4575//4499
f 4547//4471 4575//4499 4541//4465
f 4287//4211 4576//4500 4408//4332
f 4408//4332 4577//4501 4410//4334
f 4410//4334 4578//4502 4412//4336
f 4414//4338 4578//4502 4579//4503
f 4416//4340 4579//4503 4580//4504
f 4368//4292 4580//4504 4547//4471
f 4519//4443 4560//4484 4581//4505
f 4581//4505 4583//4507 4582//4506
f 4582//4506 4557//4481 4584//4508
f 4585//4509 4557//4481 4586//4510
f 4587//4511 4586//4510 4554//4478
f 4588//4512 4554//4478 4452//4376
f 4522//4446 4581//4505 4589//4513
f 4589//4513 4582//4506 4590//4514
f 4590//4514 4584//4508 4591//4515
f 4592//4516 4584//4508 4585//4509
f 4593//4517 4585//4509 4587//4511
f 4594//4518 4587//4511 4588//4512
f 4524//4448 4589//4513 4595//4519
f 4595//4519 4590//4514 4596//4520
f 4596//4520 4591//4515 4597//4521
f 4598//4522 4591//4515 4592//4516
f 4599//4523 4592//4516 4593//4517
f 4600//4524 4593//4517 4594//4518
f 4526//4450 4595//4519 4601//4525
f 4602//4526 4595//4519 4596//4520
f 4603//4527 4596//4520 4597//4521
f 4603//4527 4598//4522 4604//4528
f 4604//4528 4599//4523 4605//4529
f 4447//4371 4599//4523 4600//4524
f 4606//4530 4526//4450 4601//4525
f 4607//4531 4601//4525 4602//4526
f 4608//4532 4602//4526 4603//4527
f 4608//4532 4604//4528 4609//4533
f 4609//4533 4605//4529 4610//4534
f 4610//4534 4447//4371 4444//4368
f 4483//4407 4528//4452 4606//4530
f 4486//4410 4606//4530 4607//4531
f 4488//4412 4607//4531 4608//4532
f 4488//4412 4609//4533 4490//4414
f 4490//4414 4610//4534 4492//4416
f 4492//4416 4444//4368 4445//4369
