# Blender 5.2.0 LTS
# www.blender.org
o Gumbo_LOD2_3
v 12.962963 6.000000 0.000000
v 12.929201 4.929220 -0.404907
v 14.000000 4.962963 0.000000
v 14.000000 6.000000 0.000000
v 12.929201 3.070779 -0.404907
v 14.000000 3.037037 0.000000
v 12.962963 2.000000 0.000000
v 14.000000 2.000000 0.000000
v 11.070755 4.929219 -0.404907
v 11.070755 3.070778 -0.404907
v 11.037037 2.000000 0.000000
v 10.000000 6.000000 0.000000
v 10.000000 4.962963 0.000000
v 10.000000 2.000000 0.000000
v 13.795511 2.408951 4.562744
v 12.551359 1.684565 4.945588
v 12.561274 1.491749 7.896004
v 14.000000 2.000000 8.000000
v 11.215595 1.449017 5.016796
v 11.182592 1.399466 7.948002
v 10.110355 2.037635 4.741761
v 10.000000 2.000000 8.000000
v 13.897756 2.204476 1.392483
v 12.764334 1.555899 2.055840
v 11.147824 1.448465 2.085322
v 10.055178 2.018818 1.481992
v 13.371511 5.371511 4.668953
v 14.273236 4.277302 4.691492
v 14.872755 4.367640 7.230609
v 14.000000 6.000000 8.000000
v 14.550295 3.296035 4.589411
v 15.056711 3.224026 7.150038
v 13.685756 5.685756 1.445588
v 14.382475 4.648654 2.002677
v 14.500616 3.183236 1.960785
v 10.274000 5.800715 4.609233
v 11.251424 6.511143 4.759762
v 11.264370 6.902179 7.496512
v 10.000000 6.000000 8.000000
v 12.305421 6.235376 4.789229
v 10.137001 5.900358 1.415728
v 11.156801 6.497855 2.006000
v 12.648577 6.377995 2.025529
v 11.037037 6.000000 0.000000
v 9.416285 3.170115 5.003304
v 9.296356 3.164935 7.927138
v 9.514404 4.536225 4.928936
v 9.304684 4.506792 7.854276
v 9.443738 3.126881 2.080163
v 9.491970 4.762473 2.050687
v 10.000000 3.037037 0.000000
v 20.929199 4.929219 -0.404908
v 22.000000 4.962963 0.000000
v 22.000000 6.000000 0.000000
v 20.929199 3.070778 -0.404908
v 22.000000 3.037037 0.000000
v 20.962963 2.000000 0.000000
v 22.000000 2.000000 0.000000
v 19.070757 4.929220 -0.404908
v 19.070757 3.070779 -0.404908
v 19.037039 2.000000 0.000000
v 18.000000 6.000000 0.000000
v 18.000000 4.962963 0.000000
v 18.000000 2.000000 0.000000
v 22.023602 2.122320 4.741406
v 20.904064 1.542669 5.016536
v 20.838785 1.401440 7.932227
v 22.000000 2.000000 8.000000
v 19.540485 1.799819 4.945626
v 19.483215 1.497400 7.864453
v 18.272179 2.544391 4.564944
v 18.000000 2.000000 8.000000
v 22.011799 2.061160 1.481814
v 20.909679 1.494972 2.087344
v 19.276638 1.612835 2.059614
v 18.136089 2.272196 1.393583
v 21.750711 5.857555 4.603242
v 22.485016 4.581538 4.954153
v 22.608067 4.499198 7.906285
v 22.000000 6.000000 8.000000
v 22.658033 3.233616 5.016544
v 22.653868 3.155001 7.953142
v 21.875355 5.928778 1.412732
v 22.517759 4.786226 2.058897
v 22.599171 3.159793 2.084858
v 18.629202 5.370800 4.667531
v 19.734463 6.275574 4.771126
v 19.558060 6.783426 7.436000
v 18.000000 6.000000 8.000000
v 20.818985 6.597291 4.730293
v 20.825073 6.976866 7.461994
v 18.314600 5.685400 1.444877
v 19.365437 6.393548 2.019540
v 20.868738 6.532929 1.996297
v 19.037037 6.000000 0.000000
v 20.962963 6.000000 0.000000
v 17.564354 3.409813 4.567566
v 17.778793 4.323052 4.681984
v 17.194933 4.401476 7.194942
v 17.542244 3.233822 1.958472
v 17.635988 4.667762 2.001920
v 18.000000 3.037037 0.000000
v 20.962963 12.000000 0.000001
v 20.929199 10.929208 -0.404907
v 22.000000 10.962963 0.000000
v 22.000000 12.000000 0.000001
v 20.929199 9.070771 -0.404908
v 22.000000 9.037038 0.000000
v 20.962963 8.000000 0.000000
v 22.000000 8.000000 0.000000
v 19.037037 12.000000 0.000001
v 19.070757 10.929209 -0.404907
v 19.070757 9.070773 -0.404908
v 19.037039 8.000000 0.000000
v 18.000000 12.000000 0.000001
v 18.000000 10.962963 0.000000
v 18.000000 8.000000 0.000000
v 21.750711 8.142440 4.603242
v 20.818983 7.402701 4.730290
v 20.825073 7.023127 7.461994
v 22.000000 8.000000 8.000000
v 19.734449 7.724419 4.771125
v 19.558060 7.216566 7.436000
v 18.629156 8.629196 4.667531
v 18.000000 8.000000 8.000000
v 21.875355 8.071220 1.412732
v 20.868736 7.467066 1.996296
v 19.365429 7.606446 2.019539
v 18.314577 8.314598 1.444877
v 22.023602 11.877645 4.741406
v 22.658031 10.766353 5.016545
v 22.653866 10.844970 7.953143
v 22.000000 12.000000 8.000001
v 22.485016 9.418447 4.954154
v 22.608067 9.500784 7.906285
v 22.011799 11.938823 1.481815
v 22.599171 10.840186 2.084858
v 22.517759 9.213762 2.058897
v 18.272179 11.455600 4.564944
v 19.540604 12.200199 4.945602
v 19.483616 12.502733 7.864374
v 18.000000 12.000000 8.000001
v 20.904123 12.457307 5.016525
v 20.838984 12.598600 7.932187
v 18.136089 11.727800 1.393584
v 19.276653 12.387145 2.059612
v 20.909687 12.504994 2.087343
v 17.778837 9.677006 4.682058
v 17.195133 9.598748 7.195191
v 17.564489 10.590306 4.567714
v 17.073601 10.719851 7.073657
v 17.635990 9.332240 2.001929
v 17.542261 10.766185 1.958490
v 18.000000 9.037037 0.000000
v 12.962963 12.000000 0.000001
v 12.929201 10.929208 -0.404907
v 14.000000 10.962963 0.000000
v 14.000000 12.000000 0.000001
v 12.929201 9.070771 -0.404907
v 14.000000 9.037038 0.000000
v 12.962963 8.000000 0.000000
v 14.000000 8.000000 0.000000
v 11.070755 10.929209 -0.404907
v 11.070755 9.070773 -0.404907
v 11.037037 8.000000 0.000000
v 10.000000 12.000000 0.000001
v 10.000000 10.962963 0.000000
v 10.000000 8.000000 0.000000
v 13.372400 8.627569 4.670780
v 12.305684 7.764345 4.789770
v 12.496429 7.258820 7.458169
v 14.000000 8.000000 8.000000
v 11.251457 7.488815 4.759830
v 11.264370 7.097813 7.496512
v 10.274000 8.199280 4.609233
v 10.000000 8.000000 8.000000
v 13.686200 8.313785 1.446501
v 12.648708 7.621864 2.025800
v 11.156817 7.502123 2.006034
v 10.137001 8.099641 1.415728
v 13.727821 11.455689 4.565184
v 14.435503 10.590272 4.567905
v 14.926332 10.719851 7.073656
v 14.000000 12.000000 8.000001
v 14.221560 9.676527 4.683030
v 14.804800 9.598748 7.195191
v 13.863912 11.727845 1.393703
v 14.457722 10.766168 1.958586
v 14.364194 9.332001 2.002415
v 10.110355 11.962356 4.741762
v 11.194862 12.519154 5.016633
v 11.160548 12.597511 7.932282
v 10.000000 12.000000 8.000001
v 12.494574 12.221483 4.945805
v 12.516851 12.501889 7.864572
v 10.055178 11.981178 1.481992
v 11.139922 12.535950 2.087021
v 12.740906 12.397836 2.059508
v 11.037037 12.000000 0.000001
v 9.514405 9.463758 4.928937
v 9.304684 9.493193 7.854276
v 9.416285 10.829858 5.003305
v 9.296356 10.835041 7.927138
v 9.491970 9.237517 2.050688
v 9.443738 10.873104 2.080163
v 10.000000 9.037037 0.000000
v 16.696564 5.600453 8.399548
v 16.384115 4.325926 7.754230
v 16.319607 3.388154 7.583389
v 17.073133 3.280604 7.073158
v 16.596476 2.502197 8.227854
v 15.303371 5.600453 8.399547
v 15.667991 4.315619 7.764759
v 15.798380 3.379066 7.605045
v 15.490060 2.530022 8.218520
v 16.696564 8.399542 8.399542
v 16.792744 7.540671 8.599317
v 18.199734 7.348299 8.199774
v 16.792744 6.459325 8.599319
v 18.199734 6.651700 8.199773
v 15.303371 8.399545 8.399545
v 15.207169 7.540671 8.599319
v 15.207170 6.459322 8.599320
v 13.800200 7.348297 8.199774
v 13.800200 6.651696 8.199773
v 16.290447 10.615928 7.578743
v 16.371964 9.671546 7.751606
v 15.709585 10.615908 7.578752
v 15.627964 9.671544 7.751608
v 12.501919 7.034708 7.730897
v 12.501918 6.965282 7.730896
v 12.496429 6.741173 7.458169
v 11.410481 6.944713 7.725090
v 11.410481 7.055278 7.725090
v 10.450200 7.254237 8.143248
v 10.450201 6.745756 8.143248
v 20.669144 6.889060 7.676456
v 21.515865 7.181421 8.121027
v 20.669144 7.110930 7.676455
v 21.515867 6.818572 8.121026
v 19.551411 7.012608 7.704139
v 19.551411 6.987384 7.704139
v 14.013800 1.154876 10.629938
v 12.400794 1.080289 10.586926
v 12.312504 1.023571 11.979311
v 14.000000 0.999999 12.000000
v 10.816527 1.073913 10.520914
v 10.628096 0.972561 11.958623
v 9.383571 1.622503 10.354569
v 9.000000 1.500000 12.000000
v 14.027599 1.531976 9.315655
v 12.526552 1.224262 9.239108
v 11.041575 1.235688 9.246412
v 9.759976 1.852170 9.193257
v 18.000000 0.366805 10.587896
v 16.659712 0.630266 10.642712
v 16.652807 0.208963 12.000000
v 18.000000 -0.000001 12.000000
v 15.346450 0.975680 10.660282
v 15.334592 0.640149 12.000001
v 18.000000 1.178054 9.304638
v 16.654097 1.561177 9.445960
v 15.392855 1.731184 9.443848
v 22.075890 1.223197 10.660874
v 20.880619 0.516774 10.626162
v 20.831364 0.291502 12.000000
v 22.000000 0.999999 12.000000
v 19.458818 0.299255 10.575231
v 19.447704 0.034639 12.000001
v 22.028847 1.675583 9.342326
v 20.840462 0.993859 9.285909
v 19.445953 0.890734 9.221115
v 22.795120 5.060961 10.633317
v 22.858849 3.674938 10.619814
v 22.885031 3.561351 12.000044
v 23.000000 5.000000 12.000000
v 22.725138 2.360351 10.643421
v 22.664839 2.169681 12.000023
v 22.448616 5.553698 9.320011
v 22.798923 4.153963 9.263578
v 22.712824 2.829468 9.305439
v 22.795120 8.939032 10.633317
v 22.809593 7.673147 10.650120
v 23.110668 7.667819 11.999866
v 23.000000 8.999999 12.000000
v 22.809591 6.326845 10.650121
v 23.110668 6.332181 11.999866
v 22.448616 8.446295 9.320011
v 22.234718 7.469498 9.380632
v 22.234718 6.530493 9.380632
v 22.075890 12.776764 10.660875
v 22.725140 11.639605 10.643403
v 22.664837 11.830296 12.000023
v 22.000000 12.999999 12.000001
v 22.858849 10.325037 10.619804
v 22.885031 10.438636 12.000045
v 22.028847 12.324370 9.342327
v 22.712826 11.170490 9.305430
v 22.798923 9.846015 9.263574
v 18.000000 13.634371 10.584967
v 19.451820 13.641987 10.573056
v 19.438236 13.884873 12.000001
v 18.000000 13.999999 12.000001
v 20.879932 13.450881 10.625400
v 20.830429 13.664458 12.000002
v 18.000000 12.824297 9.306709
v 19.443615 13.090158 9.222625
v 20.840277 12.995309 9.286433
v 14.000000 13.634815 10.583866
v 15.330849 13.641602 10.630637
v 15.329081 14.134843 12.000001
v 14.000000 13.999999 12.000001
v 16.665262 13.632484 10.631167
v 16.665651 14.122821 12.000002
v 14.000000 12.825186 9.307509
v 15.355543 12.568586 9.452950
v 16.643188 12.565062 9.452557
v 15.432259 11.525867 8.237046
v 16.568073 11.525933 8.237017
v 9.297542 12.451838 10.408255
v 10.714974 13.229075 10.552382
v 10.530096 13.340422 12.004979
v 9.000000 12.499999 12.000001
v 12.330452 13.538803 10.563987
v 12.238370 13.739843 12.002490
v 9.717018 12.184963 9.219487
v 10.989496 12.895836 9.252357
v 12.470333 13.046218 9.219845
v 14.000000 1.291119 14.831230
v 12.508930 1.303980 14.810465
v 12.615028 2.000539 15.999556
v 14.000000 1.999999 16.000000
v 10.976140 1.287344 14.747857
v 11.230837 2.001079 15.999111
v 9.546801 1.375023 14.642941
v 10.000000 1.999999 16.000000
v 14.000000 1.034448 13.448037
v 12.373098 1.044084 13.423203
v 10.732981 0.979855 13.356966
v 9.188580 1.321039 13.261725
v 18.072845 0.943193 14.873985
v 16.721565 1.024475 14.928270
v 16.672785 2.005559 16.088223
v 18.000000 1.999999 16.000000
v 15.355323 1.176896 14.875000
v 15.337082 2.002779 16.044111
v 18.036423 0.249374 13.515748
v 16.684967 0.417097 13.521076
v 15.344680 0.757119 13.477034
v 21.436815 1.403507 14.158178
v 20.449455 0.949846 14.432268
v 20.112713 1.705899 15.378748
v 21.000000 1.999999 15.000000
v 19.273769 0.892883 14.693130
v 19.077890 1.849586 15.747119
v 21.778254 1.093545 13.124888
v 20.682287 0.465670 13.257201
v 19.388536 0.262853 13.416067
v 22.794474 6.115905 13.875140
v 22.520004 4.472946 14.109908
v 22.165243 5.275609 14.847474
v 22.500000 7.000000 14.500000
v 22.229906 2.767492 14.023936
v 21.842422 3.441909 14.788193
v 22.791983 3.886705 13.103423
v 22.508751 2.350127 13.076310
v 22.983526 5.415753 13.019592
v 23.113651 6.502386 12.947330
v 23.113651 7.497609 12.947331
v 22.983526 8.584239 13.019592
v 22.919418 6.743937 13.730736
v 22.919418 7.256058 13.730736
v 22.794474 7.884087 13.875140
v 21.436815 12.596458 14.158179
v 22.229906 11.232477 14.023937
v 21.842422 10.558078 14.788193
v 21.000000 11.999999 15.000001
v 22.520004 9.527036 14.109908
v 22.165245 8.724380 14.847474
v 21.778254 12.906407 13.124889
v 22.508751 11.649837 13.076311
v 22.791983 10.113274 13.103422
v 18.072712 13.056073 14.874098
v 19.271236 13.085686 14.693213
v 19.077890 12.150354 15.747120
v 18.000000 11.999999 16.000000
v 20.449188 13.038510 14.432299
v 20.112711 12.294044 15.378749
v 18.036356 13.750259 13.515105
v 19.381483 13.677243 13.415592
v 20.681581 13.501580 13.257036
v 13.997732 13.045362 14.858120
v 15.349045 13.135125 14.895395
v 15.332836 12.070221 16.044689
v 14.000000 11.999999 16.000000
v 16.722383 13.108056 14.935597
v 16.670298 12.030910 16.088577
v 13.998867 13.744904 13.505149
v 15.338646 13.864388 13.519332
v 16.693502 13.847874 13.535503
v 9.519175 11.916933 14.575808
v 10.958344 12.277480 14.689626
v 11.256905 11.270569 15.935089
v 10.000000 10.999999 16.000000
v 12.486979 12.719793 14.804935
v 12.616962 11.689896 15.967113
v 9.136494 12.356732 13.290460
v 10.648328 13.019570 13.406051
v 12.314372 13.449953 13.479349
v 14.000000 5.167509 17.774727
v 12.655579 5.157773 17.752792
v 14.000000 6.999999 18.000000
v 11.310481 5.149140 17.725708
v 11.316593 6.999999 17.868576
v 9.991009 5.172476 17.878660
v 10.000000 6.999999 18.000000
v 14.000000 3.468076 17.105007
v 12.647974 3.453642 17.117088
v 11.296182 3.445632 17.164658
v 17.216503 5.200721 17.516171
v 16.147942 5.193553 17.663946
v 16.007000 6.999999 17.855888
v 17.000000 6.999999 17.700001
v 15.080257 5.176841 17.737423
v 17.655230 3.518711 16.954563
v 16.436832 3.509704 17.079187
v 15.228904 3.483264 17.105089
v 19.340652 5.988587 16.747549
v 18.913147 5.375104 16.930140
v 18.636904 6.999999 17.150393
v 19.000000 6.999999 17.000000
v 18.093502 5.199500 17.260180
v 17.829363 6.999999 17.456341
v 20.125748 3.866065 16.050652
v 19.462650 3.391672 16.353134
v 18.607744 3.414107 16.702662
v 21.097599 8.840357 15.643368
v 20.125748 10.133925 16.050652
v 20.281597 6.999995 16.208435
v 19.340652 8.011407 16.747547
v 21.660984 6.999996 15.407007
v 21.097597 5.159631 15.643368
v 17.216503 8.799255 17.516171
v 18.093504 8.800475 17.260178
v 18.913147 8.624874 16.930138
v 17.655230 10.481250 16.954563
v 18.607746 10.585840 16.702662
v 19.462652 10.608279 16.353134
v 14.001333 8.807624 17.749727
v 15.080144 8.823666 17.719053
v 15.005333 6.999999 17.946911
v 16.147642 8.809449 17.657558
v 14.002666 10.490167 17.055006
v 15.227735 10.539882 17.068478
v 16.435680 10.506478 17.066486
v 10.008600 8.497536 17.782682
v 11.325948 8.592543 17.645065
v 12.659294 8.719890 17.707743
v 12.657541 6.999999 17.953354
v 10.005068 9.834989 17.123983
v 11.313021 10.036591 16.994129
v 12.648870 10.294324 17.021526
v 6.000000 3.693154 18.518518
v 7.102321 3.804260 18.451134
v 6.563361 2.900091 17.685970
v 6.000000 2.999999 18.000000
v 8.458531 3.733028 17.911339
v 8.015612 2.577961 16.927496
v 9.996704 3.496982 17.309208
v 6.000000 5.275198 19.481482
v 7.329674 5.311843 19.215567
v 8.619499 5.256289 18.491632
v 6.000000 6.999999 20.000000
v 7.379475 6.999999 19.562126
v 8.650299 6.999999 18.679810
v 4.069524 4.099051 16.982517
v 4.605989 4.037167 17.805473
v 5.385988 2.958688 16.835629
v 5.000000 2.999999 16.000000
v 5.322272 3.930981 18.422367
v 5.804106 2.979344 17.640038
v 3.312536 5.422027 17.713482
v 4.008157 5.410224 18.655491
v 4.942090 5.381856 19.309784
v 3.000000 6.999999 18.000000
v 3.769538 6.999999 19.020075
v 4.787763 6.999999 19.732260
v 1.873135 4.476317 10.814104
v 2.189209 4.223325 12.901869
v 3.302210 3.531243 12.443689
v 3.000000 4.000000 10.600000
v 3.085291 4.179252 14.979704
v 4.124897 3.235483 14.200177
v 1.214345 5.607741 10.951495
v 1.436149 5.505279 13.276456
v 2.245649 5.464012 15.549770
v 1.000000 7.000000 11.000000
v 1.159294 7.000000 13.431525
v 1.900353 7.000000 15.770809
v 4.512078 5.949422 6.512079
v 3.413469 5.501194 7.829116
v 4.110779 5.243811 8.124753
v 5.000000 5.800000 7.000000
v 2.385340 4.934022 9.273224
v 3.361461 4.568982 9.283340
v 4.144928 6.365510 6.144929
v 2.889484 6.145843 7.611854
v 1.774474 5.830727 9.201399
v 4.000000 7.000000 6.000000
v 2.682822 7.000000 7.527348
v 1.563218 7.000000 9.157533
v 7.000000 6.136161 4.494546
v 6.055727 6.116488 4.968404
v 6.198161 5.986948 5.469701
v 7.000000 6.000000 5.000000
v 5.212855 6.077880 5.705081
v 5.560998 5.959912 6.215633
v 7.000000 6.494545 4.136162
v 5.930943 6.471151 4.607028
v 4.965554 6.426980 5.306616
v 7.000000 7.000000 4.000000
v 5.877433 7.000000 4.468206
v 4.871480 7.000000 5.145875
v 9.000000 6.259259 5.240741
v 8.515263 6.148232 4.846256
v 8.630091 6.007429 5.329329
v 9.000000 6.000000 5.500000
v 7.760636 6.136774 4.523855
v 7.815736 6.014858 5.047546
v 9.000000 6.740741 4.759260
v 8.522254 6.569855 4.432882
v 7.768428 6.507734 4.147808
v 9.000000 7.000000 4.500000
v 8.636040 7.000000 4.324002
v 7.827634 7.000000 4.036892
v 9.129231 7.000000 5.686470
v 9.000000 6.740740 5.870371
v 9.000000 7.000000 6.000000
v 9.162756 6.551587 5.393848
v 9.000000 6.259259 5.629630
v 9.000000 7.740740 5.629630
v 9.162755 7.448413 5.393848
v 9.178452 7.000000 5.015952
v 9.000000 8.000000 5.500000
v 8.719085 3.716410 10.255652
v 9.092563 3.917852 9.549799
v 9.428491 5.276148 9.369420
v 9.000000 5.000000 10.000000
v 9.176585 4.270188 8.733572
v 9.680650 5.650065 8.690714
v 8.437669 2.570116 10.712215
v 8.893179 2.647895 9.815434
v 9.136475 2.959598 8.967017
v 7.579936 3.561612 11.293948
v 7.926629 3.712046 10.887463
v 7.785210 4.958453 10.650563
v 7.000000 5.000000 11.000000
v 8.278617 3.716221 10.612676
v 8.441710 4.925167 10.386305
v 7.996511 2.505507 11.554453
v 8.020885 2.650853 11.171422
v 8.148256 2.653323 10.950819
v 7.633953 2.154932 14.755762
v 7.791496 2.414530 13.584276
v 7.176331 3.312708 12.890244
v 7.000000 2.799999 14.000000
v 7.620714 2.914390 12.336656
v 7.005216 4.048018 11.835089
v 8.433614 1.827633 15.398970
v 8.441622 1.681204 14.205439
v 8.215001 2.017784 12.854499
v 6.117995 2.448674 16.205019
v 5.663510 2.627563 15.402948
v 6.966043 2.193446 15.527942
v 6.420017 2.588889 14.757318
v 6.501760 2.504719 17.017666
v 7.446282 2.178710 16.244886
v 4.820065 5.461717 9.850809
v 5.468417 4.282865 11.350984
v 6.363231 5.090744 11.247282
v 5.500000 7.000000 10.000000
v 5.747582 3.444312 13.093445
v 6.429783 3.892675 12.602718
v 4.118448 4.391362 10.203804
v 4.450902 3.680186 11.913586
v 4.936357 3.125204 13.654813
v 5.851936 6.374377 7.851937
v 5.274816 6.155537 8.570547
v 5.475381 7.000000 8.648266
v 6.000000 7.000000 8.000000
v 4.753135 5.806828 9.179393
v 5.019538 7.000000 9.261289
v 5.481651 5.953855 7.481651
v 4.790778 5.502944 8.390154
v 4.276455 4.913228 9.211686
v 7.000000 6.496669 5.862774
v 6.463820 6.475023 6.387583
v 6.517883 7.000000 6.547890
v 7.000000 7.000000 6.000000
v 6.144274 6.434098 7.101598
v 6.237224 7.000000 7.257778
v 7.000000 6.137223 5.503326
v 6.338710 6.118424 5.987679
v 5.901051 6.081439 6.713830
v 8.459218 6.578636 5.839135
v 8.605659 7.000000 5.917214
v 7.703155 6.513423 5.742166
v 7.766874 7.000000 5.834427
v 8.496472 6.157298 5.585849
v 7.739426 6.141956 5.452758
v 6.000000 8.725787 19.481482
v 7.346313 8.577519 19.194466
v 8.636112 8.488781 18.419703
v 6.000000 10.307337 18.518520
v 7.132166 9.982215 18.396776
v 8.478930 9.772631 17.744661
v 6.000000 10.999999 18.000000
v 6.579255 10.889844 17.623415
v 8.047399 10.779688 16.802385
v 3.312541 8.577956 17.713482
v 4.014082 8.595273 18.658241
v 4.953442 8.629216 19.314039
v 4.069526 9.900922 16.982519
v 4.618123 9.973536 17.811687
v 5.345117 10.090112 18.431236
v 5.000000 10.999999 16.000000
v 5.387268 11.041688 16.838829
v 1.214345 8.392250 10.951496
v 1.436150 8.494703 13.276457
v 2.245651 8.535972 15.549771
v 1.873135 9.523676 10.814104
v 2.189209 9.776642 12.901869
v 3.085291 9.820715 14.979704
v 3.000000 10.000000 10.600000
v 3.302210 10.468725 12.443689
v 4.124897 10.764472 14.200177
v 4.144928 7.634484 6.144927
v 2.889484 7.854150 7.611853
v 1.774474 8.169266 9.201400
v 4.512078 8.050575 6.512074
v 3.413469 8.498799 7.829115
v 2.385340 9.065969 9.273224
v 5.000000 8.200000 7.000000
v 4.110779 8.756182 8.124753
v 3.361461 9.431011 9.283340
v 7.000000 7.505450 4.136162
v 5.930943 7.528843 4.607028
v 4.965553 7.573014 5.306615
v 7.000000 7.863836 4.494546
v 6.055725 7.883505 4.968404
v 5.212852 7.922112 5.705080
v 7.000000 8.000000 5.000000
v 6.198159 8.013045 5.469701
v 5.560994 8.040082 6.215633
v 9.000000 7.259259 4.759260
v 8.522254 7.430140 4.432883
v 7.768428 7.492260 4.147809
v 9.000000 7.740741 5.240741
v 8.515262 7.851763 4.846256
v 7.760636 7.863220 4.523857
v 8.630091 7.992569 5.329329
v 7.815736 7.985137 5.047546
v 8.338531 11.363815 10.816815
v 8.790180 11.362295 9.887556
v 9.096032 11.052798 8.991002
v 8.669515 10.252652 10.308518
v 9.050623 10.080546 9.580315
v 9.161139 9.732431 8.742797
v 9.000000 9.000000 10.000000
v 9.428491 8.723845 9.369420
v 9.680650 8.349928 8.690714
v 7.785685 9.041549 10.650296
v 7.961982 10.141432 10.881886
v 7.550999 10.377451 11.304704
v 7.000000 8.999999 11.000000
v 7.940707 10.829650 10.904713
v 7.933409 11.362680 11.573764
v 8.441948 9.074831 10.386171
v 8.475465 9.793173 10.547821
v 8.467284 10.132961 10.516427
v 8.507140 11.499273 15.274327
v 8.480901 11.774980 14.124273
v 8.182155 11.667539 12.878119
v 7.685374 11.571992 14.696342
v 7.826625 11.355482 13.553396
v 7.615837 10.955288 12.347616
v 7.000000 11.199999 14.000001
v 7.177871 10.682940 12.889956
v 7.005435 9.952126 11.836445
v 5.804746 11.020844 17.641638
v 6.544869 11.291555 16.971226
v 7.510967 11.332179 16.115770
v 6.142590 11.462610 16.190617
v 7.005628 11.601052 15.479765
v 5.663990 11.375584 15.401838
v 6.419470 11.415814 14.756830
v 4.118528 9.608429 10.203857
v 4.443976 10.331444 11.909834
v 4.924093 10.901109 13.648087
v 4.820225 8.537926 9.850916
v 5.448106 9.749350 11.340945
v 5.711112 10.627725 13.076214
v 6.335936 8.951248 11.233859
v 6.381085 10.199890 12.579941
v 5.481650 8.046143 7.481651
v 4.790780 8.497042 8.390156
v 4.276477 9.086705 9.211702
v 5.851936 7.625618 7.851937
v 5.274821 7.844444 8.570551
v 4.753182 8.193063 9.179423
v 7.000000 7.862774 5.503326
v 6.338709 7.881568 5.987679
v 5.901049 7.918553 6.713830
v 7.000000 7.503325 5.862774
v 6.463820 7.524970 6.387584
v 6.144273 7.565895 7.101598
v 8.496470 7.842696 5.585849
v 7.739426 7.858038 5.452758
v 9.000000 7.259259 5.870371
v 8.459217 7.421358 5.839136
v 7.703154 7.486570 5.742166
v 8.999520 7.673903 9.769187
v 9.503663 7.577760 9.222477
v 9.931621 7.448283 8.710767
v 8.999519 6.326090 9.769186
v 9.503662 6.422231 9.222477
v 9.931621 6.551707 8.710768
v 6.736300 7.548314 10.514866
v 7.568234 7.659112 10.331318
v 8.362232 7.706490 10.139537
v 6.736300 6.451679 10.514867
v 7.568110 6.340881 10.331388
v 8.362169 6.293502 10.139572
v 6.662282 8.388302 10.870407
v 6.494651 7.357040 10.549892
v 6.495165 6.642015 10.550237
v 6.664267 5.608878 10.871696
v 6.469285 8.220159 10.707394
v 6.283760 7.311452 10.510529
v 6.284689 6.686910 10.511167
v 6.472867 5.774934 10.709837
v 6.653327 4.799015 11.343087
v 6.669845 4.657568 11.495561
v 6.604486 3.961290 12.335229
v 6.745018 3.836210 12.420635
v 6.652170 9.373152 11.487780
v 6.627335 9.239978 11.330095
v 6.713110 10.225580 12.404651
v 6.559141 10.124571 12.312854
v 7.133112 -0.070693 18.548370
v 7.370370 -0.222223 19.259260
v 7.500000 -1.000001 19.000000
v 6.749935 1.518021 18.984346
v 7.129630 1.222221 19.740740
v 6.778914 2.433218 19.692616
v 7.000000 1.999999 20.000000
v 7.055289 0.184170 17.342489
v 6.430151 2.229195 17.743151
v 6.335606 3.310881 18.940784
v 8.000000 -2.000001 16.000000
v 6.993970 0.381764 16.134453
v 6.215556 2.786105 16.554482
v 6.000000 3.999999 18.000000
v 6.037302 1.341337 11.990111
v 6.423225 0.685412 13.163147
v 7.106175 -1.167292 12.324407
v 6.500000 -0.000000 11.000000
v 6.763244 0.479305 14.543022
v 7.676117 -1.793509 14.097593
v 5.843205 2.559002 13.280689
v 5.930202 2.659468 14.358814
v 6.047721 2.874601 15.354219
v 6.000000 3.999999 14.000000
v 6.388306 2.439796 11.515022
v 6.123008 2.088990 11.647334
v 6.453140 1.606438 10.916000
v 6.500000 2.000000 11.000000
v 5.995067 1.705713 11.690615
v 6.406281 0.768433 10.832000
v 6.165501 3.324037 12.696711
v 5.952697 2.805399 12.753254
v 5.855876 2.593310 12.874043
v 8.870371 -0.222223 19.259260
v 9.028552 -0.296561 18.886070
v 9.040300 -1.263736 18.467934
v 9.000000 -1.000001 19.000000
v 8.987062 -0.585477 18.314590
v 8.820033 -0.693905 17.433895
v 9.000000 -2.000001 16.000000
v 8.629629 1.222221 19.740740
v 8.648314 1.305353 19.301123
v 8.353296 1.438630 18.713037
v 8.026254 1.664817 17.867704
v 8.500000 1.999999 20.000000
v 8.171753 2.434015 19.698549
v 7.510174 3.312476 18.952652
v 7.000000 3.999999 18.000000
v 7.472020 2.425731 13.356623
v 7.550431 2.256420 14.756964
v 7.000000 3.999999 14.000000
v 7.740821 1.994616 16.357298
v 7.657319 0.969693 12.358311
v 7.992397 0.109109 13.778402
v 8.431761 -0.428481 15.611291
v 7.500000 -0.000000 11.000000
v 7.975782 -1.194008 12.332318
v 8.553851 -1.808040 14.107681
v 7.472196 1.604752 10.919600
v 7.575154 1.884392 11.650654
v 7.390492 2.440447 11.517822
v 7.500000 2.000000 11.000000
v 7.536659 2.200627 12.458794
v 7.169874 3.325339 12.702311
v 7.444391 0.765059 10.839200
v 7.591041 0.990727 11.512893
v 7.637129 1.054767 11.949706
v 8.111111 1.999999 20.000000
v 7.664142 2.816479 19.692284
v 7.066334 3.651124 19.041080
v 6.632625 4.241730 18.153578
v 7.388889 1.999999 20.000000
v 7.052896 2.732811 19.732157
v 6.573024 3.546309 19.127682
v 6.220742 4.139615 18.269688
v 8.611112 -1.000001 19.000000
v 8.470959 -0.151236 19.548710
v 8.298492 1.087975 19.932623
v 7.888889 -1.000001 18.999998
v 7.785783 -0.189577 19.537882
v 7.610916 1.029998 19.937231
v 8.769974 -2.164250 15.732533
v 8.807791 -1.998685 16.977316
v 9.080600 -1.749692 17.269199
v 8.707640 -1.560741 18.215874
v 8.362312 -2.254612 15.845332
v 8.317598 -2.069014 17.049831
v 8.098879 -1.590526 18.231960
v 7.904077 -1.750288 17.256844
v 7.646482 -1.264033 18.461756
v 7.230981 -0.199392 10.733110
v 7.750681 -1.377363 12.063263
v 8.345416 -1.977634 13.837773
v 6.816493 -0.265336 10.806623
v 7.400746 -1.436774 12.143157
v 7.994856 -2.054669 13.935540
v 7.240741 2.000000 11.000000
v 7.216331 1.427926 10.737784
v 7.173456 0.555452 10.583816
v 6.759259 2.000000 11.000000
v 6.750769 1.398592 10.749658
v 6.727111 0.501704 10.632076
v 6.684718 4.311820 14.071867
v 6.847085 3.704868 12.853408
v 7.074345 2.818894 11.734311
v 6.266815 4.320893 14.050067
v 6.416059 3.705615 12.832352
v 6.619227 2.810239 11.722887
v 6.488381 4.556985 16.840981
v 6.828687 4.293201 16.711363
v 6.560353 4.570165 15.429265
v 6.881460 4.274170 15.335970
v 6.100121 4.490899 16.916111
v 6.158267 4.554764 15.443601
v 5.880993 4.308162 16.700541
v 5.911074 4.283211 15.336792
v 7.133112 14.070691 18.548370
v 7.370370 14.222221 19.259260
v 7.500000 14.999999 19.000000
v 6.749935 12.481977 18.984346
v 7.129630 12.777777 19.740740
v 6.778914 11.566781 19.692616
v 7.000000 11.999999 20.000000
v 7.055289 13.815829 17.342489
v 6.430151 11.770802 17.743151
v 6.335606 10.689118 18.940784
v 8.000000 15.999999 16.000000
v 6.993970 13.618235 16.134453
v 6.215556 11.213893 16.554482
v 6.000000 9.999999 18.000000
v 6.037302 12.658662 11.990112
v 6.423225 13.314587 13.163148
v 7.106175 15.167291 12.324408
v 6.500000 13.999999 11.000001
v 6.763244 13.520693 14.543023
v 7.676117 15.793508 14.097594
v 5.843205 11.440996 13.280690
v 5.930202 11.340531 14.358815
v 6.047721 11.125397 15.354220
v 6.000000 9.999999 14.000000
v 6.388306 11.560203 11.515023
v 6.123008 11.911009 11.647335
v 6.453140 12.393560 10.916001
v 6.500000 11.999999 11.000001
v 5.995067 12.294286 11.690616
v 6.406281 13.231567 10.832001
v 6.165501 10.675962 12.696711
v 5.952697 11.194600 12.753255
v 5.855876 11.406688 12.874043
v 8.870371 14.222221 19.259260
v 9.028552 14.296559 18.886070
v 9.040300 15.263734 18.467934
v 9.000000 14.999999 19.000000
v 8.987062 14.585475 18.314590
v 9.080600 15.749691 17.269199
v 8.820033 14.693904 17.433895
v 9.000000 15.999999 16.000000
v 8.629629 12.777777 19.740740
v 8.648314 12.694645 19.301123
v 8.353296 12.561368 18.713037
v 8.026254 12.335181 17.867704
v 8.500000 11.999999 20.000000
v 8.171753 11.565983 19.698549
v 7.510174 10.687523 18.952652
v 7.000000 9.999999 18.000000
v 7.472020 11.574268 13.356624
v 7.550431 11.743579 14.756965
v 7.000000 9.999999 14.000000
v 7.740821 12.005383 16.357298
v 6.828687 9.706798 16.711363
v 7.657319 13.030305 12.358312
v 7.992397 13.890889 13.778403
v 8.431761 14.428480 15.611292
v 7.500000 13.999999 11.000001
v 7.975782 15.194007 12.332319
v 8.553851 15.808039 14.107682
v 7.472196 12.395247 10.919600
v 7.575154 12.115606 11.650655
v 7.390492 11.559552 11.517823
v 7.500000 11.999999 11.000001
v 7.536659 11.799373 12.458795
v 7.169874 10.674661 12.702311
v 7.444391 13.234941 10.839201
v 7.591041 13.009272 11.512894
v 7.637129 12.945231 11.949707
v 8.111111 11.999999 20.000000
v 7.664142 11.183519 19.692284
v 7.066334 10.348876 19.041080
v 6.632625 9.758268 18.153578
v 7.388889 12.000000 20.000000
v 7.052896 11.267187 19.732157
v 6.573024 10.453689 19.127682
v 6.220742 9.860383 18.269688
v 8.611112 14.999999 19.000000
v 8.470959 14.151235 19.548710
v 8.298492 12.912023 19.932623
v 7.888889 14.999998 18.999998
v 7.785783 14.189576 19.537882
v 7.610916 12.970000 19.937231
v 8.769974 16.164249 15.732534
v 8.807791 15.998685 16.977316
v 8.707640 15.560739 18.215874
v 8.362312 16.254612 15.845333
v 8.317598 16.069014 17.049831
v 8.098879 15.590524 18.231960
v 7.904077 15.750286 17.256844
v 7.646482 15.264031 18.461756
v 7.230981 14.199390 10.733111
v 7.750681 15.377361 12.063264
v 8.345416 15.977633 13.837774
v 6.816493 14.265335 10.806623
v 7.400746 15.436772 12.143158
v 7.994856 16.054668 13.935541
v 7.240741 11.999999 11.000001
v 7.216331 12.572073 10.737785
v 7.173456 13.444548 10.583817
v 6.759259 12.000000 11.000001
v 6.750769 12.601408 10.749659
v 6.727111 13.498296 10.632077
v 6.684718 9.688179 14.071867
v 6.847085 10.295132 12.853408
v 7.074345 11.181106 11.734312
v 6.266815 9.679107 14.050067
v 6.416059 10.294384 12.832352
v 6.619227 11.189759 11.722888
v 6.488381 9.443013 16.840981
v 6.560353 9.429835 15.429265
v 6.881460 9.725829 15.335970
v 6.100121 9.509099 16.916111
v 6.158267 9.445235 15.443601
v 5.880993 9.691836 16.700541
v 5.911074 9.716788 15.336792
v 5.221705 2.803235 10.276142
v 5.333413 2.649665 9.870734
v 4.562976 2.416949 9.088309
v 4.353545 2.542642 9.366026
v 5.522116 2.711914 9.551649
v 4.733520 2.472362 8.777716
v 5.719301 2.966856 9.380275
v 4.829073 2.697150 8.500000
v 6.007030 3.069147 11.266988
v 6.008323 2.885713 10.742938
v 6.205766 2.950333 10.442022
v 6.493591 3.228211 10.386043
v 6.348934 3.190983 11.732051
v 6.539877 3.072290 11.442837
v 6.739749 3.137232 11.155230
v 6.824462 3.345490 10.866026
v 4.900058 3.793163 10.276142
v 4.806573 3.414479 10.307323
v 4.056366 3.160700 9.524757
v 4.044528 3.493697 9.366026
v 4.923490 3.054648 10.307323
v 4.167392 2.818999 9.524756
v 5.691697 4.039639 11.266988
v 5.479398 3.627317 11.161477
v 5.592918 3.277936 11.161477
v 6.039917 4.142038 11.732051
v 6.013133 3.795240 11.849669
v 6.123422 3.455805 11.849669
v 5.398797 3.953269 9.380275
v 5.089420 4.043619 9.551649
v 4.310627 3.773894 8.777716
v 4.520056 3.648206 8.500000
v 4.900166 3.983062 9.870734
v 4.140082 3.718481 9.088309
v 6.178831 4.196947 10.386043
v 5.782644 4.252575 10.442023
v 5.584925 4.188800 10.742938
v 6.515445 4.296547 10.866026
v 6.324500 4.415238 11.155230
v 6.124628 4.350296 11.442838
v 5.615922 3.280768 9.114566
v 4.817524 3.030510 8.340598
v 5.499673 3.638546 9.114567
v 4.706657 3.371724 8.340598
v 6.311368 3.511911 10.023312
v 6.198164 3.860321 10.023313
v 6.851246 3.692288 10.748407
v 6.740957 4.031725 10.748408
v 2.299082 2.080045 8.113743
v 2.663299 2.057120 8.083054
v 1.867016 1.997585 7.753762
v 1.805373 1.977556 7.866025
v 2.785589 2.097819 7.848634
v 2.584819 2.172130 7.580398
v 2.043137 2.054811 7.433012
v 3.359051 2.308110 8.694794
v 3.656980 2.215588 8.526847
v 3.799754 2.261912 8.251613
v 3.745598 2.432191 7.964893
v 2.110528 2.660363 8.113744
v 2.343726 2.555840 8.350697
v 1.690923 2.329799 7.866025
v 1.650865 2.453084 7.866025
v 2.426307 2.301677 8.350698
v 1.765315 2.100841 7.866024
v 3.102115 3.098890 8.694796
v 3.219160 2.864021 8.910275
v 3.315692 2.566920 8.910274
v 2.395817 2.753818 7.580398
v 2.514566 2.931945 7.848635
v 1.826986 2.510310 7.545275
v 1.888629 2.530339 7.433012
v 2.391710 2.892990 8.083054
v 1.712508 2.473113 7.753762
v 3.487767 3.225713 7.964893
v 3.431496 3.395300 8.251614
v 3.288762 3.348858 8.526849
v 2.832871 2.434018 7.582765
v 2.750430 2.687747 7.582765
v 1.928687 2.407054 7.433012
v 3.869181 2.746497 7.868664
v 3.772493 3.044073 7.868664
v 1.832745 2.373336 7.530128
v 1.905643 2.148980 7.530129
v 2.003079 2.178096 7.433012
v 1.981495 2.034782 7.545275
v 1.724451 2.338744 7.737446
v 1.797698 2.113312 7.737446
v 5.209075 9.657890 10.276142
v 5.209182 9.467991 9.870734
v 4.449098 9.732571 9.088309
v 4.353545 9.957358 9.366026
v 5.398436 9.407433 9.551649
v 4.619642 9.677156 8.777716
v 5.707812 9.497784 9.380275
v 4.829073 9.802850 8.500000
v 6.000714 9.411415 11.266988
v 5.893941 9.262254 10.742938
v 6.091658 9.198480 10.442022
v 6.487847 9.254107 10.386043
v 6.348934 9.309016 11.732051
v 6.433644 9.100759 11.442837
v 6.633516 9.035815 11.155230
v 6.824462 9.154509 10.866026
v 5.530722 10.647820 10.276142
v 5.232505 10.396406 10.307323
v 4.476408 10.632057 9.524757
v 4.662561 10.908415 9.366026
v 5.115590 10.036575 10.307323
v 4.365382 10.290355 9.524756
v 6.316047 10.381908 11.266988
v 5.901935 10.173120 11.161477
v 5.788414 9.823738 11.161477
v 6.657951 10.260073 11.732051
v 6.432439 9.995250 11.849669
v 6.322150 9.655814 11.849669
v 6.028317 10.484198 9.380275
v 5.831133 10.739138 9.551649
v 5.042536 10.978689 8.777717
v 5.138090 10.753906 8.500000
v 5.642429 10.801388 9.870734
v 4.871991 11.034102 9.088310
v 6.802608 10.222842 10.386043
v 6.514784 10.500721 10.442023
v 6.317340 10.565342 10.742938
v 7.133479 10.105565 10.866026
v 7.048766 10.313822 11.155230
v 6.848894 10.378763 11.442838
v 5.808690 9.812510 9.114566
v 5.015675 10.079332 8.340598
v 5.924939 10.170286 9.114567
v 5.126541 10.420546 8.340598
v 6.507180 9.590734 10.023312
v 6.620385 9.939144 10.023313
v 7.049973 9.419332 10.748407
v 7.160263 9.758767 10.748408
v 2.419543 10.790693 8.113743
v 2.700726 10.558065 8.083054
v 2.021524 10.977943 7.753763
v 1.959882 10.997972 7.866025
v 2.823582 10.519111 7.848634
v 2.704834 10.697239 7.580399
v 2.197646 10.920718 7.433012
v 3.411128 10.352167 8.694794
v 3.597775 10.102198 8.526847
v 3.740510 10.055754 8.251613
v 3.796784 10.225345 7.964894
v 2.608100 11.371010 8.113745
v 2.735325 11.149379 8.350698
v 2.074332 11.350215 7.866025
v 2.114390 11.473500 7.866025
v 2.652742 10.895215 8.350698
v 1.999940 11.121257 7.866025
v 3.668071 11.142944 8.694797
v 3.624710 10.884135 8.910275
v 3.528174 10.587035 8.910274
v 2.893836 11.278927 7.580399
v 3.094606 11.353235 7.848635
v 2.290511 11.416275 7.545275
v 2.352154 11.396246 7.433012
v 2.972317 11.393933 8.083055
v 2.176033 11.453471 7.753763
v 4.054615 11.018866 7.964894
v 4.108771 11.189141 8.251615
v 3.965999 11.235464 8.526850
v 3.059447 10.763309 7.582765
v 3.141888 11.017039 7.582765
v 4.081510 10.406982 7.868664
v 4.178198 10.704559 7.868664
v 2.214659 11.302075 7.530129
v 2.312096 11.272961 7.433012
v 2.141762 11.077720 7.530129
v 2.237703 11.044003 7.433012
v 2.136003 10.940746 7.545275
v 2.106715 11.337745 7.737446
v 2.033468 11.112313 7.737446
vn -0.1313 -0.7797 0.6123
vn -0.1704 -0.1704 0.9705
vn -0.7788 -0.1320 0.6132
vn -0.6254 -0.6254 0.4665
vn -0.1704 0.1704 0.9705
vn -0.7538 0.1015 0.6492
vn -0.1175 0.7613 0.6377
vn -0.5914 0.6167 0.5195
vn 0.1704 -0.1704 0.9705
vn 0.1704 0.1704 0.9705
vn 0.0927 0.7430 0.6629
vn 0.6026 -0.5934 0.5336
vn 0.7503 -0.1129 0.6513
vn 0.5883 0.5794 0.5642
vn -0.6440 0.7641 0.0381
vn -0.3159 0.9483 0.0310
vn -0.1941 0.9717 0.1342
vn -0.4019 0.8644 0.3021
vn 0.1600 0.9869 0.0200
vn 0.2067 0.9740 0.0928
vn 0.6862 0.7273 0.0091
vn 0.6678 0.7337 0.1254
vn -0.7049 0.7083 0.0386
vn -0.2747 0.9601 0.0533
vn 0.1787 0.9796 0.0923
vn 0.6944 0.7120 0.1042
vn -0.7014 -0.7115 0.0432
vn -0.8879 -0.4564 0.0587
vn -0.7450 -0.4026 0.5319
vn -0.5098 -0.5452 0.6654
vn -0.9722 0.2198 0.0808
vn -0.7747 0.3544 0.5236
vn -0.7051 -0.7068 -0.0579
vn -0.9393 -0.3418 0.0301
vn -0.9693 0.2288 0.0900
vn 0.7346 -0.6779 0.0265
vn 0.1800 -0.9810 0.0722
vn 0.2792 -0.9033 0.3258
vn 0.8195 -0.5121 0.2572
vn -0.4240 -0.9035 0.0630
vn 0.7066 -0.7051 0.0590
vn 0.2043 -0.9761 0.0741
vn -0.3291 -0.9442 0.0137
vn 0.0994 -0.7538 0.6496
vn 0.9704 0.2397 0.0301
vn 0.9598 0.2550 0.1174
vn 0.9582 -0.2840 0.0346
vn 0.9710 -0.2239 0.0839
vn 0.9713 0.2155 0.1009
vn 0.9635 -0.2558 0.0791
vn 0.7408 0.1010 0.6641
vn -0.7480 -0.1113 0.6544
vn -0.6014 -0.5880 0.5409
vn -0.7349 0.0941 0.6717
vn -0.0927 0.7498 0.6551
vn -0.5728 0.5907 0.5684
vn 0.1234 0.7726 0.6228
vn 0.6255 -0.6255 0.4664
vn 0.7804 -0.1306 0.6115
vn 0.5954 0.6283 0.5007
vn -0.6971 0.7170 0.0057
vn -0.1566 0.9873 0.0261
vn -0.2331 0.9560 0.1781
vn -0.6961 0.7096 0.1097
vn 0.3197 0.9466 0.0423
vn 0.1903 0.9461 0.2621
vn 0.6542 0.7554 0.0384
vn 0.4137 0.8153 0.4051
vn -0.7031 0.7025 0.1100
vn -0.1725 0.9819 0.0783
vn 0.2848 0.9582 0.0275
vn 0.7086 0.7056 0.0050
vn -0.7536 -0.6568 0.0280
vn -0.9541 -0.2987 0.0234
vn -0.9754 -0.2079 0.0733
vn -0.8475 -0.4884 0.2080
vn -0.9807 0.1949 0.0181
vn -0.9692 0.2370 0.0665
vn -0.7087 -0.7017 0.0734
vn -0.9622 -0.2589 0.0846
vn -0.9749 0.1925 0.1116
vn 0.7058 -0.7071 0.0426
vn 0.4393 -0.8961 0.0638
vn 0.3269 -0.8448 0.4237
vn 0.5109 -0.5436 0.6659
vn -0.1852 -0.9794 0.0805
vn -0.3048 -0.9042 0.2992
vn 0.7072 -0.7046 -0.0581
vn 0.3356 -0.9418 0.0195
vn -0.2000 -0.9758 0.0886
vn 0.1327 -0.7782 0.6138
vn -0.0965 -0.7484 0.6562
vn 0.9719 0.2253 0.0677
vn 0.8992 -0.4341 0.0552
vn 0.7503 -0.3943 0.5306
vn 0.9685 0.2404 0.0645
vn 0.9430 -0.3321 0.0200
vn 0.7613 0.1059 0.6397
vn -0.0927 -0.7498 0.6551
vn -0.7348 -0.0941 0.6717
vn -0.5728 -0.5907 0.5684
vn -0.7480 0.1113 0.6544
vn -0.0965 0.7484 0.6562
vn -0.6014 0.5880 0.5409
vn 0.1234 -0.7726 0.6228
vn 0.1327 0.7782 0.6138
vn 0.5954 -0.6283 0.5007
vn 0.7613 -0.1059 0.6397
vn 0.6255 0.6255 0.4664
vn -0.7536 0.6568 0.0280
vn -0.1852 0.9794 0.0805
vn -0.3048 0.9042 0.2992
vn -0.8475 0.4884 0.2080
vn 0.4392 0.8961 0.0638
vn 0.3269 0.8448 0.4237
vn 0.7058 0.7071 0.0425
vn 0.5110 0.5436 0.6659
vn -0.7087 0.7017 0.0735
vn -0.2000 0.9758 0.0886
vn 0.3356 0.9418 0.0195
vn 0.7072 0.7046 -0.0581
vn -0.6971 -0.7170 0.0057
vn -0.9807 -0.1949 0.0181
vn -0.9692 -0.2370 0.0665
vn -0.6961 -0.7095 0.1097
vn -0.9541 0.2987 0.0234
vn -0.9754 0.2079 0.0733
vn -0.7031 -0.7025 0.1100
vn -0.9749 -0.1925 0.1116
vn -0.9622 0.2589 0.0846
vn 0.6542 -0.7554 0.0384
vn 0.3197 -0.9466 0.0423
vn 0.1888 -0.9475 0.2580
vn 0.4019 -0.8159 0.4157
vn -0.1566 -0.9873 0.0261
vn -0.2314 -0.9571 0.1746
vn 0.7086 -0.7056 0.0050
vn 0.2848 -0.9582 0.0275
vn -0.1725 -0.9819 0.0783
vn 0.8992 0.4340 0.0552
vn 0.7467 0.3969 0.5338
vn 0.9719 -0.2253 0.0677
vn 0.7788 -0.3441 0.5245
vn 0.9430 0.3321 0.0200
vn 0.9685 -0.2404 0.0645
vn 0.7804 0.1306 0.6115
vn -0.1240 -0.7711 0.6245
vn -0.7613 -0.1059 0.6397
vn -0.5954 -0.6283 0.5007
vn -0.7803 0.1304 0.6116
vn -0.1312 0.7796 0.6123
vn -0.6254 0.6254 0.4667
vn 0.0994 0.7538 0.6496
vn 0.5883 -0.5794 0.5642
vn 0.7408 -0.1010 0.6641
vn 0.6026 0.5934 0.5336
vn -0.7044 0.7086 0.0422
vn -0.4237 0.9036 0.0630
vn -0.3124 0.8427 0.4385
vn -0.5091 0.5443 0.6667
vn 0.1801 0.9810 0.0722
vn 0.2792 0.9033 0.3258
vn 0.7347 0.6779 0.0265
vn 0.8195 0.5121 0.2572
vn -0.7061 0.7058 -0.0578
vn -0.3289 0.9443 0.0138
vn 0.2044 0.9761 0.0741
vn 0.7066 0.7051 0.0590
vn -0.6626 -0.7479 0.0393
vn -0.9719 -0.2255 0.0677
vn -0.7788 -0.3441 0.5245
vn -0.4032 -0.8159 0.4144
vn -0.8996 0.4333 0.0552
vn -0.7468 0.3968 0.5337
vn -0.7120 -0.7022 0.0068
vn -0.9685 -0.2404 0.0645
vn -0.9432 0.3316 0.0202
vn 0.6811 -0.7321 0.0084
vn 0.1331 -0.9908 0.0256
vn 0.2239 -0.9610 0.1626
vn 0.6732 -0.7229 0.1556
vn -0.3465 -0.9370 0.0432
vn -0.1878 -0.9527 0.2390
vn 0.6920 -0.7145 0.1034
vn 0.1626 -0.9830 0.0855
vn -0.2967 -0.9544 0.0327
vn 0.0894 -0.7462 0.6597
vn 0.9582 0.2840 0.0346
vn 0.9701 0.2255 0.0896
vn 0.9704 -0.2396 0.0301
vn 0.9583 -0.2533 0.1325
vn 0.9635 0.2558 0.0791
vn 0.9713 -0.2155 0.1009
vn 0.7503 0.1129 0.6513
vn 0.2146 -0.3894 0.8957
vn 0.2966 -0.3477 0.8895
vn 0.3158 0.2417 0.9175
vn 0.7859 0.3430 0.5145
vn 0.2303 0.7257 0.6484
vn -0.2130 -0.3881 0.8967
vn -0.2634 -0.3446 0.9010
vn -0.2499 0.2323 0.9400
vn -0.2078 0.7508 0.6270
vn 0.2130 0.3917 0.8951
vn 0.1616 0.1352 0.9775
vn 0.3667 0.2127 0.9057
vn 0.1616 -0.1352 0.9775
vn 0.3667 -0.2127 0.9057
vn -0.2130 0.3917 0.8951
vn -0.1616 0.1352 0.9775
vn -0.1616 -0.1352 0.9775
vn -0.3638 0.2125 0.9069
vn -0.3638 -0.2125 0.9069
vn 0.2856 -0.2419 0.9273
vn 0.2807 0.3540 0.8921
vn -0.2856 -0.2418 0.9273
vn -0.2807 0.3540 0.8921
vn -0.2335 0.4134 0.8801
vn -0.2335 -0.4134 0.8801
vn -0.3124 -0.8427 0.4385
vn -0.0476 0.9311 -0.3616
vn -0.0476 -0.9311 -0.3616
vn 0.6487 0.2946 0.7017
vn 0.6487 -0.2946 0.7017
vn 0.0748 0.9337 -0.3502
vn -0.7445 0.3039 0.5944
vn 0.0748 -0.9337 -0.3502
vn -0.7445 -0.3039 0.5944
vn 0.2534 0.4290 0.8670
vn 0.2534 -0.4291 0.8670
vn -0.0217 0.9772 0.2113
vn -0.0165 0.9965 0.0824
vn -0.0069 0.9998 0.0179
vn 0.1122 0.9922 0.0543
vn 0.1774 0.9752 0.1320
vn 0.1428 0.9881 0.0568
vn 0.5517 0.7894 0.2692
vn 0.5040 0.8510 0.1478
vn -0.2038 0.9369 0.2840
vn -0.0877 0.9833 0.1593
vn 0.2168 0.9639 0.1543
vn 0.6113 0.7418 0.2756
vn 0.1236 0.9198 0.3724
vn 0.2320 0.8725 0.4300
vn 0.2330 0.9701 0.0674
vn 0.0650 0.9969 0.0444
vn 0.1814 0.9047 0.3855
vn 0.2643 0.9606 0.0866
vn 0.2447 0.8221 0.5141
vn 0.2196 0.7889 0.5740
vn -0.0345 0.8703 0.4912
vn -0.7023 0.6924 0.1655
vn -0.3355 0.9135 0.2301
vn -0.3508 0.9364 -0.0102
vn -0.7103 0.7017 -0.0565
vn -0.0495 0.9583 0.2815
vn -0.0935 0.9954 0.0194
vn -0.6896 0.6885 0.2246
vn -0.3016 0.9015 0.3105
vn 0.0554 0.9113 0.4081
vn -0.9857 -0.0437 0.1629
vn -0.9976 0.0457 0.0511
vn -0.9910 0.1199 -0.0590
vn -0.9971 0.0726 0.0244
vn -0.9427 0.3250 0.0758
vn -0.9348 0.3433 -0.0910
vn -0.9489 -0.2263 0.2198
vn -0.9932 -0.0789 0.0861
vn -0.9503 0.2903 0.1120
vn -0.9857 0.0437 0.1629
vn -0.9578 0.0204 0.2868
vn -0.9949 -0.0401 0.0920
vn -0.9971 -0.0726 0.0243
vn -0.9578 -0.0204 0.2868
vn -0.9949 0.0401 0.0920
vn -0.9489 0.2263 0.2198
vn -0.9095 0.1464 0.3890
vn -0.9095 -0.1464 0.3890
vn -0.6965 -0.6983 0.1651
vn -0.9427 -0.3250 0.0758
vn -0.9348 -0.3433 -0.0910
vn -0.7010 -0.7110 -0.0561
vn -0.9976 -0.0457 0.0511
vn -0.9910 -0.1199 -0.0590
vn -0.6879 -0.6903 0.2242
vn -0.9503 -0.2903 0.1120
vn -0.9932 0.0789 0.0861
vn 0.0231 -0.9294 0.3682
vn -0.0604 -0.9623 0.2653
vn -0.1067 -0.9941 0.0202
vn -0.0700 -0.9959 0.0574
vn -0.3172 -0.9219 0.2225
vn -0.3272 -0.9449 -0.0099
vn 0.1960 -0.8262 0.5281
vn 0.0486 -0.9173 0.3951
vn -0.2928 -0.9074 0.3015
vn -0.0050 -0.9270 0.3750
vn -0.0191 -0.8756 0.4826
vn 0.0456 -0.9954 0.0837
vn 0.1013 -0.9941 0.0386
vn 0.0160 -0.8759 0.4823
vn -0.0495 -0.9953 0.0835
vn -0.1827 -0.8303 0.5266
vn -0.1253 -0.7582 0.6398
vn 0.1239 -0.7592 0.6390
vn -0.2018 -0.7030 0.6820
vn 0.2018 -0.7033 0.6816
vn 0.6244 -0.7339 0.2675
vn 0.3303 -0.9197 0.2124
vn 0.3501 -0.9352 -0.0527
vn 0.6044 -0.7963 0.0227
vn 0.1205 -0.9602 0.2519
vn 0.1863 -0.9819 -0.0355
vn 0.6355 -0.7007 0.3242
vn 0.2941 -0.9133 0.2816
vn -0.0182 -0.9300 0.3672
vn 0.0409 0.9307 -0.3634
vn 0.0070 0.9365 -0.3505
vn -0.0008 0.7511 -0.6602
vn 0.0061 0.7414 -0.6711
vn 0.0279 0.9367 -0.3490
vn 0.0013 0.7604 -0.6495
vn 0.1737 0.9502 -0.2588
vn -0.0023 0.8045 -0.5939
vn 0.0998 0.9871 -0.1253
vn -0.0087 0.9945 -0.1048
vn 0.0767 0.9921 -0.0996
vn 0.3746 0.9272 0.0019
vn -0.0038 0.8214 -0.5703
vn 0.0787 0.8499 -0.5211
vn -0.0064 0.6653 -0.7466
vn -0.0743 0.6208 -0.7805
vn 0.1055 0.8945 -0.4345
vn 0.0251 0.7116 -0.7022
vn 0.0465 0.9498 -0.3095
vn 0.1797 0.9461 -0.2696
vn 0.2099 0.9576 -0.1976
vn -0.6286 0.5773 -0.5211
vn -0.3272 0.7724 -0.5444
vn -0.3392 0.5355 -0.7734
vn -0.5575 0.3937 -0.7309
vn -0.1042 0.8179 -0.5658
vn -0.1640 0.5891 -0.7912
vn -0.6836 0.6673 -0.2957
vn -0.3439 0.8937 -0.2881
vn -0.1020 0.9477 -0.3024
vn -0.9126 0.0887 -0.3990
vn -0.8863 0.1344 -0.4432
vn -0.7447 0.0932 -0.6608
vn -0.8179 -0.0000 -0.5753
vn -0.8248 0.2824 -0.4899
vn -0.6895 0.2029 -0.6953
vn -0.9636 0.1413 -0.2268
vn -0.9013 0.3284 -0.2826
vn -0.9785 0.1066 -0.1765
vn -0.9893 0.0583 -0.1340
vn -0.9893 -0.0583 -0.1340
vn -0.9785 -0.1066 -0.1765
vn -0.9300 0.0464 -0.3646
vn -0.9300 -0.0464 -0.3646
vn -0.9126 -0.0887 -0.3990
vn -0.6246 -0.5831 -0.5195
vn -0.8248 -0.2824 -0.4899
vn -0.6895 -0.2029 -0.6953
vn -0.5568 -0.3953 -0.7305
vn -0.8863 -0.1344 -0.4432
vn -0.7447 -0.0932 -0.6608
vn -0.6754 -0.6763 -0.2941
vn -0.9013 -0.3284 -0.2826
vn -0.9636 -0.1413 -0.2268
vn -0.0596 -0.8148 -0.5767
vn -0.1099 -0.8245 -0.5550
vn -0.1649 -0.5917 -0.7891
vn -0.0900 -0.6128 -0.7851
vn -0.3187 -0.7823 -0.5351
vn -0.3374 -0.5401 -0.7710
vn -0.0678 -0.9480 -0.3110
vn -0.1144 -0.9509 -0.2875
vn -0.3249 -0.9042 -0.2774
vn 0.1242 -0.8117 -0.5707
vn 0.0364 -0.8171 -0.5754
vn 0.0311 -0.6493 -0.7599
vn 0.1099 -0.6565 -0.7463
vn -0.0315 -0.8141 -0.5799
vn -0.0331 -0.6339 -0.7727
vn 0.1262 -0.9407 -0.3149
vn 0.0411 -0.9455 -0.3231
vn -0.0422 -0.9454 -0.3232
vn 0.2257 -0.8583 -0.4609
vn 0.2357 -0.7829 -0.5758
vn 0.1636 -0.6868 -0.7081
vn 0.0128 -0.7641 -0.6450
vn 0.2280 -0.7824 -0.5796
vn 0.1892 -0.6576 -0.7292
vn 0.4814 -0.8432 -0.2393
vn 0.3020 -0.8804 -0.3657
vn 0.2144 -0.9134 -0.3460
vn -0.0102 0.2423 -0.9702
vn 0.0180 0.2287 -0.9733
vn -0.0084 -0.0082 -0.9999
vn -0.0500 0.2052 -0.9774
vn -0.0236 -0.0287 -0.9993
vn -0.2435 0.2057 -0.9478
vn -0.2728 -0.0346 -0.9614
vn -0.0096 0.4836 -0.8752
vn -0.0165 0.4794 -0.8775
vn -0.0462 0.4847 -0.8735
vn -0.1999 0.1750 -0.9641
vn -0.0992 0.2086 -0.9730
vn -0.1165 -0.0029 -0.9932
vn -0.2098 -0.0007 -0.9777
vn -0.0513 0.2319 -0.9714
vn -0.1515 0.3852 -0.9103
vn -0.0598 0.4347 -0.8986
vn -0.0179 0.4684 -0.8834
vn -0.4886 0.0585 -0.8705
vn -0.4349 0.1009 -0.8948
vn -0.3812 -0.0000 -0.9245
vn -0.4378 -0.0000 -0.8991
vn -0.3251 0.1388 -0.9354
vn -0.3141 -0.0000 -0.9494
vn -0.5175 0.1672 -0.8392
vn -0.4256 0.2637 -0.8657
vn -0.2749 0.3341 -0.9016
vn -0.5510 -0.0996 -0.8286
vn -0.5175 -0.1672 -0.8392
vn -0.5160 -0.0000 -0.8566
vn -0.4886 -0.0585 -0.8705
vn -0.6167 -0.0000 -0.7872
vn -0.5510 0.0996 -0.8286
vn -0.1971 -0.1756 -0.9645
vn -0.3251 -0.1388 -0.9354
vn -0.4349 -0.1009 -0.8948
vn -0.1516 -0.3826 -0.9114
vn -0.2749 -0.3341 -0.9016
vn -0.4256 -0.2637 -0.8657
vn 0.0126 -0.2631 -0.9647
vn -0.0391 -0.2415 -0.9696
vn -0.0673 -0.0059 -0.9977
vn -0.0908 -0.2121 -0.9730
vn 0.0617 -0.4822 -0.8739
vn 0.0059 -0.4585 -0.8887
vn -0.0534 -0.4278 -0.9023
vn -0.2387 -0.2968 -0.9246
vn 0.0017 -0.2835 -0.9590
vn 0.0607 -0.2742 -0.9598
vn 0.0466 -0.0143 -0.9988
vn -0.1424 -0.5740 -0.8064
vn 0.0690 -0.5409 -0.8382
vn 0.1109 -0.5063 -0.8552
vn 0.0811 0.5783 -0.8118
vn -0.2238 0.5729 -0.7885
vn -0.0835 0.7986 -0.5960
vn 0.1575 0.8139 -0.5592
vn -0.2716 0.5228 -0.8080
vn -0.1145 0.7933 -0.5979
vn -0.1557 0.5089 -0.8466
vn -0.0006 0.3959 -0.9183
vn -0.3414 0.3165 -0.8850
vn -0.4168 0.2460 -0.8751
vn -0.0479 0.0005 -0.9989
vn -0.4186 -0.0066 -0.9081
vn -0.4972 -0.0216 -0.8673
vn 0.6578 0.6766 -0.3308
vn 0.6065 0.6573 -0.4474
vn 0.5204 0.8149 -0.2552
vn 0.5274 0.8319 -0.1729
vn 0.4368 0.5992 -0.6709
vn 0.4348 0.8337 -0.3405
vn 0.7758 0.4311 -0.4608
vn 0.6446 0.4179 -0.6402
vn 0.3691 0.4083 -0.8349
vn 0.8511 -0.0002 -0.5250
vn 0.6920 -0.0002 -0.7219
vn 0.4007 0.0007 -0.9162
vn 0.6890 0.6992 0.1907
vn 0.6993 0.7022 -0.1338
vn 0.2935 0.9497 0.1094
vn 0.1652 0.9296 0.3296
vn 0.6660 0.6973 -0.2650
vn 0.4139 0.9092 -0.0458
vn 0.9394 0.3214 0.1193
vn 0.9059 0.3751 -0.1964
vn 0.8354 0.4330 -0.3386
vn 0.9938 -0.0000 0.1111
vn 0.9798 -0.0000 -0.1999
vn 0.9274 -0.0000 -0.3740
vn 0.2342 0.8882 0.3953
vn 0.3231 0.7532 0.5730
vn -0.1525 0.9007 0.4067
vn -0.1687 0.9681 0.1854
vn 0.5338 0.6890 0.4902
vn 0.0239 0.8923 0.4508
vn 0.5827 0.5590 0.5899
vn 0.6622 0.4282 0.6149
vn 0.8212 0.3361 0.4612
vn 0.7300 -0.0000 0.6835
vn 0.7879 -0.0000 0.6158
vn 0.8970 -0.0000 0.4421
vn 0.1038 0.8472 0.5211
vn 0.2482 0.8704 0.4253
vn -0.0196 0.9996 0.0204
vn -0.0004 0.9993 0.0375
vn 0.2554 0.9066 0.3359
vn -0.0885 0.9944 0.0575
vn 0.1608 0.4829 0.8608
vn 0.4174 0.5068 0.7543
vn 0.5278 0.5646 0.6346
vn 0.1760 -0.0000 0.9844
vn 0.4768 -0.0000 0.8790
vn 0.6362 -0.0000 0.7716
vn -0.7587 0.5375 0.3679
vn -0.3586 0.7972 0.4857
vn -0.0841 0.9963 0.0178
vn -0.5921 0.7794 -0.2048
vn -0.1295 0.8534 0.5049
vn -0.0279 0.9995 -0.0119
vn -0.7983 0.3801 0.4673
vn -0.4294 0.5072 0.7472
vn -0.1811 0.4831 0.8566
vn -0.8043 -0.0000 0.5942
vn -0.3899 -0.0000 0.9208
vn -0.2116 -0.0000 0.9774
vn -0.9576 -0.0000 -0.2882
vn -0.5269 0.3358 -0.7808
vn -0.4054 -0.0000 -0.9141
vn -0.9681 0.2487 -0.0300
vn -0.6274 0.4315 -0.6483
vn -0.6274 -0.4315 -0.6483
vn -0.9681 -0.2487 -0.0300
vn -0.9601 -0.0000 0.2795
vn -0.5921 -0.7794 -0.2048
vn 0.7803 0.0115 0.6253
vn 0.9536 -0.1018 0.2832
vn 0.9123 -0.1128 0.3936
vn 0.7227 0.0288 0.6906
vn 0.9835 -0.1588 0.0867
vn 0.9232 -0.2692 0.2742
vn 0.7399 0.4417 0.5073
vn 0.8683 0.2810 0.4088
vn 0.9397 0.2350 0.2484
vn 0.7652 0.4097 0.4966
vn 0.6208 0.2506 0.7428
vn 0.3921 0.2085 0.8960
vn 0.4952 0.3880 0.7773
vn 0.5984 0.1476 0.7874
vn 0.4788 0.1282 0.8685
vn 0.7639 0.6049 0.2251
vn 0.7731 0.5077 0.3803
vn 0.6986 0.4581 0.5496
vn 0.4104 0.8910 0.1941
vn 0.6687 0.7141 0.2072
vn 0.6245 0.7023 0.3416
vn 0.3537 0.8362 0.4192
vn 0.8098 0.5574 0.1831
vn 0.6808 0.5733 0.4559
vn 0.1929 0.9501 -0.2451
vn 0.4817 0.8763 0.0069
vn 0.6907 0.7161 0.1007
vn 0.3401 0.9332 -0.1165
vn 0.3415 0.9378 0.0623
vn 0.2673 0.9615 0.0629
vn 0.2358 0.9177 0.3198
vn 0.1574 0.9198 -0.3595
vn 0.0714 0.9499 -0.3043
vn -0.7439 0.4536 0.4907
vn -0.3942 0.7341 0.5529
vn -0.0651 0.6208 0.7813
vn -0.6930 0.0006 0.7209
vn -0.1007 0.8757 0.4722
vn 0.0778 0.8317 0.5498
vn -0.3773 0.8153 0.4393
vn -0.1362 0.9222 0.3618
vn 0.0797 0.9605 0.2667
vn -0.7766 0.5127 -0.3661
vn -0.7812 0.4454 -0.4373
vn -0.8015 -0.0000 -0.5980
vn -0.8752 -0.0000 -0.4838
vn -0.9027 0.4299 -0.0160
vn -1.0000 -0.0000 0.0005
vn -0.5375 0.8378 -0.0964
vn -0.6393 0.7686 -0.0244
vn -0.5956 0.7610 0.2573
vn -0.3991 0.5003 -0.7683
vn -0.7275 0.4915 -0.4788
vn -0.8587 -0.0000 -0.5125
vn -0.5006 -0.0000 -0.8657
vn -0.8102 0.5008 -0.3046
vn -0.9384 -0.0000 -0.3456
vn -0.1835 0.8684 -0.4606
vn -0.3857 0.8668 -0.3161
vn -0.4822 0.8608 -0.1627
vn 0.0333 0.3458 -0.9377
vn 0.0789 -0.0000 -0.9969
vn -0.0260 0.4353 -0.8999
vn -0.0399 -0.0000 -0.9992
vn 0.0826 0.7187 -0.6904
vn 0.0231 0.8363 -0.5477
vn -0.0276 -0.4083 -0.9124
vn -0.3776 -0.3500 -0.8573
vn -0.4524 -0.3130 -0.8351
vn -0.0132 -0.5941 -0.8043
vn -0.3450 -0.6025 -0.7197
vn -0.3613 -0.5880 -0.7237
vn 0.0136 -0.8598 -0.5105
vn -0.3133 -0.7872 -0.5312
vn -0.2764 -0.7899 -0.5474
vn 0.7758 -0.4308 -0.4610
vn 0.6447 -0.4176 -0.6403
vn 0.3673 -0.4075 -0.8361
vn 0.6583 -0.6764 -0.3303
vn 0.6070 -0.6577 -0.4460
vn 0.4311 -0.6010 -0.6730
vn 0.5097 -0.8416 -0.1786
vn 0.4621 -0.8520 -0.2461
vn 0.9394 -0.3214 0.1193
vn 0.9059 -0.3751 -0.1964
vn 0.8354 -0.4330 -0.3386
vn 0.6890 -0.6992 0.1907
vn 0.6993 -0.7022 -0.1339
vn 0.6660 -0.6973 -0.2650
vn 0.1666 -0.9290 0.3304
vn 0.2996 -0.9478 0.1089
vn 0.4229 -0.9046 -0.0536
vn 0.5827 -0.5590 0.5899
vn 0.6622 -0.4282 0.6149
vn 0.8212 -0.3361 0.4612
vn 0.2342 -0.8882 0.3953
vn 0.3231 -0.7532 0.5730
vn 0.5338 -0.6890 0.4902
vn -0.1687 -0.9681 0.1854
vn -0.1525 -0.9007 0.4067
vn 0.0238 -0.8923 0.4508
vn 0.1608 -0.4829 0.8608
vn 0.4174 -0.5068 0.7543
vn 0.5278 -0.5646 0.6346
vn 0.1038 -0.8472 0.5211
vn 0.2482 -0.8704 0.4253
vn 0.2554 -0.9066 0.3359
vn -0.0004 -0.9993 0.0375
vn -0.0196 -0.9996 0.0204
vn -0.0886 -0.9944 0.0575
vn -0.7983 -0.3801 0.4673
vn -0.4294 -0.5072 0.7472
vn -0.1811 -0.4831 0.8566
vn -0.7587 -0.5375 0.3679
vn -0.3586 -0.7972 0.4857
vn -0.1295 -0.8534 0.5049
vn -0.0841 -0.9963 0.0178
vn -0.0279 -0.9995 -0.0119
vn 0.7678 -0.4524 0.4537
vn 0.8732 -0.2608 0.4118
vn 0.9322 -0.2250 0.2834
vn 0.8021 0.0471 0.5953
vn 0.9480 0.1230 0.2936
vn 0.9799 0.1697 0.1045
vn 0.7361 -0.0352 0.6760
vn 0.9120 0.1210 0.3919
vn 0.9225 0.2713 0.2745
vn 0.3813 -0.2391 0.8930
vn 0.5645 -0.1488 0.8119
vn 0.7756 -0.3946 0.4926
vn 0.4731 -0.3925 0.7887
vn 0.7233 -0.2686 0.6362
vn 0.7835 -0.5829 0.2154
vn 0.4601 -0.2003 0.8650
vn 0.6031 -0.0629 0.7952
vn 0.6642 0.0657 0.7447
vn 0.0053 -0.9364 -0.3508
vn 0.3630 -0.9218 -0.1362
vn 0.6882 -0.7252 -0.0207
vn 0.1282 -0.9911 0.0365
vn 0.5146 -0.8411 0.1667
vn 0.7744 -0.6136 0.1542
vn 0.2118 -0.9003 0.3803
vn 0.5063 -0.7838 0.3595
vn 0.6164 -0.6134 0.4937
vn 0.3226 -0.8954 -0.3070
vn -0.0921 -0.9313 -0.3525
vn -0.2077 -0.9181 -0.3377
vn 0.1668 -0.9713 -0.1694
vn -0.0312 -0.9961 -0.0828
vn 0.2904 -0.9568 0.0142
vn 0.1439 -0.9599 0.2406
vn -0.3745 -0.8145 0.4431
vn -0.1183 -0.9226 0.3671
vn 0.1046 -0.9631 0.2481
vn -0.7431 -0.4522 0.4932
vn -0.3799 -0.7335 0.5636
vn -0.0824 -0.8867 0.4549
vn -0.0852 -0.5993 0.7960
vn 0.0571 -0.8394 0.5406
vn -0.5375 -0.8378 -0.0964
vn -0.6393 -0.7686 -0.0245
vn -0.5956 -0.7610 0.2572
vn -0.7766 -0.5127 -0.3661
vn -0.7812 -0.4454 -0.4373
vn -0.9027 -0.4299 -0.0160
vn -0.1835 -0.8684 -0.4606
vn -0.3857 -0.8668 -0.3161
vn -0.4822 -0.8608 -0.1627
vn -0.3991 -0.5003 -0.7683
vn -0.7275 -0.4915 -0.4788
vn -0.8102 -0.5008 -0.3046
vn 0.0826 -0.7187 -0.6904
vn 0.0231 -0.8363 -0.5477
vn -0.5269 -0.3358 -0.7808
vn 0.0333 -0.3458 -0.9377
vn -0.0260 -0.4353 -0.8999
vn 0.6358 -0.0527 0.7701
vn 0.7832 0.0371 0.6207
vn 0.7992 0.1778 0.5742
vn 0.6358 0.0527 0.7701
vn 0.7832 -0.0371 0.6207
vn 0.7992 -0.1778 0.5742
vn 0.2761 -0.2014 0.9398
vn 0.2525 -0.1515 0.9557
vn 0.3877 -0.1037 0.9159
vn 0.2768 0.2016 0.9396
vn 0.2525 0.1515 0.9557
vn 0.3877 0.1037 0.9159
vn 0.0021 -0.4113 0.9115
vn 0.0035 -0.1024 0.9947
vn 0.0049 0.1032 0.9946
vn 0.0157 0.4221 0.9064
vn -0.2327 -0.3862 0.8926
vn -0.3718 -0.0602 0.9264
vn -0.3713 0.0607 0.9265
vn -0.2078 0.4058 0.8900
vn -0.3730 0.6207 0.6896
vn 0.3845 0.6529 0.6525
vn 0.4210 0.7157 0.5572
vn 0.4325 0.7627 0.4808
vn 0.0705 -0.6987 0.7119
vn -0.3433 -0.6076 0.7162
vn 0.2723 -0.8079 0.5227
vn 0.3300 -0.7345 0.5930
vn 0.9475 0.3036 -0.1006
vn 0.7340 0.3614 -0.5750
vn 0.5419 0.6232 -0.5638
vn 0.9397 0.2652 -0.2158
vn 0.6979 0.2892 -0.6553
vn 0.7831 -0.0807 -0.6166
vn 0.4977 0.0649 -0.8649
vn 0.9407 0.3392 0.0018
vn 0.9598 0.2708 -0.0734
vn 0.8937 -0.0309 -0.4475
vn 0.7466 0.6617 -0.0691
vn 0.9342 0.3520 -0.0583
vn 0.9600 0.2692 -0.0766
vn 0.9455 -0.2184 -0.2416
vn 0.9644 0.2644 0.0079
vn 0.9229 0.3599 -0.1368
vn 0.8238 0.5663 0.0266
vn 0.8519 0.3904 0.3490
vn 0.9207 0.3637 -0.1416
vn 0.7851 0.6165 -0.0592
vn 0.9951 0.0867 -0.0464
vn 0.9805 0.1640 -0.1087
vn 0.9682 0.2214 -0.1165
vn 0.8904 -0.4042 0.2092
vn 0.5835 -0.5461 0.6010
vn 0.8449 -0.3206 0.4282
vn 0.5918 -0.2231 0.7746
vn 0.3959 -0.4555 0.7973
vn 0.9568 -0.0195 0.2899
vn 0.7757 0.0511 0.6290
vn 0.7608 -0.4767 0.4404
vn 0.9008 -0.3008 0.3131
vn 0.9843 -0.0971 0.1476
vn -0.7556 0.1275 -0.6425
vn -0.9847 -0.1598 -0.0698
vn -0.8048 0.4969 -0.3247
vn -0.5997 0.5004 -0.6245
vn -0.9645 -0.2125 0.1567
vn -0.9374 -0.3011 0.1752
vn -0.9268 0.3674 0.0773
vn -0.8659 0.0213 -0.4997
vn -0.9420 -0.2955 0.1593
vn -0.8799 -0.3816 0.2833
vn -0.9113 -0.3768 0.1657
vn -0.6719 -0.3861 -0.6320
vn -0.7232 -0.6234 -0.2971
vn -0.7822 -0.6188 -0.0725
vn -0.7650 -0.6413 -0.0594
vn -0.9684 -0.2481 0.0243
vn -0.9574 -0.2846 0.0493
vn -0.8306 -0.5449 0.1150
vn -0.9371 -0.3413 0.0725
vn -0.9888 -0.1161 0.0942
vn -0.9643 -0.2212 0.1454
vn -0.9453 -0.2885 0.1524
vn -0.8799 0.0855 0.4674
vn -0.9276 0.1193 0.3540
vn -0.9490 0.1789 0.2596
vn -0.7671 -0.1526 0.6232
vn -0.9861 -0.1512 0.0686
vn -0.7239 -0.5668 0.3932
vn -0.6257 -0.4013 0.6689
vn -0.9780 -0.2082 0.0095
vn -0.8176 -0.5303 0.2244
vn -0.8456 -0.0198 0.5335
vn -0.9896 0.0001 0.1440
vn -0.9981 -0.0106 0.0606
vn -0.0399 -0.2186 -0.9750
vn -0.2829 -0.6232 -0.7291
vn -0.2959 -0.7887 -0.5388
vn -0.2227 -0.9172 -0.3303
vn 0.0399 -0.0855 -0.9955
vn 0.2344 -0.4390 -0.8674
vn 0.4171 -0.5273 -0.7402
vn 0.4940 -0.7192 -0.4886
vn -0.0683 0.6592 -0.7489
vn -0.2755 0.3629 -0.8902
vn -0.2595 0.1872 -0.9474
vn 0.0676 0.6835 -0.7268
vn 0.2347 0.4384 -0.8676
vn 0.2179 0.2366 -0.9469
vn -0.4771 0.8735 0.0970
vn -0.3741 0.9036 -0.2085
vn -0.9047 0.4093 -0.1186
vn -0.2394 0.8589 -0.4528
vn 0.1616 0.9863 -0.0317
vn 0.1916 0.9545 -0.2285
vn 0.2057 0.8819 -0.4241
vn 0.7470 0.6562 -0.1066
vn 0.6744 0.7001 -0.2345
vn -0.3372 0.4093 0.8478
vn -0.4601 0.6804 0.5704
vn -0.5307 0.7765 0.3397
vn 0.4205 0.5709 0.7052
vn 0.3574 0.8598 0.3647
vn 0.2507 0.9576 0.1420
vn -0.0560 -0.5417 0.8387
vn -0.2487 -0.2369 0.9392
vn -0.3064 0.0231 0.9516
vn 0.0498 -0.5318 0.8454
vn 0.2157 -0.2368 0.9473
vn 0.3689 0.0935 0.9247
vn -0.3662 -0.8947 0.2556
vn -0.3542 -0.8174 0.4544
vn -0.2752 -0.7459 0.6066
vn 0.3645 -0.8747 0.3193
vn 0.3360 -0.7789 0.5295
vn 0.2383 -0.7038 0.6693
vn -0.2415 -0.9641 -0.1105
vn -0.7928 -0.6086 -0.0317
vn -0.3304 -0.9420 0.0592
vn -0.8245 -0.5655 0.0198
vn 0.4536 -0.8761 -0.1634
vn 0.4052 -0.9103 0.0842
vn 0.9408 -0.3329 -0.0646
vn 0.9296 -0.3620 0.0693
vn -0.9475 0.3036 0.1006
vn -0.7340 0.3614 0.5750
vn -0.5419 0.6232 0.5638
vn -0.9397 0.2652 0.2158
vn -0.6979 0.2892 0.6553
vn -0.7831 -0.0807 0.6166
vn -0.4977 0.0649 0.8649
vn -0.9407 0.3392 -0.0018
vn -0.9598 0.2708 0.0734
vn -0.8937 -0.0309 0.4475
vn -0.7466 0.6617 0.0691
vn -0.9342 0.3520 0.0583
vn -0.9600 0.2692 0.0766
vn -0.9455 -0.2184 0.2416
vn -0.9644 0.2644 -0.0079
vn -0.9229 0.3599 0.1368
vn -0.8238 0.5663 -0.0266
vn -0.8519 0.3904 -0.3490
vn -0.9207 0.3637 0.1416
vn -0.7851 0.6165 0.0592
vn -0.9951 0.0867 0.0464
vn -0.9805 0.1640 0.1087
vn -0.9682 0.2214 0.1165
vn -0.8904 -0.4042 -0.2092
vn -0.5835 -0.5461 -0.6010
vn -0.8449 -0.3206 -0.4282
vn -0.5918 -0.2231 -0.7746
vn -0.3959 -0.4555 -0.7973
vn -0.9568 -0.0195 -0.2899
vn -0.7757 0.0511 -0.6290
vn -0.7608 -0.4767 -0.4404
vn -0.9008 -0.3008 -0.3131
vn -0.9843 -0.0971 -0.1476
vn 0.7556 0.1275 0.6425
vn 0.9847 -0.1598 0.0698
vn 0.8048 0.4969 0.3247
vn 0.5997 0.5004 0.6245
vn 0.9645 -0.2125 -0.1567
vn 0.9047 0.4093 0.1186
vn 0.9374 -0.3011 -0.1752
vn 0.9268 0.3674 -0.0773
vn 0.8659 0.0213 0.4997
vn 0.9420 -0.2955 -0.1593
vn 0.8799 -0.3816 -0.2833
vn 0.9113 -0.3768 -0.1657
vn 0.6719 -0.3861 0.6320
vn 0.7232 -0.6234 0.2971
vn 0.7822 -0.6188 0.0725
vn 0.7650 -0.6413 0.0594
vn 0.9684 -0.2481 -0.0243
vn 0.9574 -0.2846 -0.0493
vn 0.8306 -0.5449 -0.1150
vn 0.9371 -0.3413 -0.0725
vn 0.7928 -0.6086 0.0317
vn 0.9888 -0.1161 -0.0942
vn 0.9643 -0.2212 -0.1454
vn 0.9453 -0.2885 -0.1524
vn 0.8799 0.0855 -0.4674
vn 0.9276 0.1193 -0.3540
vn 0.9490 0.1789 -0.2596
vn 0.7671 -0.1526 -0.6232
vn 0.9861 -0.1512 -0.0686
vn 0.7239 -0.5668 -0.3932
vn 0.6257 -0.4013 -0.6689
vn 0.9780 -0.2082 -0.0095
vn 0.8176 -0.5303 -0.2244
vn 0.8456 -0.0198 -0.5335
vn 0.9896 0.0001 -0.1440
vn 0.9981 -0.0106 -0.0606
vn 0.0399 -0.2186 0.9750
vn 0.2829 -0.6232 0.7291
vn 0.2959 -0.7887 0.5388
vn 0.2227 -0.9172 0.3303
vn -0.0399 -0.0855 0.9955
vn -0.2344 -0.4390 0.8674
vn -0.4171 -0.5273 0.7402
vn -0.4940 -0.7192 0.4886
vn 0.0683 0.6592 0.7489
vn 0.2755 0.3629 0.8902
vn 0.2595 0.1872 0.9474
vn -0.0676 0.6835 0.7268
vn -0.2347 0.4384 0.8676
vn -0.2179 0.2366 0.9469
vn 0.4771 0.8735 -0.0970
vn 0.3741 0.9036 0.2085
vn 0.2394 0.8589 0.4528
vn -0.1616 0.9863 0.0317
vn -0.1916 0.9545 0.2285
vn -0.2057 0.8819 0.4241
vn -0.7470 0.6562 0.1066
vn -0.6744 0.7001 0.2345
vn 0.3372 0.4093 -0.8478
vn 0.4601 0.6804 -0.5704
vn 0.5307 0.7765 -0.3397
vn -0.4205 0.5709 -0.7052
vn -0.3574 0.8598 -0.3647
vn -0.2507 0.9576 -0.1420
vn 0.0560 -0.5417 -0.8387
vn 0.2487 -0.2369 -0.9392
vn 0.3064 0.0231 -0.9516
vn -0.0498 -0.5318 -0.8454
vn -0.2157 -0.2368 -0.9473
vn -0.3689 0.0935 -0.9247
vn 0.3662 -0.8947 -0.2556
vn 0.3542 -0.8174 -0.4544
vn 0.2752 -0.7459 -0.6066
vn -0.3645 -0.8747 -0.3193
vn -0.3360 -0.7789 -0.5295
vn -0.2383 -0.7038 -0.6693
vn 0.2415 -0.9641 0.1105
vn 0.3304 -0.9420 -0.0592
vn 0.8245 -0.5655 -0.0198
vn -0.4536 -0.8761 0.1634
vn -0.4052 -0.9103 -0.0842
vn -0.9408 -0.3329 0.0646
vn -0.9296 -0.3620 -0.0693
vn 0.2925 0.8301 -0.4748
vn -0.1276 0.9775 -0.1677
vn -0.1226 0.9783 -0.1673
vn 0.2215 0.8190 -0.5292
vn -0.4837 0.8548 0.1879
vn -0.4168 0.8753 0.2454
vn -0.7256 0.4888 0.4843
vn -0.5853 0.5432 0.6019
vn 0.3023 0.8382 -0.4540
vn -0.1164 0.9779 -0.1739
vn -0.4937 0.8566 0.1498
vn -0.7597 0.4762 0.4428
vn 0.3458 0.8136 -0.4674
vn -0.0705 0.9764 -0.2039
vn -0.4682 0.8763 0.1136
vn -0.7636 0.5043 0.4032
vn 0.7246 -0.4996 -0.4748
vn 0.7551 -0.0097 -0.6555
vn 0.6708 -0.0533 -0.7397
vn 0.6606 -0.5324 -0.5292
vn 0.6052 0.4516 -0.6555
vn 0.5113 0.4375 -0.7397
vn 0.7372 -0.5004 -0.4540
vn 0.7874 -0.0112 -0.6163
vn 0.6305 0.4719 -0.6163
vn 0.7580 -0.4549 -0.4674
vn 0.7932 -0.0049 -0.6089
vn 0.6388 0.4702 -0.6089
vn -0.2997 -0.8220 0.4843
vn 0.1112 -0.9759 0.1879
vn 0.1773 -0.9531 0.2454
vn -0.1542 -0.7835 0.6019
vn 0.4714 -0.8658 -0.1677
vn 0.4758 -0.8635 -0.1673
vn -0.3347 -0.8318 0.4428
vn 0.1041 -0.9832 0.1498
vn 0.4806 -0.8595 -0.1739
vn -0.3214 -0.8568 0.4032
vn 0.1362 -0.9841 0.1136
vn 0.5169 -0.8314 -0.2039
vn -0.7442 0.0195 0.6677
vn -0.5905 0.0735 0.8037
vn -0.5906 -0.4532 0.6677
vn -0.4346 -0.4065 0.8037
vn -0.7942 -0.0206 0.6074
vn -0.6546 -0.4502 0.6074
vn -0.8080 -0.0099 0.5890
vn -0.6595 -0.4669 0.5890
vn 0.1929 0.8162 -0.5446
vn -0.0649 0.9869 -0.1480
vn 0.3798 0.8790 0.2883
vn 0.5999 0.7661 -0.2307
vn -0.2423 0.9269 0.2865
vn -0.2867 0.6032 0.7443
vn 0.1445 0.6327 0.7608
vn 0.1677 0.8002 -0.5758
vn -0.0904 0.9807 -0.1734
vn -0.3223 0.8964 0.3042
vn -0.4005 0.5982 0.6941
vn 0.6358 -0.5470 -0.5446
vn 0.5762 -0.0846 -0.8129
vn 0.9147 0.2217 -0.3380
vn 0.9356 -0.2672 -0.2307
vn 0.4164 0.4071 -0.8129
vn 0.8703 0.3582 -0.3380
vn 0.6060 -0.5488 -0.5758
vn 0.5893 -0.0904 -0.8028
vn 0.4236 0.4195 -0.8028
vn 0.1226 -0.6565 0.7443
vn 0.3488 -0.8923 0.2865
vn 0.7623 -0.5063 0.4031
vn 0.4888 -0.4269 0.7608
vn 0.5275 -0.8366 -0.1480
vn 0.8239 -0.4879 0.2883
vn 0.0276 -0.7193 0.6941
vn 0.2661 -0.9147 0.3042
vn 0.5033 -0.8465 -0.1734
vn -0.2780 0.1298 0.9518
vn -0.1486 -0.2684 0.9518
vn 0.3099 0.0406 0.9499
vn -0.3994 0.1533 0.9039
vn -0.2330 -0.3588 0.9039
vn 0.7897 0.1140 0.6028
vn 0.7059 0.3719 0.6028
vn 0.2745 0.1493 0.9499
vn 0.3191 0.8577 0.4031
vn 0.9133 0.1655 0.3721
vn 0.8362 0.4030 0.3721
vn 0.7246 0.4996 -0.4748
vn 0.4714 0.8658 -0.1677
vn 0.4758 0.8635 -0.1673
vn 0.6606 0.5324 -0.5292
vn 0.1112 0.9759 0.1879
vn 0.1773 0.9531 0.2454
vn -0.2997 0.8220 0.4843
vn -0.1542 0.7835 0.6019
vn 0.7372 0.5004 -0.4540
vn 0.4806 0.8595 -0.1739
vn 0.1041 0.9832 0.1498
vn -0.3347 0.8318 0.4428
vn 0.7580 0.4549 -0.4674
vn 0.5169 0.8314 -0.2039
vn 0.1362 0.9841 0.1136
vn -0.3214 0.8568 0.4032
vn 0.2925 -0.8301 -0.4748
vn 0.6052 -0.4516 -0.6556
vn 0.5113 -0.4374 -0.7397
vn 0.2215 -0.8190 -0.5292
vn 0.7551 0.0097 -0.6555
vn 0.6708 0.0533 -0.7397
vn 0.3023 -0.8382 -0.4540
vn 0.6305 -0.4719 -0.6163
vn 0.7874 0.0112 -0.6163
vn 0.3458 -0.8136 -0.4674
vn 0.6388 -0.4702 -0.6089
vn 0.7932 0.0049 -0.6089
vn -0.7256 -0.4888 0.4843
vn -0.4837 -0.8548 0.1879
vn -0.4168 -0.8753 0.2454
vn -0.5853 -0.5432 0.6019
vn -0.1276 -0.9775 -0.1677
vn -0.1226 -0.9783 -0.1673
vn -0.7597 -0.4762 0.4428
vn -0.4937 -0.8566 0.1498
vn -0.1164 -0.9779 -0.1739
vn -0.7636 -0.5043 0.4032
vn -0.4682 -0.8763 0.1136
vn -0.0705 -0.9764 -0.2039
vn -0.5906 0.4532 0.6677
vn -0.4346 0.4065 0.8037
vn -0.7442 -0.0195 0.6677
vn -0.5905 -0.0735 0.8037
vn -0.6546 0.4502 0.6074
vn -0.7942 0.0206 0.6074
vn -0.6595 0.4669 0.5890
vn -0.8080 0.0099 0.5890
vn 0.6358 0.5470 -0.5446
vn 0.5275 0.8365 -0.1480
vn 0.8239 0.4879 0.2883
vn 0.9356 0.2672 -0.2307
vn 0.3488 0.8923 0.2865
vn 0.1226 0.6565 0.7443
vn 0.4888 0.4269 0.7608
vn 0.6060 0.5488 -0.5758
vn 0.5033 0.8465 -0.1734
vn 0.2661 0.9147 0.3042
vn 0.0276 0.7193 0.6941
vn 0.1929 -0.8162 -0.5446
vn 0.4164 -0.4071 -0.8129
vn 0.8703 -0.3582 -0.3380
vn 0.5999 -0.7661 -0.2307
vn 0.5762 0.0846 -0.8129
vn 0.9147 -0.2217 -0.3380
vn 0.1677 -0.8002 -0.5758
vn 0.4236 -0.4195 -0.8028
vn 0.5893 0.0904 -0.8028
vn -0.2867 -0.6032 0.7443
vn -0.2423 -0.9269 0.2865
vn 0.3191 -0.8577 0.4031
vn 0.1445 -0.6327 0.7608
vn -0.0649 -0.9869 -0.1480
vn 0.3798 -0.8790 0.2883
vn -0.4005 -0.5982 0.6941
vn -0.3223 -0.8964 0.3042
vn -0.0904 -0.9807 -0.1734
vn -0.1486 0.2685 0.9518
vn -0.2780 -0.1298 0.9518
vn -0.2330 0.3588 0.9039
vn -0.3994 -0.1533 0.9039
vn 0.7059 -0.3719 0.6028
vn 0.2745 -0.1493 0.9499
vn 0.7897 -0.1140 0.6028
vn 0.3099 -0.0406 0.9499
vn 0.7623 0.5063 0.4031
vn 0.8362 -0.4030 0.3721
vn 0.9133 -0.1655 0.3721
s 1
f 1//1 3//3 4//4
f 2//2 6//6 3//3
f 7//7 6//6 5//5
f 44//44 2//2 1//1
f 9//9 5//5 2//2
f 11//11 5//5 10//10
f 13//13 44//44 12//12
f 51//51 9//9 13//13
f 51//51 11//11 10//10
f 16//16 18//18 15//15
f 19//19 17//17 16//16
f 19//19 22//22 20//20
f 24//24 15//15 23//23
f 25//25 16//16 24//24
f 25//25 21//21 19//19
f 7//7 23//23 8//8
f 11//11 24//24 7//7
f 11//11 26//26 25//25
f 27//27 29//29 30//30
f 28//28 32//32 29//29
f 15//15 32//32 31//31
f 34//34 27//27 33//33
f 34//34 31//31 28//28
f 35//35 15//15 31//31
f 3//3 33//33 4//4
f 6//6 34//34 3//3
f 6//6 23//23 35//35
f 36//36 38//38 39//39
f 40//40 38//38 37//37
f 27//27 232//220 40//40
f 42//42 36//36 41//41
f 42//42 40//40 37//37
f 43//43 27//27 40//40
f 44//44 41//41 12//12
f 44//44 43//43 42//42
f 1//1 33//33 43//43
f 45//45 22//22 21//21
f 45//45 48//48 46//46
f 47//47 39//39 48//48
f 49//49 21//21 26//26
f 49//49 47//47 45//45
f 50//50 36//36 47//47
f 51//51 26//26 14//14
f 51//51 50//50 49//49
f 13//13 41//41 50//50
f 96//92 53//52 54//53
f 52//2 56//54 53//52
f 57//55 56//54 55//5
f 95//91 52//2 96//92
f 60//10 52//2 59//9
f 61//57 55//5 60//10
f 63//59 95//91 62//58
f 102//98 59//9 63//59
f 102//98 61//57 60//10
f 66//62 68//64 65//61
f 66//62 70//66 67//63
f 69//65 72//68 70//66
f 74//70 65//61 73//69
f 74//70 69//65 66//62
f 75//71 71//67 69//65
f 57//55 73//69 58//56
f 57//55 75//71 74//70
f 61//57 76//72 75//71
f 78//74 80//76 77//73
f 81//77 79//75 78//74
f 81//77 68//64 82//78
f 84//80 77//73 83//79
f 85//81 78//74 84//80
f 85//81 65//61 81//77
f 53//52 83//79 54//53
f 56//54 84//80 53//52
f 56//54 73//69 85//81
f 86//82 88//84 89//85
f 87//83 91//87 88//84
f 77//73 91//87 90//86
f 93//89 86//82 92//88
f 94//90 87//83 93//89
f 94//90 77//73 90//86
f 95//91 92//88 62//58
f 96//92 93//89 95//91
f 96//92 83//79 94//90
f 71//67 210//198 72//68
f 98//94 210//198 97//93
f 86//82 99//95 98//94
f 100//96 71//67 76//72
f 101//97 97//93 100//96
f 101//97 86//82 98//94
f 102//98 76//72 64//60
f 102//98 101//97 100//96
f 63//59 92//88 101//97
f 103//99 105//100 106//101
f 104//2 108//102 105//100
f 109//103 108//102 107//5
f 111//105 104//2 103//99
f 113//10 104//2 112//9
f 114//106 107//5 113//10
f 116//108 111//105 115//107
f 154//146 112//9 116//108
f 154//146 114//106 113//10
f 118//110 120//112 121//113
f 122//114 120//112 119//111
f 124//116 123//115 122//114
f 127//119 118//110 126//118
f 127//119 122//114 119//111
f 128//120 124//116 122//114
f 109//103 126//118 110//104
f 109//103 128//120 127//119
f 114//106 129//121 128//120
f 131//123 133//125 130//122
f 131//123 135//127 132//124
f 134//126 121//113 135//127
f 137//129 130//122 136//128
f 137//129 134//126 131//123
f 138//130 118//110 134//126
f 105//100 136//128 106//101
f 105//100 138//130 137//129
f 108//102 126//118 138//130
f 140//132 142//134 139//131
f 143//135 141//133 140//132
f 143//135 133//125 144//136
f 146//138 139//131 145//137
f 147//139 140//132 146//138
f 147//139 130//122 143//135
f 111//105 145//137 115//107
f 103//99 146//138 111//105
f 103//99 136//128 147//139
f 124//116 149//141 125//117
f 148//140 151//143 149//141
f 139//131 151//143 150//142
f 152//144 124//116 129//121
f 152//144 150//142 148//140
f 153//145 139//131 150//142
f 154//146 129//121 117//109
f 116//108 152//144 154//146
f 116//108 145//137 153//145
f 155//147 157//148 158//149
f 156//2 160//150 157//148
f 161//151 160//150 159//5
f 199//187 156//2 155//147
f 164//10 156//2 163//9
f 165//153 159//5 164//10
f 167//155 199//187 166//154
f 206//194 163//9 167//155
f 206//194 165//153 164//10
f 169//157 171//159 172//160
f 170//158 174//162 171//159
f 175//163 174//162 173//161
f 178//166 169//157 177//165
f 179//167 170//158 178//166
f 179//167 175//163 173//161
f 161//151 177//165 162//152
f 165//153 178//166 161//151
f 165//153 180//168 179//167
f 181//169 183//171 184//172
f 185//173 183//171 182//170
f 169//157 186//174 185//173
f 188//176 181//169 187//175
f 189//177 182//170 188//176
f 189//177 169//157 185//173
f 157//148 187//175 158//149
f 157//148 189//177 188//176
f 160//150 177//165 189//177
f 191//179 193//181 190//178
f 191//179 195//183 192//180
f 194//182 184//172 195//183
f 197//185 190//178 196//184
f 197//185 194//182 191//179
f 198//186 181//169 194//182
f 199//187 196//184 166//154
f 199//187 198//186 197//185
f 155//147 187//175 198//186
f 200//188 176//164 175//163
f 202//190 201//189 200//188
f 202//190 193//181 203//191
f 204//192 175//163 180//168
f 205//193 200//188 204//192
f 205//193 190//178 202//190
f 206//194 180//168 168//156
f 167//155 204//192 206//194
f 167//155 196//184 205//193
f 207//195 99//95 89//85
f 209//197 99//95 208//196
f 211//199 210//198 209//197
f 213//201 207//195 212//200
f 214//202 208//196 213//201
f 214//202 211//199 209//197
f 29//29 212//200 30//30
f 32//32 213//201 29//29
f 32//32 215//203 214//202
f 217//205 125//117 216//204
f 217//205 220//208 218//206
f 219//207 89//85 220//208
f 221//209 217//205 216//204
f 222//210 219//207 217//205
f 212//200 219//207 223//211
f 172//160 222//210 221//209
f 225//213 222//210 224//212
f 30//30 223//211 225//213
f 319//307 151//143 142//134
f 226//214 149//141 151//143
f 216//204 149//141 227//215
f 318//306 226//214 319//307
f 228//216 227//215 226//214
f 221//209 227//215 229//217
f 183//171 318//306 184//172
f 186//174 228//216 183//171
f 186//174 221//209 229//217
f 171//159 224//212 172//160
f 230//218 225//213 224//212
f 232//220 225//213 231//219
f 233//221 171//159 174//162
f 233//221 231//219 230//218
f 234//222 232//220 231//219
f 235//223 174//162 176//164
f 235//223 234//222 233//221
f 236//224 38//38 234//222
f 120//112 238//226 121//113
f 237//225 240//228 238//226
f 91//87 240//228 239//227
f 123//115 237//225 120//112
f 241//229 239//227 237//225
f 88//84 239//227 242//230
f 218//206 123//115 125//117
f 220//208 241//229 218//206
f 220//208 88//84 242//230
f 244//232 246//234 243//231
f 247//235 245//233 244//232
f 249//237 248//236 247//235
f 252//240 243//231 251//239
f 253//241 244//232 252//240
f 254//242 247//235 253//241
f 17//17 251//239 18//18
f 20//20 252//240 17//17
f 22//22 253//241 20//20
f 255//243 257//245 258//246
f 256//244 260//248 257//245
f 259//247 246//234 260//248
f 261//249 256//244 255//243
f 262//250 259//247 256//244
f 263//251 243//231 259//247
f 72//68 262//250 261//249
f 211//199 263//251 262//250
f 18//18 263//251 215//203
f 265//253 267//255 264//252
f 268//256 266//254 265//253
f 255//243 269//257 268//256
f 271//259 264//252 270//258
f 271//259 268//256 265//253
f 272//260 255//243 268//256
f 67//63 270//258 68//64
f 67//63 272//260 271//259
f 70//66 261//249 272//260
f 274//262 276//264 273//261
f 277//265 275//263 274//262
f 264//252 278//266 277//265
f 280//268 273//261 279//267
f 281//269 274//262 280//268
f 270//258 277//265 281//269
f 79//75 279//267 80//76
f 82//78 280//268 79//75
f 68//64 281//269 82//78
f 282//270 284//272 285//273
f 283//271 287//275 284//272
f 273//261 287//275 286//274
f 288//276 283//271 282//270
f 289//277 286//274 283//271
f 279//267 286//274 290//278
f 121//113 289//277 288//276
f 240//228 289//277 238//226
f 80//76 290//278 240//228
f 291//279 293//281 294//282
f 292//280 296//284 293//281
f 295//283 285//273 296//284
f 297//285 292//280 291//279
f 298//286 295//283 292//280
f 299//287 282//270 295//283
f 133//125 298//286 297//285
f 132//124 299//287 298//286
f 135//127 288//276 299//287
f 300//288 302//290 303//291
f 301//289 305//293 302//290
f 304//292 294//282 305//293
f 307//295 300//288 306//294
f 308//296 301//289 307//295
f 308//296 291//279 304//292
f 141//133 306//294 142//134
f 144//136 307//295 141//133
f 144//136 297//285 308//296
f 310//298 312//300 309//297
f 310//298 314//302 311//299
f 313//301 303//291 314//302
f 315//303 310//298 309//297
f 316//304 313//301 310//298
f 306//294 313//301 317//305
f 184//172 316//304 315//303
f 318//306 317//305 316//304
f 142//134 317//305 319//307
f 320//308 322//310 323//311
f 321//309 325//313 322//310
f 324//312 312//300 325//313
f 326//314 321//309 320//308
f 327//315 324//312 321//309
f 328//316 309//297 324//312
f 193//181 327//315 326//314
f 192//180 328//316 327//315
f 195//183 315//303 328//316
f 329//317 331//319 332//320
f 330//318 334//322 331//319
f 333//321 336//324 334//322
f 337//325 330//318 329//317
f 338//326 333//321 330//318
f 339//327 335//323 333//321
f 246//234 338//326 337//325
f 245//233 339//327 338//326
f 248//236 340//328 339//327
f 342//330 344//332 341//329
f 345//333 343//331 342//330
f 329//317 346//334 345//333
f 348//336 341//329 347//335
f 349//337 342//330 348//336
f 337//325 345//333 349//337
f 257//245 347//335 258//246
f 260//248 348//336 257//245
f 260//248 337//325 349//337
f 351//339 353//341 350//338
f 354//342 352//340 351//339
f 341//329 355//343 354//342
f 357//345 350//338 356//344
f 358//346 351//339 357//345
f 347//335 354//342 358//346
f 266//254 356//344 267//255
f 269//257 357//345 266//254
f 258//246 358//346 269//257
f 359//347 361//349 362//350
f 360//348 364//352 361//349
f 363//351 353//341 364//352
f 367//355 360//348 359//347
f 365//353 363//351 360//348
f 366//354 350//338 363//351
f 276//264 365//353 367//355
f 275//263 366//354 365//353
f 278//266 356//344 366//354
f 367//355 287//275 276//264
f 369//357 287//275 368//356
f 370//358 284//272 369//357
f 359//347 368//356 367//355
f 371//359 369//357 368//356
f 373//361 369//357 372//360
f 362//350 371//359 359//347
f 362//350 372//360 371//359
f 362//350 373//361 372//360
f 375//363 377//365 374//362
f 378//366 376//364 375//363
f 373//361 379//367 378//366
f 381//369 374//362 380//368
f 382//370 375//363 381//369
f 370//358 378//366 382//370
f 293//281 380//368 294//282
f 296//284 381//369 293//281
f 285//273 382//370 296//284
f 383//371 385//373 386//374
f 384//372 388//376 385//373
f 387//375 377//365 388//376
f 389//377 384//372 383//371
f 390//378 387//375 384//372
f 391//379 374//362 387//375
f 303//291 390//378 389//377
f 302//290 391//379 390//378
f 305//293 380//368 391//379
f 392//380 394//382 395//383
f 396//384 394//382 393//381
f 396//384 386//374 397//385
f 398//386 393//381 392//380
f 400//388 393//381 399//387
f 389//377 396//384 400//388
f 312//300 399//387 398//386
f 314//302 399//387 311//299
f 303//291 400//388 314//302
f 402//390 404//392 401//389
f 402//390 406//394 403//391
f 405//393 395//383 406//394
f 408//396 401//389 407//395
f 409//397 402//390 408//396
f 409//397 392//380 405//393
f 322//310 407//395 323//311
f 325//313 408//396 322//310
f 312//300 409//397 325//313
f 410//398 459//447 412//400
f 411//399 414//402 459//447
f 415//403 414//402 413//401
f 417//405 411//399 410//398
f 418//406 413//401 411//399
f 469//457 413//401 419//407
f 332//320 418//406 417//405
f 331//319 419//407 418//406
f 336//324 419//407 334//322
f 421//409 423//411 420//408
f 424//412 422//410 421//409
f 410//398 451//439 424//412
f 426//414 420//408 425//413
f 427//415 421//409 426//414
f 417//405 424//412 427//415
f 343//331 425//413 344//332
f 346//334 426//414 343//331
f 332//320 427//415 346//334
f 428//416 430//418 431//419
f 432//420 430//418 429//417
f 420//408 433//421 432//420
f 434//422 429//417 428//416
f 436//424 429//417 435//423
f 425//413 432//420 436//424
f 352//340 434//422 353//341
f 355//343 435//423 352//340
f 344//332 436//424 355//343
f 376//364 438//426 377//365
f 437//425 440//428 438//426
f 439//427 431//419 440//428
f 379//367 437//425 376//364
f 441//429 439//427 437//425
f 442//430 428//416 439//427
f 362//350 441//429 379//367
f 361//349 442//430 441//429
f 364//352 434//422 442//430
f 443//431 433//421 423//411
f 444//432 430//418 433//421
f 440//428 430//418 445//433
f 446//434 444//432 443//431
f 447//435 445//433 444//432
f 438//426 445//433 448//436
f 386//374 447//435 446//434
f 385//373 448//436 447//435
f 388//376 438//426 448//436
f 449//437 451//439 412//400
f 450//438 422//410 451//439
f 452//440 423//411 422//410
f 453//441 450//438 449//437
f 454//442 452//440 450//438
f 455//443 443//431 452//440
f 395//383 454//442 453//441
f 394//382 455//443 454//442
f 397//385 446//434 455//443
f 456//444 414//402 416//404
f 457//445 459//447 414//402
f 458//446 412//400 459//447
f 460//448 457//445 456//444
f 461//449 458//446 457//445
f 462//450 449//437 458//446
f 404//392 461//449 460//448
f 403//391 462//450 461//449
f 406//394 453//441 462//450
f 463//451 465//453 466//454
f 467//455 465//453 464//452
f 469//457 468//456 467//455
f 470//458 464//452 463//451
f 472//460 464//452 471//459
f 415//403 467//455 472//460
f 474//462 470//458 473//461
f 475//463 471//459 474//462
f 416//404 472//460 475//463
f 476//464 478//466 479//467
f 477//465 481//469 478//466
f 480//468 466//454 481//469
f 482//470 477//465 476//464
f 483//471 480//468 477//465
f 470//458 480//468 484//472
f 485//473 483//471 482//470
f 486//474 484//472 483//471
f 473//461 484//472 487//475
f 488//476 490//478 491//479
f 489//477 493//481 490//478
f 492//480 479//467 493//481
f 494//482 489//477 488//476
f 495//483 492//480 489//477
f 496//484 476//464 492//480
f 497//485 495//483 494//482
f 498//486 496//484 495//483
f 499//487 482//470 496//484
f 501//489 503//491 500//488
f 501//489 505//493 502//490
f 504//492 491//479 505//493
f 507//495 500//488 506//494
f 507//495 504//492 501//489
f 508//496 488//476 504//492
f 510//498 506//494 509//497
f 511//499 507//495 510//498
f 497//485 508//496 511//499
f 513//501 515//503 512//500
f 516//504 514//502 513//501
f 500//488 517//505 516//504
f 519//507 512//500 518//506
f 520//508 513//501 519//507
f 506//494 516//504 520//508
f 522//510 518//506 521//509
f 523//511 519//507 522//510
f 509//497 520//508 523//511
f 524//512 526//514 527//515
f 525//513 529//517 526//514
f 528//516 515//503 529//517
f 530//518 525//513 524//512
f 531//519 528//516 525//513
f 532//520 512//500 528//516
f 533//521 531//519 530//518
f 535//523 531//519 534//522
f 521//509 532//520 535//523
f 536//524 538//526 719//707
f 539//527 537//525 536//524
f 524//512 540//528 539//527
f 542//530 719//707 541//529
f 543//531 536//524 542//530
f 530//518 539//527 543//531
f 658//646 541//529 544//532
f 655//643 542//530 658//646
f 655//643 530//518 543//531
f 546//534 548//536 545//533
f 549//537 547//535 546//534
f 48//48 550//538 549//537
f 552//540 545//533 551//539
f 553//541 546//534 552//540
f 46//46 549//537 553//541
f 249//237 551//539 250//238
f 254//242 552//540 249//237
f 22//22 553//541 254//242
f 555//543 557//545 554//542
f 558//546 556//544 555//543
f 545//533 559//547 558//546
f 561//549 554//542 560//548
f 562//550 555//543 561//549
f 551//539 558//546 562//550
f 250//238 561//549 560//548
f 250//238 562//550 561//549
f 250//238 551//539 562//550
f 564//552 566//554 563//551
f 567//555 565//553 564//552
f 554//542 568//556 567//555
f 570//558 563//551 569//557
f 571//559 564//552 570//558
f 560//548 567//555 571//559
f 335//323 569//557 336//324
f 340//328 570//558 335//323
f 250//238 571//559 340//328
f 572//560 479//467 478//466
f 574//562 573//561 572//560
f 563//551 575//563 574//562
f 576//564 478//466 481//469
f 577//565 572//560 576//564
f 569//557 574//562 577//565
f 465//453 481//469 466//454
f 468//456 576//564 465//453
f 468//456 569//557 577//565
f 578//566 580//568 581//569
f 579//567 583//571 580//568
f 582//570 566//554 583//571
f 584//572 579//567 578//566
f 585//573 582//570 579//567
f 586//574 575//563 582//570
f 491//479 585//573 584//572
f 490//478 586//574 585//573
f 493//481 573//561 586//574
f 587//575 589//577 590//578
f 588//576 592//580 589//577
f 591//579 581//569 592//580
f 593//581 588//576 587//575
f 594//582 591//579 588//576
f 595//583 578//566 591//579
f 503//491 594//582 593//581
f 502//490 595//583 594//582
f 505//493 584//572 595//583
f 597//585 599//587 596//584
f 600//588 598//586 597//585
f 587//575 601//589 600//588
f 603//591 596//584 602//590
f 604//592 597//585 603//591
f 593//581 600//588 604//592
f 514//502 602//590 515//503
f 517//505 603//591 514//502
f 503//491 604//592 517//505
f 537//525 606//594 538//526
f 605//593 608//596 606//594
f 607//595 599//587 608//596
f 540//528 605//593 537//525
f 609//597 607//595 605//593
f 602//590 607//595 610//598
f 527//515 609//597 540//528
f 529//517 609//597 526//514
f 515//503 610//598 529//517
f 611//599 474//462 473//461
f 612//600 475//463 474//462
f 613//601 416//404 475//463
f 615//603 611//599 614//602
f 615//603 613//601 612//600
f 616//604 456//444 613//601
f 618//606 614//602 617//605
f 619//607 615//603 618//606
f 619//607 460//448 616//604
f 621//609 485//473 620//608
f 622//610 486//474 621//609
f 622//610 473//461 487//475
f 624//612 620//608 623//611
f 625//613 621//609 624//612
f 625//613 611//599 622//610
f 627//615 623//611 626//614
f 690//678 624//612 627//615
f 617//605 625//613 690//678
f 629//617 497//485 628//616
f 630//618 498//486 629//617
f 620//608 499//487 630//618
f 632//620 628//616 631//619
f 633//621 629//617 632//620
f 623//611 630//618 633//621
f 635//623 631//619 634//622
f 636//624 632//620 635//623
f 626//614 633//621 636//624
f 637//625 510//498 509//497
f 638//626 511//499 510//498
f 639//627 497//485 511//499
f 640//628 638//626 637//625
f 642//630 638//626 641//629
f 631//619 639//627 642//630
f 643//631 641//629 640//628
f 645//633 641//629 644//632
f 634//622 642//630 645//633
f 646//634 522//510 521//509
f 647//635 523//511 522//510
f 648//636 509//497 523//511
f 649//637 647//635 646//634
f 650//638 648//636 647//635
f 651//639 637//625 648//636
f 652//640 650//638 649//637
f 653//641 651//639 650//638
f 654//642 640//628 651//639
f 656//644 533//521 655//643
f 656//644 535//523 534//522
f 657//645 521//509 535//523
f 659//647 655//643 658//646
f 660//648 656//644 659//647
f 649//637 657//645 660//648
f 661//649 658//646 544//532
f 662//650 659//647 661//649
f 652//640 660//648 662//650
f 663//651 320//308 323//311
f 664//652 326//314 320//308
f 665//653 193//181 326//314
f 666//654 664//652 663//651
f 667//655 665//653 664//652
f 668//656 203//191 665//653
f 669//657 667//655 666//654
f 670//658 668//656 667//655
f 671//659 201//189 668//656
f 673//661 675//663 672//660
f 676//664 674//662 673//661
f 663//651 677//665 676//664
f 679//667 672//660 678//666
f 680//668 673//661 679//667
f 666//654 676//664 680//668
f 669//657 679//667 678//666
f 669//657 680//668 679//667
f 669//657 666//654 680//668
f 681//669 401//389 404//392
f 682//670 407//395 401//389
f 683//671 323//311 407//395
f 684//672 682//670 681//669
f 685//673 683//671 682//670
f 686//674 677//665 683//671
f 687//675 685//673 684//672
f 688//676 686//674 685//673
f 689//677 674//662 686//674
f 690//678 618//606 617//605
f 691//679 619//607 618//606
f 681//669 619//607 692//680
f 627//615 691//679 690//678
f 693//681 692//680 691//679
f 684//672 692//680 694//682
f 626//614 693//681 627//615
f 695//683 694//682 693//681
f 696//684 684//672 694//682
f 698//686 634//622 697//685
f 699//687 635//623 698//686
f 695//683 636//624 699//687
f 701//689 697//685 700//688
f 702//690 698//686 701//689
f 696//684 699//687 702//690
f 703//691 700//688 581//569
f 704//692 701//689 703//691
f 687//675 702//690 704//692
f 706//694 643//631 705//693
f 707//695 644//632 706//694
f 697//685 645//633 707//695
f 709//697 705//693 708//696
f 710//698 706//694 709//697
f 700//688 707//695 710//698
f 589//577 708//696 590//578
f 592//580 709//697 589//577
f 581//569 710//698 592//580
f 711//699 653//641 652//640
f 712//700 654//642 653//641
f 713//701 643//631 654//642
f 714//702 712//700 711//699
f 715//703 713//701 712//700
f 716//704 705//693 713//701
f 599//587 715//703 714//702
f 598//586 716//704 715//703
f 601//589 708//696 716//704
f 717//705 544//532 541//529
f 717//705 662//650 661//649
f 718//706 652//640 662//650
f 720//708 541//529 719//707
f 721//709 717//705 720//708
f 721//709 711//699 718//706
f 606//594 719//707 538//526
f 608//596 720//708 606//594
f 599//587 721//709 608//596
f 722//710 670//658 669//657
f 723//711 671//659 670//658
f 724//712 176//164 671//659
f 725//713 723//711 722//710
f 727//715 723//711 726//714
f 236//224 724//712 727//715
f 547//535 725//713 548//536
f 550//538 726//714 547//535
f 39//39 727//715 550//538
f 729//717 675//663 728//716
f 730//718 672//660 729//717
f 730//718 669//657 678//666
f 732//720 728//716 731//719
f 733//721 729//717 732//720
f 725//713 730//718 733//721
f 557//545 732//720 731//719
f 556//544 733//721 732//720
f 548//536 733//721 559//547
f 734//722 728//716 675//663
f 735//723 731//719 728//716
f 737//725 731//719 736//724
f 738//726 735//723 734//722
f 739//727 736//724 735//723
f 741//729 736//724 740//728
f 581//569 739//727 738//726
f 581//569 740//728 739//727
f 581//569 741//729 740//728
f 580//568 741//729 581//569
f 742//730 737//725 741//729
f 743//731 557//545 737//725
f 744//732 580//568 583//571
f 744//732 743//731 742//730
f 745//733 568//556 743//731
f 566//554 744//732 583//571
f 566//554 745//733 744//732
f 566//554 565//553 745//733
f 746//734 675//663 689//677
f 747//735 734//722 746//734
f 703//691 738//726 747//735
f 748//736 689//677 688//676
f 749//737 746//734 748//736
f 749//737 703//691 747//735
f 687//675 748//736 688//676
f 687//675 749//737 748//736
f 687//675 704//692 749//737
f 750//738 752//740 839//827
f 750//738 754//742 751//739
f 753//741 756//744 754//742
f 757//745 839//827 838//826
f 757//745 753//741 750//738
f 759//747 753//741 758//746
f 761//749 838//826 760//748
f 761//749 758//746 757//745
f 763//751 758//746 762//750
f 765//753 767//755 764//752
f 768//756 766//754 765//753
f 761//749 769//757 768//756
f 770//758 765//753 764//752
f 771//759 768//756 765//753
f 772//760 761//749 768//756
f 773//761 771//759 770//758
f 865//853 772//760 771//759
f 864//852 762//750 772//760
f 775//763 777//765 774//762
f 778//766 776//764 775//763
f 764//752 779//767 778//766
f 781//769 774//762 780//768
f 782//770 775//763 781//769
f 782//770 764//752 778//766
f 773//761 781//769 780//768
f 773//761 782//770 781//769
f 773//761 770//758 782//770
f 784//772 786//774 783//771
f 787//775 785//773 784//772
f 788//776 833//821 787//775
f 791//779 783//771 790//778
f 792//780 784//772 791//779
f 793//781 787//775 792//780
f 794//782 791//779 790//778
f 795//783 792//780 791//779
f 796//784 793//781 792//780
f 799//787 800//788 798//786
f 801//789 861//849 799//787
f 801//789 797//785 859//847
f 803//791 798//786 802//790
f 804//792 799//787 803//791
f 788//776 801//789 804//792
f 806//794 802//790 805//793
f 807//795 803//791 806//794
f 789//777 804//792 807//795
f 809//797 811//799 808//796
f 812//800 810//798 809//797
f 798//786 813//801 812//800
f 815//803 808//796 814//802
f 816//804 809//797 815//803
f 802//790 812//800 816//804
f 805//793 815//803 814//802
f 805//793 816//804 815//803
f 805//793 802//790 816//804
f 817//805 795//783 794//782
f 818//806 796//784 795//783
f 819//807 797//785 796//784
f 821//809 818//806 817//805
f 822//810 819//807 818//806
f 823//811 820//808 819//807
f 756//744 822//810 821//809
f 759//747 822//810 755//743
f 759//747 824//812 823//811
f 825//813 783//771 786//774
f 826//814 790//778 783//771
f 827//815 794//782 790//778
f 828//816 826//814 825//813
f 829//817 827//815 826//814
f 830//818 817//805 827//815
f 751//739 828//816 752//740
f 751//739 830//818 829//817
f 754//742 821//809 830//818
f 832//820 789//777 831//819
f 834//822 833//821 832//820
f 825//813 785//773 834//822
f 835//823 832//820 831//819
f 836//824 834//822 832//820
f 837//825 825//813 834//822
f 760//748 836//824 835//823
f 838//826 837//825 836//824
f 839//827 828//816 837//825
f 841//829 805//793 840//828
f 842//830 806//794 841//829
f 831//819 807//795 842//830
f 844//832 840//828 843//831
f 845//833 841//829 844//832
f 845//833 831//819 842//830
f 766//754 843//831 767//755
f 769//757 844//832 766//754
f 769//757 835//823 845//833
f 846//834 808//796 811//799
f 847//835 814//802 808//796
f 848//836 805//793 814//802
f 849//837 847//835 846//834
f 850//838 848//836 847//835
f 851//839 840//828 848//836
f 776//764 849//837 777//765
f 779//767 850//838 776//764
f 767//755 851//839 779//767
f 853//841 800//788 852//840
f 854//842 813//801 853//841
f 846//834 810//798 854//842
f 856//844 852//840 855//843
f 857//845 853//841 856//844
f 849//837 854//842 857//845
f 773//761 856//844 855//843
f 780//768 857//845 856//844
f 774//762 849//837 857//845
f 858//846 797//785 820//808
f 860//848 859//847 858//846
f 852//840 861//849 860//848
f 862//850 820//808 824//812
f 863//851 858//846 862//850
f 855//843 860//848 863//851
f 763//751 862//850 824//812
f 864//852 863//851 862//850
f 865//853 855//843 863//851
f 866//854 868//856 956//944
f 866//854 870//858 867//855
f 869//857 872//860 870//858
f 873//861 956//944 955//943
f 873//861 869//857 866//854
f 875//863 869//857 874//862
f 877//865 955//943 876//864
f 877//865 874//862 873//861
f 879//867 874//862 878//866
f 881//869 883//871 880//868
f 884//872 882//870 881//869
f 877//865 885//873 884//872
f 886//874 881//869 880//868
f 887//875 884//872 881//869
f 888//876 877//865 884//872
f 889//877 887//875 886//874
f 981//969 888//876 887//875
f 980//968 878//866 888//876
f 891//879 893//881 890//878
f 894//882 892//880 891//879
f 880//868 895//883 894//882
f 897//885 890//878 896//884
f 898//886 891//879 897//885
f 898//886 880//868 894//882
f 889//877 897//885 896//884
f 889//877 898//886 897//885
f 889//877 886//874 898//886
f 900//888 902//890 899//887
f 903//891 901//889 900//888
f 905//893 904//892 903//891
f 908//896 899//887 907//895
f 909//897 900//888 908//896
f 910//898 903//891 909//897
f 911//899 908//896 907//895
f 912//900 909//897 908//896
f 913//901 910//898 909//897
f 916//904 917//905 915//903
f 918//906 977//965 916//904
f 918//906 914//902 919//907
f 921//909 915//903 920//908
f 922//910 916//904 921//909
f 905//893 918//906 922//910
f 924//912 920//908 923//911
f 925//913 921//909 924//912
f 906//894 922//910 925//913
f 927//915 929//917 926//914
f 930//918 928//916 927//915
f 915//903 931//919 930//918
f 933//921 926//914 932//920
f 934//922 927//915 933//921
f 920//908 930//918 934//922
f 923//911 933//921 932//920
f 923//911 934//922 933//921
f 923//911 920//908 934//922
f 935//923 912//900 911//899
f 936//924 913//901 912//900
f 937//925 914//902 913//901
f 939//927 936//924 935//923
f 940//928 937//925 936//924
f 941//929 938//926 937//925
f 872//860 940//928 939//927
f 875//863 940//928 871//859
f 875//863 942//930 941//929
f 943//931 899//887 902//890
f 944//932 907//895 899//887
f 945//933 911//899 907//895
f 946//934 944//932 943//931
f 947//935 945//933 944//932
f 948//936 935//923 945//933
f 867//855 946//934 868//856
f 867//855 948//936 947//935
f 870//858 939//927 948//936
f 950//938 906//894 949//937
f 951//939 904//892 950//938
f 943//931 901//889 951//939
f 952//940 950//938 949//937
f 953//941 951//939 950//938
f 954//942 943//931 951//939
f 876//864 953//941 952//940
f 955//943 954//942 953//941
f 956//944 946//934 954//942
f 958//946 923//911 957//945
f 959//947 924//912 958//946
f 949//937 925//913 959//947
f 961//949 957//945 960//948
f 962//950 958//946 961//949
f 962//950 949//937 959//947
f 882//870 960//948 883//871
f 885//873 961//949 882//870
f 885//873 952//940 962//950
f 963//951 926//914 929//917
f 964//952 932//920 926//914
f 965//953 923//911 932//920
f 966//954 964//952 963//951
f 967//955 965//953 964//952
f 968//956 957//945 965//953
f 892//880 966//954 893//881
f 895//883 967//955 892//880
f 883//871 968//956 895//883
f 970//958 917//905 969//957
f 971//959 931//919 970//958
f 963//951 928//916 971//959
f 973//961 969//957 972//960
f 974//962 970//958 973//961
f 966//954 971//959 974//962
f 889//877 973//961 972//960
f 896//884 974//962 973//961
f 890//878 966//954 974//962
f 975//963 914//902 938//926
f 976//964 919//907 975//963
f 969//957 977//965 976//964
f 978//966 938//926 942//930
f 979//967 975//963 978//966
f 972//960 976//964 979//967
f 879//867 978//966 942//930
f 980//968 979//967 978//966
f 981//969 972//960 979//967
f 983//971 985//973 982//970
f 986//974 984//972 983//971
f 988//976 987//975 986//974
f 991//979 982//970 990//978
f 992//980 983//971 991//979
f 992//980 988//976 986//974
f 995//983 990//978 994//982
f 996//984 991//979 995//983
f 996//984 993//981 992//980
f 999//987 1001//989 998//986
f 999//987 1003//991 1000//988
f 1002//990 985//973 1003//991
f 1005//993 998//986 1004//992
f 1006//994 999//987 1005//993
f 1006//994 982//970 1002//990
f 1008//996 1004//992 1007//995
f 1009//997 1005//993 1008//996
f 1009//997 990//978 1006//994
f 1010//998 1012//1000 1013//1001
f 1011//999 1015//1003 1012//1000
f 1014//1002 1001//989 1015//1003
f 1017//1005 1010//998 1016//1004
f 1017//1005 1014//1002 1011//999
f 1018//1006 998//986 1014//1002
f 1020//1008 1016//1004 1019//1007
f 1020//1008 1018//1006 1017//1005
f 1021//1009 1004//992 1018//1006
f 1022//1010 989//977 988//976
f 1024//1012 1023//1011 1022//1010
f 1024//1012 1013//1001 1025//1013
f 1026//1014 988//976 993//981
f 1026//1014 1024//1012 1022//1010
f 1027//1015 1010//998 1024//1012
f 1028//1016 993//981 997//985
f 1028//1016 1027//1015 1026//1014
f 1029//1017 1016//1004 1027//1015
f 1030//1018 1032//1020 1033//1021
f 1031//1019 1067//1055 1032//1020
f 1035//1023 1067//1055 1034//1022
f 1037//1025 1031//1019 1030//1018
f 1038//1026 1034//1022 1031//1019
f 1040//1028 1034//1022 1039//1027
f 985//973 1038//1026 1037//1025
f 987//975 1038//1026 984//972
f 989//977 1039//1027 987//975
f 1041//1029 1043//1031 1044//1032
f 1045//1033 1043//1031 1042//1030
f 1030//1018 1046//1034 1045//1033
f 1047//1035 1042//1030 1041//1029
f 1049//1037 1042//1030 1048//1036
f 1037//1025 1045//1033 1049//1037
f 1001//989 1048//1036 1047//1035
f 1003//991 1048//1036 1000//988
f 985//973 1049//1037 1003//991
f 1050//1038 1052//1040 1053//1041
f 1054//1042 1052//1040 1051//1039
f 1041//1029 1055//1043 1054//1042
f 1056//1044 1051//1039 1050//1038
f 1058//1046 1051//1039 1057//1045
f 1047//1035 1054//1042 1058//1046
f 1013//1001 1057//1045 1056//1044
f 1012//1000 1058//1046 1057//1045
f 1001//989 1058//1046 1015//1003
f 1035//1023 1066//1054 1036//1024
f 1059//1047 1061//1049 1066//1054
f 1050//1038 1061//1049 1060//1048
f 1040//1028 1059//1047 1035//1023
f 1063//1051 1059//1047 1062//1050
f 1056//1044 1060//1048 1063//1051
f 989//977 1062//1050 1040//1028
f 1025//1013 1062//1050 1023//1011
f 1013//1001 1063//1051 1025//1013
f 1052//1040 1061//1049 1053//1041
f 1064//1052 1066//1054 1061//1049
f 1067//1055 1066//1054 1065//1053
f 1055//1043 1064//1052 1052//1040
f 1068//1056 1065//1053 1064//1052
f 1032//1020 1065//1053 1069//1057
f 1043//1031 1055//1043 1044//1032
f 1043//1031 1069//1057 1068//1056
f 1046//1034 1032//1020 1069//1057
f 1071//1059 1073//1061 1070//1058
f 1074//1062 1072//1060 1071//1059
f 1076//1064 1075//1063 1074//1062
f 1079//1067 1070//1058 1078//1066
f 1080//1068 1071//1059 1079//1067
f 1080//1068 1076//1064 1074//1062
f 1083//1071 1078//1066 1082//1070
f 1084//1072 1079//1067 1083//1071
f 1084//1072 1081//1069 1080//1068
f 1087//1075 1089//1077 1086//1074
f 1090//1078 1088//1076 1087//1075
f 1090//1078 1073//1061 1091//1079
f 1093//1081 1086//1074 1092//1080
f 1094//1082 1087//1075 1093//1081
f 1094//1082 1070//1058 1090//1078
f 1096//1084 1092//1080 1095//1083
f 1096//1084 1094//1082 1093//1081
f 1097//1085 1078//1066 1094//1082
f 1098//1086 1100//1088 1101//1089
f 1099//1087 1103//1091 1100//1088
f 1102//1090 1089//1077 1103//1091
f 1105//1093 1098//1086 1104//1092
f 1105//1093 1102//1090 1099//1087
f 1106//1094 1086//1074 1102//1090
f 1108//1096 1104//1092 1107//1095
f 1108//1096 1106//1094 1105//1093
f 1109//1097 1092//1080 1106//1094
f 1110//1098 1077//1065 1076//1064
f 1112//1100 1111//1099 1110//1098
f 1112//1100 1101//1089 1113//1101
f 1114//1102 1076//1064 1081//1069
f 1114//1102 1112//1100 1110//1098
f 1115//1103 1098//1086 1112//1100
f 1116//1104 1081//1069 1085//1073
f 1116//1104 1115//1103 1114//1102
f 1117//1105 1104//1092 1115//1103
f 1118//1106 1120//1108 1121//1109
f 1119//1107 1155//1143 1120//1108
f 1123//1111 1155//1143 1122//1110
f 1125//1113 1119//1107 1118//1106
f 1126//1114 1122//1110 1119//1107
f 1128//1116 1122//1110 1127//1115
f 1073//1061 1126//1114 1125//1113
f 1075//1063 1126//1114 1072//1060
f 1077//1065 1127//1115 1075//1063
f 1129//1117 1131//1119 1132//1120
f 1133//1121 1131//1119 1130//1118
f 1118//1106 1134//1122 1133//1121
f 1135//1123 1130//1118 1129//1117
f 1137//1125 1130//1118 1136//1124
f 1125//1113 1133//1121 1137//1125
f 1089//1077 1136//1124 1135//1123
f 1091//1079 1136//1124 1088//1076
f 1073//1061 1137//1125 1091//1079
f 1138//1126 1140//1128 1141//1129
f 1142//1130 1140//1128 1139//1127
f 1129//1117 1143//1131 1142//1130
f 1144//1132 1139//1127 1138//1126
f 1146//1134 1139//1127 1145//1133
f 1135//1123 1142//1130 1146//1134
f 1101//1089 1145//1133 1144//1132
f 1100//1088 1146//1134 1145//1133
f 1089//1077 1146//1134 1103//1091
f 1123//1111 1154//1142 1124//1112
f 1148//1136 1154//1142 1147//1135
f 1138//1126 1152//1140 1148//1136
f 1128//1116 1147//1135 1123//1111
f 1150//1138 1147//1135 1149//1137
f 1144//1132 1148//1136 1150//1138
f 1077//1065 1149//1137 1128//1116
f 1113//1101 1149//1137 1111//1099
f 1101//1089 1150//1138 1113//1101
f 1140//1128 1152//1140 1141//1129
f 1153//1141 1152//1140 1151//1139
f 1155//1143 1154//1142 1153//1141
f 1143//1131 1151//1139 1140//1128
f 1157//1145 1151//1139 1156//1144
f 1120//1108 1153//1141 1157//1145
f 1131//1119 1143//1131 1132//1120
f 1131//1119 1157//1145 1156//1144
f 1134//1122 1120//1108 1157//1145
f 1//1 2//2 3//3
f 2//2 5//5 6//6
f 7//7 8//8 6//6
f 44//44 9//9 2//2
f 9//9 10//10 5//5
f 11//11 7//7 5//5
f 13//13 9//9 44//44
f 51//51 10//10 9//9
f 51//51 14//14 11//11
f 16//16 17//17 18//18
f 19//19 20//20 17//17
f 19//19 21//21 22//22
f 24//24 16//16 15//15
f 25//25 19//19 16//16
f 25//25 26//26 21//21
f 7//7 24//24 23//23
f 11//11 25//25 24//24
f 11//11 14//14 26//26
f 27//27 28//28 29//29
f 28//28 31//31 32//32
f 15//15 18//18 32//32
f 34//34 28//28 27//27
f 34//34 35//35 31//31
f 35//35 23//23 15//15
f 3//3 34//34 33//33
f 6//6 35//35 34//34
f 6//6 8//8 23//23
f 36//36 37//37 38//38
f 40//40 232//220 38//38
f 27//27 30//30 232//220
f 42//42 37//37 36//36
f 42//42 43//43 40//40
f 43//43 33//33 27//27
f 44//44 42//42 41//41
f 44//44 1//1 43//43
f 1//1 4//4 33//33
f 45//45 46//46 22//22
f 45//45 47//47 48//48
f 47//47 36//36 39//39
f 49//49 45//45 21//21
f 49//49 50//50 47//47
f 50//50 41//41 36//36
f 51//51 49//49 26//26
f 51//51 13//13 50//50
f 13//13 12//12 41//41
f 96//92 52//2 53//52
f 52//2 55//5 56//54
f 57//55 58//56 56//54
f 95//91 59//9 52//2
f 60//10 55//5 52//2
f 61//57 57//55 55//5
f 63//59 59//9 95//91
f 102//98 60//10 59//9
f 102//98 64//60 61//57
f 66//62 67//63 68//64
f 66//62 69//65 70//66
f 69//65 71//67 72//68
f 74//70 66//62 65//61
f 74//70 75//71 69//65
f 75//71 76//72 71//67
f 57//55 74//70 73//69
f 57//55 61//57 75//71
f 61//57 64//60 76//72
f 78//74 79//75 80//76
f 81//77 82//78 79//75
f 81//77 65//61 68//64
f 84//80 78//74 77//73
f 85//81 81//77 78//74
f 85//81 73//69 65//61
f 53//52 84//80 83//79
f 56//54 85//81 84//80
f 56//54 58//56 73//69
f 86//82 87//83 88//84
f 87//83 90//86 91//87
f 77//73 80//76 91//87
f 93//89 87//83 86//82
f 94//90 90//86 87//83
f 94//90 83//79 77//73
f 95//91 93//89 92//88
f 96//92 94//90 93//89
f 96//92 54//53 83//79
f 71//67 97//93 210//198
f 98//94 99//95 210//198
f 86//82 89//85 99//95
f 100//96 97//93 71//67
f 101//97 98//94 97//93
f 101//97 92//88 86//82
f 102//98 100//96 76//72
f 102//98 63//59 101//97
f 63//59 62//58 92//88
f 103//99 104//2 105//100
f 104//2 107//5 108//102
f 109//103 110//104 108//102
f 111//105 112//9 104//2
f 113//10 107//5 104//2
f 114//106 109//103 107//5
f 116//108 112//9 111//105
f 154//146 113//10 112//9
f 154//146 117//109 114//106
f 118//110 119//111 120//112
f 122//114 123//115 120//112
f 124//116 125//117 123//115
f 127//119 119//111 118//110
f 127//119 128//120 122//114
f 128//120 129//121 124//116
f 109//103 127//119 126//118
f 109//103 114//106 128//120
f 114//106 117//109 129//121
f 131//123 132//124 133//125
f 131//123 134//126 135//127
f 134//126 118//110 121//113
f 137//129 131//123 130//122
f 137//129 138//130 134//126
f 138//130 126//118 118//110
f 105//100 137//129 136//128
f 105//100 108//102 138//130
f 108//102 110//104 126//118
f 140//132 141//133 142//134
f 143//135 144//136 141//133
f 143//135 130//122 133//125
f 146//138 140//132 139//131
f 147//139 143//135 140//132
f 147//139 136//128 130//122
f 111//105 146//138 145//137
f 103//99 147//139 146//138
f 103//99 106//101 136//128
f 124//116 148//140 149//141
f 148//140 150//142 151//143
f 139//131 142//134 151//143
f 152//144 148//140 124//116
f 152//144 153//145 150//142
f 153//145 145//137 139//131
f 154//146 152//144 129//121
f 116//108 153//145 152//144
f 116//108 115//107 145//137
f 155//147 156//2 157//148
f 156//2 159//5 160//150
f 161//151 162//152 160//150
f 199//187 163//9 156//2
f 164//10 159//5 156//2
f 165//153 161//151 159//5
f 167//155 163//9 199//187
f 206//194 164//10 163//9
f 206//194 168//156 165//153
f 169//157 170//158 171//159
f 170//158 173//161 174//162
f 175//163 176//164 174//162
f 178//166 170//158 169//157
f 179//167 173//161 170//158
f 179//167 180//168 175//163
f 161//151 178//166 177//165
f 165//153 179//167 178//166
f 165//153 168//156 180//168
f 181//169 182//170 183//171
f 185//173 186//174 183//171
f 169//157 172//160 186//174
f 188//176 182//170 181//169
f 189//177 185//173 182//170
f 189//177 177//165 169//157
f 157//148 188//176 187//175
f 157//148 160//150 189//177
f 160//150 162//152 177//165
f 191//179 192//180 193//181
f 191//179 194//182 195//183
f 194//182 181//169 184//172
f 197//185 191//179 190//178
f 197//185 198//186 194//182
f 198//186 187//175 181//169
f 199//187 197//185 196//184
f 199//187 155//147 198//186
f 155//147 158//149 187//175
f 200//188 201//189 176//164
f 202//190 203//191 201//189
f 202//190 190//178 193//181
f 204//192 200//188 175//163
f 205//193 202//190 200//188
f 205//193 196//184 190//178
f 206//194 204//192 180//168
f 167//155 205//193 204//192
f 167//155 166//154 196//184
f 207//195 208//196 99//95
f 209//197 210//198 99//95
f 211//199 72//68 210//198
f 213//201 208//196 207//195
f 214//202 209//197 208//196
f 214//202 215//203 211//199
f 29//29 213//201 212//200
f 32//32 214//202 213//201
f 32//32 18//18 215//203
f 217//205 218//206 125//117
f 217//205 219//207 220//208
f 219//207 207//195 89//85
f 221//209 222//210 217//205
f 222//210 223//211 219//207
f 212//200 207//195 219//207
f 172//160 224//212 222//210
f 225//213 223//211 222//210
f 30//30 212//200 223//211
f 319//307 226//214 151//143
f 226//214 227//215 149//141
f 216//204 125//117 149//141
f 318//306 228//216 226//214
f 228//216 229//217 227//215
f 221//209 216//204 227//215
f 183//171 228//216 318//306
f 186//174 229//217 228//216
f 186//174 172//160 221//209
f 171//159 230//218 224//212
f 230//218 231//219 225//213
f 232//220 30//30 225//213
f 233//221 230//218 171//159
f 233//221 234//222 231//219
f 234//222 38//38 232//220
f 235//223 233//221 174//162
f 235//223 236//224 234//222
f 236//224 39//39 38//38
f 120//112 237//225 238//226
f 237//225 239//227 240//228
f 91//87 80//76 240//228
f 123//115 241//229 237//225
f 241//229 242//230 239//227
f 88//84 91//87 239//227
f 218//206 241//229 123//115
f 220//208 242//230 241//229
f 220//208 89//85 88//84
f 244//232 245//233 246//234
f 247//235 248//236 245//233
f 249//237 250//238 248//236
f 252//240 244//232 243//231
f 253//241 247//235 244//232
f 254//242 249//237 247//235
f 17//17 252//240 251//239
f 20//20 253//241 252//240
f 22//22 254//242 253//241
f 255//243 256//244 257//245
f 256//244 259//247 260//248
f 259//247 243//231 246//234
f 261//249 262//250 256//244
f 262//250 263//251 259//247
f 263//251 251//239 243//231
f 72//68 211//199 262//250
f 211//199 215//203 263//251
f 18//18 251//239 263//251
f 265//253 266//254 267//255
f 268//256 269//257 266//254
f 255//243 258//246 269//257
f 271//259 265//253 264//252
f 271//259 272//260 268//256
f 272//260 261//249 255//243
f 67//63 271//259 270//258
f 67//63 70//66 272//260
f 70//66 72//68 261//249
f 274//262 275//263 276//264
f 277//265 278//266 275//263
f 264//252 267//255 278//266
f 280//268 274//262 273//261
f 281//269 277//265 274//262
f 270//258 264//252 277//265
f 79//75 280//268 279//267
f 82//78 281//269 280//268
f 68//64 270//258 281//269
f 282//270 283//271 284//272
f 283//271 286//274 287//275
f 273//261 276//264 287//275
f 288//276 289//277 283//271
f 289//277 290//278 286//274
f 279//267 273//261 286//274
f 121//113 238//226 289//277
f 240//228 290//278 289//277
f 80//76 279//267 290//278
f 291//279 292//280 293//281
f 292//280 295//283 296//284
f 295//283 282//270 285//273
f 297//285 298//286 292//280
f 298//286 299//287 295//283
f 299//287 288//276 282//270
f 133//125 132//124 298//286
f 132//124 135//127 299//287
f 135//127 121//113 288//276
f 300//288 301//289 302//290
f 301//289 304//292 305//293
f 304//292 291//279 294//282
f 307//295 301//289 300//288
f 308//296 304//292 301//289
f 308//296 297//285 291//279
f 141//133 307//295 306//294
f 144//136 308//296 307//295
f 144//136 133//125 297//285
f 310//298 311//299 312//300
f 310//298 313//301 314//302
f 313//301 300//288 303//291
f 315//303 316//304 310//298
f 316//304 317//305 313//301
f 306//294 300//288 313//301
f 184//172 318//306 316//304
f 318//306 319//307 317//305
f 142//134 306//294 317//305
f 320//308 321//309 322//310
f 321//309 324//312 325//313
f 324//312 309//297 312//300
f 326//314 327//315 321//309
f 327//315 328//316 324//312
f 328//316 315//303 309//297
f 193//181 192//180 327//315
f 192//180 195//183 328//316
f 195//183 184//172 315//303
f 329//317 330//318 331//319
f 330//318 333//321 334//322
f 333//321 335//323 336//324
f 337//325 338//326 330//318
f 338//326 339//327 333//321
f 339//327 340//328 335//323
f 246//234 245//233 338//326
f 245//233 248//236 339//327
f 248//236 250//238 340//328
f 342//330 343//331 344//332
f 345//333 346//334 343//331
f 329//317 332//320 346//334
f 348//336 342//330 341//329
f 349//337 345//333 342//330
f 337//325 329//317 345//333
f 257//245 348//336 347//335
f 260//248 349//337 348//336
f 260//248 246//234 337//325
f 351//339 352//340 353//341
f 354//342 355//343 352//340
f 341//329 344//332 355//343
f 357//345 351//339 350//338
f 358//346 354//342 351//339
f 347//335 341//329 354//342
f 266//254 357//345 356//344
f 269//257 358//346 357//345
f 258//246 347//335 358//346
f 359//347 360//348 361//349
f 360//348 363//351 364//352
f 363//351 350//338 353//341
f 367//355 365//353 360//348
f 365//353 366//354 363//351
f 366//354 356//344 350//338
f 276//264 275//263 365//353
f 275//263 278//266 366//354
f 278//266 267//255 356//344
f 367//355 368//356 287//275
f 369//357 284//272 287//275
f 370//358 285//273 284//272
f 359//347 371//359 368//356
f 371//359 372//360 369//357
f 373//361 370//358 369//357
f 375//363 376//364 377//365
f 378//366 379//367 376//364
f 373//361 362//350 379//367
f 381//369 375//363 374//362
f 382//370 378//366 375//363
f 370//358 373//361 378//366
f 293//281 381//369 380//368
f 296//284 382//370 381//369
f 285//273 370//358 382//370
f 383//371 384//372 385//373
f 384//372 387//375 388//376
f 387//375 374//362 377//365
f 389//377 390//378 384//372
f 390//378 391//379 387//375
f 391//379 380//368 374//362
f 303//291 302//290 390//378
f 302//290 305//293 391//379
f 305//293 294//282 380//368
f 392//380 393//381 394//382
f 396//384 397//385 394//382
f 396//384 383//371 386//374
f 398//386 399//387 393//381
f 400//388 396//384 393//381
f 389//377 383//371 396//384
f 312//300 311//299 399//387
f 314//302 400//388 399//387
f 303//291 389//377 400//388
f 402//390 403//391 404//392
f 402//390 405//393 406//394
f 405//393 392//380 395//383
f 408//396 402//390 401//389
f 409//397 405//393 402//390
f 409//397 398//386 392//380
f 322//310 408//396 407//395
f 325//313 409//397 408//396
f 312//300 398//386 409//397
f 410//398 411//399 459//447
f 411//399 413//401 414//402
f 415//403 416//404 414//402
f 417//405 418//406 411//399
f 418//406 419//407 413//401
f 469//457 415//403 413//401
f 332//320 331//319 418//406
f 331//319 334//322 419//407
f 336//324 469//457 419//407
f 421//409 422//410 423//411
f 424//412 451//439 422//410
f 410//398 412//400 451//439
f 426//414 421//409 420//408
f 427//415 424//412 421//409
f 417//405 410//398 424//412
f 343//331 426//414 425//413
f 346//334 427//415 426//414
f 332//320 417//405 427//415
f 428//416 429//417 430//418
f 432//420 433//421 430//418
f 420//408 423//411 433//421
f 434//422 435//423 429//417
f 436//424 432//420 429//417
f 425//413 420//408 432//420
f 352//340 435//423 434//422
f 355//343 436//424 435//423
f 344//332 425//413 436//424
f 376//364 437//425 438//426
f 437//425 439//427 440//428
f 439//427 428//416 431//419
f 379//367 441//429 437//425
f 441//429 442//430 439//427
f 442//430 434//422 428//416
f 362//350 361//349 441//429
f 361//349 364//352 442//430
f 364//352 353//341 434//422
f 443//431 444//432 433//421
f 444//432 445//433 430//418
f 440//428 431//419 430//418
f 446//434 447//435 444//432
f 447//435 448//436 445//433
f 438//426 440//428 445//433
f 386//374 385//373 447//435
f 385//373 388//376 448//436
f 388//376 377//365 438//426
f 449//437 450//438 451//439
f 450//438 452//440 422//410
f 452//440 443//431 423//411
f 453//441 454//442 450//438
f 454//442 455//443 452//440
f 455//443 446//434 443//431
f 395//383 394//382 454//442
f 394//382 397//385 455//443
f 397//385 386//374 446//434
f 456//444 457//445 414//402
f 457//445 458//446 459//447
f 458//446 449//437 412//400
f 460//448 461//449 457//445
f 461//449 462//450 458//446
f 462//450 453//441 449//437
f 404//392 403//391 461//449
f 403//391 406//394 462//450
f 406//394 395//383 453//441
f 463//451 464//452 465//453
f 467//455 468//456 465//453
f 469//457 336//324 468//456
f 470//458 471//459 464//452
f 472//460 467//455 464//452
f 415//403 469//457 467//455
f 474//462 471//459 470//458
f 475//463 472//460 471//459
f 416//404 415//403 472//460
f 476//464 477//465 478//466
f 477//465 480//468 481//469
f 480//468 463//451 466//454
f 482//470 483//471 477//465
f 483//471 484//472 480//468
f 470//458 463//451 480//468
f 485//473 486//474 483//471
f 486//474 487//475 484//472
f 473//461 470//458 484//472
f 488//476 489//477 490//478
f 489//477 492//480 493//481
f 492//480 476//464 479//467
f 494//482 495//483 489//477
f 495//483 496//484 492//480
f 496//484 482//470 476//464
f 497//485 498//486 495//483
f 498//486 499//487 496//484
f 499//487 485//473 482//470
f 501//489 502//490 503//491
f 501//489 504//492 505//493
f 504//492 488//476 491//479
f 507//495 501//489 500//488
f 507//495 508//496 504//492
f 508//496 494//482 488//476
f 510//498 507//495 506//494
f 511//499 508//496 507//495
f 497//485 494//482 508//496
f 513//501 514//502 515//503
f 516//504 517//505 514//502
f 500//488 503//491 517//505
f 519//507 513//501 512//500
f 520//508 516//504 513//501
f 506//494 500//488 516//504
f 522//510 519//507 518//506
f 523//511 520//508 519//507
f 509//497 506//494 520//508
f 524//512 525//513 526//514
f 525//513 528//516 529//517
f 528//516 512//500 515//503
f 530//518 531//519 525//513
f 531//519 532//520 528//516
f 532//520 518//506 512//500
f 533//521 534//522 531//519
f 535//523 532//520 531//519
f 521//509 518//506 532//520
f 536//524 537//525 538//526
f 539//527 540//528 537//525
f 524//512 527//515 540//528
f 542//530 536//524 719//707
f 543//531 539//527 536//524
f 530//518 524//512 539//527
f 658//646 542//530 541//529
f 655//643 543//531 542//530
f 655//643 533//521 530//518
f 546//534 547//535 548//536
f 549//537 550//538 547//535
f 48//48 39//39 550//538
f 552//540 546//534 545//533
f 553//541 549//537 546//534
f 46//46 48//48 549//537
f 249//237 552//540 551//539
f 254//242 553//541 552//540
f 22//22 46//46 553//541
f 555//543 556//544 557//545
f 558//546 559//547 556//544
f 545//533 548//536 559//547
f 561//549 555//543 554//542
f 562//550 558//546 555//543
f 551//539 545//533 558//546
f 564//552 565//553 566//554
f 567//555 568//556 565//553
f 554//542 557//545 568//556
f 570//558 564//552 563//551
f 571//559 567//555 564//552
f 560//548 554//542 567//555
f 335//323 570//558 569//557
f 340//328 571//559 570//558
f 250//238 560//548 571//559
f 572//560 573//561 479//467
f 574//562 575//563 573//561
f 563//551 566//554 575//563
f 576//564 572//560 478//466
f 577//565 574//562 572//560
f 569//557 563//551 574//562
f 465//453 576//564 481//469
f 468//456 577//565 576//564
f 468//456 336//324 569//557
f 578//566 579//567 580//568
f 579//567 582//570 583//571
f 582//570 575//563 566//554
f 584//572 585//573 579//567
f 585//573 586//574 582//570
f 586//574 573//561 575//563
f 491//479 490//478 585//573
f 490//478 493//481 586//574
f 493//481 479//467 573//561
f 587//575 588//576 589//577
f 588//576 591//579 592//580
f 591//579 578//566 581//569
f 593//581 594//582 588//576
f 594//582 595//583 591//579
f 595//583 584//572 578//566
f 503//491 502//490 594//582
f 502//490 505//493 595//583
f 505//493 491//479 584//572
f 597//585 598//586 599//587
f 600//588 601//589 598//586
f 587//575 590//578 601//589
f 603//591 597//585 596//584
f 604//592 600//588 597//585
f 593//581 587//575 600//588
f 514//502 603//591 602//590
f 517//505 604//592 603//591
f 503//491 593//581 604//592
f 537//525 605//593 606//594
f 605//593 607//595 608//596
f 607//595 596//584 599//587
f 540//528 609//597 605//593
f 609//597 610//598 607//595
f 602//590 596//584 607//595
f 527//515 526//514 609//597
f 529//517 610//598 609//597
f 515//503 602//590 610//598
f 611//599 612//600 474//462
f 612//600 613//601 475//463
f 613//601 456//444 416//404
f 615//603 612//600 611//599
f 615//603 616//604 613//601
f 616//604 460//448 456//444
f 618//606 615//603 614//602
f 619//607 616//604 615//603
f 619//607 404//392 460//448
f 621//609 486//474 485//473
f 622//610 487//475 486//474
f 622//610 611//599 473//461
f 624//612 621//609 620//608
f 625//613 622//610 621//609
f 625//613 614//602 611//599
f 627//615 624//612 623//611
f 690//678 625//613 624//612
f 617//605 614//602 625//613
f 629//617 498//486 497//485
f 630//618 499//487 498//486
f 620//608 485//473 499//487
f 632//620 629//617 628//616
f 633//621 630//618 629//617
f 623//611 620//608 630//618
f 635//623 632//620 631//619
f 636//624 633//621 632//620
f 626//614 623//611 633//621
f 637//625 638//626 510//498
f 638//626 639//627 511//499
f 639//627 628//616 497//485
f 640//628 641//629 638//626
f 642//630 639//627 638//626
f 631//619 628//616 639//627
f 643//631 644//632 641//629
f 645//633 642//630 641//629
f 634//622 631//619 642//630
f 646//634 647//635 522//510
f 647//635 648//636 523//511
f 648//636 637//625 509//497
f 649//637 650//638 647//635
f 650//638 651//639 648//636
f 651//639 640//628 637//625
f 652//640 653//641 650//638
f 653//641 654//642 651//639
f 654//642 643//631 640//628
f 656//644 534//522 533//521
f 656//644 657//645 535//523
f 657//645 646//634 521//509
f 659//647 656//644 655//643
f 660//648 657//645 656//644
f 649//637 646//634 657//645
f 661//649 659//647 658//646
f 662//650 660//648 659//647
f 652//640 649//637 660//648
f 663//651 664//652 320//308
f 664//652 665//653 326//314
f 665//653 203//191 193//181
f 666//654 667//655 664//652
f 667//655 668//656 665//653
f 668//656 201//189 203//191
f 669//657 670//658 667//655
f 670//658 671//659 668//656
f 671//659 176//164 201//189
f 673//661 674//662 675//663
f 676//664 677//665 674//662
f 663//651 323//311 677//665
f 679//667 673//661 672//660
f 680//668 676//664 673//661
f 666//654 663//651 676//664
f 681//669 682//670 401//389
f 682//670 683//671 407//395
f 683//671 677//665 323//311
f 684//672 685//673 682//670
f 685//673 686//674 683//671
f 686//674 674//662 677//665
f 687//675 688//676 685//673
f 688//676 689//677 686//674
f 689//677 675//663 674//662
f 690//678 691//679 618//606
f 691//679 692//680 619//607
f 681//669 404//392 619//607
f 627//615 693//681 691//679
f 693//681 694//682 692//680
f 684//672 681//669 692//680
f 626//614 695//683 693//681
f 695//683 696//684 694//682
f 696//684 687//675 684//672
f 698//686 635//623 634//622
f 699//687 636//624 635//623
f 695//683 626//614 636//624
f 701//689 698//686 697//685
f 702//690 699//687 698//686
f 696//684 695//683 699//687
f 703//691 701//689 700//688
f 704//692 702//690 701//689
f 687//675 696//684 702//690
f 706//694 644//632 643//631
f 707//695 645//633 644//632
f 697//685 634//622 645//633
f 709//697 706//694 705//693
f 710//698 707//695 706//694
f 700//688 697//685 707//695
f 589//577 709//697 708//696
f 592//580 710//698 709//697
f 581//569 700//688 710//698
f 711//699 712//700 653//641
f 712//700 713//701 654//642
f 713//701 705//693 643//631
f 714//702 715//703 712//700
f 715//703 716//704 713//701
f 716//704 708//696 705//693
f 599//587 598//586 715//703
f 598//586 601//589 716//704
f 601//589 590//578 708//696
f 717//705 661//649 544//532
f 717//705 718//706 662//650
f 718//706 711//699 652//640
f 720//708 717//705 541//529
f 721//709 718//706 717//705
f 721//709 714//702 711//699
f 606//594 720//708 719//707
f 608//596 721//709 720//708
f 599//587 714//702 721//709
f 722//710 723//711 670//658
f 723//711 724//712 671//659
f 724//712 235//223 176//164
f 725//713 726//714 723//711
f 727//715 724//712 723//711
f 236//224 235//223 724//712
f 547//535 726//714 725//713
f 550//538 727//715 726//714
f 39//39 236//224 727//715
f 729//717 672//660 675//663
f 730//718 678//666 672//660
f 730//718 722//710 669//657
f 732//720 729//717 728//716
f 733//721 730//718 729//717
f 725//713 722//710 730//718
f 557//545 556//544 732//720
f 556//544 559//547 733//721
f 548//536 725//713 733//721
f 734//722 735//723 728//716
f 735//723 736//724 731//719
f 737//725 557//545 731//719
f 738//726 739//727 735//723
f 739//727 740//728 736//724
f 741//729 737//725 736//724
f 580//568 742//730 741//729
f 742//730 743//731 737//725
f 743//731 568//556 557//545
f 744//732 742//730 580//568
f 744//732 745//733 743//731
f 745//733 565//553 568//556
f 746//734 734//722 675//663
f 747//735 738//726 734//722
f 703//691 581//569 738//726
f 748//736 746//734 689//677
f 749//737 747//735 746//734
f 749//737 704//692 703//691
f 750//738 751//739 752//740
f 750//738 753//741 754//742
f 753//741 755//743 756//744
f 757//745 750//738 839//827
f 757//745 758//746 753//741
f 759//747 755//743 753//741
f 761//749 757//745 838//826
f 761//749 762//750 758//746
f 763//751 759//747 758//746
f 765//753 766//754 767//755
f 768//756 769//757 766//754
f 761//749 760//748 769//757
f 770//758 771//759 765//753
f 771//759 772//760 768//756
f 772//760 762//750 761//749
f 773//761 865//853 771//759
f 865//853 864//852 772//760
f 864//852 763//751 762//750
f 775//763 776//764 777//765
f 778//766 779//767 776//764
f 764//752 767//755 779//767
f 781//769 775//763 774//762
f 782//770 778//766 775//763
f 782//770 770//758 764//752
f 784//772 785//773 786//774
f 787//775 833//821 785//773
f 788//776 789//777 833//821
f 791//779 784//772 783//771
f 792//780 787//775 784//772
f 793//781 788//776 787//775
f 794//782 795//783 791//779
f 795//783 796//784 792//780
f 796//784 797//785 793//781
f 799//787 861//849 800//788
f 801//789 859//847 861//849
f 801//789 793//781 797//785
f 803//791 799//787 798//786
f 804//792 801//789 799//787
f 788//776 793//781 801//789
f 806//794 803//791 802//790
f 807//795 804//792 803//791
f 789//777 788//776 804//792
f 809//797 810//798 811//799
f 812//800 813//801 810//798
f 798//786 800//788 813//801
f 815//803 809//797 808//796
f 816//804 812//800 809//797
f 802//790 798//786 812//800
f 817//805 818//806 795//783
f 818//806 819//807 796//784
f 819//807 820//808 797//785
f 821//809 822//810 818//806
f 822//810 823//811 819//807
f 823//811 824//812 820//808
f 756//744 755//743 822//810
f 759//747 823//811 822//810
f 759//747 763//751 824//812
f 825//813 826//814 783//771
f 826//814 827//815 790//778
f 827//815 817//805 794//782
f 828//816 829//817 826//814
f 829//817 830//818 827//815
f 830//818 821//809 817//805
f 751//739 829//817 828//816
f 751//739 754//742 830//818
f 754//742 756//744 821//809
f 832//820 833//821 789//777
f 834//822 785//773 833//821
f 825//813 786//774 785//773
f 835//823 836//824 832//820
f 836//824 837//825 834//822
f 837//825 828//816 825//813
f 760//748 838//826 836//824
f 838//826 839//827 837//825
f 839//827 752//740 828//816
f 841//829 806//794 805//793
f 842//830 807//795 806//794
f 831//819 789//777 807//795
f 844//832 841//829 840//828
f 845//833 842//830 841//829
f 845//833 835//823 831//819
f 766//754 844//832 843//831
f 769//757 845//833 844//832
f 769//757 760//748 835//823
f 846//834 847//835 808//796
f 847//835 848//836 814//802
f 848//836 840//828 805//793
f 849//837 850//838 847//835
f 850//838 851//839 848//836
f 851//839 843//831 840//828
f 776//764 850//838 849//837
f 779//767 851//839 850//838
f 767//755 843//831 851//839
f 853//841 813//801 800//788
f 854//842 810//798 813//801
f 846//834 811//799 810//798
f 856//844 853//841 852//840
f 857//845 854//842 853//841
f 849//837 846//834 854//842
f 773//761 780//768 856//844
f 780//768 774//762 857//845
f 774//762 777//765 849//837
f 858//846 859//847 797//785
f 860//848 861//849 859//847
f 852//840 800//788 861//849
f 862//850 858//846 820//808
f 863//851 860//848 858//846
f 855//843 852//840 860//848
f 763//751 864//852 862//850
f 864//852 865//853 863//851
f 865//853 773//761 855//843
f 866//854 867//855 868//856
f 866//854 869//857 870//858
f 869//857 871//859 872//860
f 873//861 866//854 956//944
f 873//861 874//862 869//857
f 875//863 871//859 869//857
f 877//865 873//861 955//943
f 877//865 878//866 874//862
f 879//867 875//863 874//862
f 881//869 882//870 883//871
f 884//872 885//873 882//870
f 877//865 876//864 885//873
f 886//874 887//875 881//869
f 887//875 888//876 884//872
f 888//876 878//866 877//865
f 889//877 981//969 887//875
f 981//969 980//968 888//876
f 980//968 879//867 878//866
f 891//879 892//880 893//881
f 894//882 895//883 892//880
f 880//868 883//871 895//883
f 897//885 891//879 890//878
f 898//886 894//882 891//879
f 898//886 886//874 880//868
f 900//888 901//889 902//890
f 903//891 904//892 901//889
f 905//893 906//894 904//892
f 908//896 900//888 899//887
f 909//897 903//891 900//888
f 910//898 905//893 903//891
f 911//899 912//900 908//896
f 912//900 913//901 909//897
f 913//901 914//902 910//898
f 916//904 977//965 917//905
f 918//906 919//907 977//965
f 918//906 910//898 914//902
f 921//909 916//904 915//903
f 922//910 918//906 916//904
f 905//893 910//898 918//906
f 924//912 921//909 920//908
f 925//913 922//910 921//909
f 906//894 905//893 922//910
f 927//915 928//916 929//917
f 930//918 931//919 928//916
f 915//903 917//905 931//919
f 933//921 927//915 926//914
f 934//922 930//918 927//915
f 920//908 915//903 930//918
f 935//923 936//924 912//900
f 936//924 937//925 913//901
f 937//925 938//926 914//902
f 939//927 940//928 936//924
f 940//928 941//929 937//925
f 941//929 942//930 938//926
f 872//860 871//859 940//928
f 875//863 941//929 940//928
f 875//863 879//867 942//930
f 943//931 944//932 899//887
f 944//932 945//933 907//895
f 945//933 935//923 911//899
f 946//934 947//935 944//932
f 947//935 948//936 945//933
f 948//936 939//927 935//923
f 867//855 947//935 946//934
f 867//855 870//858 948//936
f 870//858 872//860 939//927
f 950//938 904//892 906//894
f 951//939 901//889 904//892
f 943//931 902//890 901//889
f 952//940 953//941 950//938
f 953//941 954//942 951//939
f 954//942 946//934 943//931
f 876//864 955//943 953//941
f 955//943 956//944 954//942
f 956//944 868//856 946//934
f 958//946 924//912 923//911
f 959//947 925//913 924//912
f 949//937 906//894 925//913
f 961//949 958//946 957//945
f 962//950 959//947 958//946
f 962//950 952//940 949//937
f 882//870 961//949 960//948
f 885//873 962//950 961//949
f 885//873 876//864 952//940
f 963//951 964//952 926//914
f 964//952 965//953 932//920
f 965//953 957//945 923//911
f 966//954 967//955 964//952
f 967//955 968//956 965//953
f 968//956 960//948 957//945
f 892//880 967//955 966//954
f 895//883 968//956 967//955
f 883//871 960//948 968//956
f 970//958 931//919 917//905
f 971//959 928//916 931//919
f 963//951 929//917 928//916
f 973//961 970//958 969//957
f 974//962 971//959 970//958
f 966//954 963//951 971//959
f 889//877 896//884 973//961
f 896//884 890//878 974//962
f 890//878 893//881 966//954
f 975//963 919//907 914//902
f 976//964 977//965 919//907
f 969//957 917//905 977//965
f 978//966 975//963 938//926
f 979//967 976//964 975//963
f 972//960 969//957 976//964
f 879//867 980//968 978//966
f 980//968 981//969 979//967
f 981//969 889//877 972//960
f 983//971 984//972 985//973
f 986//974 987//975 984//972
f 988//976 989//977 987//975
f 991//979 983//971 982//970
f 992//980 986//974 983//971
f 992//980 993//981 988//976
f 995//983 991//979 990//978
f 996//984 992//980 991//979
f 996//984 997//985 993//981
f 999//987 1000//988 1001//989
f 999//987 1002//990 1003//991
f 1002//990 982//970 985//973
f 1005//993 999//987 998//986
f 1006//994 1002//990 999//987
f 1006//994 990//978 982//970
f 1008//996 1005//993 1004//992
f 1009//997 1006//994 1005//993
f 1009//997 994//982 990//978
f 1010//998 1011//999 1012//1000
f 1011//999 1014//1002 1015//1003
f 1014//1002 998//986 1001//989
f 1017//1005 1011//999 1010//998
f 1017//1005 1018//1006 1014//1002
f 1018//1006 1004//992 998//986
f 1020//1008 1017//1005 1016//1004
f 1020//1008 1021//1009 1018//1006
f 1021//1009 1007//995 1004//992
f 1022//1010 1023//1011 989//977
f 1024//1012 1025//1013 1023//1011
f 1024//1012 1010//998 1013//1001
f 1026//1014 1022//1010 988//976
f 1026//1014 1027//1015 1024//1012
f 1027//1015 1016//1004 1010//998
f 1028//1016 1026//1014 993//981
f 1028//1016 1029//1017 1027//1015
f 1029//1017 1019//1007 1016//1004
f 1030//1018 1031//1019 1032//1020
f 1031//1019 1034//1022 1067//1055
f 1035//1023 1036//1024 1067//1055
f 1037//1025 1038//1026 1031//1019
f 1038//1026 1039//1027 1034//1022
f 1040//1028 1035//1023 1034//1022
f 985//973 984//972 1038//1026
f 987//975 1039//1027 1038//1026
f 989//977 1040//1028 1039//1027
f 1041//1029 1042//1030 1043//1031
f 1045//1033 1046//1034 1043//1031
f 1030//1018 1033//1021 1046//1034
f 1047//1035 1048//1036 1042//1030
f 1049//1037 1045//1033 1042//1030
f 1037//1025 1030//1018 1045//1033
f 1001//989 1000//988 1048//1036
f 1003//991 1049//1037 1048//1036
f 985//973 1037//1025 1049//1037
f 1050//1038 1051//1039 1052//1040
f 1054//1042 1055//1043 1052//1040
f 1041//1029 1044//1032 1055//1043
f 1056//1044 1057//1045 1051//1039
f 1058//1046 1054//1042 1051//1039
f 1047//1035 1041//1029 1054//1042
f 1013//1001 1012//1000 1057//1045
f 1012//1000 1015//1003 1058//1046
f 1001//989 1047//1035 1058//1046
f 1035//1023 1059//1047 1066//1054
f 1059//1047 1060//1048 1061//1049
f 1050//1038 1053//1041 1061//1049
f 1040//1028 1062//1050 1059//1047
f 1063//1051 1060//1048 1059//1047
f 1056//1044 1050//1038 1060//1048
f 989//977 1023//1011 1062//1050
f 1025//1013 1063//1051 1062//1050
f 1013//1001 1056//1044 1063//1051
f 1052//1040 1064//1052 1061//1049
f 1064//1052 1065//1053 1066//1054
f 1067//1055 1036//1024 1066//1054
f 1055//1043 1068//1056 1064//1052
f 1068//1056 1069//1057 1065//1053
f 1032//1020 1067//1055 1065//1053
f 1043//1031 1068//1056 1055//1043
f 1043//1031 1046//1034 1069//1057
f 1046//1034 1033//1021 1032//1020
f 1071//1059 1072//1060 1073//1061
f 1074//1062 1075//1063 1072//1060
f 1076//1064 1077//1065 1075//1063
f 1079//1067 1071//1059 1070//1058
f 1080//1068 1074//1062 1071//1059
f 1080//1068 1081//1069 1076//1064
f 1083//1071 1079//1067 1078//1066
f 1084//1072 1080//1068 1079//1067
f 1084//1072 1085//1073 1081//1069
f 1087//1075 1088//1076 1089//1077
f 1090//1078 1091//1079 1088//1076
f 1090//1078 1070//1058 1073//1061
f 1093//1081 1087//1075 1086//1074
f 1094//1082 1090//1078 1087//1075
f 1094//1082 1078//1066 1070//1058
f 1096//1084 1093//1081 1092//1080
f 1096//1084 1097//1085 1094//1082
f 1097//1085 1082//1070 1078//1066
f 1098//1086 1099//1087 1100//1088
f 1099//1087 1102//1090 1103//1091
f 1102//1090 1086//1074 1089//1077
f 1105//1093 1099//1087 1098//1086
f 1105//1093 1106//1094 1102//1090
f 1106//1094 1092//1080 1086//1074
f 1108//1096 1105//1093 1104//1092
f 1108//1096 1109//1097 1106//1094
f 1109//1097 1095//1083 1092//1080
f 1110//1098 1111//1099 1077//1065
f 1112//1100 1113//1101 1111//1099
f 1112//1100 1098//1086 1101//1089
f 1114//1102 1110//1098 1076//1064
f 1114//1102 1115//1103 1112//1100
f 1115//1103 1104//1092 1098//1086
f 1116//1104 1114//1102 1081//1069
f 1116//1104 1117//1105 1115//1103
f 1117//1105 1107//1095 1104//1092
f 1118//1106 1119//1107 1120//1108
f 1119//1107 1122//1110 1155//1143
f 1123//1111 1124//1112 1155//1143
f 1125//1113 1126//1114 1119//1107
f 1126//1114 1127//1115 1122//1110
f 1128//1116 1123//1111 1122//1110
f 1073//1061 1072//1060 1126//1114
f 1075//1063 1127//1115 1126//1114
f 1077//1065 1128//1116 1127//1115
f 1129//1117 1130//1118 1131//1119
f 1133//1121 1134//1122 1131//1119
f 1118//1106 1121//1109 1134//1122
f 1135//1123 1136//1124 1130//1118
f 1137//1125 1133//1121 1130//1118
f 1125//1113 1118//1106 1133//1121
f 1089//1077 1088//1076 1136//1124
f 1091//1079 1137//1125 1136//1124
f 1073//1061 1125//1113 1137//1125
f 1138//1126 1139//1127 1140//1128
f 1142//1130 1143//1131 1140//1128
f 1129//1117 1132//1120 1143//1131
f 1144//1132 1145//1133 1139//1127
f 1146//1134 1142//1130 1139//1127
f 1135//1123 1129//1117 1142//1130
f 1101//1089 1100//1088 1145//1133
f 1100//1088 1103//1091 1146//1134
f 1089//1077 1135//1123 1146//1134
f 1123//1111 1147//1135 1154//1142
f 1148//1136 1152//1140 1154//1142
f 1138//1126 1141//1129 1152//1140
f 1128//1116 1149//1137 1147//1135
f 1150//1138 1148//1136 1147//1135
f 1144//1132 1138//1126 1148//1136
f 1077//1065 1111//1099 1149//1137
f 1113//1101 1150//1138 1149//1137
f 1101//1089 1144//1132 1150//1138
f 1140//1128 1151//1139 1152//1140
f 1153//1141 1154//1142 1152//1140
f 1155//1143 1124//1112 1154//1142
f 1143//1131 1156//1144 1151//1139
f 1157//1145 1153//1141 1151//1139
f 1120//1108 1155//1143 1153//1141
f 1131//1119 1156//1144 1143//1131
f 1131//1119 1134//1122 1157//1145
f 1134//1122 1121//1109 1120//1108
