# Blender 5.2.0 LTS
# www.blender.org
o Teaspoon_LOD0_15
v 0.094302 0.000000 -0.031190
v 0.093687 0.019147 -0.030918
v 0.106445 0.019210 -0.017630
v 0.107143 0.000000 -0.017857
v 0.091899 0.038359 -0.030144
v 0.104413 0.038594 -0.016989
v 0.089021 0.057437 -0.028931
v 0.101144 0.057930 -0.016000
v 0.085137 0.076183 -0.027343
v 0.096732 0.076997 -0.014725
v 0.080332 0.094398 -0.025444
v 0.091274 0.095571 -0.013227
v 0.074690 0.111884 -0.023297
v 0.084864 0.113431 -0.011571
v 0.068294 0.128442 -0.020966
v 0.077598 0.130354 -0.009820
v 0.061229 0.143874 -0.018515
v 0.069572 0.146118 -0.008037
v 0.053579 0.157981 -0.016008
v 0.060880 0.160501 -0.006286
v 0.045427 0.170565 -0.013507
v 0.051619 0.173281 -0.004630
v 0.036857 0.181428 -0.011076
v 0.041884 0.184236 -0.003132
v 0.027955 0.190370 -0.008780
v 0.031769 0.193143 -0.001857
v 0.018803 0.197193 -0.006682
v 0.021371 0.199781 -0.000868
v 0.009486 0.201700 -0.004845
v 0.010786 0.203926 -0.000228
v 0.000087 0.203690 -0.003333
v 0.000107 0.205357 0.000000
v 0.080841 0.000000 -0.042619
v 0.080314 0.019093 -0.042308
v 0.078781 0.038157 -0.041419
v 0.076314 0.057014 -0.040014
v 0.072984 0.075485 -0.038158
v 0.068865 0.093393 -0.035915
v 0.064027 0.110558 -0.033348
v 0.058544 0.126804 -0.030520
v 0.052486 0.141951 -0.027497
v 0.045927 0.155821 -0.024340
v 0.038939 0.168237 -0.021116
v 0.031592 0.179021 -0.017886
v 0.023960 0.187993 -0.014714
v 0.016114 0.194976 -0.011666
v 0.008126 0.199792 -0.008803
v 0.000069 0.202262 -0.006190
v 0.066857 0.000000 -0.052143
v 0.066421 0.019049 -0.051800
v 0.065153 0.037990 -0.050815
v 0.063112 0.056662 -0.049251
v 0.060358 0.074904 -0.047171
v 0.056951 0.092555 -0.044641
v 0.052950 0.109453 -0.041723
v 0.048415 0.125438 -0.038482
v 0.043405 0.140348 -0.034981
v 0.037980 0.154021 -0.031285
v 0.032200 0.166297 -0.027456
v 0.026124 0.177015 -0.023560
v 0.019812 0.186012 -0.019659
v 0.013323 0.193128 -0.015819
v 0.006717 0.198202 -0.012101
v 0.000054 0.201072 -0.008571
v 0.052445 0.000000 -0.059762
v 0.052102 0.019013 -0.059394
v 0.051108 0.037855 -0.058332
v 0.049507 0.056380 -0.056640
v 0.047346 0.074439 -0.054382
v 0.044673 0.091885 -0.051622
v 0.041535 0.108570 -0.048423
v 0.037977 0.124346 -0.044851
v 0.034047 0.139066 -0.040969
v 0.029791 0.152581 -0.036840
v 0.025257 0.164745 -0.032529
v 0.020491 0.175410 -0.028099
v 0.015539 0.184427 -0.023615
v 0.010449 0.191650 -0.019141
v 0.005267 0.196930 -0.014740
v 0.037698 0.000000 -0.065476
v 0.037453 0.018986 -0.065089
v 0.036737 0.037755 -0.063969
v 0.035586 0.056168 -0.062181
v 0.034034 0.074090 -0.059789
v 0.032112 0.091382 -0.056857
v 0.029856 0.107907 -0.053449
v 0.027298 0.123527 -0.049628
v 0.024473 0.138104 -0.045459
v 0.021414 0.151501 -0.041006
v 0.018154 0.163581 -0.036333
v 0.014728 0.174206 -0.031504
v 0.011169 0.183239 -0.026582
v 0.007510 0.190541 -0.021633
v 0.003785 0.195975 -0.016719
v 0.022714 0.000000 -0.069286
v 0.022566 0.018968 -0.068885
v 0.022135 0.037687 -0.067727
v 0.021442 0.056028 -0.065876
v 0.020506 0.073858 -0.063394
v 0.019348 0.091047 -0.060347
v 0.017989 0.107465 -0.056799
v 0.016448 0.122980 -0.052813
v 0.014745 0.137463 -0.048453
v 0.012902 0.150781 -0.043784
v 0.010938 0.162805 -0.038870
v 0.008874 0.173404 -0.033774
v 0.006729 0.182446 -0.028560
v 0.004524 0.189802 -0.023294
v 0.002280 0.195339 -0.018038
v 0.007587 0.000000 -0.071190
v 0.007538 0.018959 -0.070784
v 0.007394 0.037654 -0.069607
v 0.007162 0.055957 -0.067723
v 0.006850 0.073741 -0.065197
v 0.006463 0.090879 -0.062093
v 0.006009 0.107244 -0.058474
v 0.005494 0.122707 -0.054405
v 0.004925 0.137142 -0.049950
v 0.004310 0.150421 -0.045173
v 0.003654 0.162417 -0.040138
v 0.002964 0.173003 -0.034909
v 0.002248 0.182050 -0.029549
v 0.001511 0.189432 -0.024125
v 0.000762 0.195021 -0.018698
v 0.000000 0.198691 -0.013333
v -0.007587 0.000000 -0.071190
v -0.007538 0.018959 -0.070784
v -0.007394 0.037654 -0.069607
v -0.007162 0.055957 -0.067723
v -0.006850 0.073741 -0.065197
v -0.006463 0.090879 -0.062093
v -0.006009 0.107244 -0.058474
v -0.005494 0.122707 -0.054405
v -0.004925 0.137142 -0.049950
v -0.004310 0.150421 -0.045173
v -0.003654 0.162417 -0.040138
v -0.002964 0.173003 -0.034909
v -0.002248 0.182050 -0.029549
v -0.001511 0.189432 -0.024125
v -0.000762 0.195021 -0.018698
v -0.022714 0.000000 -0.069286
v -0.022566 0.018968 -0.068885
v -0.022135 0.037687 -0.067727
v -0.021442 0.056028 -0.065876
v -0.020506 0.073858 -0.063394
v -0.019348 0.091047 -0.060347
v -0.017989 0.107465 -0.056799
v -0.016448 0.122980 -0.052813
v -0.014745 0.137463 -0.048453
v -0.012902 0.150781 -0.043784
v -0.010938 0.162805 -0.038870
v -0.008874 0.173404 -0.033774
v -0.006729 0.182446 -0.028560
v -0.004524 0.189802 -0.023294
v -0.002280 0.195339 -0.018038
v 0.000000 0.198929 -0.012857
v -0.037698 0.000000 -0.065476
v -0.037453 0.018986 -0.065089
v -0.036737 0.037755 -0.063969
v -0.035587 0.056168 -0.062181
v -0.034034 0.074090 -0.059789
v -0.032112 0.091382 -0.056857
v -0.029856 0.107907 -0.053449
v -0.027298 0.123527 -0.049628
v -0.024473 0.138104 -0.045459
v -0.021414 0.151501 -0.041006
v -0.018154 0.163581 -0.036333
v -0.014728 0.174206 -0.031504
v -0.011169 0.183239 -0.026582
v -0.007510 0.190541 -0.021633
v -0.003785 0.195976 -0.016719
v 0.000000 0.199405 -0.011905
v -0.052445 0.000000 -0.059762
v -0.052102 0.019013 -0.059394
v -0.051108 0.037855 -0.058332
v -0.049507 0.056380 -0.056640
v -0.047346 0.074439 -0.054382
v -0.044673 0.091885 -0.051622
v -0.041535 0.108570 -0.048423
v -0.037977 0.124346 -0.044851
v -0.034047 0.139066 -0.040969
v -0.029791 0.152581 -0.036840
v -0.025257 0.164745 -0.032529
v -0.020491 0.175410 -0.028099
v -0.015539 0.184427 -0.023615
v -0.010449 0.191650 -0.019141
v -0.005267 0.196930 -0.014740
v 0.000000 0.200119 -0.010476
v -0.066857 0.000000 -0.052143
v -0.066421 0.019049 -0.051800
v -0.065153 0.037990 -0.050815
v -0.063112 0.056662 -0.049251
v -0.060358 0.074904 -0.047171
v -0.056951 0.092555 -0.044641
v -0.052950 0.109453 -0.041723
v -0.048415 0.125438 -0.038482
v -0.043405 0.140348 -0.034981
v -0.037980 0.154021 -0.031285
v -0.032200 0.166297 -0.027456
v -0.026124 0.177015 -0.023560
v -0.019812 0.186012 -0.019659
v -0.013323 0.193128 -0.015819
v -0.006717 0.198202 -0.012101
v -0.000054 0.201072 -0.008571
v -0.080841 0.000000 -0.042619
v -0.080314 0.019093 -0.042308
v -0.078781 0.038157 -0.041419
v -0.076314 0.057014 -0.040014
v -0.072984 0.075485 -0.038158
v -0.068865 0.093393 -0.035915
v -0.064027 0.110558 -0.033348
v -0.058544 0.126804 -0.030520
v -0.052486 0.141951 -0.027497
v -0.045927 0.155821 -0.024340
v -0.038939 0.168237 -0.021116
v -0.031592 0.179021 -0.017886
v -0.023960 0.187993 -0.014714
v -0.016114 0.194976 -0.011666
v -0.008126 0.199792 -0.008803
v -0.000069 0.202262 -0.006190
v -0.094302 0.000000 -0.031190
v -0.093687 0.019147 -0.030918
v -0.091899 0.038359 -0.030144
v -0.089021 0.057437 -0.028931
v -0.085137 0.076183 -0.027343
v -0.080333 0.094398 -0.025444
v -0.074690 0.111884 -0.023297
v -0.068294 0.128442 -0.020966
v -0.061229 0.143874 -0.018515
v -0.053579 0.157981 -0.016008
v -0.045427 0.170565 -0.013507
v -0.036857 0.181428 -0.011076
v -0.027955 0.190370 -0.008780
v -0.018803 0.197193 -0.006682
v -0.009486 0.201700 -0.004845
v -0.000087 0.203690 -0.003333
v -0.107143 0.000000 -0.017857
v -0.106445 0.019210 -0.017630
v -0.104413 0.038594 -0.016989
v -0.101144 0.057930 -0.016000
v -0.096732 0.076997 -0.014725
v -0.091274 0.095571 -0.013227
v -0.084864 0.113431 -0.011571
v -0.077598 0.130354 -0.009820
v -0.069572 0.146118 -0.008037
v -0.060880 0.160501 -0.006286
v -0.051619 0.173281 -0.004630
v -0.041884 0.184236 -0.003132
v -0.031769 0.193143 -0.001857
v -0.021371 0.199781 -0.000868
v -0.010786 0.203926 -0.000228
v -0.000107 0.205357 0.000000
v 0.128078 0.000000 -0.013746
v 0.127243 0.019338 -0.013535
v 0.124185 0.019324 -0.017630
v 0.125000 0.000000 -0.017857
v 0.124815 0.039081 -0.012943
v 0.121815 0.039028 -0.016989
v 0.120907 0.058971 -0.012032
v 0.118001 0.058859 -0.016000
v 0.115633 0.078746 -0.010867
v 0.112854 0.078563 -0.014725
v 0.109108 0.098150 -0.009509
v 0.106486 0.097886 -0.013227
v 0.101446 0.116920 -0.008022
v 0.099008 0.116574 -0.011571
v 0.092761 0.134799 -0.006468
v 0.090531 0.134372 -0.009820
v 0.083166 0.151527 -0.004910
v 0.081167 0.151028 -0.008037
v 0.072777 0.166844 -0.003411
v 0.071027 0.166287 -0.006286
v 0.061706 0.180490 -0.002033
v 0.060222 0.179895 -0.004630
v 0.050068 0.192207 -0.000840
v 0.048864 0.191599 -0.003132
v 0.037978 0.201735 0.000106
v 0.037064 0.201144 -0.001857
v 0.025549 0.208814 0.000742
v 0.024933 0.208276 -0.000868
v 0.012895 0.213185 0.001006
v 0.012583 0.212741 -0.000228
v 0.000131 0.214589 0.000833
v 0.000125 0.214286 0.000000
v 0.130220 0.000000 -0.010325
v 0.129371 0.019347 -0.010127
v 0.126902 0.039116 -0.009574
v 0.122928 0.059043 -0.008729
v 0.117567 0.078865 -0.007654
v 0.110933 0.098318 -0.006411
v 0.103143 0.117139 -0.005062
v 0.094312 0.135065 -0.003670
v 0.084557 0.151831 -0.002297
v 0.073994 0.167176 -0.001006
v 0.062739 0.180835 0.000142
v 0.050907 0.192545 0.001084
v 0.038614 0.202042 0.001758
v 0.025978 0.209064 0.002102
v 0.013113 0.213346 0.002052
v 0.000135 0.214626 0.001548
v 0.131500 0.000000 -0.007571
v 0.130643 0.019352 -0.007384
v 0.128150 0.039134 -0.006862
v 0.124137 0.059080 -0.006068
v 0.118723 0.078923 -0.005063
v 0.112024 0.098399 -0.003911
v 0.104157 0.117241 -0.002672
v 0.095240 0.135183 -0.001408
v 0.085389 0.151960 -0.000183
v 0.074722 0.167305 0.000944
v 0.063356 0.180954 0.001909
v 0.051408 0.192638 0.002650
v 0.038995 0.202094 0.003106
v 0.026234 0.209055 0.003215
v 0.013243 0.213255 0.002915
v 0.000138 0.214429 0.002143
v 0.131995 0.000000 -0.005460
v 0.131134 0.019353 -0.005280
v 0.128632 0.039136 -0.004781
v 0.124604 0.059084 -0.004026
v 0.119170 0.078928 -0.003074
v 0.112446 0.098401 -0.001989
v 0.104549 0.117238 -0.000833
v 0.095599 0.135169 0.000334
v 0.085711 0.151930 0.001449
v 0.075004 0.167252 0.002450
v 0.063595 0.180869 0.003277
v 0.051602 0.192514 0.003866
v 0.039143 0.201919 0.004157
v 0.026334 0.208818 0.004087
v 0.013294 0.212944 0.003595
v 0.000140 0.214029 0.002619
v 0.131779 0.000000 -0.003968
v 0.130920 0.019350 -0.003793
v 0.128422 0.039125 -0.003310
v 0.124401 0.059059 -0.002580
v 0.118975 0.078884 -0.001665
v 0.112262 0.098333 -0.000626
v 0.104379 0.117140 0.000474
v 0.095443 0.135037 0.001574
v 0.085572 0.151759 0.002613
v 0.074882 0.167037 0.003528
v 0.063492 0.180606 0.004259
v 0.051519 0.192197 0.004742
v 0.039080 0.201546 0.004918
v 0.026292 0.208383 0.004723
v 0.013274 0.212443 0.004096
v 0.000141 0.213459 0.002976
v 0.130929 0.000000 -0.003071
v 0.130075 0.019344 -0.002899
v 0.127593 0.039102 -0.002425
v 0.123598 0.059008 -0.001709
v 0.118207 0.078796 -0.000814
v 0.111538 0.098202 0.000199
v 0.103705 0.116959 0.001267
v 0.094827 0.134801 0.002330
v 0.085020 0.151464 0.003325
v 0.074399 0.166681 0.004191
v 0.063083 0.180186 0.004866
v 0.051187 0.191715 0.005288
v 0.038828 0.201002 0.005395
v 0.026123 0.207780 0.005127
v 0.013189 0.211785 0.004420
v 0.000141 0.212750 0.003214
v 0.129519 0.000000 -0.002746
v 0.128674 0.019335 -0.002575
v 0.126219 0.039068 -0.002102
v 0.122267 0.058934 -0.001390
v 0.116935 0.078672 -0.000500
v 0.110337 0.098017 0.000506
v 0.102589 0.116706 0.001566
v 0.093806 0.134475 0.002618
v 0.084104 0.151062 0.003601
v 0.073599 0.166203 0.004452
v 0.062404 0.179635 0.005110
v 0.050636 0.191093 0.005512
v 0.038411 0.200316 0.005598
v 0.025842 0.207039 0.005304
v 0.013047 0.211000 0.004570
v 0.000140 0.211934 0.003333
v 0.127624 0.000000 -0.002968
v 0.126793 0.019324 -0.002795
v 0.124373 0.039024 -0.002319
v 0.120479 0.058842 -0.001600
v 0.115225 0.078515 -0.000700
v 0.108723 0.097786 0.000317
v 0.101089 0.116392 0.001390
v 0.092435 0.134074 0.002457
v 0.082875 0.150572 0.003456
v 0.072523 0.165625 0.004325
v 0.061492 0.178974 0.005002
v 0.049896 0.190358 0.005425
v 0.037849 0.199517 0.005531
v 0.025465 0.206191 0.005259
v 0.012856 0.210119 0.004548
v 0.000138 0.211042 0.003333
v 0.125321 0.000000 -0.003714
v 0.124505 0.019310 -0.003538
v 0.122129 0.038973 -0.003051
v 0.118305 0.058733 -0.002316
v 0.113145 0.078333 -0.001395
v 0.106762 0.097517 -0.000350
v 0.099265 0.116028 0.000757
v 0.090767 0.133612 0.001863
v 0.081379 0.150010 0.002906
v 0.071214 0.164968 0.003824
v 0.060382 0.178229 0.004554
v 0.048996 0.189536 0.005035
v 0.037166 0.198634 0.005203
v 0.025005 0.205266 0.004998
v 0.012624 0.209175 0.004355
v 0.000135 0.210107 0.003214
v 0.122685 0.000000 -0.004960
v 0.121886 0.019295 -0.004779
v 0.119560 0.038916 -0.004277
v 0.115816 0.058612 -0.003517
v 0.110765 0.078129 -0.002562
v 0.104516 0.097218 -0.001473
v 0.097177 0.115626 -0.000314
v 0.088858 0.133102 0.000853
v 0.079668 0.149395 0.001966
v 0.069716 0.164251 0.002961
v 0.059112 0.177421 0.003777
v 0.047965 0.188652 0.004351
v 0.036384 0.197694 0.004621
v 0.024479 0.204293 0.004523
v 0.012358 0.208199 0.003996
v 0.000132 0.209160 0.002976
v 0.119791 0.000000 -0.006683
v 0.119010 0.019279 -0.006495
v 0.116739 0.038855 -0.005973
v 0.113084 0.058481 -0.005180
v 0.108152 0.077911 -0.004179
v 0.102050 0.096898 -0.003033
v 0.094884 0.115197 -0.001804
v 0.086761 0.132561 -0.000555
v 0.077788 0.148742 0.000652
v 0.068071 0.163496 0.001752
v 0.057717 0.176576 0.002684
v 0.046833 0.187734 0.003385
v 0.035526 0.196726 0.003791
v 0.023901 0.203303 0.003841
v 0.012066 0.207221 0.003471
v 0.000128 0.208233 0.002619
v 0.116714 0.000000 -0.008857
v 0.115954 0.019262 -0.008661
v 0.113741 0.038790 -0.008115
v 0.110180 0.058344 -0.007282
v 0.105375 0.077683 -0.006226
v 0.099429 0.096566 -0.005008
v 0.092447 0.114752 -0.003693
v 0.084533 0.132001 -0.002343
v 0.075790 0.148071 -0.001021
v 0.066322 0.162723 0.000209
v 0.056234 0.175715 0.001285
v 0.045630 0.186807 0.002143
v 0.034612 0.195758 0.002722
v 0.023286 0.202327 0.002956
v 0.011755 0.206274 0.002784
v 0.000123 0.207357 0.002143
v 0.113531 0.000000 -0.011460
v 0.112791 0.019244 -0.011255
v 0.110638 0.038724 -0.010681
v 0.107174 0.058205 -0.009801
v 0.102500 0.077451 -0.008680
v 0.096716 0.096228 -0.007379
v 0.089925 0.114301 -0.005963
v 0.082226 0.131437 -0.004495
v 0.073722 0.147398 -0.003037
v 0.064512 0.161952 -0.001654
v 0.054699 0.174864 -0.000408
v 0.044384 0.185898 0.000637
v 0.033667 0.194820 0.001419
v 0.022650 0.201394 0.001873
v 0.011433 0.205388 0.001937
v 0.000118 0.206565 0.001548
v 0.110315 0.000000 -0.014468
v 0.109596 0.019227 -0.014252
v 0.107504 0.038658 -0.013647
v 0.104138 0.058066 -0.012715
v 0.099596 0.077220 -0.011520
v 0.093977 0.095894 -0.010126
v 0.087377 0.113857 -0.008596
v 0.079897 0.130883 -0.006993
v 0.071633 0.146742 -0.005381
v 0.062684 0.161205 -0.003823
v 0.053149 0.174045 -0.002383
v 0.043125 0.185032 -0.001124
v 0.032712 0.193938 -0.000110
v 0.022006 0.200536 0.000597
v 0.011107 0.204595 0.000933
v 0.000113 0.205887 0.000833
v -0.110259 0.000000 -0.034524
v -0.109541 0.019261 -0.034230
v -0.124185 0.019324 -0.017630
v -0.125000 0.000000 -0.017857
v -0.107450 0.038793 -0.033393
v -0.121815 0.039028 -0.016989
v -0.104086 0.058366 -0.032080
v -0.118001 0.058859 -0.016000
v -0.099546 0.077749 -0.030356
v -0.112854 0.078563 -0.014725
v -0.093928 0.096713 -0.028289
v -0.106486 0.097886 -0.013227
v -0.087332 0.115027 -0.025945
v -0.099008 0.116574 -0.011571
v -0.079854 0.132461 -0.023389
v -0.090531 0.134372 -0.009820
v -0.071594 0.148784 -0.020690
v -0.081167 0.151028 -0.008037
v -0.062649 0.163767 -0.017912
v -0.071027 0.166287 -0.006286
v -0.053118 0.177179 -0.015123
v -0.060222 0.179895 -0.004630
v -0.043098 0.188790 -0.012390
v -0.048864 0.191599 -0.003132
v -0.032689 0.198370 -0.009777
v -0.037064 0.201144 -0.001857
v -0.021987 0.205688 -0.007353
v -0.024933 0.208276 -0.000868
v -0.011092 0.210515 -0.005183
v -0.012583 0.212741 -0.000228
v -0.000102 0.212619 -0.003333
v -0.000125 0.214286 0.000000
v -0.094693 0.000000 -0.048810
v -0.094076 0.019207 -0.048459
v -0.092280 0.038591 -0.047454
v -0.089391 0.057943 -0.045863
v -0.085492 0.077052 -0.043755
v -0.080668 0.095708 -0.041199
v -0.075002 0.113701 -0.038265
v -0.068580 0.130822 -0.035020
v -0.061486 0.146861 -0.031535
v -0.053803 0.161607 -0.027878
v -0.045617 0.174851 -0.024118
v -0.037011 0.186383 -0.020324
v -0.028071 0.195993 -0.016566
v -0.018879 0.203471 -0.012911
v -0.009521 0.208607 -0.009430
v -0.000081 0.211191 -0.006190
v -0.078429 0.000000 -0.060714
v -0.077917 0.019162 -0.060317
v -0.076430 0.038423 -0.059171
v -0.074037 0.057590 -0.057349
v -0.070808 0.076470 -0.054920
v -0.066812 0.094870 -0.051958
v -0.062119 0.112596 -0.048531
v -0.056800 0.129457 -0.044713
v -0.050924 0.145258 -0.040573
v -0.044561 0.159807 -0.036183
v -0.037781 0.172911 -0.031614
v -0.030653 0.184377 -0.026937
v -0.023247 0.194012 -0.022223
v -0.015634 0.201623 -0.017543
v -0.007882 0.207016 -0.012969
v -0.000063 0.210000 -0.008571
v -0.061593 0.000000 -0.070238
v -0.061191 0.019126 -0.069803
v -0.060023 0.038289 -0.068545
v -0.058144 0.057309 -0.066537
v -0.055608 0.076005 -0.063853
v -0.052469 0.094200 -0.060564
v -0.048784 0.111713 -0.056745
v -0.044607 0.128364 -0.052467
v -0.039992 0.143976 -0.047803
v -0.034995 0.158367 -0.042827
v -0.029670 0.171359 -0.037610
v -0.024072 0.182772 -0.032227
v -0.018255 0.192427 -0.026749
v -0.012276 0.200144 -0.021249
v -0.006188 0.205744 -0.015801
v 0.000000 0.209048 -0.010476
v -0.044312 0.000000 -0.077381
v -0.044023 0.019100 -0.076917
v -0.043183 0.038188 -0.075575
v -0.041831 0.057097 -0.073429
v -0.040006 0.075656 -0.070552
v -0.037749 0.093697 -0.067019
v -0.035097 0.111050 -0.062905
v -0.032092 0.127545 -0.058282
v -0.028772 0.143014 -0.053226
v -0.025176 0.157287 -0.047810
v -0.021345 0.170195 -0.042108
v -0.017318 0.181569 -0.036194
v -0.013133 0.191239 -0.030143
v -0.008831 0.199036 -0.024028
v -0.004451 0.204790 -0.017924
v 0.000000 0.208333 -0.011905
v -0.026714 0.000000 -0.082143
v -0.026540 0.019082 -0.081660
v -0.026034 0.038121 -0.080262
v -0.025218 0.056956 -0.078023
v -0.024118 0.075424 -0.075018
v -0.022757 0.093362 -0.071323
v -0.021159 0.110608 -0.067011
v -0.019347 0.126999 -0.062159
v -0.017345 0.142373 -0.056841
v -0.015178 0.156567 -0.051131
v -0.012868 0.169419 -0.045106
v -0.010440 0.180766 -0.038839
v -0.007917 0.190446 -0.032406
v -0.005324 0.198296 -0.025881
v -0.002683 0.204154 -0.019340
v 0.000000 0.207857 -0.012857
v -0.008926 0.000000 -0.084524
v -0.008868 0.019073 -0.084032
v -0.008698 0.038088 -0.082605
v -0.008426 0.056886 -0.080320
v -0.008059 0.075308 -0.077251
v -0.007604 0.093194 -0.073474
v -0.007070 0.110387 -0.069065
v -0.006464 0.126726 -0.064098
v -0.005796 0.142052 -0.058648
v -0.005071 0.156207 -0.052792
v -0.004300 0.169031 -0.046605
v -0.003488 0.180365 -0.040161
v -0.002645 0.190050 -0.033537
v -0.001779 0.197927 -0.026807
v -0.000896 0.203836 -0.020048
v 0.000000 0.207619 -0.013333
v 0.008926 0.000000 -0.084524
v 0.008868 0.019073 -0.084032
v 0.008698 0.038088 -0.082605
v 0.008426 0.056886 -0.080320
v 0.008059 0.075308 -0.077251
v 0.007604 0.093194 -0.073474
v 0.007070 0.110387 -0.069065
v 0.006464 0.126726 -0.064098
v 0.005796 0.142052 -0.058648
v 0.005071 0.156207 -0.052792
v 0.004300 0.169031 -0.046605
v 0.003488 0.180365 -0.040161
v 0.002645 0.190050 -0.033537
v 0.001779 0.197927 -0.026807
v 0.000896 0.203836 -0.020048
v 0.026714 0.000000 -0.082143
v 0.026540 0.019082 -0.081660
v 0.026034 0.038121 -0.080262
v 0.025218 0.056956 -0.078023
v 0.024118 0.075424 -0.075018
v 0.022757 0.093362 -0.071323
v 0.021159 0.110608 -0.067011
v 0.019347 0.126999 -0.062159
v 0.017345 0.142373 -0.056841
v 0.015178 0.156567 -0.051131
v 0.012868 0.169419 -0.045106
v 0.010440 0.180766 -0.038839
v 0.007917 0.190446 -0.032406
v 0.005324 0.198296 -0.025881
v 0.002683 0.204154 -0.019340
v 0.044312 0.000000 -0.077381
v 0.044023 0.019100 -0.076917
v 0.043183 0.038188 -0.075575
v 0.041831 0.057097 -0.073429
v 0.040006 0.075656 -0.070552
v 0.037749 0.093697 -0.067019
v 0.035097 0.111050 -0.062905
v 0.032092 0.127545 -0.058282
v 0.028772 0.143014 -0.053226
v 0.025176 0.157287 -0.047810
v 0.021345 0.170195 -0.042108
v 0.017317 0.181569 -0.036194
v 0.013133 0.191239 -0.030143
v 0.008831 0.199036 -0.024028
v 0.004451 0.204790 -0.017924
v 0.061593 0.000000 -0.070238
v 0.061191 0.019126 -0.069803
v 0.060023 0.038289 -0.068545
v 0.058144 0.057309 -0.066537
v 0.055608 0.076005 -0.063853
v 0.052469 0.094200 -0.060564
v 0.048784 0.111713 -0.056745
v 0.044607 0.128364 -0.052467
v 0.039992 0.143976 -0.047803
v 0.034995 0.158367 -0.042827
v 0.029670 0.171359 -0.037610
v 0.024072 0.182772 -0.032227
v 0.018255 0.192427 -0.026749
v 0.012276 0.200144 -0.021249
v 0.006188 0.205744 -0.015801
v 0.078429 0.000000 -0.060714
v 0.077917 0.019162 -0.060317
v 0.076430 0.038423 -0.059171
v 0.074037 0.057590 -0.057349
v 0.070808 0.076470 -0.054920
v 0.066812 0.094870 -0.051958
v 0.062119 0.112596 -0.048531
v 0.056800 0.129457 -0.044713
v 0.050924 0.145258 -0.040573
v 0.044561 0.159807 -0.036183
v 0.037781 0.172911 -0.031614
v 0.030653 0.184377 -0.026937
v 0.023247 0.194012 -0.022223
v 0.015634 0.201623 -0.017543
v 0.007882 0.207016 -0.012969
v 0.000063 0.210000 -0.008571
v 0.094693 0.000000 -0.048810
v 0.094076 0.019207 -0.048459
v 0.092280 0.038591 -0.047454
v 0.089391 0.057943 -0.045863
v 0.085492 0.077052 -0.043755
v 0.080668 0.095708 -0.041199
v 0.075002 0.113701 -0.038265
v 0.068580 0.130822 -0.035020
v 0.061486 0.146861 -0.031535
v 0.053803 0.161607 -0.027878
v 0.045617 0.174851 -0.024118
v 0.037011 0.186383 -0.020324
v 0.028071 0.195993 -0.016566
v 0.018879 0.203471 -0.012911
v 0.009521 0.208607 -0.009430
v 0.000081 0.211191 -0.006190
v 0.110259 0.000000 -0.034524
v 0.109541 0.019261 -0.034230
v 0.107450 0.038793 -0.033393
v 0.104086 0.058366 -0.032080
v 0.099546 0.077749 -0.030356
v 0.093928 0.096713 -0.028289
v 0.087332 0.115027 -0.025945
v 0.079854 0.132461 -0.023389
v 0.071594 0.148784 -0.020690
v 0.062649 0.163767 -0.017912
v 0.053118 0.177179 -0.015123
v 0.043098 0.188790 -0.012390
v 0.032689 0.198370 -0.009777
v 0.021987 0.205688 -0.007353
v 0.011092 0.210515 -0.005183
v 0.000102 0.212619 -0.003333
v -0.110315 0.000000 -0.014468
v -0.109596 0.019227 -0.014252
v -0.107504 0.038658 -0.013647
v -0.104138 0.058066 -0.012715
v -0.099596 0.077220 -0.011520
v -0.093977 0.095894 -0.010126
v -0.087377 0.113857 -0.008596
v -0.079897 0.130883 -0.006993
v -0.071633 0.146742 -0.005381
v -0.062684 0.161205 -0.003823
v -0.053149 0.174045 -0.002383
v -0.043125 0.185032 -0.001124
v -0.032712 0.193938 -0.000110
v -0.022006 0.200536 0.000597
v -0.011107 0.204595 0.000933
v -0.000113 0.205887 0.000833
v -0.113531 0.000000 -0.011460
v -0.112791 0.019244 -0.011255
v -0.110638 0.038724 -0.010681
v -0.107174 0.058205 -0.009801
v -0.102500 0.077451 -0.008680
v -0.096716 0.096228 -0.007379
v -0.089925 0.114301 -0.005963
v -0.082226 0.131437 -0.004495
v -0.073722 0.147398 -0.003037
v -0.064512 0.161952 -0.001654
v -0.054699 0.174864 -0.000408
v -0.044384 0.185898 0.000637
v -0.033667 0.194820 0.001419
v -0.022650 0.201394 0.001873
v -0.011433 0.205388 0.001937
v -0.000118 0.206565 0.001548
v -0.116714 0.000000 -0.008857
v -0.115954 0.019262 -0.008661
v -0.113741 0.038790 -0.008115
v -0.110180 0.058344 -0.007282
v -0.105375 0.077683 -0.006226
v -0.099429 0.096566 -0.005008
v -0.092447 0.114752 -0.003693
v -0.084533 0.132001 -0.002343
v -0.075790 0.148071 -0.001021
v -0.066322 0.162723 0.000209
v -0.056234 0.175715 0.001285
v -0.045630 0.186807 0.002143
v -0.034612 0.195758 0.002722
v -0.023286 0.202327 0.002956
v -0.011755 0.206274 0.002784
v -0.000123 0.207357 0.002143
v -0.119791 0.000000 -0.006683
v -0.119010 0.019279 -0.006495
v -0.116739 0.038855 -0.005973
v -0.113084 0.058481 -0.005180
v -0.108152 0.077911 -0.004179
v -0.102050 0.096898 -0.003033
v -0.094884 0.115197 -0.001804
v -0.086761 0.132561 -0.000555
v -0.077788 0.148742 0.000652
v -0.068071 0.163496 0.001752
v -0.057717 0.176576 0.002684
v -0.046833 0.187734 0.003385
v -0.035526 0.196726 0.003791
v -0.023901 0.203303 0.003841
v -0.012066 0.207221 0.003471
v -0.000128 0.208233 0.002619
v -0.122685 0.000000 -0.004960
v -0.121886 0.019295 -0.004779
v -0.119560 0.038916 -0.004277
v -0.115816 0.058612 -0.003517
v -0.110765 0.078129 -0.002562
v -0.104516 0.097218 -0.001473
v -0.097177 0.115626 -0.000314
v -0.088858 0.133102 0.000853
v -0.079668 0.149395 0.001966
v -0.069716 0.164251 0.002961
v -0.059112 0.177421 0.003777
v -0.047965 0.188652 0.004351
v -0.036384 0.197694 0.004621
v -0.024479 0.204293 0.004523
v -0.012358 0.208199 0.003996
v -0.000132 0.209160 0.002976
v -0.125321 0.000000 -0.003714
v -0.124505 0.019310 -0.003538
v -0.122129 0.038973 -0.003051
v -0.118305 0.058733 -0.002316
v -0.113145 0.078333 -0.001395
v -0.106762 0.097517 -0.000350
v -0.099265 0.116028 0.000757
v -0.090767 0.133612 0.001863
v -0.081379 0.150010 0.002906
v -0.071214 0.164968 0.003824
v -0.060382 0.178229 0.004554
v -0.048996 0.189536 0.005035
v -0.037166 0.198634 0.005203
v -0.025005 0.205266 0.004998
v -0.012624 0.209175 0.004355
v -0.000135 0.210107 0.003214
v -0.127624 0.000000 -0.002968
v -0.126793 0.019324 -0.002795
v -0.124373 0.039024 -0.002319
v -0.120479 0.058842 -0.001600
v -0.115225 0.078515 -0.000700
v -0.108723 0.097786 0.000317
v -0.101089 0.116392 0.001390
v -0.092435 0.134074 0.002457
v -0.082875 0.150572 0.003456
v -0.072523 0.165625 0.004325
v -0.061492 0.178974 0.005002
v -0.049896 0.190358 0.005425
v -0.037849 0.199517 0.005531
v -0.025465 0.206191 0.005259
v -0.012856 0.210119 0.004548
v -0.000138 0.211042 0.003333
v -0.129519 0.000000 -0.002746
v -0.128674 0.019335 -0.002575
v -0.126219 0.039068 -0.002102
v -0.122267 0.058934 -0.001390
v -0.116935 0.078672 -0.000500
v -0.110337 0.098017 0.000506
v -0.102589 0.116706 0.001566
v -0.093806 0.134475 0.002618
v -0.084104 0.151062 0.003601
v -0.073599 0.166203 0.004452
v -0.062404 0.179635 0.005110
v -0.050636 0.191093 0.005512
v -0.038411 0.200316 0.005598
v -0.025842 0.207039 0.005304
v -0.013047 0.211000 0.004570
v -0.000140 0.211934 0.003333
v -0.130929 0.000000 -0.003071
v -0.130075 0.019344 -0.002899
v -0.127593 0.039102 -0.002425
v -0.123598 0.059008 -0.001709
v -0.118207 0.078796 -0.000814
v -0.111538 0.098202 0.000199
v -0.103705 0.116959 0.001267
v -0.094827 0.134801 0.002330
v -0.085020 0.151464 0.003325
v -0.074399 0.166681 0.004191
v -0.063083 0.180186 0.004866
v -0.051187 0.191715 0.005288
v -0.038828 0.201002 0.005395
v -0.026123 0.207780 0.005127
v -0.013189 0.211785 0.004420
v -0.000141 0.212750 0.003214
v -0.131779 0.000000 -0.003968
v -0.130920 0.019350 -0.003793
v -0.128422 0.039125 -0.003310
v -0.124401 0.059059 -0.002580
v -0.118975 0.078884 -0.001665
v -0.112262 0.098333 -0.000626
v -0.104379 0.117140 0.000474
v -0.095443 0.135037 0.001574
v -0.085572 0.151759 0.002613
v -0.074882 0.167037 0.003528
v -0.063492 0.180606 0.004259
v -0.051519 0.192197 0.004742
v -0.039080 0.201546 0.004918
v -0.026292 0.208383 0.004723
v -0.013274 0.212443 0.004096
v -0.000141 0.213459 0.002976
v -0.131995 0.000000 -0.005460
v -0.131134 0.019353 -0.005280
v -0.128632 0.039136 -0.004781
v -0.124604 0.059084 -0.004026
v -0.119170 0.078928 -0.003074
v -0.112446 0.098401 -0.001989
v -0.104549 0.117238 -0.000833
v -0.095599 0.135169 0.000334
v -0.085711 0.151930 0.001449
v -0.075004 0.167252 0.002450
v -0.063595 0.180869 0.003277
v -0.051602 0.192514 0.003866
v -0.039143 0.201919 0.004157
v -0.026334 0.208818 0.004087
v -0.013294 0.212944 0.003595
v -0.000140 0.214029 0.002619
v -0.131500 0.000000 -0.007571
v -0.130643 0.019352 -0.007384
v -0.128150 0.039134 -0.006862
v -0.124137 0.059080 -0.006068
v -0.118723 0.078923 -0.005063
v -0.112024 0.098399 -0.003911
v -0.104157 0.117241 -0.002672
v -0.095240 0.135183 -0.001408
v -0.085389 0.151960 -0.000183
v -0.074722 0.167305 0.000944
v -0.063356 0.180954 0.001909
v -0.051408 0.192638 0.002650
v -0.038995 0.202094 0.003106
v -0.026234 0.209055 0.003215
v -0.013243 0.213255 0.002915
v -0.000138 0.214429 0.002143
v -0.130220 0.000000 -0.010325
v -0.129371 0.019347 -0.010127
v -0.126902 0.039116 -0.009574
v -0.122928 0.059043 -0.008729
v -0.117567 0.078865 -0.007654
v -0.110933 0.098318 -0.006411
v -0.103143 0.117139 -0.005062
v -0.094312 0.135065 -0.003670
v -0.084557 0.151831 -0.002297
v -0.073994 0.167176 -0.001006
v -0.062739 0.180835 0.000142
v -0.050907 0.192545 0.001084
v -0.038614 0.202042 0.001758
v -0.025978 0.209064 0.002102
v -0.013113 0.213346 0.002052
v -0.000135 0.214626 0.001548
v -0.128078 0.000000 -0.013746
v -0.127243 0.019338 -0.013535
v -0.124815 0.039081 -0.012943
v -0.120907 0.058971 -0.012032
v -0.115633 0.078746 -0.010867
v -0.109108 0.098150 -0.009509
v -0.101446 0.116920 -0.008022
v -0.092761 0.134799 -0.006468
v -0.083166 0.151527 -0.004910
v -0.072777 0.166844 -0.003411
v -0.061706 0.180490 -0.002033
v -0.050068 0.192207 -0.000840
v -0.037978 0.201735 0.000106
v -0.025549 0.208814 0.000742
v -0.012895 0.213185 0.001006
v -0.000131 0.214589 0.000833
v 0.011787 -0.250000 0.053571
v 0.012839 -0.233037 0.049899
v 0.014587 -0.233037 0.050069
v 0.013393 -0.250000 0.053571
v 0.015797 -0.217630 0.044981
v 0.017948 -0.217630 0.045629
v 0.020369 -0.203428 0.039041
v 0.023143 -0.203428 0.040428
v 0.026261 -0.190085 0.032301
v 0.029837 -0.190085 0.034640
v 0.033180 -0.177249 0.024982
v 0.037698 -0.177249 0.028439
v 0.040832 -0.164571 0.017306
v 0.046393 -0.164571 0.021999
v 0.048925 -0.151704 0.009496
v 0.055587 -0.151704 0.015497
v 0.057164 -0.138296 0.001773
v 0.064949 -0.138296 0.009105
v 0.065257 -0.124000 -0.005640
v 0.074143 -0.124000 0.003000
v 0.072909 -0.108465 -0.012522
v 0.082837 -0.108465 -0.002646
v 0.079828 -0.091344 -0.018651
v 0.090699 -0.091344 -0.007656
v 0.085720 -0.072286 -0.023804
v 0.097393 -0.072286 -0.011857
v 0.090292 -0.050942 -0.027760
v 0.102587 -0.050942 -0.015074
v 0.093250 -0.026963 -0.030296
v 0.105949 -0.026963 -0.017132
v 0.010105 -0.250000 0.053571
v 0.011006 -0.233037 0.049753
v 0.013542 -0.217630 0.044426
v 0.017461 -0.203428 0.037853
v 0.022512 -0.190085 0.030296
v 0.028444 -0.177249 0.022019
v 0.035004 -0.164571 0.013283
v 0.041941 -0.151704 0.004352
v 0.049005 -0.138296 -0.004512
v 0.055942 -0.124000 -0.013046
v 0.062502 -0.108465 -0.020988
v 0.068434 -0.091344 -0.028075
v 0.073485 -0.072286 -0.034044
v 0.077404 -0.050942 -0.038633
v 0.079940 -0.026963 -0.041579
v 0.008357 -0.250000 0.053571
v 0.009102 -0.233037 0.049632
v 0.011199 -0.217630 0.043963
v 0.014441 -0.203428 0.036862
v 0.018618 -0.190085 0.028626
v 0.023523 -0.177249 0.019550
v 0.028949 -0.164571 0.009931
v 0.034686 -0.151704 0.000066
v 0.040528 -0.138296 -0.009749
v 0.046265 -0.124000 -0.019217
v 0.051690 -0.108465 -0.028043
v 0.056596 -0.091344 -0.035928
v 0.060773 -0.072286 -0.042577
v 0.064015 -0.050942 -0.047694
v 0.066112 -0.026963 -0.050981
v 0.006555 -0.250000 0.053571
v 0.007140 -0.233037 0.049535
v 0.008785 -0.217630 0.043593
v 0.011328 -0.203428 0.036070
v 0.014604 -0.190085 0.027289
v 0.018452 -0.177249 0.017574
v 0.022708 -0.164571 0.007249
v 0.027209 -0.151704 -0.003363
v 0.031791 -0.138296 -0.013939
v 0.036291 -0.124000 -0.024155
v 0.040547 -0.108465 -0.033686
v 0.044395 -0.091344 -0.042211
v 0.047672 -0.072286 -0.049404
v 0.050215 -0.050942 -0.054943
v 0.051860 -0.026963 -0.058503
v 0.004712 -0.250000 0.053571
v 0.005132 -0.233037 0.049462
v 0.006315 -0.217630 0.043315
v 0.008143 -0.203428 0.035476
v 0.010498 -0.190085 0.026287
v 0.013264 -0.177249 0.016093
v 0.016323 -0.164571 0.005238
v 0.019558 -0.151704 -0.005935
v 0.022852 -0.138296 -0.017082
v 0.026087 -0.124000 -0.027857
v 0.029146 -0.108465 -0.037919
v 0.031912 -0.091344 -0.046923
v 0.034268 -0.072286 -0.054524
v 0.036096 -0.050942 -0.060379
v 0.037278 -0.026963 -0.064145
v 0.002839 -0.250000 0.053571
v 0.003092 -0.233037 0.049413
v 0.003805 -0.217630 0.043130
v 0.004906 -0.203428 0.035080
v 0.006325 -0.190085 0.025619
v 0.007992 -0.177249 0.015105
v 0.009835 -0.164571 0.003897
v 0.011784 -0.151704 -0.007650
v 0.013769 -0.138296 -0.019176
v 0.015718 -0.124000 -0.030326
v 0.017561 -0.108465 -0.040741
v 0.019228 -0.091344 -0.050064
v 0.020647 -0.072286 -0.057937
v 0.021749 -0.050942 -0.064004
v 0.022461 -0.026963 -0.067906
v 0.000948 -0.250000 0.053571
v 0.001033 -0.233037 0.049389
v 0.001271 -0.217630 0.043038
v 0.001639 -0.203428 0.034881
v 0.002113 -0.190085 0.025285
v 0.002670 -0.177249 0.014611
v 0.003285 -0.164571 0.003226
v 0.003936 -0.151704 -0.008507
v 0.004599 -0.138296 -0.020224
v 0.005250 -0.124000 -0.031560
v 0.005866 -0.108465 -0.042152
v 0.006423 -0.091344 -0.051635
v 0.006897 -0.072286 -0.059644
v 0.007265 -0.050942 -0.065816
v 0.007503 -0.026963 -0.069786
v -0.000948 -0.250000 0.053571
v -0.001033 -0.233037 0.049389
v -0.001271 -0.217630 0.043038
v -0.001639 -0.203428 0.034881
v -0.002113 -0.190085 0.025285
v -0.002670 -0.177249 0.014611
v -0.003285 -0.164571 0.003226
v -0.003936 -0.151704 -0.008507
v -0.004599 -0.138296 -0.020224
v -0.005250 -0.124000 -0.031560
v -0.005866 -0.108465 -0.042152
v -0.006423 -0.091344 -0.051635
v -0.006897 -0.072286 -0.059644
v -0.007265 -0.050942 -0.065816
v -0.007503 -0.026963 -0.069786
v -0.002839 -0.250000 0.053571
v -0.003092 -0.233037 0.049413
v -0.003805 -0.217630 0.043130
v -0.004906 -0.203428 0.035080
v -0.006325 -0.190085 0.025619
v -0.007992 -0.177249 0.015105
v -0.009835 -0.164571 0.003897
v -0.011784 -0.151704 -0.007650
v -0.013769 -0.138296 -0.019176
v -0.015718 -0.124000 -0.030326
v -0.017561 -0.108465 -0.040741
v -0.019228 -0.091344 -0.050064
v -0.020647 -0.072286 -0.057937
v -0.021749 -0.050942 -0.064004
v -0.022461 -0.026963 -0.067906
v -0.004712 -0.250000 0.053571
v -0.005132 -0.233037 0.049462
v -0.006315 -0.217630 0.043315
v -0.008143 -0.203428 0.035476
v -0.010498 -0.190085 0.026287
v -0.013264 -0.177249 0.016093
v -0.016323 -0.164571 0.005238
v -0.019558 -0.151704 -0.005935
v -0.022852 -0.138296 -0.017082
v -0.026087 -0.124000 -0.027857
v -0.029146 -0.108465 -0.037919
v -0.031912 -0.091344 -0.046923
v -0.034268 -0.072286 -0.054524
v -0.036096 -0.050942 -0.060379
v -0.037278 -0.026963 -0.064145
v -0.006555 -0.250000 0.053571
v -0.007140 -0.233037 0.049535
v -0.008785 -0.217630 0.043593
v -0.011328 -0.203428 0.036070
v -0.014604 -0.190085 0.027289
v -0.018452 -0.177249 0.017574
v -0.022708 -0.164571 0.007249
v -0.027209 -0.151704 -0.003363
v -0.031791 -0.138296 -0.013939
v -0.036291 -0.124000 -0.024155
v -0.040547 -0.108465 -0.033686
v -0.044395 -0.091344 -0.042211
v -0.047672 -0.072286 -0.049404
v -0.050215 -0.050942 -0.054943
v -0.051860 -0.026963 -0.058503
v -0.008357 -0.250000 0.053571
v -0.009102 -0.233037 0.049632
v -0.011199 -0.217630 0.043963
v -0.014441 -0.203428 0.036862
v -0.018618 -0.190085 0.028626
v -0.023523 -0.177249 0.019550
v -0.028949 -0.164571 0.009931
v -0.034686 -0.151704 0.000066
v -0.040528 -0.138296 -0.009749
v -0.046265 -0.124000 -0.019217
v -0.051690 -0.108465 -0.028043
v -0.056596 -0.091344 -0.035928
v -0.060773 -0.072286 -0.042577
v -0.064015 -0.050942 -0.047694
v -0.066112 -0.026963 -0.050981
v -0.010105 -0.250000 0.053571
v -0.011006 -0.233037 0.049753
v -0.013542 -0.217630 0.044426
v -0.017461 -0.203428 0.037853
v -0.022512 -0.190085 0.030296
v -0.028444 -0.177249 0.022019
v -0.035004 -0.164571 0.013283
v -0.041941 -0.151704 0.004352
v -0.049005 -0.138296 -0.004512
v -0.055942 -0.124000 -0.013046
v -0.062502 -0.108465 -0.020988
v -0.068434 -0.091344 -0.028075
v -0.073485 -0.072286 -0.034044
v -0.077404 -0.050942 -0.038633
v -0.079940 -0.026963 -0.041579
v -0.011787 -0.250000 0.053571
v -0.012839 -0.233037 0.049899
v -0.015797 -0.217630 0.044981
v -0.020369 -0.203428 0.039041
v -0.026261 -0.190085 0.032301
v -0.033180 -0.177249 0.024982
v -0.040832 -0.164571 0.017306
v -0.048925 -0.151704 0.009496
v -0.057164 -0.138296 0.001773
v -0.065257 -0.124000 -0.005640
v -0.072909 -0.108465 -0.012522
v -0.079828 -0.091344 -0.018651
v -0.085720 -0.072286 -0.023804
v -0.090292 -0.050942 -0.027760
v -0.093250 -0.026963 -0.030296
v -0.013393 -0.250000 0.053571
v -0.014587 -0.233037 0.050069
v -0.017948 -0.217630 0.045629
v -0.023143 -0.203428 0.040428
v -0.029837 -0.190085 0.034640
v -0.037698 -0.177249 0.028439
v -0.046393 -0.164571 0.021999
v -0.055587 -0.151704 0.015497
v -0.064949 -0.138296 0.009105
v -0.074143 -0.124000 0.003000
v -0.082837 -0.108465 -0.002646
v -0.090699 -0.091344 -0.007656
v -0.097393 -0.072286 -0.011857
v -0.102587 -0.050942 -0.015074
v -0.105949 -0.026963 -0.017132
v 0.016010 -0.250000 0.045048
v 0.017438 -0.233037 0.041707
v 0.017019 -0.233037 0.041254
v 0.015625 -0.250000 0.044643
v 0.021455 -0.217630 0.037720
v 0.020940 -0.217630 0.037135
v 0.027665 -0.203428 0.033219
v 0.027000 -0.203428 0.032428
v 0.035667 -0.190085 0.028333
v 0.034810 -0.190085 0.027277
v 0.045064 -0.177249 0.023191
v 0.043981 -0.177249 0.021825
v 0.055458 -0.164571 0.017924
v 0.054125 -0.164571 0.016214
v 0.066449 -0.151704 0.012660
v 0.064852 -0.151704 0.010587
v 0.077639 -0.138296 0.007530
v 0.075773 -0.138296 0.005087
v 0.088630 -0.124000 0.002664
v 0.086500 -0.124000 -0.000143
v 0.099023 -0.108465 -0.001810
v 0.096644 -0.108465 -0.004961
v 0.108420 -0.091344 -0.005761
v 0.105815 -0.091344 -0.009222
v 0.116423 -0.072286 -0.009060
v 0.113625 -0.072286 -0.012786
v 0.122632 -0.050942 -0.011577
v 0.119685 -0.050942 -0.015508
v 0.126650 -0.026963 -0.013182
v 0.123606 -0.026963 -0.017246
v 0.016277 -0.250000 0.045580
v 0.017729 -0.233037 0.042275
v 0.021814 -0.217630 0.038392
v 0.028127 -0.203428 0.034051
v 0.036264 -0.190085 0.029371
v 0.045818 -0.177249 0.024472
v 0.056385 -0.164571 0.019472
v 0.067560 -0.151704 0.014492
v 0.078937 -0.138296 0.009651
v 0.090112 -0.124000 0.005067
v 0.100679 -0.108465 0.000861
v 0.110233 -0.091344 -0.002847
v 0.118370 -0.072286 -0.005940
v 0.124683 -0.050942 -0.008297
v 0.128768 -0.026963 -0.009798
v 0.016438 -0.250000 0.046215
v 0.017904 -0.233037 0.042937
v 0.022029 -0.217630 0.039130
v 0.028404 -0.203428 0.034906
v 0.036620 -0.190085 0.030378
v 0.046269 -0.177249 0.025656
v 0.056940 -0.164571 0.020853
v 0.068224 -0.151704 0.016081
v 0.079713 -0.138296 0.011451
v 0.090998 -0.124000 0.007075
v 0.101669 -0.108465 0.003066
v 0.111317 -0.091344 -0.000465
v 0.119533 -0.072286 -0.003406
v 0.125909 -0.050942 -0.005646
v 0.130034 -0.026963 -0.007071
v 0.016499 -0.250000 0.046930
v 0.017971 -0.233037 0.043669
v 0.022112 -0.217630 0.039913
v 0.028511 -0.203428 0.035766
v 0.036758 -0.190085 0.031337
v 0.046443 -0.177249 0.026733
v 0.057154 -0.164571 0.022059
v 0.068481 -0.151704 0.017424
v 0.080013 -0.138296 0.012933
v 0.091340 -0.124000 0.008695
v 0.102051 -0.108465 0.004815
v 0.111736 -0.091344 0.001401
v 0.119983 -0.072286 -0.001440
v 0.126382 -0.050942 -0.003602
v 0.130523 -0.026963 -0.004978
v 0.016472 -0.250000 0.047702
v 0.017942 -0.233037 0.044451
v 0.022076 -0.217630 0.040720
v 0.028464 -0.203428 0.036614
v 0.036698 -0.190085 0.032236
v 0.046367 -0.177249 0.027692
v 0.057060 -0.164571 0.023085
v 0.068369 -0.151704 0.018520
v 0.079883 -0.138296 0.014102
v 0.091191 -0.124000 0.009934
v 0.101885 -0.108465 0.006121
v 0.111553 -0.091344 0.002767
v 0.119787 -0.072286 -0.000023
v 0.126176 -0.050942 -0.002145
v 0.130310 -0.026963 -0.003495
v 0.016366 -0.250000 0.048509
v 0.017826 -0.233037 0.045259
v 0.021933 -0.217630 0.041532
v 0.028281 -0.203428 0.037430
v 0.036461 -0.190085 0.033059
v 0.046068 -0.177249 0.028522
v 0.056692 -0.164571 0.023924
v 0.067928 -0.151704 0.019368
v 0.079367 -0.138296 0.014958
v 0.090603 -0.124000 0.010799
v 0.101227 -0.108465 0.006994
v 0.110833 -0.091344 0.003648
v 0.119014 -0.072286 0.000864
v 0.125362 -0.050942 -0.001253
v 0.129469 -0.026963 -0.002599
v 0.016190 -0.250000 0.049328
v 0.017634 -0.233037 0.046072
v 0.021697 -0.217630 0.042327
v 0.027976 -0.203428 0.038198
v 0.036069 -0.190085 0.033792
v 0.045571 -0.177249 0.029213
v 0.056082 -0.164571 0.024569
v 0.067196 -0.151704 0.019965
v 0.078512 -0.138296 0.015506
v 0.089627 -0.124000 0.011298
v 0.100137 -0.108465 0.007448
v 0.109640 -0.091344 0.004060
v 0.117732 -0.072286 0.001241
v 0.124012 -0.050942 -0.000903
v 0.128075 -0.026963 -0.002268
v 0.015953 -0.250000 0.050137
v 0.017376 -0.233037 0.046867
v 0.021380 -0.217630 0.043085
v 0.027567 -0.203428 0.038899
v 0.035541 -0.190085 0.034419
v 0.044905 -0.177249 0.029754
v 0.055261 -0.164571 0.025015
v 0.066213 -0.151704 0.020309
v 0.077364 -0.138296 0.015747
v 0.088316 -0.124000 0.011439
v 0.098673 -0.108465 0.007493
v 0.108036 -0.091344 0.004018
v 0.116011 -0.072286 0.001126
v 0.122198 -0.050942 -0.001076
v 0.126202 -0.026963 -0.002477
v 0.015665 -0.250000 0.050911
v 0.017062 -0.233037 0.047622
v 0.020994 -0.217630 0.043785
v 0.027070 -0.203428 0.039515
v 0.034900 -0.190085 0.034927
v 0.044095 -0.177249 0.030135
v 0.054264 -0.164571 0.025254
v 0.065019 -0.151704 0.020399
v 0.075968 -0.138296 0.015686
v 0.086723 -0.124000 0.011228
v 0.096892 -0.108465 0.007141
v 0.106087 -0.091344 0.003539
v 0.113917 -0.072286 0.000538
v 0.119993 -0.050942 -0.001748
v 0.123924 -0.026963 -0.003204
v 0.015336 -0.250000 0.051629
v 0.016704 -0.233037 0.048315
v 0.020552 -0.217630 0.044408
v 0.026500 -0.203428 0.040029
v 0.034166 -0.190085 0.035300
v 0.043167 -0.177249 0.030343
v 0.053123 -0.164571 0.025280
v 0.063651 -0.151704 0.020233
v 0.074370 -0.138296 0.015323
v 0.084898 -0.124000 0.010673
v 0.094854 -0.108465 0.006404
v 0.103855 -0.091344 0.002638
v 0.111521 -0.072286 -0.000504
v 0.117469 -0.050942 -0.002898
v 0.121318 -0.026963 -0.004425
v 0.014974 -0.250000 0.052267
v 0.016310 -0.233037 0.048923
v 0.020067 -0.217630 0.044932
v 0.025875 -0.203428 0.040422
v 0.033360 -0.190085 0.035524
v 0.042149 -0.177249 0.030370
v 0.051870 -0.164571 0.025088
v 0.062149 -0.151704 0.019809
v 0.072616 -0.138296 0.014664
v 0.082896 -0.124000 0.009782
v 0.092616 -0.108465 0.005294
v 0.101405 -0.091344 0.001329
v 0.108890 -0.072286 -0.001980
v 0.114698 -0.050942 -0.004506
v 0.118456 -0.026963 -0.006117
v 0.014589 -0.250000 0.052804
v 0.015891 -0.233037 0.049425
v 0.019552 -0.217630 0.045336
v 0.025210 -0.203428 0.040676
v 0.032503 -0.190085 0.035585
v 0.041066 -0.177249 0.030203
v 0.050537 -0.164571 0.024670
v 0.060553 -0.151704 0.019125
v 0.070751 -0.138296 0.013709
v 0.080766 -0.124000 0.008561
v 0.090238 -0.108465 0.003822
v 0.098801 -0.091344 -0.000370
v 0.106093 -0.072286 -0.003873
v 0.111752 -0.050942 -0.006549
v 0.115413 -0.026963 -0.008257
v 0.014191 -0.250000 0.053215
v 0.015457 -0.233037 0.049798
v 0.019019 -0.217630 0.045601
v 0.024523 -0.203428 0.040774
v 0.031616 -0.190085 0.035468
v 0.039946 -0.177249 0.029833
v 0.049159 -0.164571 0.024020
v 0.058901 -0.151704 0.018180
v 0.068821 -0.138296 0.012463
v 0.078563 -0.124000 0.007019
v 0.087776 -0.108465 0.002000
v 0.096106 -0.091344 -0.002444
v 0.103199 -0.072286 -0.006163
v 0.108703 -0.050942 -0.009005
v 0.112265 -0.026963 -0.010821
v 0.013789 -0.250000 0.053478
v 0.015019 -0.233037 0.050020
v 0.018480 -0.217630 0.045706
v 0.023828 -0.203428 0.040697
v 0.030721 -0.190085 0.035158
v 0.038815 -0.177249 0.029248
v 0.047766 -0.164571 0.023132
v 0.057233 -0.151704 0.016971
v 0.066871 -0.138296 0.010927
v 0.076338 -0.124000 0.005163
v 0.085290 -0.108465 -0.000160
v 0.093384 -0.091344 -0.004878
v 0.100276 -0.072286 -0.008830
v 0.105625 -0.050942 -0.011854
v 0.109085 -0.026963 -0.013788
v -0.013977 -0.250000 0.043004
v -0.015203 -0.233037 0.039423
v -0.017019 -0.233037 0.041254
v -0.015625 -0.250000 0.044643
v -0.018655 -0.217630 0.034765
v -0.020940 -0.217630 0.037135
v -0.023990 -0.203428 0.029226
v -0.027000 -0.203428 0.032428
v -0.030865 -0.190085 0.023002
v -0.034810 -0.190085 0.027277
v -0.038939 -0.177249 0.016290
v -0.043981 -0.177249 0.021825
v -0.047868 -0.164571 0.009285
v -0.054125 -0.164571 0.016214
v -0.057311 -0.151704 0.002184
v -0.064852 -0.151704 0.010587
v -0.066925 -0.138296 -0.004816
v -0.075773 -0.138296 0.005087
v -0.076368 -0.124000 -0.011520
v -0.086500 -0.124000 -0.000143
v -0.085297 -0.108465 -0.017731
v -0.096644 -0.108465 -0.004961
v -0.093371 -0.091344 -0.023253
v -0.105815 -0.091344 -0.009222
v -0.100246 -0.072286 -0.027890
v -0.113625 -0.072286 -0.012786
v -0.105581 -0.050942 -0.031444
v -0.119685 -0.050942 -0.015508
v -0.109033 -0.026963 -0.033721
v -0.123606 -0.026963 -0.017246
v -0.012171 -0.250000 0.041651
v -0.013223 -0.233037 0.037905
v -0.016181 -0.217630 0.032784
v -0.020754 -0.203428 0.026528
v -0.026646 -0.190085 0.019381
v -0.033566 -0.177249 0.011584
v -0.041219 -0.164571 0.003380
v -0.049312 -0.151704 -0.004989
v -0.057552 -0.138296 -0.013281
v -0.065645 -0.124000 -0.021254
v -0.073299 -0.108465 -0.028664
v -0.080218 -0.091344 -0.035270
v -0.086111 -0.072286 -0.040830
v -0.090683 -0.050942 -0.045102
v -0.093642 -0.026963 -0.047842
v -0.010231 -0.250000 0.040571
v -0.011100 -0.233037 0.036688
v -0.013545 -0.217630 0.031178
v -0.017324 -0.203428 0.024323
v -0.022194 -0.190085 0.016403
v -0.027912 -0.177249 0.007698
v -0.034237 -0.164571 -0.001510
v -0.040925 -0.151704 -0.010941
v -0.047735 -0.138296 -0.020314
v -0.054423 -0.124000 -0.029348
v -0.060748 -0.108465 -0.037762
v -0.066466 -0.091344 -0.045276
v -0.071336 -0.072286 -0.051609
v -0.075115 -0.050942 -0.056480
v -0.077560 -0.026963 -0.059609
v -0.008178 -0.250000 0.039754
v -0.008859 -0.233037 0.035760
v -0.010774 -0.217630 0.029938
v -0.013734 -0.203428 0.022600
v -0.017548 -0.190085 0.014058
v -0.022027 -0.177249 0.004623
v -0.026980 -0.164571 -0.005392
v -0.032219 -0.151704 -0.015677
v -0.037552 -0.138296 -0.025919
v -0.042791 -0.124000 -0.035807
v -0.047744 -0.108465 -0.045029
v -0.052223 -0.091344 -0.053273
v -0.056038 -0.072286 -0.060228
v -0.058997 -0.050942 -0.065581
v -0.060912 -0.026963 -0.069022
v -0.006034 -0.250000 0.039187
v -0.006522 -0.233037 0.035109
v -0.007894 -0.217630 0.029051
v -0.010015 -0.203428 0.021349
v -0.012748 -0.190085 0.012337
v -0.015958 -0.177249 0.002351
v -0.019508 -0.164571 -0.008274
v -0.023262 -0.151704 -0.019204
v -0.027084 -0.138296 -0.030103
v -0.030838 -0.124000 -0.040635
v -0.034388 -0.108465 -0.050467
v -0.037598 -0.091344 -0.059262
v -0.040331 -0.072286 -0.066687
v -0.042452 -0.050942 -0.072405
v -0.043824 -0.026963 -0.076081
v -0.003821 -0.250000 0.038857
v -0.004112 -0.233037 0.034723
v -0.004933 -0.217630 0.028506
v -0.006202 -0.203428 0.020558
v -0.007836 -0.190085 0.011230
v -0.009756 -0.177249 0.000872
v -0.011879 -0.164571 -0.010164
v -0.014124 -0.151704 -0.021528
v -0.016410 -0.138296 -0.032870
v -0.018656 -0.124000 -0.043837
v -0.020779 -0.108465 -0.054080
v -0.022699 -0.091344 -0.063247
v -0.024333 -0.072286 -0.070988
v -0.025602 -0.050942 -0.076951
v -0.026423 -0.026963 -0.080787
v -0.001559 -0.250000 0.038754
v -0.001653 -0.233037 0.034591
v -0.001917 -0.217630 0.028292
v -0.002326 -0.203428 0.020218
v -0.002852 -0.190085 0.010727
v -0.003469 -0.177249 0.000179
v -0.004152 -0.164571 -0.011069
v -0.004875 -0.151704 -0.022657
v -0.005610 -0.138296 -0.034225
v -0.006333 -0.124000 -0.045416
v -0.007016 -0.108465 -0.055870
v -0.007634 -0.091344 -0.065228
v -0.008160 -0.072286 -0.073132
v -0.008568 -0.050942 -0.079221
v -0.008832 -0.026963 -0.083138
v 0.000727 -0.250000 0.038865
v 0.000832 -0.233037 0.034700
v 0.001126 -0.217630 0.028398
v 0.001580 -0.203428 0.020318
v 0.002166 -0.190085 0.010819
v 0.002853 -0.177249 0.000261
v 0.003613 -0.164571 -0.010997
v 0.004417 -0.151704 -0.022596
v 0.005236 -0.138296 -0.034175
v 0.006040 -0.124000 -0.045377
v 0.006800 -0.108465 -0.055841
v 0.007488 -0.091344 -0.065209
v 0.008073 -0.072286 -0.073120
v 0.008528 -0.050942 -0.079216
v 0.008821 -0.026963 -0.083137
v 0.003018 -0.250000 0.039179
v 0.003320 -0.233037 0.035040
v 0.004170 -0.217630 0.028812
v 0.005483 -0.203428 0.020846
v 0.007175 -0.190085 0.011495
v 0.009162 -0.177249 0.001111
v 0.011359 -0.164571 -0.009956
v 0.013683 -0.151704 -0.021352
v 0.016049 -0.138296 -0.032725
v 0.018373 -0.124000 -0.043724
v 0.020571 -0.108465 -0.053996
v 0.022558 -0.091344 -0.063190
v 0.024250 -0.072286 -0.070954
v 0.025563 -0.050942 -0.076936
v 0.026412 -0.026963 -0.080782
v 0.005291 -0.250000 0.039683
v 0.005789 -0.233037 0.035598
v 0.007188 -0.217630 0.029523
v 0.009350 -0.203428 0.021793
v 0.012136 -0.190085 0.012746
v 0.015408 -0.177249 0.002718
v 0.019027 -0.164571 -0.007953
v 0.022854 -0.151704 -0.018931
v 0.026750 -0.138296 -0.029879
v 0.030577 -0.124000 -0.040461
v 0.034196 -0.108465 -0.050338
v 0.037468 -0.091344 -0.059175
v 0.040254 -0.072286 -0.066635
v 0.042416 -0.050942 -0.072380
v 0.043815 -0.026963 -0.076075
v 0.007525 -0.250000 0.040365
v 0.008214 -0.233037 0.036363
v 0.010152 -0.217630 0.030519
v 0.013148 -0.203428 0.023148
v 0.017009 -0.190085 0.014562
v 0.021542 -0.177249 0.005076
v 0.026557 -0.164571 -0.004996
v 0.031859 -0.151704 -0.015341
v 0.037258 -0.138296 -0.025644
v 0.042561 -0.124000 -0.035592
v 0.047575 -0.108465 -0.044870
v 0.052109 -0.091344 -0.053166
v 0.055970 -0.072286 -0.060164
v 0.058965 -0.050942 -0.065552
v 0.060904 -0.026963 -0.069014
v 0.009697 -0.250000 0.041214
v 0.010572 -0.233037 0.037323
v 0.013036 -0.217630 0.031790
v 0.016845 -0.203428 0.024899
v 0.021753 -0.190085 0.016933
v 0.027516 -0.177249 0.008174
v 0.033890 -0.164571 -0.001094
v 0.040631 -0.151704 -0.010588
v 0.047494 -0.138296 -0.020025
v 0.054235 -0.124000 -0.029122
v 0.060609 -0.108465 -0.037596
v 0.066372 -0.091344 -0.045164
v 0.071280 -0.072286 -0.051542
v 0.075089 -0.050942 -0.056449
v 0.077553 -0.026963 -0.059601
v 0.011785 -0.250000 0.042218
v 0.012841 -0.233037 0.038466
v 0.015814 -0.217630 0.033324
v 0.020408 -0.203428 0.027037
v 0.026328 -0.190085 0.019849
v 0.033280 -0.177249 0.012004
v 0.040969 -0.164571 0.003747
v 0.049100 -0.151704 -0.004677
v 0.057378 -0.138296 -0.013026
v 0.065510 -0.124000 -0.021054
v 0.073198 -0.108465 -0.028517
v 0.080150 -0.091344 -0.035171
v 0.086071 -0.072286 -0.040771
v 0.090664 -0.050942 -0.045074
v 0.093637 -0.026963 -0.047835
v 0.013769 -0.250000 0.043365
v 0.014998 -0.233037 0.039780
v 0.018457 -0.217630 0.035109
v 0.023804 -0.203428 0.029550
v 0.030694 -0.190085 0.023300
v 0.038785 -0.177249 0.016557
v 0.047733 -0.164571 0.009519
v 0.057197 -0.151704 0.002383
v 0.066831 -0.138296 -0.004654
v 0.076295 -0.124000 -0.011393
v 0.085243 -0.108465 -0.017638
v 0.093334 -0.091344 -0.023190
v 0.100224 -0.072286 -0.027852
v 0.105571 -0.050942 -0.031427
v 0.109030 -0.026963 -0.033717
v -0.013786 -0.250000 0.053485
v -0.015016 -0.233037 0.050027
v -0.018477 -0.217630 0.045712
v -0.023825 -0.203428 0.040704
v -0.030718 -0.190085 0.035163
v -0.038812 -0.177249 0.029254
v -0.047764 -0.164571 0.023137
v -0.057231 -0.151704 0.016975
v -0.066870 -0.138296 0.010930
v -0.076337 -0.124000 0.005165
v -0.085289 -0.108465 -0.000158
v -0.093383 -0.091344 -0.004877
v -0.100276 -0.072286 -0.008830
v -0.105624 -0.050942 -0.011854
v -0.109085 -0.026963 -0.013788
v -0.014179 -0.250000 0.053241
v -0.015444 -0.233037 0.049824
v -0.019006 -0.217630 0.045625
v -0.024511 -0.203428 0.040797
v -0.031606 -0.190085 0.035489
v -0.039937 -0.177249 0.029852
v -0.049150 -0.164571 0.024037
v -0.058894 -0.151704 0.018194
v -0.068815 -0.138296 0.012474
v -0.078559 -0.124000 0.007028
v -0.087773 -0.108465 0.002007
v -0.096103 -0.091344 -0.002439
v -0.103198 -0.072286 -0.006160
v -0.108703 -0.050942 -0.009004
v -0.112265 -0.026963 -0.010821
v -0.014563 -0.250000 0.052857
v -0.015864 -0.233037 0.049478
v -0.019527 -0.217630 0.045387
v -0.025187 -0.203428 0.040724
v -0.032481 -0.190085 0.035629
v -0.041046 -0.177249 0.030243
v -0.050520 -0.164571 0.024705
v -0.060539 -0.151704 0.019155
v -0.070739 -0.138296 0.013733
v -0.080757 -0.124000 0.008580
v -0.090231 -0.108465 0.003836
v -0.098796 -0.091344 -0.000360
v -0.106091 -0.072286 -0.003868
v -0.111751 -0.050942 -0.006546
v -0.115413 -0.026963 -0.008256
v -0.014930 -0.250000 0.052354
v -0.016266 -0.233037 0.049009
v -0.020026 -0.217630 0.045014
v -0.025836 -0.203428 0.040500
v -0.033324 -0.190085 0.035596
v -0.042117 -0.177249 0.030434
v -0.051841 -0.164571 0.025144
v -0.062126 -0.151704 0.019857
v -0.072596 -0.138296 0.014703
v -0.082880 -0.124000 0.009812
v -0.092605 -0.108465 0.005316
v -0.101398 -0.091344 0.001345
v -0.108886 -0.072286 -0.001971
v -0.114696 -0.050942 -0.004502
v -0.118455 -0.026963 -0.006116
v -0.015274 -0.250000 0.051753
v -0.016642 -0.233037 0.048437
v -0.020493 -0.217630 0.044526
v -0.026445 -0.203428 0.040140
v -0.034115 -0.190085 0.035402
v -0.043121 -0.177249 0.030435
v -0.053083 -0.164571 0.025361
v -0.063617 -0.151704 0.020301
v -0.074342 -0.138296 0.015379
v -0.084876 -0.124000 0.010717
v -0.094838 -0.108465 0.006436
v -0.103845 -0.091344 0.002659
v -0.111514 -0.072286 -0.000491
v -0.117466 -0.050942 -0.002892
v -0.121317 -0.026963 -0.004423
v -0.015585 -0.250000 0.051071
v -0.016983 -0.233037 0.047781
v -0.020918 -0.217630 0.043938
v -0.026998 -0.203428 0.039659
v -0.034834 -0.190085 0.035059
v -0.044035 -0.177249 0.030253
v -0.054212 -0.164571 0.025358
v -0.064975 -0.151704 0.020487
v -0.075932 -0.138296 0.015758
v -0.086694 -0.124000 0.011284
v -0.096871 -0.108465 0.007182
v -0.106073 -0.091344 0.003567
v -0.113909 -0.072286 0.000555
v -0.119989 -0.050942 -0.001740
v -0.123923 -0.026963 -0.003201
v -0.015856 -0.250000 0.050331
v -0.017280 -0.233037 0.047059
v -0.021287 -0.217630 0.043269
v -0.027480 -0.203428 0.039073
v -0.035461 -0.190085 0.034579
v -0.044833 -0.177249 0.029898
v -0.055199 -0.164571 0.025140
v -0.066160 -0.151704 0.020416
v -0.077320 -0.138296 0.015835
v -0.088282 -0.124000 0.011507
v -0.098647 -0.108465 0.007543
v -0.108019 -0.091344 0.004053
v -0.116000 -0.072286 0.001146
v -0.122193 -0.050942 -0.001066
v -0.126200 -0.026963 -0.002474
v -0.016079 -0.250000 0.049550
v -0.017524 -0.233037 0.046291
v -0.021591 -0.217630 0.042538
v -0.027877 -0.203428 0.038397
v -0.035977 -0.190085 0.033974
v -0.045489 -0.177249 0.029378
v -0.056010 -0.164571 0.024713
v -0.067135 -0.151704 0.020087
v -0.078462 -0.138296 0.015606
v -0.089588 -0.124000 0.011376
v -0.100108 -0.108465 0.007505
v -0.109620 -0.091344 0.004099
v -0.117721 -0.072286 0.001264
v -0.124006 -0.050942 -0.000893
v -0.128073 -0.026963 -0.002265
v -0.016246 -0.250000 0.048750
v -0.017707 -0.233037 0.045497
v -0.021819 -0.217630 0.041761
v -0.028173 -0.203428 0.037646
v -0.036362 -0.190085 0.033258
v -0.045978 -0.177249 0.028701
v -0.056614 -0.164571 0.024080
v -0.067862 -0.151704 0.019500
v -0.079313 -0.138296 0.015066
v -0.090560 -0.124000 0.010884
v -0.101196 -0.108465 0.007057
v -0.110812 -0.091344 0.003690
v -0.119002 -0.072286 0.000889
v -0.125356 -0.050942 -0.001241
v -0.129467 -0.026963 -0.002596
v -0.016349 -0.250000 0.047950
v -0.017819 -0.233037 0.044695
v -0.021958 -0.217630 0.040956
v -0.028353 -0.203428 0.036836
v -0.036596 -0.190085 0.032440
v -0.046275 -0.177249 0.027875
v -0.056980 -0.164571 0.023246
v -0.068301 -0.151704 0.018656
v -0.079827 -0.138296 0.014213
v -0.091148 -0.124000 0.010021
v -0.101853 -0.108465 0.006185
v -0.111532 -0.091344 0.002810
v -0.119774 -0.072286 0.000003
v -0.126170 -0.050942 -0.002133
v -0.130308 -0.026963 -0.003492
v -0.016380 -0.250000 0.047169
v -0.017853 -0.233037 0.043906
v -0.021998 -0.217630 0.040141
v -0.028404 -0.203428 0.035981
v -0.036659 -0.190085 0.031535
v -0.046354 -0.177249 0.026910
v -0.057076 -0.164571 0.022215
v -0.068415 -0.151704 0.017556
v -0.079959 -0.138296 0.013041
v -0.091298 -0.124000 0.008779
v -0.102020 -0.108465 0.004877
v -0.111715 -0.091344 0.001443
v -0.119971 -0.072286 -0.001416
v -0.126377 -0.050942 -0.003591
v -0.130522 -0.026963 -0.004975
v -0.016331 -0.250000 0.046429
v -0.017798 -0.233037 0.043148
v -0.021927 -0.217630 0.039333
v -0.028308 -0.203428 0.035098
v -0.036532 -0.190085 0.030554
v -0.046189 -0.177249 0.025814
v -0.056870 -0.164571 0.020991
v -0.068165 -0.151704 0.016198
v -0.079665 -0.138296 0.011547
v -0.090960 -0.124000 0.007151
v -0.101641 -0.108465 0.003121
v -0.111298 -0.091344 -0.000428
v -0.119522 -0.072286 -0.003384
v -0.125904 -0.050942 -0.005635
v -0.130033 -0.026963 -0.007069
v -0.016194 -0.250000 0.045747
v -0.017647 -0.233037 0.042440
v -0.021735 -0.217630 0.038551
v -0.028052 -0.203428 0.034201
v -0.036195 -0.190085 0.029509
v -0.045756 -0.177249 0.024596
v -0.056331 -0.164571 0.019581
v -0.067514 -0.151704 0.014584
v -0.078900 -0.138296 0.009726
v -0.090082 -0.124000 0.005126
v -0.100657 -0.108465 0.000905
v -0.110219 -0.091344 -0.002818
v -0.118361 -0.072286 -0.005922
v -0.124679 -0.050942 -0.008289
v -0.128767 -0.026963 -0.009796
v -0.015961 -0.250000 0.045146
v -0.017390 -0.233037 0.041802
v -0.021409 -0.217630 0.037813
v -0.027621 -0.203428 0.033306
v -0.035627 -0.190085 0.028413
v -0.045029 -0.177249 0.023263
v -0.055426 -0.164571 0.017987
v -0.066422 -0.151704 0.012714
v -0.077617 -0.138296 0.007574
v -0.088613 -0.124000 0.002698
v -0.099011 -0.108465 -0.001785
v -0.108412 -0.091344 -0.005744
v -0.116418 -0.072286 -0.009050
v -0.122630 -0.050942 -0.011572
v -0.126650 -0.026963 -0.013181
v 0.037728 -0.857143 0.037381
v 0.037397 -0.820962 0.041143
v 0.044245 -0.820963 0.039497
v 0.044643 -0.857143 0.035714
v 0.036467 -0.783892 0.045184
v 0.043124 -0.783892 0.043598
v 0.035030 -0.745996 0.049350
v 0.041393 -0.745996 0.047857
v 0.033177 -0.707338 0.053491
v 0.039161 -0.707338 0.052116
v 0.031002 -0.667981 0.057451
v 0.036541 -0.667981 0.056217
v 0.028597 -0.627990 0.061080
v 0.033643 -0.627990 0.060000
v 0.026053 -0.587427 0.064223
v 0.030578 -0.587427 0.063307
v 0.023462 -0.546356 0.066729
v 0.027458 -0.546356 0.065979
v 0.020918 -0.504842 0.068444
v 0.024393 -0.504842 0.067857
v 0.018513 -0.462947 0.069215
v 0.021495 -0.462947 0.068783
v 0.016338 -0.420736 0.068890
v 0.018874 -0.420736 0.068598
v 0.014485 -0.378272 0.067316
v 0.016643 -0.378272 0.067143
v 0.013048 -0.335619 0.064340
v 0.014911 -0.335619 0.064259
v 0.012118 -0.292840 0.059810
v 0.013791 -0.292840 0.059788
v 0.031225 -0.857143 0.038810
v 0.030956 -0.820963 0.042553
v 0.030199 -0.783892 0.046543
v 0.029028 -0.745996 0.050630
v 0.027520 -0.707338 0.054669
v 0.025749 -0.667981 0.058510
v 0.023791 -0.627990 0.062006
v 0.021719 -0.587427 0.065009
v 0.019610 -0.546356 0.067372
v 0.017539 -0.504842 0.068947
v 0.015580 -0.462947 0.069586
v 0.013809 -0.420736 0.069141
v 0.012301 -0.378272 0.067465
v 0.011131 -0.335619 0.064410
v 0.010374 -0.292840 0.059828
v 0.025071 -0.857143 0.040000
v 0.024858 -0.820963 0.043728
v 0.024259 -0.783892 0.047675
v 0.023333 -0.745996 0.051697
v 0.022140 -0.707338 0.055650
v 0.020738 -0.667981 0.059392
v 0.019188 -0.627990 0.062777
v 0.017549 -0.587427 0.065664
v 0.015880 -0.546356 0.067908
v 0.014240 -0.504842 0.069366
v 0.012690 -0.462947 0.069894
v 0.011289 -0.420736 0.069350
v 0.010095 -0.378272 0.067589
v 0.009169 -0.335619 0.064467
v 0.008570 -0.292840 0.059843
v 0.019204 -0.857143 0.040952
v 0.019043 -0.820962 0.044669
v 0.018589 -0.783892 0.048581
v 0.017888 -0.745996 0.052550
v 0.016985 -0.707338 0.056436
v 0.015924 -0.667981 0.060097
v 0.014751 -0.627990 0.063394
v 0.013511 -0.587427 0.066187
v 0.012248 -0.546356 0.068336
v 0.011007 -0.504842 0.069701
v 0.009834 -0.462947 0.070141
v 0.008774 -0.420736 0.069517
v 0.007871 -0.378272 0.067688
v 0.007170 -0.335619 0.064514
v 0.006716 -0.292840 0.059855
v 0.013558 -0.857143 0.041667
v 0.013446 -0.820963 0.045374
v 0.013128 -0.783892 0.049261
v 0.012638 -0.745996 0.053190
v 0.012007 -0.707338 0.057025
v 0.011265 -0.667981 0.060626
v 0.010444 -0.627990 0.063857
v 0.009577 -0.587427 0.066580
v 0.008693 -0.546356 0.068658
v 0.007826 -0.504842 0.069952
v 0.007005 -0.462947 0.070326
v 0.006264 -0.420736 0.069642
v 0.005632 -0.378272 0.067762
v 0.005142 -0.335619 0.064548
v 0.004825 -0.292840 0.059864
v 0.008071 -0.857143 0.042143
v 0.008005 -0.820963 0.045844
v 0.007817 -0.783892 0.049714
v 0.007527 -0.745996 0.053617
v 0.007154 -0.707338 0.057417
v 0.006715 -0.667981 0.060979
v 0.006230 -0.627990 0.064166
v 0.005716 -0.587427 0.066842
v 0.005194 -0.546356 0.068872
v 0.004681 -0.504842 0.070120
v 0.004196 -0.462947 0.070450
v 0.003757 -0.420736 0.069725
v 0.003383 -0.378272 0.067811
v 0.003093 -0.335619 0.064572
v 0.002906 -0.292840 0.059870
v 0.002680 -0.857143 0.042381
v 0.002658 -0.820962 0.046079
v 0.002596 -0.783892 0.049941
v 0.002500 -0.745996 0.053830
v 0.002376 -0.707338 0.057614
v 0.002231 -0.667981 0.061155
v 0.002070 -0.627990 0.064320
v 0.001901 -0.587427 0.066973
v 0.001728 -0.546356 0.068979
v 0.001558 -0.504842 0.070204
v 0.001397 -0.462947 0.070511
v 0.001252 -0.420736 0.069767
v 0.001128 -0.378272 0.067836
v 0.001032 -0.335619 0.064583
v 0.000970 -0.292840 0.059873
v -0.002680 -0.857143 0.042381
v -0.002658 -0.820962 0.046079
v -0.002596 -0.783892 0.049941
v -0.002500 -0.745996 0.053830
v -0.002376 -0.707338 0.057614
v -0.002231 -0.667981 0.061155
v -0.002070 -0.627990 0.064320
v -0.001901 -0.587427 0.066973
v -0.001728 -0.546356 0.068979
v -0.001558 -0.504842 0.070204
v -0.001397 -0.462947 0.070511
v -0.001252 -0.420736 0.069767
v -0.001128 -0.378272 0.067836
v -0.001032 -0.335619 0.064583
v -0.000970 -0.292840 0.059873
v -0.008071 -0.857143 0.042143
v -0.008005 -0.820963 0.045844
v -0.007817 -0.783892 0.049714
v -0.007527 -0.745996 0.053617
v -0.007154 -0.707338 0.057417
v -0.006715 -0.667981 0.060979
v -0.006230 -0.627990 0.064166
v -0.005716 -0.587427 0.066842
v -0.005194 -0.546356 0.068872
v -0.004681 -0.504842 0.070120
v -0.004196 -0.462947 0.070450
v -0.003757 -0.420736 0.069725
v -0.003383 -0.378272 0.067811
v -0.003093 -0.335619 0.064572
v -0.002906 -0.292840 0.059870
v -0.013558 -0.857143 0.041667
v -0.013446 -0.820963 0.045374
v -0.013128 -0.783892 0.049261
v -0.012638 -0.745996 0.053190
v -0.012007 -0.707338 0.057025
v -0.011265 -0.667981 0.060626
v -0.010444 -0.627990 0.063857
v -0.009577 -0.587427 0.066580
v -0.008693 -0.546356 0.068658
v -0.007826 -0.504842 0.069952
v -0.007005 -0.462947 0.070326
v -0.006264 -0.420736 0.069642
v -0.005632 -0.378272 0.067762
v -0.005142 -0.335619 0.064548
v -0.004825 -0.292840 0.059864
v -0.019204 -0.857143 0.040952
v -0.019043 -0.820963 0.044669
v -0.018589 -0.783892 0.048581
v -0.017888 -0.745996 0.052550
v -0.016985 -0.707338 0.056436
v -0.015924 -0.667981 0.060097
v -0.014751 -0.627990 0.063394
v -0.013511 -0.587426 0.066187
v -0.012248 -0.546356 0.068336
v -0.011007 -0.504842 0.069701
v -0.009834 -0.462947 0.070141
v -0.008774 -0.420736 0.069517
v -0.007871 -0.378272 0.067688
v -0.007170 -0.335619 0.064514
v -0.006716 -0.292840 0.059855
v -0.025071 -0.857143 0.040000
v -0.024858 -0.820963 0.043728
v -0.024259 -0.783892 0.047675
v -0.023333 -0.745996 0.051697
v -0.022140 -0.707338 0.055650
v -0.020738 -0.667981 0.059392
v -0.019188 -0.627990 0.062777
v -0.017549 -0.587427 0.065664
v -0.015880 -0.546356 0.067908
v -0.014240 -0.504842 0.069366
v -0.012690 -0.462947 0.069894
v -0.011289 -0.420736 0.069350
v -0.010095 -0.378272 0.067589
v -0.009169 -0.335619 0.064467
v -0.008570 -0.292840 0.059843
v -0.031225 -0.857143 0.038810
v -0.030956 -0.820962 0.042553
v -0.030199 -0.783892 0.046543
v -0.029028 -0.745996 0.050630
v -0.027520 -0.707338 0.054669
v -0.025749 -0.667981 0.058510
v -0.023791 -0.627990 0.062006
v -0.021719 -0.587427 0.065009
v -0.019610 -0.546356 0.067372
v -0.017539 -0.504842 0.068947
v -0.015580 -0.462947 0.069586
v -0.013809 -0.420736 0.069141
v -0.012301 -0.378272 0.067465
v -0.011131 -0.335619 0.064410
v -0.010374 -0.292840 0.059828
v -0.037728 -0.857143 0.037381
v -0.037397 -0.820963 0.041143
v -0.036467 -0.783892 0.045184
v -0.035030 -0.745996 0.049350
v -0.033177 -0.707338 0.053491
v -0.031002 -0.667981 0.057451
v -0.028597 -0.627990 0.061080
v -0.026053 -0.587426 0.064223
v -0.023462 -0.546356 0.066729
v -0.020918 -0.504842 0.068444
v -0.018513 -0.462947 0.069215
v -0.016338 -0.420736 0.068890
v -0.014485 -0.378272 0.067316
v -0.013048 -0.335619 0.064340
v -0.012118 -0.292840 0.059810
v -0.044643 -0.857143 0.035714
v -0.044245 -0.820963 0.039497
v -0.043124 -0.783892 0.043598
v -0.041393 -0.745996 0.047857
v -0.039161 -0.707338 0.052116
v -0.036541 -0.667981 0.056217
v -0.033643 -0.627990 0.060000
v -0.030578 -0.587427 0.063307
v -0.027458 -0.546356 0.065979
v -0.024393 -0.504842 0.067857
v -0.021495 -0.462947 0.068783
v -0.018874 -0.420736 0.068598
v -0.016643 -0.378272 0.067143
v -0.014911 -0.335619 0.064259
v -0.013791 -0.292840 0.059788
v 0.046310 -0.857143 0.017668
v 0.045924 -0.820962 0.021572
v 0.044273 -0.820963 0.021754
v 0.044643 -0.857143 0.017857
v 0.044837 -0.783892 0.026014
v 0.043233 -0.783892 0.026175
v 0.043158 -0.745996 0.030801
v 0.041625 -0.745996 0.030929
v 0.040995 -0.707338 0.035741
v 0.039553 -0.707338 0.035825
v 0.038454 -0.667981 0.040640
v 0.037120 -0.667981 0.040675
v 0.035644 -0.627990 0.045306
v 0.034429 -0.627990 0.045286
v 0.032672 -0.587427 0.049547
v 0.031583 -0.587427 0.049468
v 0.029647 -0.546356 0.053170
v 0.028685 -0.546356 0.053032
v 0.026675 -0.504842 0.055982
v 0.025839 -0.504842 0.055786
v 0.023865 -0.462947 0.057791
v 0.023148 -0.462947 0.057540
v 0.021325 -0.420736 0.058404
v 0.020715 -0.420736 0.058103
v 0.019161 -0.378272 0.057629
v 0.018643 -0.378272 0.057286
v 0.017482 -0.335619 0.055274
v 0.017035 -0.335619 0.054897
v 0.016396 -0.292840 0.051144
v 0.015995 -0.292840 0.050746
v 0.047738 -0.857143 0.017951
v 0.047337 -0.820963 0.021859
v 0.046209 -0.783893 0.026309
v 0.044466 -0.745997 0.031110
v 0.042220 -0.707338 0.036067
v 0.039582 -0.667982 0.040987
v 0.036664 -0.627990 0.045676
v 0.033578 -0.587427 0.049942
v 0.030437 -0.546357 0.053589
v 0.027352 -0.504842 0.056426
v 0.024434 -0.462948 0.058258
v 0.021796 -0.420737 0.058892
v 0.019549 -0.378273 0.058135
v 0.017806 -0.335619 0.055793
v 0.016678 -0.292841 0.051672
v 0.048929 -0.857143 0.018643
v 0.048515 -0.820963 0.022550
v 0.047350 -0.783893 0.026998
v 0.045550 -0.745997 0.031796
v 0.043229 -0.707339 0.036749
v 0.040505 -0.667982 0.041664
v 0.037492 -0.627991 0.046348
v 0.034305 -0.587428 0.050608
v 0.031061 -0.546357 0.054250
v 0.027874 -0.504843 0.057081
v 0.024861 -0.462949 0.058908
v 0.022137 -0.420737 0.059537
v 0.019817 -0.378273 0.058776
v 0.018016 -0.335620 0.056430
v 0.016851 -0.292841 0.052308
v 0.049881 -0.857143 0.019680
v 0.049456 -0.820963 0.023583
v 0.048259 -0.783893 0.028020
v 0.046409 -0.745997 0.032800
v 0.044026 -0.707339 0.037729
v 0.041226 -0.667983 0.042618
v 0.038131 -0.627991 0.047272
v 0.034857 -0.587429 0.051500
v 0.031524 -0.546358 0.055110
v 0.028250 -0.504844 0.057909
v 0.025154 -0.462950 0.059706
v 0.022355 -0.420738 0.060309
v 0.019971 -0.378274 0.059524
v 0.018121 -0.335621 0.057161
v 0.016925 -0.292841 0.053027
v 0.050595 -0.857143 0.020999
v 0.050160 -0.820963 0.024894
v 0.048937 -0.783893 0.029312
v 0.047046 -0.745997 0.034061
v 0.044610 -0.707339 0.038952
v 0.041749 -0.667983 0.043795
v 0.038584 -0.627992 0.048398
v 0.035237 -0.587429 0.052573
v 0.031830 -0.546359 0.056128
v 0.028484 -0.504845 0.058874
v 0.025319 -0.462951 0.060620
v 0.022458 -0.420739 0.061177
v 0.020021 -0.378275 0.060354
v 0.018131 -0.335621 0.057960
v 0.016907 -0.292842 0.053806
v 0.051071 -0.857143 0.022536
v 0.050629 -0.820963 0.026422
v 0.049385 -0.783893 0.030814
v 0.047462 -0.745997 0.035523
v 0.044984 -0.707340 0.040361
v 0.042074 -0.667984 0.045143
v 0.038855 -0.627993 0.049678
v 0.035451 -0.587430 0.053781
v 0.031986 -0.546360 0.057264
v 0.028582 -0.504846 0.059938
v 0.025364 -0.462952 0.061617
v 0.022454 -0.420740 0.062112
v 0.019976 -0.378276 0.061237
v 0.018053 -0.335622 0.058803
v 0.016808 -0.292842 0.054623
v 0.051310 -0.857143 0.024227
v 0.050862 -0.820963 0.028103
v 0.049603 -0.783893 0.032463
v 0.047657 -0.745998 0.037124
v 0.045149 -0.707340 0.041900
v 0.042204 -0.667984 0.046608
v 0.038947 -0.627993 0.051063
v 0.035503 -0.587431 0.055080
v 0.031996 -0.546361 0.058476
v 0.028552 -0.504847 0.061064
v 0.025295 -0.462953 0.062662
v 0.022350 -0.420741 0.063084
v 0.019842 -0.378277 0.062146
v 0.017896 -0.335623 0.059664
v 0.016637 -0.292843 0.055453
v 0.051310 -0.857143 0.026011
v 0.050859 -0.820963 0.029873
v 0.049591 -0.783893 0.034199
v 0.047632 -0.745998 0.038805
v 0.045108 -0.707340 0.043512
v 0.042143 -0.667984 0.048138
v 0.038864 -0.627994 0.052503
v 0.035397 -0.587432 0.056425
v 0.031866 -0.546362 0.059722
v 0.028399 -0.504848 0.062216
v 0.025120 -0.462953 0.063723
v 0.022155 -0.420742 0.064063
v 0.019630 -0.378277 0.063056
v 0.017671 -0.335623 0.060520
v 0.016404 -0.292843 0.056274
v 0.051071 -0.857143 0.027821
v 0.050620 -0.820963 0.031671
v 0.049351 -0.783893 0.035959
v 0.047389 -0.745998 0.040508
v 0.044861 -0.707341 0.045141
v 0.041892 -0.667985 0.049681
v 0.038608 -0.627994 0.053949
v 0.035136 -0.587432 0.057769
v 0.031601 -0.546362 0.060963
v 0.028128 -0.504848 0.063355
v 0.024845 -0.462954 0.064766
v 0.021876 -0.420743 0.065020
v 0.019348 -0.378278 0.063938
v 0.017386 -0.335624 0.061345
v 0.016116 -0.292843 0.057061
v 0.050595 -0.857143 0.029597
v 0.050146 -0.820963 0.033433
v 0.048882 -0.783893 0.037683
v 0.046928 -0.745998 0.042174
v 0.044410 -0.707341 0.046731
v 0.041454 -0.667985 0.051182
v 0.038184 -0.627994 0.055352
v 0.034726 -0.587432 0.059068
v 0.031205 -0.546362 0.062157
v 0.027747 -0.504848 0.064445
v 0.024477 -0.462954 0.065758
v 0.021521 -0.420743 0.065923
v 0.019003 -0.378278 0.064766
v 0.017049 -0.335624 0.062114
v 0.015785 -0.292843 0.057793
v 0.049881 -0.857143 0.031272
v 0.049436 -0.820963 0.035095
v 0.048185 -0.783893 0.039309
v 0.046251 -0.745998 0.043742
v 0.043758 -0.707341 0.048225
v 0.040831 -0.667985 0.052589
v 0.037594 -0.627994 0.056663
v 0.034170 -0.587432 0.060277
v 0.030685 -0.546362 0.063263
v 0.027261 -0.504848 0.065449
v 0.024024 -0.462954 0.066665
v 0.021097 -0.420743 0.066743
v 0.018604 -0.378278 0.065512
v 0.016670 -0.335624 0.062803
v 0.015419 -0.292843 0.058444
v 0.048929 -0.857143 0.032786
v 0.048491 -0.820963 0.036596
v 0.047260 -0.783893 0.040774
v 0.045357 -0.745998 0.045153
v 0.042905 -0.707340 0.049567
v 0.040026 -0.667984 0.053849
v 0.036841 -0.627994 0.057832
v 0.033473 -0.587431 0.061351
v 0.030045 -0.546362 0.064239
v 0.026677 -0.504848 0.066329
v 0.023492 -0.462953 0.067455
v 0.020613 -0.420742 0.067451
v 0.018161 -0.378277 0.066150
v 0.016258 -0.335623 0.063386
v 0.015027 -0.292843 0.058993
v 0.047738 -0.857143 0.034073
v 0.047311 -0.820963 0.037872
v 0.046108 -0.783893 0.042019
v 0.044249 -0.745998 0.046349
v 0.041854 -0.707340 0.050700
v 0.039041 -0.667984 0.054909
v 0.035930 -0.627993 0.058811
v 0.032640 -0.587430 0.062244
v 0.029290 -0.546360 0.065044
v 0.026000 -0.504846 0.067048
v 0.022889 -0.462952 0.068093
v 0.020076 -0.420741 0.068016
v 0.017680 -0.378276 0.066653
v 0.015822 -0.335622 0.063840
v 0.014619 -0.292842 0.059416
v 0.046310 -0.857143 0.035070
v 0.045895 -0.820963 0.038860
v 0.044729 -0.783893 0.042980
v 0.042927 -0.745997 0.047270
v 0.040605 -0.707339 0.051569
v 0.037878 -0.667983 0.055716
v 0.034862 -0.627991 0.059550
v 0.031673 -0.587429 0.062911
v 0.028426 -0.546358 0.065638
v 0.025237 -0.504844 0.067570
v 0.022221 -0.462950 0.068547
v 0.019494 -0.420739 0.068408
v 0.017172 -0.378274 0.066993
v 0.015370 -0.335621 0.064140
v 0.014204 -0.292841 0.059688
v -0.037728 -0.857143 0.019524
v -0.037425 -0.820962 0.023378
v -0.044273 -0.820963 0.021754
v -0.044643 -0.857143 0.017857
v -0.036573 -0.783892 0.027681
v -0.043233 -0.783892 0.026175
v -0.035257 -0.745996 0.032251
v -0.041625 -0.745996 0.030929
v -0.033561 -0.707338 0.036912
v -0.039553 -0.707338 0.035825
v -0.031570 -0.667981 0.041484
v -0.037120 -0.667981 0.040675
v -0.029367 -0.627990 0.045789
v -0.034429 -0.627990 0.045286
v -0.027038 -0.587427 0.049647
v -0.031583 -0.587427 0.049468
v -0.024666 -0.546356 0.052881
v -0.028685 -0.546356 0.053032
v -0.022337 -0.504842 0.055310
v -0.025839 -0.504842 0.055786
v -0.020134 -0.462947 0.056758
v -0.023148 -0.462947 0.057540
v -0.018143 -0.420736 0.057044
v -0.020715 -0.420736 0.058103
v -0.016447 -0.378272 0.055991
v -0.018643 -0.378272 0.057286
v -0.015131 -0.335619 0.053419
v -0.017035 -0.335619 0.054897
v -0.014279 -0.292840 0.049149
v -0.015995 -0.292840 0.050746
v -0.031225 -0.857143 0.020952
v -0.030982 -0.820963 0.024772
v -0.030299 -0.783893 0.028974
v -0.029243 -0.745997 0.033391
v -0.027883 -0.707338 0.037853
v -0.026285 -0.667982 0.042192
v -0.024518 -0.627990 0.046238
v -0.022649 -0.587427 0.049824
v -0.020747 -0.546357 0.052779
v -0.018878 -0.504842 0.054936
v -0.017111 -0.462948 0.056126
v -0.015514 -0.420737 0.056179
v -0.014153 -0.378273 0.054927
v -0.013097 -0.335619 0.052201
v -0.012414 -0.292841 0.047832
v -0.025071 -0.857143 0.022143
v -0.024882 -0.820963 0.025933
v -0.024350 -0.783893 0.030054
v -0.023528 -0.745997 0.034345
v -0.022468 -0.707339 0.038645
v -0.021224 -0.667982 0.042794
v -0.019848 -0.627991 0.046630
v -0.018392 -0.587428 0.049993
v -0.016911 -0.546357 0.052722
v -0.015455 -0.504843 0.054656
v -0.014079 -0.462949 0.055635
v -0.012835 -0.420737 0.055498
v -0.011775 -0.378273 0.054083
v -0.010953 -0.335620 0.051231
v -0.010421 -0.292841 0.046781
v -0.019204 -0.857143 0.023095
v -0.019063 -0.820963 0.026863
v -0.018668 -0.783893 0.030921
v -0.018057 -0.745997 0.035113
v -0.017270 -0.707339 0.039287
v -0.016345 -0.667983 0.043287
v -0.015323 -0.627991 0.046959
v -0.014242 -0.587429 0.050148
v -0.013141 -0.546358 0.052701
v -0.012059 -0.504844 0.054462
v -0.011037 -0.462950 0.055276
v -0.010112 -0.420738 0.054991
v -0.009325 -0.378274 0.053450
v -0.008714 -0.335621 0.050500
v -0.008319 -0.292841 0.045986
v -0.013558 -0.857143 0.023809
v -0.013462 -0.820963 0.027561
v -0.013193 -0.783893 0.031573
v -0.012776 -0.745997 0.035694
v -0.012238 -0.707339 0.039777
v -0.011608 -0.667983 0.043669
v -0.010910 -0.627992 0.047222
v -0.010172 -0.587429 0.050286
v -0.009421 -0.546359 0.052710
v -0.008683 -0.504845 0.054345
v -0.007985 -0.462951 0.055041
v -0.007354 -0.420739 0.054648
v -0.006817 -0.378275 0.053016
v -0.006400 -0.335621 0.049995
v -0.006130 -0.292842 0.045435
v -0.008071 -0.857143 0.024286
v -0.008017 -0.820963 0.028027
v -0.007865 -0.783893 0.032010
v -0.007629 -0.745997 0.036087
v -0.007326 -0.707340 0.040111
v -0.006969 -0.667984 0.043936
v -0.006575 -0.627993 0.047415
v -0.006158 -0.587430 0.050399
v -0.005734 -0.546360 0.052743
v -0.005317 -0.504846 0.054299
v -0.004923 -0.462952 0.054921
v -0.004566 -0.420740 0.054460
v -0.004263 -0.378276 0.052770
v -0.004027 -0.335622 0.049705
v -0.003875 -0.292842 0.045116
v -0.002680 -0.857143 0.024524
v -0.002666 -0.820963 0.028261
v -0.002625 -0.783893 0.032231
v -0.002563 -0.745998 0.036289
v -0.002483 -0.707340 0.040290
v -0.002389 -0.667984 0.044086
v -0.002286 -0.627993 0.047533
v -0.002176 -0.587431 0.050484
v -0.002064 -0.546361 0.052794
v -0.001954 -0.504847 0.054316
v -0.001850 -0.462953 0.054906
v -0.001756 -0.420741 0.054417
v -0.001676 -0.378277 0.052703
v -0.001614 -0.335623 0.049618
v -0.001574 -0.292843 0.045017
v 0.002680 -0.857143 0.024524
v 0.002655 -0.820963 0.028262
v 0.002585 -0.783893 0.032237
v 0.002477 -0.745998 0.036301
v 0.002337 -0.707340 0.040309
v 0.002174 -0.667984 0.044115
v 0.001993 -0.627994 0.047572
v 0.001801 -0.587432 0.050534
v 0.001606 -0.546362 0.052855
v 0.001415 -0.504848 0.054388
v 0.001234 -0.462953 0.054988
v 0.001070 -0.420742 0.054508
v 0.000931 -0.378277 0.052802
v 0.000822 -0.335623 0.049724
v 0.000752 -0.292843 0.045127
v 0.008071 -0.857143 0.024286
v 0.008007 -0.820963 0.028031
v 0.007826 -0.783893 0.032025
v 0.007546 -0.745998 0.036120
v 0.007185 -0.707341 0.040168
v 0.006761 -0.667985 0.044020
v 0.006293 -0.627994 0.047528
v 0.005797 -0.587432 0.050544
v 0.005293 -0.546362 0.052920
v 0.004797 -0.504848 0.054508
v 0.004328 -0.462954 0.055159
v 0.003905 -0.420743 0.054725
v 0.003544 -0.378278 0.053058
v 0.003264 -0.335624 0.050010
v 0.003083 -0.292843 0.045433
v 0.013558 -0.857143 0.023809
v 0.013453 -0.820963 0.027567
v 0.013157 -0.783893 0.031597
v 0.012698 -0.745998 0.035746
v 0.012108 -0.707341 0.039864
v 0.011415 -0.667985 0.043798
v 0.010648 -0.627994 0.047397
v 0.009838 -0.587432 0.050509
v 0.009012 -0.546362 0.052983
v 0.008201 -0.504848 0.054667
v 0.007435 -0.462954 0.055409
v 0.006741 -0.420743 0.055057
v 0.006151 -0.378278 0.053460
v 0.005693 -0.335624 0.050467
v 0.005397 -0.292843 0.045925
v 0.019204 -0.857143 0.023095
v 0.019055 -0.820963 0.026871
v 0.018636 -0.783893 0.030950
v 0.017989 -0.745998 0.035177
v 0.017155 -0.707341 0.039394
v 0.016176 -0.667985 0.043446
v 0.015093 -0.627994 0.047174
v 0.013947 -0.587432 0.050423
v 0.012781 -0.546362 0.053037
v 0.011636 -0.504848 0.054858
v 0.010553 -0.462954 0.055729
v 0.009573 -0.420743 0.055495
v 0.008739 -0.378278 0.053998
v 0.008092 -0.335624 0.051081
v 0.007674 -0.292843 0.046589
v 0.025071 -0.857143 0.022143
v 0.024876 -0.820963 0.025941
v 0.024324 -0.783893 0.030085
v 0.023472 -0.745998 0.034412
v 0.022375 -0.707340 0.038758
v 0.021085 -0.667984 0.042960
v 0.019660 -0.627994 0.046856
v 0.018152 -0.587431 0.050282
v 0.016616 -0.546362 0.053075
v 0.015109 -0.504848 0.055073
v 0.013683 -0.462953 0.056111
v 0.012393 -0.420742 0.056028
v 0.011296 -0.378277 0.054659
v 0.010444 -0.335623 0.051843
v 0.009892 -0.292843 0.047416
v 0.031225 -0.857143 0.020952
v 0.030977 -0.820963 0.024779
v 0.030280 -0.783893 0.029002
v 0.029203 -0.745998 0.033450
v 0.027815 -0.707340 0.037952
v 0.026185 -0.667984 0.042339
v 0.024382 -0.627993 0.046438
v 0.022476 -0.587430 0.050079
v 0.020534 -0.546360 0.053091
v 0.018628 -0.504846 0.055304
v 0.016825 -0.462952 0.056546
v 0.015195 -0.420741 0.056647
v 0.013807 -0.378276 0.055435
v 0.012730 -0.335622 0.052740
v 0.012033 -0.292842 0.048392
v 0.037728 -0.857143 0.019524
v 0.037422 -0.820963 0.023383
v 0.036563 -0.783893 0.027698
v 0.035236 -0.745997 0.032289
v 0.033525 -0.707339 0.036976
v 0.031516 -0.667983 0.041578
v 0.029294 -0.627991 0.045916
v 0.026944 -0.587429 0.049810
v 0.024552 -0.546358 0.053079
v 0.022202 -0.504844 0.055544
v 0.019980 -0.462950 0.057025
v 0.017971 -0.420739 0.057342
v 0.016260 -0.378274 0.056314
v 0.014933 -0.335621 0.053762
v 0.014074 -0.292841 0.049506
v -0.046310 -0.857143 0.035070
v -0.045895 -0.820963 0.038860
v -0.044729 -0.783893 0.042981
v -0.042927 -0.745997 0.047271
v -0.040605 -0.707339 0.051570
v -0.037878 -0.667983 0.055717
v -0.034861 -0.627991 0.059552
v -0.031672 -0.587429 0.062914
v -0.028424 -0.546359 0.065642
v -0.025234 -0.504844 0.067575
v -0.022218 -0.462950 0.068552
v -0.019491 -0.420739 0.068414
v -0.017168 -0.378275 0.066999
v -0.015366 -0.335621 0.064146
v -0.014200 -0.292841 0.059695
v -0.047738 -0.857143 0.034073
v -0.047311 -0.820963 0.037872
v -0.046107 -0.783893 0.042020
v -0.044248 -0.745998 0.046352
v -0.041852 -0.707340 0.050705
v -0.039037 -0.667984 0.054915
v -0.035925 -0.627993 0.058820
v -0.032634 -0.587431 0.062255
v -0.029283 -0.546361 0.065058
v -0.025992 -0.504847 0.067065
v -0.022879 -0.462953 0.068113
v -0.020065 -0.420741 0.068037
v -0.017669 -0.378277 0.066676
v -0.015809 -0.335623 0.063865
v -0.014606 -0.292843 0.059441
v -0.048929 -0.857143 0.032786
v -0.048491 -0.820963 0.036597
v -0.047259 -0.783893 0.040777
v -0.045355 -0.745998 0.045159
v -0.042901 -0.707341 0.049576
v -0.040019 -0.667985 0.053862
v -0.036832 -0.627995 0.057851
v -0.033461 -0.587433 0.061375
v -0.030030 -0.546363 0.064268
v -0.026660 -0.504849 0.066363
v -0.023472 -0.462955 0.067495
v -0.020591 -0.420743 0.067495
v -0.018137 -0.378279 0.066198
v -0.016233 -0.335624 0.063437
v -0.015001 -0.292843 0.059046
v -0.049881 -0.857143 0.031272
v -0.049436 -0.820963 0.035097
v -0.048183 -0.783893 0.039313
v -0.046246 -0.745999 0.043751
v -0.043750 -0.707341 0.048240
v -0.040820 -0.667986 0.052611
v -0.037578 -0.627996 0.056693
v -0.034151 -0.587434 0.060316
v -0.030661 -0.546364 0.063310
v -0.027233 -0.504851 0.065505
v -0.023992 -0.462956 0.066730
v -0.021061 -0.420745 0.066815
v -0.018565 -0.378280 0.065591
v -0.016629 -0.335625 0.062886
v -0.015376 -0.292844 0.058530
v -0.050595 -0.857143 0.029597
v -0.050145 -0.820963 0.033434
v -0.048879 -0.783894 0.037689
v -0.046922 -0.745999 0.042186
v -0.044400 -0.707342 0.046753
v -0.041438 -0.667987 0.051214
v -0.038162 -0.627996 0.055395
v -0.034698 -0.587435 0.059124
v -0.031171 -0.546366 0.062225
v -0.027707 -0.504852 0.064525
v -0.024431 -0.462958 0.065850
v -0.021470 -0.420746 0.066025
v -0.018947 -0.378281 0.064877
v -0.016990 -0.335626 0.062232
v -0.015724 -0.292845 0.057915
v -0.051071 -0.857143 0.027821
v -0.050619 -0.820963 0.031673
v -0.049347 -0.783894 0.035967
v -0.047381 -0.745999 0.040525
v -0.044847 -0.707342 0.045169
v -0.041871 -0.667987 0.049722
v -0.038580 -0.627997 0.054005
v -0.035100 -0.587436 0.057841
v -0.031557 -0.546366 0.061052
v -0.028076 -0.504853 0.063459
v -0.024785 -0.462959 0.064885
v -0.021810 -0.420747 0.065152
v -0.019276 -0.378282 0.064082
v -0.017310 -0.335627 0.061497
v -0.016037 -0.292845 0.057220
v -0.051310 -0.857143 0.026011
v -0.050858 -0.820963 0.029876
v -0.049587 -0.783894 0.034208
v -0.047622 -0.745999 0.038826
v -0.045091 -0.707342 0.043546
v -0.042118 -0.667987 0.048189
v -0.038830 -0.627997 0.052571
v -0.035353 -0.587436 0.056512
v -0.031813 -0.546367 0.059829
v -0.028336 -0.504853 0.062341
v -0.025048 -0.462959 0.063867
v -0.022075 -0.420747 0.064223
v -0.019543 -0.378282 0.063230
v -0.017579 -0.335627 0.060704
v -0.016308 -0.292845 0.056465
v -0.051310 -0.857143 0.024227
v -0.050861 -0.820963 0.028106
v -0.049598 -0.783894 0.032474
v -0.047646 -0.745999 0.037147
v -0.045130 -0.707342 0.041939
v -0.042176 -0.667987 0.046666
v -0.038908 -0.627997 0.051141
v -0.035453 -0.587436 0.055180
v -0.031935 -0.546367 0.058598
v -0.028480 -0.504853 0.061208
v -0.025213 -0.462959 0.062826
v -0.022259 -0.420747 0.063267
v -0.019743 -0.378282 0.062345
v -0.017791 -0.335627 0.059875
v -0.016528 -0.292845 0.055672
v -0.051071 -0.857143 0.022536
v -0.050628 -0.820963 0.026425
v -0.049379 -0.783894 0.030825
v -0.047450 -0.745999 0.035548
v -0.044963 -0.707342 0.040404
v -0.042043 -0.667987 0.045205
v -0.038813 -0.627997 0.049763
v -0.035397 -0.587436 0.053890
v -0.031920 -0.546366 0.057396
v -0.028504 -0.504853 0.060094
v -0.025275 -0.462959 0.061795
v -0.022355 -0.420747 0.062311
v -0.019868 -0.378282 0.061452
v -0.017938 -0.335627 0.059032
v -0.016690 -0.292845 0.054860
v -0.050595 -0.857143 0.020999
v -0.050159 -0.820963 0.024898
v -0.048931 -0.783894 0.029324
v -0.047034 -0.745999 0.034087
v -0.044588 -0.707342 0.038996
v -0.041716 -0.667987 0.043859
v -0.038540 -0.627996 0.048485
v -0.035182 -0.587435 0.052684
v -0.031762 -0.546366 0.056264
v -0.028403 -0.504852 0.059034
v -0.025227 -0.462958 0.060804
v -0.022356 -0.420746 0.061381
v -0.019910 -0.378281 0.060575
v -0.018013 -0.335626 0.058196
v -0.016785 -0.292845 0.054051
v -0.049881 -0.857143 0.019680
v -0.049454 -0.820963 0.023586
v -0.048253 -0.783893 0.028031
v -0.046397 -0.745999 0.032824
v -0.044005 -0.707341 0.037772
v -0.041195 -0.667986 0.042680
v -0.038088 -0.627996 0.047356
v -0.034803 -0.587434 0.051608
v -0.031458 -0.546364 0.055241
v -0.028172 -0.504851 0.058064
v -0.025065 -0.462956 0.059884
v -0.022256 -0.420745 0.060506
v -0.019864 -0.378280 0.059739
v -0.018007 -0.335625 0.057389
v -0.016806 -0.292844 0.053264
v -0.048929 -0.857143 0.018643
v -0.048513 -0.820963 0.022552
v -0.047345 -0.783893 0.027009
v -0.045538 -0.745998 0.031818
v -0.043211 -0.707341 0.036786
v -0.040477 -0.667985 0.041720
v -0.037454 -0.627995 0.046423
v -0.034257 -0.587433 0.050704
v -0.031002 -0.546363 0.054367
v -0.027805 -0.504849 0.057219
v -0.024782 -0.462955 0.059066
v -0.022049 -0.420743 0.059713
v -0.019721 -0.378279 0.058967
v -0.017915 -0.335624 0.056634
v -0.016746 -0.292843 0.052519
v -0.047738 -0.857143 0.017951
v -0.047336 -0.820963 0.021861
v -0.046205 -0.783893 0.026318
v -0.044458 -0.745998 0.031128
v -0.042205 -0.707340 0.036097
v -0.039560 -0.667984 0.041030
v -0.036635 -0.627993 0.045735
v -0.033541 -0.587431 0.050017
v -0.030391 -0.546361 0.053681
v -0.027297 -0.504847 0.056534
v -0.024372 -0.462953 0.058382
v -0.021727 -0.420741 0.059030
v -0.019474 -0.378277 0.058285
v -0.017727 -0.335623 0.055952
v -0.016596 -0.292843 0.051838
v -0.046310 -0.857143 0.017668
v -0.045923 -0.820963 0.021574
v -0.044835 -0.783893 0.026019
v -0.043153 -0.745997 0.030811
v -0.040986 -0.707339 0.035758
v -0.038441 -0.667983 0.040665
v -0.035627 -0.627991 0.045340
v -0.032651 -0.587429 0.049590
v -0.029620 -0.546359 0.053223
v -0.026644 -0.504844 0.056045
v -0.023829 -0.462950 0.057863
v -0.021285 -0.420739 0.058484
v -0.019117 -0.378275 0.057716
v -0.017436 -0.335621 0.055366
v -0.016348 -0.292841 0.051240
v 0.008071 -0.999007 0.018017
v 0.009902 -0.999007 0.017996
v 0.014919 -0.996253 0.018476
v 0.018265 -0.996253 0.018395
v 0.020647 -0.991863 0.019202
v 0.025214 -0.991863 0.019028
v 0.025353 -0.985963 0.020164
v 0.030878 -0.985963 0.019872
v 0.029135 -0.978677 0.021331
v 0.035384 -0.978677 0.020899
v 0.032092 -0.970131 0.022672
v 0.038857 -0.970131 0.022086
v 0.034321 -0.960450 0.024155
v 0.041426 -0.960450 0.023405
v 0.035920 -0.949759 0.025749
v 0.043217 -0.949759 0.024833
v 0.036988 -0.938183 0.027423
v 0.044357 -0.938183 0.026343
v 0.037623 -0.925846 0.029145
v 0.044974 -0.925846 0.027910
v 0.037922 -0.912875 0.030883
v 0.045193 -0.912875 0.029509
v 0.037984 -0.899394 0.032608
v 0.045143 -0.899394 0.031114
v 0.037907 -0.885528 0.034286
v 0.044950 -0.885528 0.032700
v 0.037789 -0.871403 0.035888
v 0.044741 -0.871403 0.034242
v 0.006467 -0.999007 0.018035
v 0.011971 -0.996253 0.018545
v 0.016604 -0.991863 0.019350
v 0.020438 -0.985963 0.020415
v 0.023550 -0.978677 0.021702
v 0.026012 -0.970131 0.023175
v 0.027899 -0.960450 0.024798
v 0.029285 -0.949759 0.026535
v 0.030246 -0.938183 0.028349
v 0.030855 -0.925846 0.030203
v 0.031186 -0.912875 0.032061
v 0.031315 -0.899394 0.033888
v 0.031314 -0.885528 0.035645
v 0.031260 -0.871403 0.037298
v 0.005054 -0.999007 0.018050
v 0.009360 -0.996253 0.018603
v 0.013004 -0.991863 0.019474
v 0.016040 -0.985963 0.020624
v 0.018523 -0.978677 0.022011
v 0.020510 -0.970131 0.023594
v 0.022053 -0.960450 0.025334
v 0.023210 -0.949759 0.027190
v 0.024033 -0.938183 0.029120
v 0.024580 -0.925846 0.031085
v 0.024903 -0.912875 0.033043
v 0.025059 -0.899394 0.034954
v 0.025103 -0.885528 0.036778
v 0.025088 -0.871403 0.038473
v 0.000047 -1.000000 0.017857
v 0.003797 -0.999007 0.018062
v 0.007022 -0.996253 0.018649
v 0.009764 -0.991863 0.019573
v 0.012061 -0.985963 0.020791
v 0.013953 -0.978677 0.022257
v 0.015480 -0.970131 0.023929
v 0.016679 -0.960450 0.025763
v 0.017590 -0.949759 0.027713
v 0.018253 -0.938183 0.029737
v 0.018707 -0.925846 0.031790
v 0.018990 -0.912875 0.033828
v 0.019142 -0.899394 0.035808
v 0.019203 -0.885528 0.037684
v 0.019210 -0.871403 0.039414
v 0.002658 -0.999007 0.018072
v 0.004895 -0.996253 0.018684
v 0.006803 -0.991863 0.019648
v 0.008408 -0.985963 0.020916
v 0.009737 -0.978677 0.022443
v 0.010815 -0.970131 0.024181
v 0.011669 -0.960450 0.026084
v 0.012325 -0.949759 0.028106
v 0.012809 -0.938183 0.030200
v 0.013147 -0.925846 0.032319
v 0.013364 -0.912875 0.034417
v 0.013488 -0.899394 0.036448
v 0.013545 -0.885528 0.038364
v 0.013559 -0.871403 0.040119
v 0.001600 -0.999007 0.018078
v 0.002915 -0.996253 0.018707
v 0.004038 -0.991863 0.019697
v 0.004985 -0.985963 0.020999
v 0.005771 -0.978677 0.022566
v 0.006411 -0.970131 0.024349
v 0.006919 -0.960450 0.026299
v 0.007312 -0.949759 0.028368
v 0.007604 -0.938183 0.030509
v 0.007809 -0.925846 0.032672
v 0.007944 -0.912875 0.034810
v 0.008022 -0.899394 0.036874
v 0.008059 -0.885528 0.038817
v 0.008071 -0.871403 0.040589
v 0.000589 -0.999007 0.018081
v 0.001020 -0.996253 0.018719
v 0.001388 -0.991863 0.019722
v 0.001697 -0.985963 0.021041
v 0.001952 -0.978677 0.022628
v 0.002159 -0.970131 0.024432
v 0.002323 -0.960450 0.026406
v 0.002448 -0.949759 0.028499
v 0.002540 -0.938183 0.030663
v 0.002604 -0.925846 0.032848
v 0.002645 -0.912875 0.035006
v 0.002668 -0.899394 0.037088
v 0.002678 -0.885528 0.039043
v 0.002680 -0.871403 0.040824
v -0.000415 -0.999007 0.018081
v -0.000852 -0.996253 0.018719
v -0.001230 -0.991863 0.019722
v -0.001552 -0.985963 0.021041
v -0.001822 -0.978677 0.022628
v -0.002045 -0.970131 0.024432
v -0.002226 -0.960450 0.026406
v -0.002369 -0.949759 0.028499
v -0.002478 -0.938183 0.030663
v -0.002558 -0.925846 0.032848
v -0.002614 -0.912875 0.035006
v -0.002650 -0.899394 0.037088
v -0.002669 -0.885528 0.039043
v -0.002678 -0.871403 0.040824
v -0.001445 -0.999007 0.018078
v -0.002765 -0.996253 0.018707
v -0.003897 -0.991863 0.019697
v -0.004855 -0.985963 0.020999
v -0.005655 -0.978677 0.022566
v -0.006309 -0.970131 0.024349
v -0.006833 -0.960450 0.026299
v -0.007241 -0.949759 0.028368
v -0.007548 -0.938183 0.030509
v -0.007768 -0.925846 0.032672
v -0.007916 -0.912875 0.034810
v -0.008006 -0.899394 0.036874
v -0.008052 -0.885528 0.038817
v -0.008069 -0.871403 0.040589
v -0.002540 -0.999007 0.018072
v -0.004781 -0.996253 0.018684
v -0.006696 -0.991863 0.019648
v -0.008310 -0.985963 0.020916
v -0.009649 -0.978677 0.022443
v -0.010738 -0.970131 0.024181
v -0.011604 -0.960450 0.026084
v -0.012272 -0.949759 0.028106
v -0.012767 -0.938183 0.030200
v -0.013116 -0.925846 0.032319
v -0.013344 -0.912875 0.034417
v -0.013476 -0.899394 0.036448
v -0.013539 -0.885528 0.038364
v -0.013558 -0.871403 0.040119
v -0.003736 -0.999007 0.018062
v -0.006963 -0.996253 0.018649
v -0.009708 -0.991863 0.019573
v -0.012010 -0.985963 0.020791
v -0.013908 -0.978677 0.022257
v -0.015439 -0.970131 0.023929
v -0.016645 -0.960450 0.025763
v -0.017562 -0.949759 0.027713
v -0.018232 -0.938183 0.029737
v -0.018691 -0.925846 0.031790
v -0.018979 -0.912875 0.033828
v -0.019136 -0.899394 0.035808
v -0.019200 -0.885528 0.037684
v -0.019209 -0.871403 0.039414
v -0.005069 -0.999007 0.018050
v -0.009374 -0.996253 0.018603
v -0.013016 -0.991863 0.019474
v -0.016051 -0.985963 0.020624
v -0.018534 -0.978677 0.022011
v -0.020519 -0.970131 0.023594
v -0.022061 -0.960450 0.025334
v -0.023216 -0.949759 0.027190
v -0.024038 -0.938183 0.029120
v -0.024583 -0.925846 0.031085
v -0.024906 -0.912875 0.033043
v -0.025061 -0.899394 0.034954
v -0.025103 -0.885528 0.036778
v -0.025089 -0.871403 0.038473
v -0.000085 -1.000000 0.017857
v -0.006575 -0.999007 0.018035
v -0.012076 -0.996253 0.018545
v -0.016702 -0.991863 0.019350
v -0.020529 -0.985963 0.020415
v -0.023631 -0.978677 0.021702
v -0.026083 -0.970131 0.023175
v -0.027959 -0.960450 0.024798
v -0.029335 -0.949759 0.026535
v -0.030285 -0.938183 0.028349
v -0.030883 -0.925846 0.030203
v -0.031206 -0.912875 0.032061
v -0.031326 -0.899394 0.033888
v -0.031320 -0.885528 0.035645
v -0.031261 -0.871403 0.037298
v -0.000228 -1.000000 0.017857
v -0.008292 -0.999007 0.018017
v -0.015132 -0.996253 0.018476
v -0.020847 -0.991863 0.019202
v -0.025538 -0.985963 0.020164
v -0.029301 -0.978677 0.021331
v -0.032237 -0.970131 0.022672
v -0.034444 -0.960450 0.024155
v -0.036021 -0.949759 0.025749
v -0.037067 -0.938183 0.027423
v -0.037681 -0.925846 0.029145
v -0.037961 -0.912875 0.030883
v -0.038007 -0.899394 0.032608
v -0.037918 -0.885528 0.034286
v -0.037792 -0.871403 0.035888
v -0.000357 -1.000000 0.017857
v -0.010255 -0.999007 0.017996
v -0.018604 -0.996253 0.018395
v -0.025534 -0.991863 0.019028
v -0.031173 -0.985963 0.019872
v -0.035648 -0.978677 0.020899
v -0.039089 -0.970131 0.022086
v -0.041622 -0.960450 0.023405
v -0.043378 -0.949759 0.024833
v -0.044483 -0.938183 0.026343
v -0.045066 -0.925846 0.027910
v -0.045256 -0.912875 0.029509
v -0.045180 -0.899394 0.031114
v -0.044967 -0.885528 0.032700
v -0.044745 -0.871403 0.034242
v 0.000353 -1.000000 0.000227
v 0.010707 -0.999007 0.000361
v 0.010255 -0.999007 0.000139
v 0.019432 -0.996253 0.000745
v 0.018604 -0.996253 0.000538
v 0.026664 -0.991863 0.001356
v 0.025534 -0.991863 0.001171
v 0.032537 -0.985963 0.002169
v 0.031173 -0.985963 0.002015
v 0.037188 -0.978677 0.003162
v 0.035648 -0.978677 0.003042
v 0.040752 -0.970131 0.004309
v 0.039089 -0.970131 0.004229
v 0.043366 -0.960450 0.005588
v 0.041622 -0.960450 0.005548
v 0.045163 -0.949759 0.006974
v 0.043378 -0.949759 0.006976
v 0.046281 -0.938183 0.008443
v 0.044483 -0.938183 0.008486
v 0.046855 -0.925846 0.009972
v 0.045066 -0.925846 0.010053
v 0.047020 -0.912875 0.011536
v 0.045256 -0.912875 0.011652
v 0.046913 -0.899394 0.013111
v 0.045180 -0.899394 0.013257
v 0.046668 -0.885528 0.014674
v 0.044967 -0.885528 0.014843
v 0.046422 -0.871403 0.016201
v 0.044745 -0.871403 0.016385
v 0.000340 -1.000000 0.000868
v 0.011086 -0.999007 0.000996
v 0.020133 -0.996253 0.001368
v 0.027624 -0.991863 0.001959
v 0.033699 -0.985963 0.002747
v 0.038501 -0.978677 0.003709
v 0.042173 -0.970131 0.004824
v 0.044855 -0.960450 0.006068
v 0.046690 -0.949759 0.007418
v 0.047820 -0.938183 0.008852
v 0.048386 -0.925846 0.010347
v 0.048531 -0.912875 0.011881
v 0.048397 -0.899394 0.013431
v 0.048126 -0.885528 0.014975
v 0.047859 -0.871403 0.016489
v 0.000320 -1.000000 0.001857
v 0.011393 -0.999007 0.001982
v 0.020709 -0.996253 0.002343
v 0.028415 -0.991863 0.002917
v 0.034660 -0.985963 0.003684
v 0.039589 -0.978677 0.004622
v 0.043350 -0.970131 0.005709
v 0.046091 -0.960450 0.006923
v 0.047958 -0.949759 0.008244
v 0.049098 -0.938183 0.009649
v 0.049660 -0.925846 0.011116
v 0.049789 -0.912875 0.012625
v 0.049633 -0.899394 0.014154
v 0.049340 -0.885528 0.015681
v 0.049056 -0.871403 0.017184
v 0.000294 -1.000000 0.003132
v 0.011628 -0.999007 0.003254
v 0.021160 -0.996253 0.003606
v 0.029040 -0.991863 0.004167
v 0.035420 -0.985963 0.004917
v 0.040452 -0.978677 0.005835
v 0.044286 -0.970131 0.006900
v 0.047074 -0.960450 0.008091
v 0.048968 -0.949759 0.009388
v 0.050118 -0.938183 0.010769
v 0.050676 -0.925846 0.012215
v 0.050793 -0.912875 0.013704
v 0.050621 -0.899394 0.015216
v 0.050311 -0.885528 0.016730
v 0.050014 -0.871403 0.018225
v 0.000265 -1.000000 0.004630
v 0.011795 -0.999007 0.004749
v 0.021488 -0.996253 0.005095
v 0.029499 -0.991863 0.005646
v 0.035982 -0.985963 0.006383
v 0.041091 -0.978677 0.007286
v 0.044981 -0.970131 0.008334
v 0.047806 -0.960450 0.009508
v 0.049720 -0.949759 0.010787
v 0.050879 -0.938183 0.012151
v 0.051435 -0.925846 0.013580
v 0.051545 -0.912875 0.015054
v 0.051361 -0.899394 0.016553
v 0.051038 -0.885528 0.018057
v 0.050732 -0.871403 0.019546
v 0.000231 -1.000000 0.006286
v 0.011893 -0.999007 0.006404
v 0.021694 -0.996253 0.006745
v 0.029793 -0.991863 0.007290
v 0.036345 -0.985963 0.008019
v 0.041507 -0.978677 0.008911
v 0.045436 -0.970131 0.009949
v 0.048287 -0.960450 0.011110
v 0.050216 -0.949759 0.012378
v 0.051381 -0.938183 0.013730
v 0.051938 -0.925846 0.015148
v 0.052043 -0.912875 0.016612
v 0.051853 -0.899394 0.018103
v 0.051523 -0.885528 0.019600
v 0.051210 -0.871403 0.021084
v 0.000196 -1.000000 0.008037
v 0.011923 -0.999007 0.008154
v 0.021780 -0.996253 0.008494
v 0.029924 -0.991863 0.009035
v 0.036512 -0.985963 0.009759
v 0.041702 -0.978677 0.010647
v 0.045651 -0.970131 0.011679
v 0.048517 -0.960450 0.012835
v 0.050456 -0.949759 0.014096
v 0.051626 -0.938183 0.015443
v 0.052185 -0.925846 0.016855
v 0.052289 -0.912875 0.018315
v 0.052097 -0.899394 0.019801
v 0.051764 -0.885528 0.021295
v 0.051449 -0.871403 0.022777
v 0.000161 -1.000000 0.009820
v 0.011888 -0.999007 0.009937
v 0.021746 -0.996253 0.010277
v 0.029892 -0.991863 0.010818
v 0.036482 -0.985963 0.011543
v 0.041676 -0.978677 0.012430
v 0.045628 -0.970131 0.013462
v 0.048497 -0.960450 0.014618
v 0.050440 -0.949759 0.015879
v 0.051614 -0.938183 0.017226
v 0.052176 -0.925846 0.018638
v 0.052283 -0.912875 0.020098
v 0.052093 -0.899394 0.021584
v 0.051762 -0.885528 0.023078
v 0.051449 -0.871403 0.024560
v 0.000126 -1.000000 0.011571
v 0.011788 -0.999007 0.011690
v 0.021594 -0.996253 0.012031
v 0.029698 -0.991863 0.012576
v 0.036258 -0.985963 0.013304
v 0.041429 -0.978677 0.014197
v 0.045367 -0.970131 0.015234
v 0.048228 -0.960450 0.016396
v 0.050169 -0.949759 0.017663
v 0.051344 -0.938183 0.019016
v 0.051911 -0.925846 0.020434
v 0.052025 -0.912875 0.021898
v 0.051842 -0.899394 0.023389
v 0.051518 -0.885528 0.024886
v 0.051209 -0.871403 0.026370
v 0.000093 -1.000000 0.013227
v 0.011625 -0.999007 0.013347
v 0.021324 -0.996253 0.013693
v 0.029345 -0.991863 0.014244
v 0.035840 -0.985963 0.014981
v 0.040964 -0.978677 0.015884
v 0.044870 -0.970131 0.016932
v 0.047711 -0.960450 0.018106
v 0.049643 -0.949759 0.019385
v 0.050818 -0.938183 0.020749
v 0.051391 -0.925846 0.022178
v 0.051514 -0.912875 0.023652
v 0.051343 -0.899394 0.025151
v 0.051030 -0.885528 0.026655
v 0.050730 -0.871403 0.028144
v 0.000063 -1.000000 0.014725
v 0.011400 -0.999007 0.014847
v 0.020939 -0.996253 0.015199
v 0.028832 -0.991863 0.015760
v 0.035229 -0.985963 0.016510
v 0.040280 -0.978677 0.017428
v 0.044136 -0.970131 0.018492
v 0.046947 -0.960450 0.019684
v 0.048863 -0.949759 0.020980
v 0.050036 -0.938183 0.022362
v 0.050616 -0.925846 0.023808
v 0.050753 -0.912875 0.025297
v 0.050597 -0.899394 0.026809
v 0.050300 -0.885528 0.028322
v 0.050011 -0.871403 0.029817
v 0.000037 -1.000000 0.016000
v 0.011113 -0.999007 0.016125
v 0.020440 -0.996253 0.016485
v 0.028162 -0.991863 0.017060
v 0.034426 -0.985963 0.017827
v 0.039379 -0.978677 0.018764
v 0.043167 -0.970131 0.019851
v 0.045935 -0.960450 0.021066
v 0.047830 -0.949759 0.022386
v 0.048999 -0.938183 0.023791
v 0.049586 -0.925846 0.025259
v 0.049739 -0.912875 0.026768
v 0.049604 -0.899394 0.028297
v 0.049326 -0.885528 0.029824
v 0.049052 -0.871403 0.031327
v 0.000017 -1.000000 0.016989
v 0.010768 -0.999007 0.017118
v 0.019826 -0.996253 0.017489
v 0.027335 -0.991863 0.018080
v 0.033433 -0.985963 0.018868
v 0.038262 -0.978677 0.019831
v 0.041964 -0.970131 0.020946
v 0.044677 -0.960450 0.022189
v 0.046545 -0.949759 0.023539
v 0.047706 -0.938183 0.024974
v 0.048303 -0.925846 0.026469
v 0.048475 -0.912875 0.028003
v 0.048364 -0.899394 0.029553
v 0.048110 -0.885528 0.031097
v 0.047855 -0.871403 0.032611
v 0.000005 -1.000000 0.017630
v 0.010363 -0.999007 0.017763
v 0.019101 -0.996253 0.018147
v 0.026352 -0.991863 0.018758
v 0.032250 -0.985963 0.019571
v 0.036930 -0.978677 0.020564
v 0.040527 -0.970131 0.021711
v 0.043174 -0.960450 0.022990
v 0.045007 -0.949759 0.024376
v 0.046159 -0.938183 0.025845
v 0.046765 -0.925846 0.027374
v 0.046959 -0.912875 0.028938
v 0.046877 -0.899394 0.030513
v 0.046651 -0.885528 0.032077
v 0.046417 -0.871403 0.033603
v -0.008410 -0.999007 0.000160
v -0.010255 -0.999007 0.000139
v -0.015246 -0.996253 0.000619
v -0.018604 -0.996253 0.000538
v -0.020955 -0.991863 0.001345
v -0.025534 -0.991863 0.001171
v -0.025636 -0.985963 0.002307
v -0.031173 -0.985963 0.002015
v -0.029390 -0.978677 0.003474
v -0.035648 -0.978677 0.003042
v -0.032315 -0.970131 0.004815
v -0.039089 -0.970131 0.004229
v -0.034510 -0.960450 0.006298
v -0.041622 -0.960450 0.005548
v -0.036075 -0.949759 0.007892
v -0.043378 -0.949759 0.006976
v -0.037109 -0.938183 0.009566
v -0.044483 -0.938183 0.008486
v -0.037712 -0.925846 0.011287
v -0.045066 -0.925846 0.010053
v -0.037982 -0.912875 0.013026
v -0.045256 -0.912875 0.011652
v -0.038020 -0.899394 0.014750
v -0.045180 -0.899394 0.013257
v -0.037924 -0.885528 0.016429
v -0.044967 -0.885528 0.014843
v -0.037793 -0.871403 0.018031
v -0.044745 -0.871403 0.016385
v -0.000328 -1.000000 -0.000000
v -0.006770 -0.999007 0.000178
v -0.012263 -0.996253 0.000688
v -0.016879 -0.991863 0.001493
v -0.020691 -0.985963 0.002558
v -0.023777 -0.978677 0.003845
v -0.026210 -0.970131 0.005318
v -0.028067 -0.960450 0.006941
v -0.029424 -0.949759 0.008678
v -0.030354 -0.938183 0.010491
v -0.030934 -0.925846 0.012346
v -0.031240 -0.912875 0.014204
v -0.031347 -0.899394 0.016030
v -0.031329 -0.885528 0.017788
v -0.031264 -0.871403 0.019441
v -0.005303 -0.999007 0.000193
v -0.009599 -0.996253 0.000746
v -0.013229 -0.991863 0.001617
v -0.016247 -0.985963 0.002767
v -0.018710 -0.978677 0.004153
v -0.020672 -0.970131 0.005737
v -0.022192 -0.960450 0.007477
v -0.023323 -0.949759 0.009332
v -0.024122 -0.938183 0.011263
v -0.024645 -0.925846 0.013227
v -0.024947 -0.912875 0.015186
v -0.025085 -0.899394 0.017097
v -0.025115 -0.885528 0.018921
v -0.025092 -0.871403 0.020616
v -0.000232 -1.000000 -0.000000
v -0.003977 -0.999007 0.000205
v -0.007196 -0.996253 0.000792
v -0.009928 -0.991863 0.001716
v -0.012212 -0.985963 0.002934
v -0.014089 -0.978677 0.004400
v -0.015598 -0.970131 0.006072
v -0.016779 -0.960450 0.007906
v -0.017673 -0.949759 0.009856
v -0.018318 -0.938183 0.011880
v -0.018754 -0.925846 0.013933
v -0.019022 -0.912875 0.015971
v -0.019161 -0.899394 0.017950
v -0.019211 -0.885528 0.019827
v -0.019212 -0.871403 0.021556
v -0.002762 -0.999007 0.000214
v -0.004995 -0.996253 0.000827
v -0.006897 -0.991863 0.001790
v -0.008495 -0.985963 0.003059
v -0.009815 -0.978677 0.004586
v -0.010884 -0.970131 0.006324
v -0.011728 -0.960450 0.008227
v -0.012373 -0.949759 0.010249
v -0.012846 -0.938183 0.012343
v -0.013174 -0.925846 0.014462
v -0.013383 -0.912875 0.016560
v -0.013499 -0.899394 0.018590
v -0.013550 -0.885528 0.020506
v -0.013561 -0.871403 0.022262
v -0.000104 -1.000000 -0.000000
v -0.001626 -0.999007 0.000220
v -0.002939 -0.996253 0.000850
v -0.004061 -0.991863 0.001840
v -0.005006 -0.985963 0.003142
v -0.005790 -0.978677 0.004709
v -0.006427 -0.970131 0.006491
v -0.006934 -0.960450 0.008441
v -0.007324 -0.949759 0.010511
v -0.007613 -0.938183 0.012651
v -0.007816 -0.925846 0.014815
v -0.007948 -0.912875 0.016953
v -0.008025 -0.899394 0.019017
v -0.008061 -0.885528 0.020960
v -0.008071 -0.871403 0.022732
v -0.000537 -0.999007 0.000224
v -0.000970 -0.996253 0.000861
v -0.001341 -0.991863 0.001865
v -0.001654 -0.985963 0.003184
v -0.001913 -0.978677 0.004771
v -0.002125 -0.970131 0.006575
v -0.002294 -0.960450 0.008549
v -0.002425 -0.949759 0.010642
v -0.002522 -0.938183 0.012806
v -0.002590 -0.925846 0.014991
v -0.002636 -0.912875 0.017149
v -0.002662 -0.899394 0.019230
v -0.002675 -0.885528 0.021186
v -0.002680 -0.871403 0.022967
v 0.000537 -0.999007 0.000224
v 0.000970 -0.996253 0.000861
v 0.001341 -0.991863 0.001865
v 0.001654 -0.985963 0.003184
v 0.001913 -0.978677 0.004771
v 0.002125 -0.970131 0.006575
v 0.002294 -0.960450 0.008549
v 0.002425 -0.949759 0.010642
v 0.002522 -0.938183 0.012806
v 0.002590 -0.925846 0.014991
v 0.002636 -0.912875 0.017149
v 0.002662 -0.899394 0.019230
v 0.002675 -0.885528 0.021186
v 0.002680 -0.871403 0.022967
v 0.000104 -1.000000 -0.000000
v 0.001626 -0.999007 0.000220
v 0.002939 -0.996253 0.000850
v 0.004061 -0.991863 0.001840
v 0.005006 -0.985963 0.003142
v 0.005790 -0.978677 0.004709
v 0.006427 -0.970131 0.006491
v 0.006934 -0.960450 0.008441
v 0.007324 -0.949759 0.010511
v 0.007613 -0.938183 0.012651
v 0.007816 -0.925846 0.014815
v 0.007948 -0.912875 0.016953
v 0.008025 -0.899394 0.019017
v 0.008061 -0.885528 0.020960
v 0.008071 -0.871403 0.022732
v 0.002762 -0.999007 0.000214
v 0.004995 -0.996253 0.000827
v 0.006897 -0.991863 0.001790
v 0.008495 -0.985963 0.003059
v 0.009815 -0.978677 0.004586
v 0.010884 -0.970131 0.006324
v 0.011728 -0.960450 0.008227
v 0.012373 -0.949759 0.010249
v 0.012846 -0.938183 0.012343
v 0.013174 -0.925846 0.014462
v 0.013383 -0.912875 0.016560
v 0.013499 -0.899394 0.018590
v 0.013550 -0.885528 0.020506
v 0.013561 -0.871403 0.022262
v 0.003977 -0.999007 0.000205
v 0.007196 -0.996253 0.000792
v 0.009928 -0.991863 0.001716
v 0.012212 -0.985963 0.002934
v 0.014089 -0.978677 0.004400
v 0.015598 -0.970131 0.006072
v 0.016779 -0.960450 0.007906
v 0.017673 -0.949759 0.009856
v 0.018318 -0.938183 0.011880
v 0.018754 -0.925846 0.013933
v 0.019022 -0.912875 0.015971
v 0.019161 -0.899394 0.017950
v 0.019211 -0.885528 0.019827
v 0.019212 -0.871403 0.021556
v 0.000279 -1.000000 -0.000000
v 0.005303 -0.999007 0.000193
v 0.009599 -0.996253 0.000746
v 0.013229 -0.991863 0.001617
v 0.016247 -0.985963 0.002767
v 0.018710 -0.978677 0.004153
v 0.020672 -0.970131 0.005737
v 0.022192 -0.960450 0.007477
v 0.023323 -0.949759 0.009332
v 0.024122 -0.938183 0.011263
v 0.024645 -0.925846 0.013227
v 0.024947 -0.912875 0.015186
v 0.025085 -0.899394 0.017097
v 0.025115 -0.885528 0.018921
v 0.025092 -0.871403 0.020616
v 0.006770 -0.999007 0.000178
v 0.012263 -0.996253 0.000688
v 0.016879 -0.991863 0.001493
v 0.020691 -0.985963 0.002558
v 0.023777 -0.978677 0.003845
v 0.026210 -0.970131 0.005318
v 0.028067 -0.960450 0.006941
v 0.029424 -0.949759 0.008678
v 0.030354 -0.938183 0.010491
v 0.030934 -0.925846 0.012346
v 0.031240 -0.912875 0.014204
v 0.031347 -0.899394 0.016030
v 0.031329 -0.885528 0.017788
v 0.031264 -0.871403 0.019441
v 0.000353 -1.000000 -0.000000
v 0.008410 -0.999007 0.000160
v 0.015246 -0.996253 0.000619
v 0.020955 -0.991863 0.001345
v 0.025636 -0.985963 0.002307
v 0.029390 -0.978677 0.003474
v 0.032315 -0.970131 0.004815
v 0.034510 -0.960450 0.006298
v 0.036075 -0.949759 0.007892
v 0.037109 -0.938183 0.009566
v 0.037712 -0.925846 0.011287
v 0.037982 -0.912875 0.013026
v 0.038020 -0.899394 0.014750
v 0.037924 -0.885528 0.016429
v 0.037793 -0.871403 0.018031
v -0.000388 -1.000000 0.017630
v -0.010742 -0.999007 0.017763
v -0.019466 -0.996253 0.018147
v -0.026696 -0.991863 0.018758
v -0.032566 -0.985963 0.019571
v -0.037214 -0.978677 0.020564
v -0.040775 -0.970131 0.021711
v -0.043385 -0.960450 0.022990
v -0.045179 -0.949759 0.024376
v -0.046294 -0.938183 0.025845
v -0.046864 -0.925846 0.027374
v -0.047027 -0.912875 0.028938
v -0.046917 -0.899394 0.030513
v -0.046670 -0.885528 0.032077
v -0.046422 -0.871403 0.033603
v -0.000411 -1.000000 0.016989
v -0.011156 -0.999007 0.017118
v -0.020201 -0.996253 0.017489
v -0.027687 -0.991863 0.018080
v -0.033757 -0.985963 0.018868
v -0.038554 -0.978677 0.019831
v -0.042219 -0.970131 0.020946
v -0.044894 -0.960450 0.022189
v -0.046722 -0.949759 0.023539
v -0.047845 -0.938183 0.024974
v -0.048405 -0.925846 0.026469
v -0.048544 -0.912875 0.028003
v -0.048405 -0.899394 0.029553
v -0.048129 -0.885528 0.031097
v -0.047860 -0.871403 0.032611
v -0.000426 -1.000000 0.016000
v -0.011497 -0.999007 0.016125
v -0.020809 -0.996253 0.016485
v -0.028510 -0.991863 0.017060
v -0.034747 -0.985963 0.017827
v -0.039667 -0.978677 0.018764
v -0.043419 -0.970131 0.019851
v -0.046149 -0.960450 0.021066
v -0.048005 -0.949759 0.022386
v -0.049136 -0.938183 0.023791
v -0.049687 -0.925846 0.025259
v -0.049807 -0.912875 0.026768
v -0.049644 -0.899394 0.028297
v -0.049345 -0.885528 0.029824
v -0.049057 -0.871403 0.031327
v -0.000434 -1.000000 0.014725
v -0.011766 -0.999007 0.014847
v -0.021293 -0.996253 0.015199
v -0.029165 -0.991863 0.015760
v -0.035535 -0.985963 0.016510
v -0.040555 -0.978677 0.017428
v -0.044376 -0.970131 0.018492
v -0.047151 -0.960450 0.019684
v -0.049031 -0.949759 0.020980
v -0.050167 -0.938183 0.022362
v -0.050712 -0.925846 0.023808
v -0.050818 -0.912875 0.025297
v -0.050636 -0.899394 0.026809
v -0.050318 -0.885528 0.028322
v -0.050015 -0.871403 0.029817
v -0.000437 -1.000000 0.013227
v -0.011964 -0.999007 0.013347
v -0.021652 -0.996253 0.013693
v -0.029653 -0.991863 0.014244
v -0.036124 -0.985963 0.014981
v -0.041218 -0.978677 0.015884
v -0.045092 -0.970131 0.016932
v -0.047901 -0.960450 0.018106
v -0.049798 -0.949759 0.019385
v -0.050939 -0.938183 0.020749
v -0.051480 -0.925846 0.022178
v -0.051575 -0.912875 0.023652
v -0.051379 -0.899394 0.025151
v -0.051047 -0.885528 0.026655
v -0.050734 -0.871403 0.028144
v -0.000434 -1.000000 0.011571
v -0.012093 -0.999007 0.011690
v -0.021887 -0.996253 0.012031
v -0.029975 -0.991863 0.012576
v -0.036513 -0.985963 0.013304
v -0.041658 -0.978677 0.014197
v -0.045567 -0.970131 0.015234
v -0.048398 -0.960450 0.016396
v -0.050308 -0.949759 0.017663
v -0.051453 -0.938183 0.019016
v -0.051991 -0.925846 0.020434
v -0.052079 -0.912875 0.021898
v -0.051874 -0.899394 0.023389
v -0.051533 -0.885528 0.024886
v -0.051213 -0.871403 0.026370
v -0.000428 -1.000000 0.009820
v -0.012152 -0.999007 0.009937
v -0.022000 -0.996253 0.010277
v -0.030131 -0.991863 0.010818
v -0.036703 -0.985963 0.011543
v -0.041874 -0.978677 0.012430
v -0.045801 -0.970131 0.013462
v -0.048644 -0.960450 0.014618
v -0.050560 -0.949759 0.015879
v -0.051708 -0.938183 0.017226
v -0.052245 -0.925846 0.018638
v -0.052330 -0.912875 0.020098
v -0.052121 -0.899394 0.021584
v -0.051775 -0.885528 0.023078
v -0.051452 -0.871403 0.024560
v -0.000419 -1.000000 0.008037
v -0.012143 -0.999007 0.008154
v -0.021992 -0.996253 0.008494
v -0.030123 -0.991863 0.009035
v -0.036696 -0.985963 0.009759
v -0.041867 -0.978677 0.010647
v -0.045796 -0.970131 0.011679
v -0.048639 -0.960450 0.012835
v -0.050556 -0.949759 0.014096
v -0.051705 -0.938183 0.015443
v -0.052243 -0.925846 0.016855
v -0.052328 -0.912875 0.018315
v -0.052120 -0.899394 0.019801
v -0.051775 -0.885528 0.021295
v -0.051452 -0.871403 0.022777
v -0.000409 -1.000000 0.006286
v -0.012067 -0.999007 0.006404
v -0.021863 -0.996253 0.006745
v -0.029952 -0.991863 0.007290
v -0.036491 -0.985963 0.008019
v -0.041639 -0.978677 0.008911
v -0.045550 -0.970131 0.009949
v -0.048384 -0.960450 0.011110
v -0.050296 -0.949759 0.012378
v -0.051444 -0.938183 0.013730
v -0.051984 -0.925846 0.015148
v -0.052074 -0.912875 0.016612
v -0.051871 -0.899394 0.018103
v -0.051531 -0.885528 0.019600
v -0.051213 -0.871403 0.021084
v -0.000397 -1.000000 0.004630
v -0.011925 -0.999007 0.004749
v -0.021614 -0.996253 0.005095
v -0.029617 -0.991863 0.005646
v -0.036091 -0.985963 0.006383
v -0.041189 -0.978677 0.007286
v -0.045067 -0.970131 0.008334
v -0.047879 -0.960450 0.009508
v -0.049780 -0.949759 0.010787
v -0.050925 -0.938183 0.012151
v -0.051470 -0.925846 0.013580
v -0.051568 -0.912875 0.015054
v -0.051375 -0.899394 0.016553
v -0.051045 -0.885528 0.018057
v -0.050733 -0.871403 0.019546
v -0.000385 -1.000000 0.003132
v -0.011718 -0.999007 0.003254
v -0.021246 -0.996253 0.003606
v -0.029121 -0.991863 0.004167
v -0.035495 -0.985963 0.004917
v -0.040519 -0.978677 0.005835
v -0.044345 -0.970131 0.006900
v -0.047124 -0.960450 0.008091
v -0.049009 -0.949759 0.009388
v -0.050150 -0.938183 0.010769
v -0.050699 -0.925846 0.012215
v -0.050809 -0.912875 0.013704
v -0.050631 -0.899394 0.015216
v -0.050315 -0.885528 0.016730
v -0.050015 -0.871403 0.018225
v -0.000374 -1.000000 0.001857
v -0.011446 -0.999007 0.001982
v -0.020760 -0.996253 0.002343
v -0.028464 -0.991863 0.002917
v -0.034704 -0.985963 0.003684
v -0.039629 -0.978677 0.004622
v -0.043385 -0.970131 0.005709
v -0.046121 -0.960450 0.006923
v -0.047982 -0.949759 0.008244
v -0.049117 -0.938183 0.009649
v -0.049674 -0.925846 0.011116
v -0.049798 -0.912875 0.012625
v -0.049639 -0.899394 0.014154
v -0.049343 -0.885528 0.015681
v -0.049057 -0.871403 0.017184
v -0.000365 -1.000000 0.000868
v -0.011111 -0.999007 0.000996
v -0.020158 -0.996253 0.001368
v -0.027646 -0.991863 0.001959
v -0.033720 -0.985963 0.002747
v -0.038520 -0.978677 0.003709
v -0.042189 -0.970131 0.004824
v -0.044869 -0.960450 0.006068
v -0.046701 -0.949759 0.007418
v -0.047829 -0.938183 0.008852
v -0.048393 -0.925846 0.010347
v -0.048536 -0.912875 0.011881
v -0.048400 -0.899394 0.013431
v -0.048127 -0.885528 0.014975
v -0.047859 -0.871403 0.016489
v -0.000359 -1.000000 0.000227
v -0.010714 -0.999007 0.000361
v -0.019439 -0.996253 0.000745
v -0.026670 -0.991863 0.001356
v -0.032543 -0.985963 0.002169
v -0.037193 -0.978677 0.003162
v -0.040757 -0.970131 0.004309
v -0.043369 -0.960450 0.005588
v -0.045166 -0.949759 0.006974
v -0.046284 -0.938183 0.008443
v -0.046857 -0.925846 0.009972
v -0.047022 -0.912875 0.011536
v -0.046914 -0.899394 0.013111
v -0.046668 -0.885528 0.014674
v -0.046422 -0.871403 0.016201
vn 0.6849 -0.0090 -0.7286
vn 0.6847 0.0628 -0.7261
vn 0.7245 0.0664 -0.6860
vn 0.7252 -0.0079 -0.6885
vn 0.6833 0.1207 -0.7201
vn 0.7221 0.1272 -0.6800
vn 0.6806 0.1744 -0.7116
vn 0.7180 0.1829 -0.6716
vn 0.6763 0.2251 -0.7013
vn 0.7120 0.2351 -0.6617
vn 0.6701 0.2742 -0.6898
vn 0.7036 0.2852 -0.6509
vn 0.6613 0.3229 -0.6771
vn 0.6922 0.3345 -0.6394
vn 0.6492 0.3723 -0.6632
vn 0.6771 0.3844 -0.6275
vn 0.6326 0.4240 -0.6481
vn 0.6568 0.4363 -0.6150
vn 0.6097 0.4796 -0.6311
vn 0.6294 0.4917 -0.6018
vn 0.5775 0.5409 -0.6115
vn 0.5918 0.5523 -0.5872
vn 0.5327 0.6094 -0.5872
vn 0.5390 0.6195 -0.5707
vn 0.4646 0.6890 -0.5562
vn 0.4634 0.6939 -0.5512
vn 0.3624 0.7744 -0.5185
vn 0.3541 0.7719 -0.5279
vn 0.2104 0.8540 -0.4759
vn 0.2003 0.8406 -0.5033
vn 0.1132 0.8874 -0.4468
vn 0.1053 0.8638 -0.4927
vn 0.6062 -0.0103 -0.7953
vn 0.6065 0.0579 -0.7930
vn 0.6062 0.1118 -0.7874
vn 0.6053 0.1622 -0.7793
vn 0.6035 0.2104 -0.7691
vn 0.6002 0.2573 -0.7573
vn 0.5950 0.3040 -0.7440
vn 0.5873 0.3519 -0.7289
vn 0.5760 0.4022 -0.7117
vn 0.5595 0.4566 -0.6917
vn 0.5369 0.5162 -0.6673
vn 0.5012 0.5855 -0.6372
vn 0.4437 0.6659 -0.5997
vn 0.3554 0.7557 -0.5500
vn 0.2131 0.8453 -0.4899
vn 0.1211 0.8860 -0.4476
vn 0.5162 -0.0117 -0.8564
vn 0.5168 0.0533 -0.8544
vn 0.5174 0.1034 -0.8495
vn 0.5179 0.1506 -0.8421
vn 0.5180 0.1961 -0.8326
vn 0.5172 0.2407 -0.8213
vn 0.5152 0.2854 -0.8082
vn 0.5115 0.3313 -0.7929
vn 0.5051 0.3799 -0.7749
vn 0.4965 0.4316 -0.7531
vn 0.4810 0.4908 -0.7265
vn 0.4537 0.5601 -0.6931
vn 0.4122 0.6403 -0.6481
vn 0.3417 0.7340 -0.5870
vn 0.2166 0.8336 -0.5081
vn 0.1327 0.8835 -0.4493
vn 0.4152 -0.0129 -0.9096
vn 0.4160 0.0493 -0.9080
vn 0.4171 0.0959 -0.9038
vn 0.4185 0.1402 -0.8973
vn 0.4198 0.1831 -0.8890
vn 0.4207 0.2254 -0.8787
vn 0.4211 0.2680 -0.8665
vn 0.4204 0.3119 -0.8520
vn 0.4182 0.3585 -0.8346
vn 0.4143 0.4068 -0.8142
vn 0.4048 0.4667 -0.7863
vn 0.3898 0.5334 -0.7507
vn 0.3630 0.6130 -0.7017
vn 0.3136 0.7089 -0.6318
vn 0.2148 0.8180 -0.5335
vn 0.3045 -0.0140 -0.9524
vn 0.3053 0.0460 -0.9511
vn 0.3065 0.0898 -0.9476
vn 0.3081 0.1317 -0.9422
vn 0.3098 0.1723 -0.9350
vn 0.3116 0.2126 -0.9261
vn 0.3131 0.2532 -0.9153
vn 0.3142 0.2953 -0.9023
vn 0.3155 0.3391 -0.8862
vn 0.3148 0.3875 -0.8664
vn 0.3102 0.4440 -0.8406
vn 0.3035 0.5086 -0.8057
vn 0.2898 0.5867 -0.7562
vn 0.2617 0.6827 -0.6822
vn 0.1980 0.7983 -0.5688
vn 0.1861 -0.0148 -0.9824
vn 0.1867 0.0437 -0.9814
vn 0.1876 0.0855 -0.9785
vn 0.1888 0.1255 -0.9740
vn 0.1903 0.1646 -0.9678
vn 0.1918 0.2033 -0.9601
vn 0.1934 0.2424 -0.9507
vn 0.1948 0.2830 -0.9391
vn 0.1959 0.3247 -0.9253
vn 0.1960 0.3732 -0.9068
vn 0.1958 0.4266 -0.8830
vn 0.1940 0.4892 -0.8503
vn 0.1891 0.5652 -0.8030
vn 0.1776 0.6598 -0.7301
vn 0.1496 0.7771 -0.6113
vn 0.0626 -0.0152 -0.9979
vn 0.0629 0.0425 -0.9971
vn 0.0633 0.0832 -0.9945
vn 0.0638 0.1223 -0.9904
vn 0.0643 0.1605 -0.9849
vn 0.0650 0.1983 -0.9780
vn 0.0656 0.2367 -0.9694
vn 0.0663 0.2764 -0.9588
vn 0.0665 0.3181 -0.9457
vn 0.0665 0.3648 -0.9287
vn 0.0666 0.4171 -0.9064
vn 0.0664 0.4785 -0.8756
vn 0.0653 0.5531 -0.8306
vn 0.0625 0.6461 -0.7607
vn 0.0565 0.7613 -0.6460
vn -0.0000 0.8868 -0.4621
vn -0.0626 -0.0152 -0.9979
vn -0.0629 0.0425 -0.9971
vn -0.0633 0.0832 -0.9945
vn -0.0638 0.1223 -0.9904
vn -0.0643 0.1605 -0.9849
vn -0.0650 0.1983 -0.9780
vn -0.0656 0.2367 -0.9694
vn -0.0663 0.2764 -0.9588
vn -0.0665 0.3181 -0.9457
vn -0.0665 0.3648 -0.9287
vn -0.0666 0.4171 -0.9064
vn -0.0664 0.4785 -0.8756
vn -0.0653 0.5531 -0.8306
vn -0.0625 0.6461 -0.7607
vn -0.0565 0.7613 -0.6459
vn -0.1861 -0.0148 -0.9824
vn -0.1867 0.0437 -0.9814
vn -0.1876 0.0855 -0.9785
vn -0.1888 0.1255 -0.9740
vn -0.1903 0.1646 -0.9678
vn -0.1918 0.2033 -0.9601
vn -0.1934 0.2424 -0.9507
vn -0.1948 0.2830 -0.9391
vn -0.1959 0.3247 -0.9253
vn -0.1960 0.3732 -0.9068
vn -0.1958 0.4266 -0.8830
vn -0.1940 0.4892 -0.8503
vn -0.1891 0.5652 -0.8030
vn -0.1777 0.6598 -0.7301
vn -0.1496 0.7771 -0.6113
vn -0.0000 0.8897 -0.4565
vn -0.3045 -0.0140 -0.9524
vn -0.3053 0.0460 -0.9511
vn -0.3065 0.0898 -0.9476
vn -0.3081 0.1317 -0.9422
vn -0.3098 0.1723 -0.9350
vn -0.3116 0.2126 -0.9261
vn -0.3131 0.2532 -0.9153
vn -0.3142 0.2953 -0.9023
vn -0.3155 0.3391 -0.8862
vn -0.3148 0.3875 -0.8664
vn -0.3102 0.4440 -0.8406
vn -0.3035 0.5086 -0.8057
vn -0.2898 0.5867 -0.7562
vn -0.2617 0.6827 -0.6822
vn -0.1980 0.7983 -0.5688
vn -0.0000 0.8904 -0.4552
vn -0.4152 -0.0129 -0.9096
vn -0.4160 0.0493 -0.9080
vn -0.4171 0.0959 -0.9038
vn -0.4185 0.1402 -0.8973
vn -0.4198 0.1831 -0.8890
vn -0.4207 0.2254 -0.8787
vn -0.4211 0.2680 -0.8665
vn -0.4204 0.3119 -0.8520
vn -0.4182 0.3585 -0.8346
vn -0.4143 0.4068 -0.8142
vn -0.4048 0.4667 -0.7863
vn -0.3898 0.5334 -0.7507
vn -0.3630 0.6130 -0.7017
vn -0.3136 0.7089 -0.6318
vn -0.2148 0.8180 -0.5335
vn -0.0000 0.8902 -0.4556
vn -0.5162 -0.0117 -0.8564
vn -0.5168 0.0533 -0.8544
vn -0.5174 0.1034 -0.8495
vn -0.5179 0.1506 -0.8421
vn -0.5180 0.1961 -0.8326
vn -0.5172 0.2407 -0.8213
vn -0.5152 0.2854 -0.8082
vn -0.5115 0.3313 -0.7929
vn -0.5051 0.3799 -0.7749
vn -0.4965 0.4316 -0.7531
vn -0.4810 0.4908 -0.7265
vn -0.4537 0.5601 -0.6931
vn -0.4122 0.6403 -0.6481
vn -0.3417 0.7340 -0.5870
vn -0.2166 0.8336 -0.5081
vn -0.1327 0.8835 -0.4493
vn -0.6062 -0.0103 -0.7953
vn -0.6065 0.0579 -0.7930
vn -0.6062 0.1118 -0.7874
vn -0.6053 0.1622 -0.7793
vn -0.6035 0.2104 -0.7691
vn -0.6002 0.2573 -0.7573
vn -0.5950 0.3040 -0.7440
vn -0.5873 0.3519 -0.7289
vn -0.5760 0.4022 -0.7117
vn -0.5595 0.4566 -0.6917
vn -0.5369 0.5162 -0.6673
vn -0.5012 0.5855 -0.6372
vn -0.4437 0.6659 -0.5997
vn -0.3554 0.7557 -0.5500
vn -0.2131 0.8453 -0.4899
vn -0.1211 0.8860 -0.4476
vn -0.6849 -0.0090 -0.7286
vn -0.6847 0.0628 -0.7261
vn -0.6833 0.1207 -0.7201
vn -0.6806 0.1744 -0.7116
vn -0.6763 0.2251 -0.7013
vn -0.6701 0.2742 -0.6898
vn -0.6613 0.3229 -0.6771
vn -0.6492 0.3723 -0.6632
vn -0.6326 0.4240 -0.6481
vn -0.6097 0.4796 -0.6311
vn -0.5775 0.5409 -0.6115
vn -0.5327 0.6094 -0.5872
vn -0.4646 0.6890 -0.5562
vn -0.3624 0.7744 -0.5185
vn -0.2104 0.8540 -0.4759
vn -0.1132 0.8874 -0.4468
vn -0.7252 -0.0079 -0.6885
vn -0.7245 0.0664 -0.6860
vn -0.7221 0.1272 -0.6800
vn -0.7180 0.1829 -0.6716
vn -0.7120 0.2351 -0.6617
vn -0.7036 0.2852 -0.6509
vn -0.6922 0.3345 -0.6394
vn -0.6771 0.3844 -0.6275
vn -0.6568 0.4363 -0.6150
vn -0.6294 0.4917 -0.6018
vn -0.5918 0.5523 -0.5872
vn -0.5390 0.6195 -0.5707
vn -0.4634 0.6939 -0.5512
vn -0.3541 0.7719 -0.5279
vn -0.2003 0.8406 -0.5032
vn -0.1053 0.8638 -0.4927
vn -0.8250 0.0068 0.5651
vn -0.8229 -0.0798 0.5625
vn -0.7740 -0.0766 0.6285
vn -0.7757 0.0070 0.6311
vn -0.8173 -0.1513 0.5560
vn -0.7693 -0.1454 0.6221
vn -0.8087 -0.2156 0.5473
vn -0.7621 -0.2073 0.6133
vn -0.7975 -0.2746 0.5371
vn -0.7525 -0.2644 0.6031
vn -0.7836 -0.3305 0.5261
vn -0.7403 -0.3184 0.5920
vn -0.7665 -0.3848 0.5143
vn -0.7250 -0.3710 0.5803
vn -0.7453 -0.4393 0.5016
vn -0.7057 -0.4236 0.5679
vn -0.7187 -0.4956 0.4877
vn -0.6812 -0.4779 0.5546
vn -0.6847 -0.5556 0.4718
vn -0.6493 -0.5354 0.5401
vn -0.6398 -0.6211 0.4527
vn -0.6070 -0.5979 0.5235
vn -0.5790 -0.6937 0.4283
vn -0.5494 -0.6667 0.5036
vn -0.4943 -0.7742 0.3953
vn -0.4691 -0.7420 0.4789
vn -0.3743 -0.8593 0.3484
vn -0.3556 -0.8204 0.4478
vn -0.2066 -0.9370 0.2816
vn -0.1972 -0.8893 0.4126
vn -0.1108 -0.9737 0.1988
vn -0.1062 -0.9140 0.3915
vn -0.8791 0.0065 0.4766
vn -0.8765 -0.0828 0.4742
vn -0.8696 -0.1571 0.4680
vn -0.8595 -0.2237 0.4596
vn -0.8466 -0.2849 0.4496
vn -0.8309 -0.3427 0.4383
vn -0.8120 -0.3992 0.4258
vn -0.7891 -0.4559 0.4117
vn -0.7607 -0.5149 0.3953
vn -0.7246 -0.5781 0.3752
vn -0.6772 -0.6476 0.3493
vn -0.6129 -0.7253 0.3136
vn -0.5223 -0.8116 0.2616
vn -0.3920 -0.9018 0.1818
vn -0.2068 -0.9767 0.0570
vn -0.0976 -0.9876 -0.1229
vn -0.9452 0.0062 0.3264
vn -0.9420 -0.0857 0.3244
vn -0.9335 -0.1627 0.3195
vn -0.9212 -0.2318 0.3125
vn -0.9058 -0.2953 0.3038
vn -0.8875 -0.3554 0.2934
vn -0.8658 -0.4141 0.2810
vn -0.8398 -0.4733 0.2659
vn -0.8081 -0.5349 0.2467
vn -0.7680 -0.6009 0.2214
vn -0.7155 -0.6734 0.1863
vn -0.6436 -0.7533 0.1353
vn -0.5413 -0.8388 0.0583
vn -0.3928 -0.9176 -0.0605
vn -0.1847 -0.9532 -0.2394
vn -0.0587 -0.8797 -0.4719
vn -0.9990 0.0052 0.0447
vn -0.9954 -0.0853 0.0437
vn -0.9858 -0.1623 0.0423
vn -0.9719 -0.2318 0.0398
vn -0.9545 -0.2961 0.0358
vn -0.9335 -0.3572 0.0298
vn -0.9086 -0.4171 0.0208
vn -0.8787 -0.4773 0.0076
vn -0.8417 -0.5399 -0.0121
vn -0.7948 -0.6055 -0.0410
vn -0.7326 -0.6755 -0.0838
vn -0.6469 -0.7481 -0.1479
vn -0.5256 -0.8152 -0.2433
vn -0.3548 -0.8541 -0.3804
vn -0.1338 -0.8191 -0.5579
vn -0.0080 -0.6685 -0.7437
vn -0.9027 0.0027 -0.4303
vn -0.9000 -0.0693 -0.4303
vn -0.8942 -0.1331 -0.4274
vn -0.8852 -0.1921 -0.4236
vn -0.8730 -0.2482 -0.4199
vn -0.8568 -0.3028 -0.4175
vn -0.8355 -0.3571 -0.4175
vn -0.8077 -0.4120 -0.4218
vn -0.7706 -0.4685 -0.4321
vn -0.7209 -0.5257 -0.4515
vn -0.6523 -0.5828 -0.4847
vn -0.5579 -0.6336 -0.5360
vn -0.4281 -0.6671 -0.6096
vn -0.2585 -0.6607 -0.7047
vn -0.0631 -0.5858 -0.8080
vn 0.0364 -0.4379 -0.8983
vn -0.5041 -0.0011 -0.8636
vn -0.5031 -0.0290 -0.8637
vn -0.5039 -0.0571 -0.8619
vn -0.5049 -0.0854 -0.8590
vn -0.5051 -0.1147 -0.8554
vn -0.5036 -0.1458 -0.8516
vn -0.4988 -0.1792 -0.8480
vn -0.4888 -0.2150 -0.8455
vn -0.4713 -0.2532 -0.8449
vn -0.4426 -0.2928 -0.8476
vn -0.3981 -0.3321 -0.8551
vn -0.3329 -0.3653 -0.8693
vn -0.2417 -0.3841 -0.8911
vn -0.1250 -0.3757 -0.9183
vn 0.0039 -0.3278 -0.9447
vn 0.0693 -0.2404 -0.9682
vn -0.0604 -0.0040 -0.9982
vn -0.0600 0.0109 -0.9981
vn -0.0615 0.0193 -0.9979
vn -0.0645 0.0245 -0.9976
vn -0.0688 0.0265 -0.9973
vn -0.0742 0.0252 -0.9969
vn -0.0803 0.0204 -0.9966
vn -0.0862 0.0117 -0.9962
vn -0.0907 -0.0012 -0.9959
vn -0.0921 -0.0183 -0.9956
vn -0.0877 -0.0392 -0.9954
vn -0.0738 -0.0627 -0.9953
vn -0.0465 -0.0851 -0.9953
vn -0.0026 -0.1005 -0.9949
vn 0.0553 -0.0997 -0.9935
vn 0.0895 -0.0757 -0.9931
vn 0.2106 -0.0055 -0.9775
vn 0.2111 0.0335 -0.9769
vn 0.2106 0.0628 -0.9756
vn 0.2087 0.0879 -0.9740
vn 0.2052 0.1094 -0.9726
vn 0.1995 0.1277 -0.9715
vn 0.1915 0.1428 -0.9711
vn 0.1809 0.1547 -0.9713
vn 0.1675 0.1629 -0.9723
vn 0.1516 0.1668 -0.9743
vn 0.1335 0.1652 -0.9772
vn 0.1145 0.1568 -0.9810
vn 0.0977 0.1403 -0.9853
vn 0.0879 0.1156 -0.9894
vn 0.0916 0.0857 -0.9921
vn 0.0975 0.0614 -0.9933
vn 0.3670 -0.0062 -0.9302
vn 0.3673 0.0456 -0.9290
vn 0.3670 0.0862 -0.9262
vn 0.3655 0.1221 -0.9228
vn 0.3621 0.1543 -0.9193
vn 0.3565 0.1835 -0.9161
vn 0.3479 0.2101 -0.9137
vn 0.3359 0.2345 -0.9123
vn 0.3196 0.2564 -0.9122
vn 0.2982 0.2753 -0.9139
vn 0.2706 0.2901 -0.9179
vn 0.2362 0.2984 -0.9248
vn 0.1955 0.2961 -0.9349
vn 0.1521 0.2778 -0.9485
vn 0.1157 0.2386 -0.9642
vn 0.1000 0.1842 -0.9778
vn 0.4689 -0.0067 -0.8832
vn 0.4691 0.0529 -0.8815
vn 0.4686 0.1003 -0.8777
vn 0.4668 0.1428 -0.8727
vn 0.4632 0.1815 -0.8675
vn 0.4572 0.2174 -0.8624
vn 0.4481 0.2513 -0.8579
vn 0.4353 0.2835 -0.8545
vn 0.4175 0.3145 -0.8525
vn 0.3935 0.3441 -0.8525
vn 0.3614 0.3714 -0.8552
vn 0.3191 0.3943 -0.8618
vn 0.2648 0.4081 -0.8737
vn 0.1998 0.4042 -0.8926
vn 0.1327 0.3702 -0.9194
vn 0.0987 0.3014 -0.9484
vn 0.5440 -0.0070 -0.8390
vn 0.5441 0.0578 -0.8371
vn 0.5432 0.1099 -0.8324
vn 0.5410 0.1568 -0.8263
vn 0.5369 0.2000 -0.8196
vn 0.5303 0.2406 -0.8129
vn 0.5207 0.2795 -0.8067
vn 0.5071 0.3174 -0.8014
vn 0.4883 0.3549 -0.7973
vn 0.4627 0.3923 -0.7950
vn 0.4280 0.4294 -0.7952
vn 0.3810 0.4646 -0.7994
vn 0.3182 0.4938 -0.8093
vn 0.2377 0.5074 -0.8283
vn 0.1457 0.4881 -0.8605
vn 0.0953 0.4185 -0.9032
vn 0.6050 -0.0073 -0.7962
vn 0.6048 0.0614 -0.7940
vn 0.6035 0.1169 -0.7887
vn 0.6008 0.1672 -0.7817
vn 0.5961 0.2138 -0.7740
vn 0.5889 0.2579 -0.7660
vn 0.5786 0.3005 -0.7582
vn 0.5643 0.3427 -0.7511
vn 0.5447 0.3853 -0.7449
vn 0.5180 0.4289 -0.7401
vn 0.4815 0.4740 -0.7373
vn 0.4313 0.5196 -0.7375
vn 0.3625 0.5628 -0.7429
vn 0.2705 0.5947 -0.7571
vn 0.1572 0.5962 -0.7873
vn 0.0918 0.5389 -0.8373
vn 0.6581 -0.0076 -0.7529
vn 0.6577 0.0641 -0.7506
vn 0.6559 0.1223 -0.7448
vn 0.6526 0.1753 -0.7372
vn 0.6472 0.2245 -0.7285
vn 0.6394 0.2714 -0.7194
vn 0.6284 0.3171 -0.7103
vn 0.6134 0.3628 -0.7015
vn 0.5930 0.4094 -0.6933
vn 0.5654 0.4582 -0.6859
vn 0.5275 0.5098 -0.6796
vn 0.4751 0.5644 -0.6751
vn 0.4020 0.6201 -0.6737
vn 0.3011 0.6698 -0.6787
vn 0.1695 0.6954 -0.6983
vn 0.0911 0.6622 -0.7438
vn 0.7067 -0.0077 -0.7074
vn 0.7061 0.0662 -0.7050
vn 0.7039 0.1266 -0.6989
vn 0.6999 0.1817 -0.6907
vn 0.6938 0.2332 -0.6813
vn 0.6852 0.2824 -0.6714
vn 0.6735 0.3306 -0.6611
vn 0.6578 0.3791 -0.6509
vn 0.6367 0.4291 -0.6407
vn 0.6082 0.4821 -0.6306
vn 0.5694 0.5392 -0.6205
vn 0.5154 0.6014 -0.6105
vn 0.4392 0.6681 -0.6006
vn 0.3315 0.7342 -0.5926
vn 0.1847 0.7842 -0.5924
vn 0.0965 0.7825 -0.6151
vn 0.7140 0.0078 0.7001
vn 0.7130 -0.0718 0.6975
vn 0.7740 -0.0766 0.6285
vn 0.7757 0.0070 0.6311
vn 0.7097 -0.1368 0.6911
vn 0.7693 -0.1454 0.6221
vn 0.7044 -0.1959 0.6822
vn 0.7621 -0.2073 0.6133
vn 0.6971 -0.2508 0.6717
vn 0.7525 -0.2644 0.6031
vn 0.6875 -0.3031 0.6599
vn 0.7403 -0.3184 0.5920
vn 0.6751 -0.3543 0.6471
vn 0.7250 -0.3710 0.5803
vn 0.6591 -0.4057 0.6332
vn 0.7057 -0.4236 0.5679
vn 0.6384 -0.4588 0.6180
vn 0.6812 -0.4779 0.5546
vn 0.6109 -0.5153 0.6010
vn 0.6493 -0.5354 0.5401
vn 0.5739 -0.5769 0.5813
vn 0.6070 -0.5979 0.5235
vn 0.5225 -0.6450 0.5577
vn 0.5494 -0.6667 0.5036
vn 0.4494 -0.7201 0.5287
vn 0.4691 -0.7420 0.4789
vn 0.3442 -0.7991 0.4930
vn 0.3556 -0.8204 0.4478
vn 0.1899 -0.8701 0.4548
vn 0.1972 -0.8893 0.4126
vn 0.0988 -0.8907 0.4437
vn 0.1062 -0.9140 0.3915
vn 0.6347 0.0088 0.7727
vn 0.6343 -0.0667 0.7702
vn 0.6324 -0.1276 0.7641
vn 0.6292 -0.1836 0.7553
vn 0.6245 -0.2361 0.7445
vn 0.6180 -0.2865 0.7321
vn 0.6093 -0.3360 0.7182
vn 0.5976 -0.3862 0.7027
vn 0.5820 -0.4383 0.6850
vn 0.5607 -0.4941 0.6645
vn 0.5311 -0.5553 0.6400
vn 0.4900 -0.6234 0.6093
vn 0.4278 -0.7021 0.5693
vn 0.3335 -0.7857 0.5210
vn 0.1855 -0.8650 0.4663
vn 0.0936 -0.8909 0.4445
vn 0.5428 0.0098 0.8398
vn 0.5428 -0.0619 0.8376
vn 0.5420 -0.1190 0.8319
vn 0.5405 -0.1719 0.8236
vn 0.5380 -0.2219 0.8132
vn 0.5343 -0.2702 0.8010
vn 0.5290 -0.3180 0.7868
vn 0.5215 -0.3666 0.7705
vn 0.5109 -0.4174 0.7515
vn 0.4959 -0.4721 0.7288
vn 0.4756 -0.5318 0.7007
vn 0.4439 -0.6007 0.6650
vn 0.3929 -0.6803 0.6187
vn 0.3137 -0.7692 0.5568
vn 0.1800 -0.8578 0.4814
vn 0.0898 -0.8905 0.4461
vn 0.4383 0.0108 0.8988
vn 0.4386 -0.0577 0.8968
vn 0.4386 -0.1114 0.8918
vn 0.4383 -0.1614 0.8842
vn 0.4375 -0.2090 0.8746
vn 0.4359 -0.2553 0.8630
vn 0.4334 -0.3012 0.8494
vn 0.4294 -0.3482 0.8333
vn 0.4233 -0.3975 0.8141
vn 0.4141 -0.4508 0.7908
vn 0.4009 -0.5081 0.7623
vn 0.3781 -0.5783 0.7230
vn 0.3427 -0.6577 0.6708
vn 0.2826 -0.7499 0.5982
vn 0.1704 -0.8482 0.5015
vn -0.0000 -0.8934 0.4494
vn 0.3225 0.0116 0.9465
vn 0.3229 -0.0543 0.9449
vn 0.3232 -0.1051 0.9405
vn 0.3236 -0.1528 0.9338
vn 0.3238 -0.1983 0.9251
vn 0.3236 -0.2427 0.9145
vn 0.3229 -0.2870 0.9018
vn 0.3214 -0.3324 0.8867
vn 0.3186 -0.3802 0.8683
vn 0.3139 -0.4321 0.8454
vn 0.3067 -0.4881 0.8171
vn 0.2929 -0.5570 0.7771
vn 0.2710 -0.6361 0.7224
vn 0.2315 -0.7300 0.6430
vn 0.1504 -0.8359 0.5278
vn -0.0000 -0.8935 0.4490
vn 0.1975 0.0123 0.9802
vn 0.1978 -0.0519 0.9789
vn 0.1983 -0.1007 0.9750
vn 0.1988 -0.1466 0.9690
vn 0.1992 -0.1906 0.9612
vn 0.1996 -0.2336 0.9516
vn 0.1997 -0.2767 0.9400
vn 0.1995 -0.3208 0.9259
vn 0.1986 -0.3674 0.9086
vn 0.1973 -0.4176 0.8870
vn 0.1938 -0.4739 0.8590
vn 0.1866 -0.5405 0.8204
vn 0.1756 -0.6187 0.7658
vn 0.1548 -0.7128 0.6841
vn 0.1097 -0.8225 0.5581
vn -0.0000 -0.8930 0.4500
vn 0.0665 0.0127 0.9977
vn 0.0667 -0.0506 0.9965
vn 0.0669 -0.0984 0.9929
vn 0.0672 -0.1434 0.9874
vn 0.0674 -0.1866 0.9801
vn 0.0676 -0.2288 0.9711
vn 0.0678 -0.2712 0.9601
vn 0.0679 -0.3146 0.9468
vn 0.0678 -0.3605 0.9303
vn 0.0670 -0.4099 0.9096
vn 0.0656 -0.4664 0.8821
vn 0.0638 -0.5314 0.8447
vn 0.0605 -0.6088 0.7910
vn 0.0542 -0.7025 0.7096
vn 0.0408 -0.8121 0.5821
vn -0.0000 -0.8919 0.4522
vn -0.0666 0.0127 0.9977
vn -0.0667 -0.0506 0.9965
vn -0.0669 -0.0984 0.9929
vn -0.0672 -0.1434 0.9874
vn -0.0674 -0.1866 0.9801
vn -0.0676 -0.2288 0.9711
vn -0.0678 -0.2712 0.9601
vn -0.0679 -0.3146 0.9468
vn -0.0678 -0.3605 0.9303
vn -0.0670 -0.4099 0.9096
vn -0.0656 -0.4664 0.8821
vn -0.0638 -0.5314 0.8447
vn -0.0605 -0.6088 0.7910
vn -0.0542 -0.7025 0.7096
vn -0.0408 -0.8121 0.5821
vn -0.1975 0.0124 0.9802
vn -0.1978 -0.0519 0.9789
vn -0.1983 -0.1007 0.9750
vn -0.1988 -0.1466 0.9690
vn -0.1992 -0.1906 0.9612
vn -0.1996 -0.2336 0.9516
vn -0.1997 -0.2767 0.9400
vn -0.1995 -0.3208 0.9259
vn -0.1986 -0.3674 0.9086
vn -0.1973 -0.4176 0.8870
vn -0.1938 -0.4739 0.8590
vn -0.1866 -0.5405 0.8204
vn -0.1756 -0.6187 0.7658
vn -0.1548 -0.7128 0.6841
vn -0.1097 -0.8225 0.5581
vn -0.3225 0.0118 0.9465
vn -0.3229 -0.0543 0.9449
vn -0.3232 -0.1051 0.9405
vn -0.3236 -0.1528 0.9338
vn -0.3238 -0.1983 0.9251
vn -0.3236 -0.2427 0.9145
vn -0.3229 -0.2870 0.9018
vn -0.3214 -0.3324 0.8867
vn -0.3186 -0.3802 0.8683
vn -0.3139 -0.4321 0.8454
vn -0.3067 -0.4881 0.8171
vn -0.2929 -0.5570 0.7771
vn -0.2710 -0.6361 0.7224
vn -0.2315 -0.7300 0.6430
vn -0.1504 -0.8359 0.5278
vn -0.4383 0.0110 0.8988
vn -0.4386 -0.0577 0.8968
vn -0.4386 -0.1114 0.8918
vn -0.4383 -0.1614 0.8842
vn -0.4375 -0.2090 0.8746
vn -0.4359 -0.2553 0.8630
vn -0.4334 -0.3012 0.8494
vn -0.4294 -0.3482 0.8333
vn -0.4233 -0.3975 0.8141
vn -0.4141 -0.4508 0.7908
vn -0.4009 -0.5081 0.7623
vn -0.3781 -0.5783 0.7230
vn -0.3427 -0.6577 0.6708
vn -0.2826 -0.7499 0.5982
vn -0.1704 -0.8482 0.5015
vn -0.5428 0.0100 0.8398
vn -0.5428 -0.0619 0.8376
vn -0.5420 -0.1190 0.8319
vn -0.5405 -0.1719 0.8236
vn -0.5380 -0.2219 0.8132
vn -0.5343 -0.2702 0.8010
vn -0.5290 -0.3180 0.7868
vn -0.5215 -0.3666 0.7705
vn -0.5109 -0.4174 0.7515
vn -0.4959 -0.4721 0.7288
vn -0.4756 -0.5318 0.7007
vn -0.4439 -0.6007 0.6650
vn -0.3929 -0.6803 0.6187
vn -0.3137 -0.7692 0.5568
vn -0.1800 -0.8578 0.4814
vn -0.0898 -0.8905 0.4461
vn -0.6347 0.0089 0.7727
vn -0.6343 -0.0667 0.7702
vn -0.6324 -0.1276 0.7641
vn -0.6292 -0.1836 0.7553
vn -0.6245 -0.2361 0.7445
vn -0.6180 -0.2865 0.7321
vn -0.6093 -0.3360 0.7182
vn -0.5976 -0.3862 0.7027
vn -0.5820 -0.4383 0.6850
vn -0.5607 -0.4941 0.6645
vn -0.5311 -0.5553 0.6400
vn -0.4900 -0.6234 0.6093
vn -0.4278 -0.7021 0.5693
vn -0.3335 -0.7857 0.5210
vn -0.1855 -0.8650 0.4663
vn -0.0936 -0.8909 0.4445
vn -0.7139 0.0079 0.7002
vn -0.7130 -0.0718 0.6975
vn -0.7097 -0.1368 0.6911
vn -0.7044 -0.1959 0.6822
vn -0.6971 -0.2508 0.6717
vn -0.6875 -0.3031 0.6599
vn -0.6751 -0.3543 0.6471
vn -0.6591 -0.4057 0.6332
vn -0.6384 -0.4588 0.6180
vn -0.6109 -0.5153 0.6010
vn -0.5739 -0.5769 0.5813
vn -0.5225 -0.6450 0.5577
vn -0.4494 -0.7201 0.5287
vn -0.3442 -0.7991 0.4930
vn -0.1899 -0.8701 0.4548
vn -0.0988 -0.8907 0.4437
vn -0.7067 -0.0077 -0.7074
vn -0.7061 0.0662 -0.7050
vn -0.7039 0.1266 -0.6989
vn -0.6999 0.1817 -0.6907
vn -0.6938 0.2332 -0.6813
vn -0.6852 0.2824 -0.6714
vn -0.6735 0.3306 -0.6611
vn -0.6578 0.3791 -0.6509
vn -0.6367 0.4291 -0.6407
vn -0.6082 0.4821 -0.6306
vn -0.5694 0.5392 -0.6205
vn -0.5154 0.6014 -0.6105
vn -0.4392 0.6681 -0.6006
vn -0.3315 0.7342 -0.5926
vn -0.1847 0.7842 -0.5924
vn -0.0965 0.7825 -0.6151
vn -0.6581 -0.0076 -0.7529
vn -0.6577 0.0641 -0.7506
vn -0.6559 0.1223 -0.7448
vn -0.6526 0.1753 -0.7372
vn -0.6472 0.2245 -0.7285
vn -0.6394 0.2714 -0.7194
vn -0.6284 0.3171 -0.7103
vn -0.6134 0.3628 -0.7015
vn -0.5930 0.4094 -0.6933
vn -0.5654 0.4582 -0.6859
vn -0.5275 0.5098 -0.6796
vn -0.4751 0.5644 -0.6751
vn -0.4020 0.6201 -0.6737
vn -0.3011 0.6698 -0.6787
vn -0.1695 0.6954 -0.6983
vn -0.0911 0.6622 -0.7438
vn -0.6050 -0.0074 -0.7962
vn -0.6048 0.0614 -0.7940
vn -0.6035 0.1169 -0.7887
vn -0.6008 0.1672 -0.7817
vn -0.5961 0.2138 -0.7740
vn -0.5889 0.2579 -0.7660
vn -0.5786 0.3005 -0.7582
vn -0.5643 0.3427 -0.7511
vn -0.5447 0.3853 -0.7449
vn -0.5180 0.4289 -0.7401
vn -0.4815 0.4740 -0.7373
vn -0.4313 0.5196 -0.7375
vn -0.3625 0.5628 -0.7429
vn -0.2705 0.5947 -0.7571
vn -0.1572 0.5962 -0.7873
vn -0.0918 0.5389 -0.8373
vn -0.5440 -0.0071 -0.8390
vn -0.5441 0.0578 -0.8371
vn -0.5432 0.1099 -0.8324
vn -0.5410 0.1568 -0.8263
vn -0.5369 0.2000 -0.8196
vn -0.5303 0.2406 -0.8129
vn -0.5207 0.2795 -0.8067
vn -0.5071 0.3174 -0.8014
vn -0.4883 0.3549 -0.7973
vn -0.4627 0.3923 -0.7950
vn -0.4280 0.4294 -0.7952
vn -0.3810 0.4646 -0.7994
vn -0.3182 0.4938 -0.8093
vn -0.2377 0.5074 -0.8283
vn -0.1457 0.4881 -0.8605
vn -0.0953 0.4185 -0.9032
vn -0.4689 -0.0067 -0.8832
vn -0.4691 0.0529 -0.8815
vn -0.4686 0.1003 -0.8777
vn -0.4668 0.1428 -0.8727
vn -0.4632 0.1815 -0.8675
vn -0.4572 0.2174 -0.8624
vn -0.4481 0.2513 -0.8579
vn -0.4353 0.2835 -0.8545
vn -0.4175 0.3145 -0.8525
vn -0.3935 0.3441 -0.8525
vn -0.3614 0.3714 -0.8552
vn -0.3191 0.3943 -0.8618
vn -0.2648 0.4081 -0.8737
vn -0.1998 0.4042 -0.8926
vn -0.1327 0.3702 -0.9194
vn -0.0987 0.3014 -0.9484
vn -0.3670 -0.0062 -0.9302
vn -0.3673 0.0456 -0.9290
vn -0.3670 0.0862 -0.9262
vn -0.3655 0.1221 -0.9228
vn -0.3621 0.1543 -0.9193
vn -0.3565 0.1835 -0.9161
vn -0.3479 0.2101 -0.9137
vn -0.3359 0.2345 -0.9123
vn -0.3196 0.2564 -0.9122
vn -0.2982 0.2753 -0.9139
vn -0.2706 0.2901 -0.9179
vn -0.2362 0.2984 -0.9248
vn -0.1955 0.2961 -0.9349
vn -0.1521 0.2779 -0.9485
vn -0.1157 0.2386 -0.9642
vn -0.1000 0.1842 -0.9778
vn -0.2106 -0.0055 -0.9775
vn -0.2111 0.0335 -0.9769
vn -0.2106 0.0628 -0.9756
vn -0.2087 0.0879 -0.9740
vn -0.2052 0.1094 -0.9726
vn -0.1995 0.1277 -0.9715
vn -0.1915 0.1428 -0.9711
vn -0.1809 0.1547 -0.9713
vn -0.1675 0.1629 -0.9723
vn -0.1516 0.1668 -0.9743
vn -0.1335 0.1652 -0.9772
vn -0.1145 0.1568 -0.9810
vn -0.0977 0.1403 -0.9853
vn -0.0879 0.1156 -0.9894
vn -0.0916 0.0857 -0.9921
vn -0.0976 0.0614 -0.9933
vn 0.0604 -0.0041 -0.9982
vn 0.0600 0.0109 -0.9981
vn 0.0615 0.0193 -0.9979
vn 0.0645 0.0245 -0.9976
vn 0.0688 0.0265 -0.9973
vn 0.0742 0.0252 -0.9969
vn 0.0803 0.0204 -0.9966
vn 0.0862 0.0117 -0.9962
vn 0.0907 -0.0012 -0.9959
vn 0.0921 -0.0183 -0.9956
vn 0.0877 -0.0392 -0.9954
vn 0.0738 -0.0627 -0.9953
vn 0.0465 -0.0851 -0.9953
vn 0.0026 -0.1005 -0.9949
vn -0.0553 -0.0997 -0.9935
vn -0.0895 -0.0757 -0.9931
vn 0.5041 -0.0011 -0.8636
vn 0.5031 -0.0290 -0.8637
vn 0.5039 -0.0571 -0.8619
vn 0.5049 -0.0854 -0.8590
vn 0.5051 -0.1147 -0.8554
vn 0.5036 -0.1458 -0.8516
vn 0.4988 -0.1792 -0.8480
vn 0.4888 -0.2150 -0.8455
vn 0.4713 -0.2532 -0.8449
vn 0.4426 -0.2928 -0.8476
vn 0.3981 -0.3321 -0.8551
vn 0.3329 -0.3653 -0.8693
vn 0.2417 -0.3841 -0.8911
vn 0.1250 -0.3757 -0.9183
vn -0.0039 -0.3278 -0.9447
vn -0.0693 -0.2404 -0.9682
vn 0.9027 0.0027 -0.4303
vn 0.9000 -0.0693 -0.4303
vn 0.8942 -0.1331 -0.4274
vn 0.8852 -0.1921 -0.4236
vn 0.8730 -0.2482 -0.4199
vn 0.8568 -0.3028 -0.4175
vn 0.8355 -0.3571 -0.4175
vn 0.8077 -0.4120 -0.4218
vn 0.7706 -0.4685 -0.4321
vn 0.7209 -0.5257 -0.4515
vn 0.6523 -0.5828 -0.4847
vn 0.5579 -0.6336 -0.5360
vn 0.4281 -0.6671 -0.6096
vn 0.2585 -0.6607 -0.7047
vn 0.0631 -0.5858 -0.8080
vn -0.0364 -0.4379 -0.8983
vn 0.9990 0.0052 0.0447
vn 0.9954 -0.0853 0.0437
vn 0.9858 -0.1623 0.0423
vn 0.9719 -0.2318 0.0398
vn 0.9545 -0.2961 0.0358
vn 0.9335 -0.3572 0.0298
vn 0.9086 -0.4171 0.0208
vn 0.8787 -0.4773 0.0076
vn 0.8417 -0.5399 -0.0121
vn 0.7948 -0.6055 -0.0410
vn 0.7326 -0.6755 -0.0838
vn 0.6469 -0.7481 -0.1479
vn 0.5256 -0.8152 -0.2433
vn 0.3548 -0.8541 -0.3804
vn 0.1338 -0.8190 -0.5579
vn 0.0080 -0.6685 -0.7437
vn 0.9452 0.0062 0.3264
vn 0.9420 -0.0857 0.3244
vn 0.9335 -0.1627 0.3195
vn 0.9212 -0.2318 0.3125
vn 0.9058 -0.2953 0.3038
vn 0.8875 -0.3554 0.2934
vn 0.8658 -0.4141 0.2810
vn 0.8398 -0.4733 0.2659
vn 0.8081 -0.5349 0.2467
vn 0.7680 -0.6009 0.2214
vn 0.7155 -0.6734 0.1863
vn 0.6436 -0.7533 0.1353
vn 0.5413 -0.8388 0.0583
vn 0.3928 -0.9176 -0.0605
vn 0.1847 -0.9532 -0.2394
vn 0.0587 -0.8797 -0.4719
vn 0.8791 0.0066 0.4766
vn 0.8765 -0.0828 0.4742
vn 0.8696 -0.1571 0.4680
vn 0.8595 -0.2237 0.4596
vn 0.8466 -0.2849 0.4496
vn 0.8309 -0.3427 0.4383
vn 0.8120 -0.3992 0.4258
vn 0.7891 -0.4559 0.4117
vn 0.7607 -0.5149 0.3953
vn 0.7246 -0.5781 0.3752
vn 0.6772 -0.6476 0.3493
vn 0.6129 -0.7253 0.3136
vn 0.5223 -0.8116 0.2616
vn 0.3920 -0.9018 0.1818
vn 0.2068 -0.9767 0.0570
vn 0.0976 -0.9876 -0.1229
vn 0.8250 0.0068 0.5651
vn 0.8229 -0.0798 0.5625
vn 0.8173 -0.1513 0.5560
vn 0.8087 -0.2156 0.5473
vn 0.7975 -0.2746 0.5371
vn 0.7836 -0.3305 0.5261
vn 0.7665 -0.3848 0.5143
vn 0.7453 -0.4393 0.5016
vn 0.7187 -0.4956 0.4877
vn 0.6847 -0.5556 0.4718
vn 0.6398 -0.6211 0.4527
vn 0.5790 -0.6937 0.4283
vn 0.4943 -0.7742 0.3953
vn 0.3743 -0.8593 0.3484
vn 0.2066 -0.9370 0.2816
vn 0.1108 -0.9737 0.1988
vn 0.0012 -0.1801 -0.9836
vn 0.0864 -0.2708 -0.9587
vn 0.0001 -0.2458 -0.9693
vn -0.1089 -0.1711 -0.9792
vn 0.2433 -0.3908 -0.8878
vn 0.2062 -0.3630 -0.9087
vn 0.3576 -0.5001 -0.7887
vn 0.3601 -0.4798 -0.8001
vn 0.4152 -0.5798 -0.7010
vn 0.4362 -0.5662 -0.6994
vn 0.4428 -0.6285 -0.6394
vn 0.4706 -0.6192 -0.6286
vn 0.4613 -0.6500 -0.6039
vn 0.4915 -0.6434 -0.5869
vn 0.4812 -0.6478 -0.5906
vn 0.5126 -0.6429 -0.5691
vn 0.5070 -0.6236 -0.5951
vn 0.5395 -0.6198 -0.5699
vn 0.5390 -0.5779 -0.6129
vn 0.5728 -0.5750 -0.5842
vn 0.5749 -0.5112 -0.6389
vn 0.6103 -0.5090 -0.6070
vn 0.6109 -0.4252 -0.6678
vn 0.6480 -0.4237 -0.6329
vn 0.6426 -0.3244 -0.6941
vn 0.6812 -0.3234 -0.6568
vn 0.6663 -0.2151 -0.7140
vn 0.7060 -0.2145 -0.6749
vn 0.6803 -0.1049 -0.7254
vn 0.7206 -0.1047 -0.6854
vn 0.0010 -0.1839 -0.9829
vn 0.0699 -0.2826 -0.9567
vn 0.1983 -0.4047 -0.8927
vn 0.2965 -0.5112 -0.8067
vn 0.3502 -0.5879 -0.7292
vn 0.3785 -0.6344 -0.6740
vn 0.3981 -0.6545 -0.6428
vn 0.4184 -0.6512 -0.6331
vn 0.4432 -0.6263 -0.6414
vn 0.4730 -0.5800 -0.6632
vn 0.5060 -0.5128 -0.6935
vn 0.5389 -0.4264 -0.7265
vn 0.5677 -0.3251 -0.7563
vn 0.5893 -0.2154 -0.7787
vn 0.6019 -0.1051 -0.7916
vn 0.0008 -0.1871 -0.9823
vn 0.0551 -0.2924 -0.9547
vn 0.1572 -0.4166 -0.8954
vn 0.2381 -0.5211 -0.8196
vn 0.2852 -0.5955 -0.7511
vn 0.3117 -0.6403 -0.7020
vn 0.3307 -0.6592 -0.6753
vn 0.3499 -0.6552 -0.6696
vn 0.3725 -0.6296 -0.6818
vn 0.3991 -0.5829 -0.7078
vn 0.4283 -0.5153 -0.7423
vn 0.4571 -0.4284 -0.7794
vn 0.4824 -0.3266 -0.8128
vn 0.5013 -0.2164 -0.8378
vn 0.5124 -0.1056 -0.8523
vn 0.0006 -0.1895 -0.9819
vn 0.0416 -0.3001 -0.9530
vn 0.1191 -0.4262 -0.8968
vn 0.1822 -0.5292 -0.8287
vn 0.2206 -0.6020 -0.7674
vn 0.2434 -0.6455 -0.7239
vn 0.2601 -0.6636 -0.7014
vn 0.2768 -0.6590 -0.6993
vn 0.2960 -0.6332 -0.7152
vn 0.3182 -0.5861 -0.7451
vn 0.3425 -0.5182 -0.7837
vn 0.3664 -0.4309 -0.8247
vn 0.3872 -0.3285 -0.8615
vn 0.4028 -0.2177 -0.8890
vn 0.4120 -0.1062 -0.9050
vn 0.0004 -0.1913 -0.9815
vn 0.0290 -0.3058 -0.9517
vn 0.0833 -0.4334 -0.8973
vn 0.1284 -0.5355 -0.8347
vn 0.1568 -0.6071 -0.7790
vn 0.1742 -0.6498 -0.7399
vn 0.1872 -0.6673 -0.7209
vn 0.2001 -0.6624 -0.7220
vn 0.2147 -0.6363 -0.7410
vn 0.2313 -0.5887 -0.7746
vn 0.2492 -0.5209 -0.8164
vn 0.2673 -0.4334 -0.8607
vn 0.2831 -0.3305 -0.9003
vn 0.2949 -0.2191 -0.9301
vn 0.3020 -0.1070 -0.9473
vn 0.0002 -0.1923 -0.9813
vn 0.0170 -0.3094 -0.9508
vn 0.0492 -0.4382 -0.8976
vn 0.0762 -0.5398 -0.8384
vn 0.0935 -0.6106 -0.7864
vn 0.1045 -0.6527 -0.7503
vn 0.1128 -0.6699 -0.7338
vn 0.1209 -0.6648 -0.7372
vn 0.1299 -0.6384 -0.7587
vn 0.1407 -0.5910 -0.7943
vn 0.1523 -0.5231 -0.8386
vn 0.1634 -0.4353 -0.8853
vn 0.1731 -0.3321 -0.9272
vn 0.1804 -0.2202 -0.9586
vn 0.1846 -0.1075 -0.9769
vn -0.0000 -0.1927 -0.9813
vn 0.0054 -0.3110 -0.9504
vn 0.0159 -0.4404 -0.8976
vn 0.0249 -0.5419 -0.8401
vn 0.0308 -0.6124 -0.7900
vn 0.0346 -0.6543 -0.7555
vn 0.0375 -0.6713 -0.7403
vn 0.0403 -0.6661 -0.7448
vn 0.0437 -0.6396 -0.7675
vn 0.0475 -0.5925 -0.8042
vn 0.0513 -0.5242 -0.8501
vn 0.0550 -0.4363 -0.8981
vn 0.0583 -0.3329 -0.9412
vn 0.0607 -0.2208 -0.9734
vn 0.0621 -0.1078 -0.9922
vn -0.0054 -0.3110 -0.9504
vn -0.0159 -0.4404 -0.8976
vn -0.0249 -0.5419 -0.8401
vn -0.0308 -0.6124 -0.7900
vn -0.0346 -0.6543 -0.7555
vn -0.0375 -0.6713 -0.7403
vn -0.0403 -0.6661 -0.7448
vn -0.0437 -0.6396 -0.7675
vn -0.0475 -0.5925 -0.8042
vn -0.0513 -0.5242 -0.8501
vn -0.0550 -0.4363 -0.8981
vn -0.0583 -0.3329 -0.9412
vn -0.0607 -0.2208 -0.9734
vn -0.0621 -0.1078 -0.9922
vn -0.0002 -0.1923 -0.9813
vn -0.0170 -0.3094 -0.9508
vn -0.0492 -0.4382 -0.8976
vn -0.0762 -0.5398 -0.8384
vn -0.0935 -0.6106 -0.7864
vn -0.1045 -0.6527 -0.7503
vn -0.1128 -0.6699 -0.7338
vn -0.1209 -0.6648 -0.7372
vn -0.1299 -0.6384 -0.7587
vn -0.1407 -0.5910 -0.7943
vn -0.1523 -0.5231 -0.8386
vn -0.1634 -0.4353 -0.8853
vn -0.1731 -0.3321 -0.9272
vn -0.1804 -0.2202 -0.9586
vn -0.1846 -0.1075 -0.9769
vn -0.0004 -0.1913 -0.9815
vn -0.0290 -0.3058 -0.9517
vn -0.0833 -0.4334 -0.8973
vn -0.1284 -0.5355 -0.8347
vn -0.1568 -0.6071 -0.7790
vn -0.1742 -0.6498 -0.7399
vn -0.1872 -0.6673 -0.7209
vn -0.2001 -0.6624 -0.7220
vn -0.2147 -0.6363 -0.7410
vn -0.2313 -0.5887 -0.7746
vn -0.2492 -0.5209 -0.8164
vn -0.2673 -0.4334 -0.8607
vn -0.2831 -0.3305 -0.9003
vn -0.2949 -0.2191 -0.9301
vn -0.3020 -0.1070 -0.9473
vn -0.0006 -0.1895 -0.9819
vn -0.0416 -0.3001 -0.9530
vn -0.1191 -0.4262 -0.8968
vn -0.1822 -0.5292 -0.8287
vn -0.2206 -0.6020 -0.7674
vn -0.2434 -0.6455 -0.7239
vn -0.2601 -0.6636 -0.7014
vn -0.2768 -0.6590 -0.6993
vn -0.2960 -0.6332 -0.7152
vn -0.3182 -0.5861 -0.7451
vn -0.3425 -0.5182 -0.7837
vn -0.3664 -0.4309 -0.8247
vn -0.3872 -0.3285 -0.8615
vn -0.4028 -0.2177 -0.8890
vn -0.4120 -0.1062 -0.9050
vn -0.0008 -0.1871 -0.9823
vn -0.0551 -0.2924 -0.9547
vn -0.1572 -0.4166 -0.8954
vn -0.2381 -0.5211 -0.8196
vn -0.2852 -0.5955 -0.7511
vn -0.3117 -0.6403 -0.7020
vn -0.3307 -0.6592 -0.6753
vn -0.3499 -0.6552 -0.6696
vn -0.3725 -0.6296 -0.6818
vn -0.3991 -0.5829 -0.7078
vn -0.4283 -0.5153 -0.7423
vn -0.4571 -0.4284 -0.7794
vn -0.4824 -0.3266 -0.8128
vn -0.5013 -0.2164 -0.8378
vn -0.5124 -0.1056 -0.8523
vn -0.0010 -0.1839 -0.9829
vn -0.0699 -0.2826 -0.9567
vn -0.1983 -0.4047 -0.8927
vn -0.2965 -0.5112 -0.8067
vn -0.3502 -0.5879 -0.7292
vn -0.3785 -0.6344 -0.6740
vn -0.3981 -0.6545 -0.6428
vn -0.4184 -0.6512 -0.6331
vn -0.4432 -0.6263 -0.6414
vn -0.4730 -0.5800 -0.6632
vn -0.5060 -0.5128 -0.6935
vn -0.5389 -0.4264 -0.7265
vn -0.5677 -0.3251 -0.7563
vn -0.5893 -0.2154 -0.7787
vn -0.6019 -0.1051 -0.7916
vn -0.0012 -0.1801 -0.9836
vn -0.0864 -0.2708 -0.9588
vn -0.2433 -0.3908 -0.8878
vn -0.3576 -0.5001 -0.7887
vn -0.4152 -0.5798 -0.7010
vn -0.4428 -0.6285 -0.6394
vn -0.4613 -0.6500 -0.6039
vn -0.4812 -0.6478 -0.5906
vn -0.5070 -0.6236 -0.5951
vn -0.5390 -0.5779 -0.6129
vn -0.5749 -0.5112 -0.6389
vn -0.6109 -0.4252 -0.6678
vn -0.6426 -0.3244 -0.6941
vn -0.6663 -0.2151 -0.7140
vn -0.6803 -0.1049 -0.7254
vn 0.1018 -0.1715 -0.9799
vn -0.0070 -0.2467 -0.9691
vn -0.2120 -0.3642 -0.9069
vn -0.3636 -0.4806 -0.7980
vn -0.4382 -0.5666 -0.6978
vn -0.4718 -0.6194 -0.6275
vn -0.4922 -0.6435 -0.5862
vn -0.5131 -0.6430 -0.5686
vn -0.5399 -0.6199 -0.5695
vn -0.5730 -0.5750 -0.5839
vn -0.6105 -0.5090 -0.6068
vn -0.6481 -0.4237 -0.6328
vn -0.6813 -0.3234 -0.6568
vn -0.7061 -0.2145 -0.6749
vn -0.7206 -0.1047 -0.6854
vn -0.8111 0.1278 0.5707
vn -0.7893 0.2631 0.5547
vn -0.6377 0.2779 0.7184
vn -0.6413 0.1528 0.7520
vn -0.7481 0.4116 0.5206
vn -0.6317 0.4136 0.6556
vn -0.6990 0.5276 0.4828
vn -0.6128 0.5239 0.5916
vn -0.6540 0.6082 0.4498
vn -0.5885 0.6025 0.5391
vn -0.6215 0.6570 0.4266
vn -0.5690 0.6506 0.5029
vn -0.6057 0.6787 0.4154
vn -0.5608 0.6721 0.4836
vn -0.6069 0.6771 0.4161
vn -0.5661 0.6703 0.4798
vn -0.6240 0.6540 0.4277
vn -0.5847 0.6469 0.4895
vn -0.6541 0.6093 0.4483
vn -0.6145 0.6020 0.5099
vn -0.6928 0.5427 0.4748
vn -0.6517 0.5355 0.5372
vn -0.7346 0.4551 0.5034
vn -0.6912 0.4482 0.5669
vn -0.7728 0.3498 0.5295
vn -0.7271 0.3439 0.5942
vn -0.8022 0.2334 0.5496
vn -0.7545 0.2291 0.6150
vn -0.8195 0.1145 0.5615
vn -0.7706 0.1122 0.6273
vn -0.9330 0.0943 0.3473
vn -0.9071 0.2367 0.3480
vn -0.8495 0.3978 0.3467
vn -0.7811 0.5234 0.3404
vn -0.7202 0.6093 0.3319
vn -0.6764 0.6606 0.3256
vn -0.6535 0.6836 0.3250
vn -0.6512 0.6826 0.3317
vn -0.6668 0.6601 0.3459
vn -0.6973 0.6158 0.3668
vn -0.7378 0.5495 0.3921
vn -0.7820 0.4616 0.4188
vn -0.8229 0.3554 0.4432
vn -0.8545 0.2376 0.4620
vn -0.8732 0.1167 0.4732
vn -0.9842 0.0654 0.1648
vn -0.9635 0.2072 0.1696
vn -0.9101 0.3738 0.1788
vn -0.8416 0.5068 0.1865
vn -0.7773 0.5993 0.1914
vn -0.7298 0.6551 0.1955
vn -0.7041 0.6810 0.2014
vn -0.7004 0.6819 0.2109
vn -0.7162 0.6608 0.2244
vn -0.7485 0.6176 0.2416
vn -0.7918 0.5520 0.2615
vn -0.8394 0.4645 0.2820
vn -0.8838 0.3584 0.3007
vn -0.9182 0.2400 0.3151
vn -0.9387 0.1180 0.3238
vn -0.9988 0.0424 0.0248
vn -0.9835 0.1793 0.0258
vn -0.9388 0.3435 0.0277
vn -0.8783 0.4773 0.0293
vn -0.8194 0.5725 0.0300
vn -0.7750 0.6312 0.0300
vn -0.7513 0.6593 0.0301
vn -0.7491 0.6617 0.0305
vn -0.7667 0.6412 0.0316
vn -0.8005 0.5984 0.0334
vn -0.8449 0.5337 0.0359
vn -0.8932 0.4480 0.0387
vn -0.9377 0.3448 0.0415
vn -0.9721 0.2306 0.0437
vn -0.9925 0.1133 0.0449
vn -0.9962 0.0239 -0.0837
vn -0.9840 0.1538 -0.0898
vn -0.9451 0.3095 -0.1049
vn -0.8916 0.4352 -0.1255
vn -0.8391 0.5231 -0.1493
vn -0.7992 0.5747 -0.1761
vn -0.7769 0.5949 -0.2060
vn -0.7724 0.5883 -0.2392
vn -0.7827 0.5585 -0.2748
vn -0.8032 0.5082 -0.3109
vn -0.8288 0.4407 -0.3447
vn -0.8547 0.3598 -0.3742
vn -0.8768 0.2703 -0.3977
vn -0.8925 0.1774 -0.4148
vn -0.9009 0.0862 -0.4253
vn -0.9852 0.0083 -0.1715
vn -0.9740 0.1299 -0.1858
vn -0.9361 0.2727 -0.2221
vn -0.8828 0.3810 -0.2748
vn -0.8279 0.4459 -0.3402
vn -0.7796 0.4678 -0.4164
vn -0.7387 0.4516 -0.5004
vn -0.7020 0.4056 -0.5854
vn -0.6663 0.3419 -0.6627
vn -0.6314 0.2725 -0.7261
vn -0.5983 0.2062 -0.7743
vn -0.5685 0.1479 -0.8093
vn -0.5433 0.0990 -0.8337
vn -0.5235 0.0593 -0.8499
vn -0.5104 0.0272 -0.8595
vn -0.9690 -0.0056 -0.2469
vn -0.9571 0.1066 -0.2694
vn -0.9154 0.2328 -0.3285
vn -0.8524 0.3144 -0.4178
vn -0.7770 0.3378 -0.5313
vn -0.6903 0.3007 -0.6581
vn -0.5906 0.2164 -0.7774
vn -0.4835 0.1135 -0.8680
vn -0.3804 0.0214 -0.9246
vn -0.2903 -0.0438 -0.9559
vn -0.2168 -0.0789 -0.9730
vn -0.1594 -0.0881 -0.9833
vn -0.1165 -0.0782 -0.9901
vn -0.0862 -0.0565 -0.9947
vn -0.0677 -0.0288 -0.9973
vn -0.9486 -0.0189 -0.3160
vn -0.9343 0.0826 -0.3468
vn -0.8834 0.1885 -0.4291
vn -0.7986 0.2344 -0.5544
vn -0.6797 0.2003 -0.7056
vn -0.5265 0.0917 -0.8452
vn -0.3579 -0.0482 -0.9325
vn -0.2047 -0.1676 -0.9644
vn -0.0834 -0.2417 -0.9668
vn 0.0073 -0.2704 -0.9627
vn 0.0748 -0.2630 -0.9619
vn 0.1254 -0.2299 -0.9651
vn 0.1628 -0.1799 -0.9701
vn 0.1890 -0.1210 -0.9745
vn 0.2048 -0.0594 -0.9770
vn -0.9228 -0.0324 -0.3840
vn -0.9042 0.0567 -0.4234
vn -0.8376 0.1376 -0.5286
vn -0.7168 0.1393 -0.6833
vn -0.5365 0.0427 -0.8428
vn -0.3213 -0.1157 -0.9399
vn -0.1264 -0.2621 -0.9567
vn 0.0185 -0.3554 -0.9345
vn 0.1196 -0.3949 -0.9109
vn 0.1924 -0.3926 -0.8994
vn 0.2476 -0.3593 -0.8998
vn 0.2908 -0.3035 -0.9073
vn 0.3240 -0.2330 -0.9169
vn 0.3477 -0.1549 -0.9247
vn 0.3620 -0.0757 -0.9291
vn -0.8886 -0.0471 -0.4563
vn -0.8630 0.0269 -0.5046
vn -0.7719 0.0771 -0.6310
vn -0.6000 0.0283 -0.7995
vn -0.3582 -0.1188 -0.9261
vn -0.1189 -0.2870 -0.9505
vn 0.0571 -0.4069 -0.9117
vn 0.1721 -0.4676 -0.8670
vn 0.2502 -0.4818 -0.8398
vn 0.3087 -0.4613 -0.8318
vn 0.3564 -0.4140 -0.8376
vn 0.3960 -0.3463 -0.8505
vn 0.4276 -0.2644 -0.8644
vn 0.4505 -0.1753 -0.8754
vn 0.4643 -0.0855 -0.8816
vn -0.8398 -0.0644 -0.5391
vn -0.8028 -0.0093 -0.5961
vn -0.6747 0.0032 -0.7381
vn -0.4418 -0.0960 -0.8920
vn -0.1636 -0.2663 -0.9499
vn 0.0564 -0.4134 -0.9088
vn 0.1944 -0.5007 -0.8435
vn 0.2802 -0.5368 -0.7958
vn 0.3407 -0.5352 -0.7729
vn 0.3900 -0.5043 -0.7705
vn 0.4333 -0.4491 -0.7814
vn 0.4714 -0.3743 -0.7986
vn 0.5028 -0.2854 -0.8160
vn 0.5258 -0.1890 -0.8294
vn 0.5395 -0.0922 -0.8369
vn -0.7632 -0.0859 -0.6404
vn -0.7079 -0.0557 -0.7041
vn -0.5277 -0.0877 -0.8449
vn -0.2418 -0.2248 -0.9439
vn 0.0277 -0.3871 -0.9216
vn 0.2010 -0.5018 -0.8413
vn 0.2998 -0.5624 -0.7706
vn 0.3619 -0.5821 -0.7282
vn 0.4097 -0.5707 -0.7116
vn 0.4528 -0.5334 -0.7145
vn 0.4936 -0.4735 -0.7295
vn 0.5312 -0.3941 -0.7500
vn 0.5630 -0.3004 -0.7699
vn 0.5865 -0.1991 -0.7851
vn 0.6004 -0.0971 -0.7938
vn -0.6303 -0.1139 -0.7679
vn -0.5469 -0.1167 -0.8290
vn -0.3097 -0.1936 -0.9309
vn -0.0134 -0.3421 -0.9396
vn 0.2020 -0.4765 -0.8557
vn 0.3199 -0.5615 -0.7632
vn 0.3845 -0.6034 -0.6986
vn 0.4283 -0.6126 -0.6643
vn 0.4667 -0.5952 -0.6541
vn 0.5054 -0.5541 -0.6615
vn 0.5448 -0.4911 -0.6798
vn 0.5825 -0.4087 -0.7026
vn 0.6150 -0.3117 -0.7243
vn 0.6392 -0.2066 -0.7408
vn 0.6535 -0.1008 -0.7502
vn -0.3850 -0.1479 -0.9110
vn -0.2734 -0.1907 -0.9428
vn -0.0195 -0.2977 -0.9545
vn 0.2167 -0.4316 -0.8756
vn 0.3528 -0.5360 -0.7670
vn 0.4192 -0.5999 -0.6814
vn 0.4562 -0.6302 -0.6283
vn 0.4857 -0.6331 -0.6028
vn 0.5169 -0.6121 -0.5985
vn 0.5524 -0.5686 -0.6095
vn 0.5910 -0.5037 -0.6301
vn 0.6291 -0.4194 -0.6545
vn 0.6624 -0.3201 -0.6773
vn 0.6874 -0.2123 -0.6946
vn 0.7021 -0.1036 -0.7045
vn 0.6459 0.1537 0.7477
vn 0.6340 0.2781 0.7216
vn 0.7430 0.2682 0.6132
vn 0.7643 0.1366 0.6303
vn 0.6121 0.4169 0.6720
vn 0.7036 0.4133 0.5781
vn 0.5834 0.5249 0.6198
vn 0.6582 0.5261 0.5386
vn 0.5544 0.6016 0.5751
vn 0.6166 0.6052 0.5035
vn 0.5330 0.6481 0.5439
vn 0.5870 0.6528 0.4788
vn 0.5236 0.6685 0.5282
vn 0.5727 0.6738 0.4669
vn 0.5274 0.6658 0.5278
vn 0.5743 0.6716 0.4680
vn 0.5438 0.6415 0.5411
vn 0.5905 0.6479 0.4811
vn 0.5705 0.5959 0.5652
vn 0.6187 0.6027 0.5039
vn 0.6039 0.5289 0.5964
vn 0.6547 0.5359 0.5331
vn 0.6391 0.4416 0.6296
vn 0.6932 0.4484 0.5643
vn 0.6710 0.3381 0.6598
vn 0.7283 0.3440 0.5927
vn 0.6952 0.2249 0.6827
vn 0.7550 0.2292 0.6143
vn 0.7094 0.1100 0.6962
vn 0.7708 0.1123 0.6271
vn 0.5365 0.1660 0.8274
vn 0.5304 0.2868 0.7978
vn 0.5199 0.4219 0.7428
vn 0.5029 0.5263 0.6856
vn 0.4832 0.6009 0.6367
vn 0.4683 0.6460 0.6028
vn 0.4626 0.6654 0.5858
vn 0.4677 0.6620 0.5856
vn 0.4834 0.6372 0.6003
vn 0.5078 0.5910 0.6268
vn 0.5377 0.5237 0.6608
vn 0.5690 0.4366 0.6969
vn 0.5971 0.3337 0.7295
vn 0.6183 0.2216 0.7541
vn 0.6307 0.1083 0.7684
vn 0.4222 0.1759 0.8893
vn 0.4212 0.2943 0.8579
vn 0.4205 0.4270 0.8005
vn 0.4137 0.5289 0.7410
vn 0.4026 0.6017 0.6898
vn 0.3937 0.6457 0.6543
vn 0.3913 0.6642 0.6369
vn 0.3974 0.6601 0.6374
vn 0.4119 0.6348 0.6538
vn 0.4335 0.5882 0.6827
vn 0.4596 0.5205 0.7196
vn 0.4866 0.4334 0.7586
vn 0.5106 0.3308 0.7936
vn 0.5287 0.2195 0.8199
vn 0.5393 0.1072 0.8353
vn 0.3081 0.1831 0.9336
vn 0.3110 0.3005 0.9017
vn 0.3175 0.4317 0.8443
vn 0.3186 0.5320 0.7845
vn 0.3146 0.6035 0.7327
vn 0.3109 0.6465 0.6967
vn 0.3113 0.6643 0.6796
vn 0.3177 0.6597 0.6811
vn 0.3306 0.6338 0.6993
vn 0.3488 0.5869 0.7307
vn 0.3703 0.5190 0.7704
vn 0.3924 0.4317 0.8121
vn 0.4121 0.3293 0.8496
vn 0.4268 0.2183 0.8776
vn 0.4354 0.1066 0.8939
vn 0.1983 0.1880 0.9620
vn 0.2041 0.3059 0.9299
vn 0.2148 0.4348 0.8746
vn 0.2207 0.5349 0.8156
vn 0.2220 0.6056 0.7642
vn 0.2222 0.6478 0.7287
vn 0.2245 0.6651 0.7122
vn 0.2306 0.6601 0.7149
vn 0.2409 0.6339 0.7349
vn 0.2550 0.5867 0.7686
vn 0.2714 0.5186 0.8108
vn 0.2881 0.4312 0.8550
vn 0.3028 0.3287 0.8946
vn 0.3138 0.2179 0.9242
vn 0.3203 0.1063 0.9413
vn 0.0948 0.1907 0.9771
vn 0.1009 0.3094 0.9456
vn 0.1132 0.4368 0.8924
vn 0.1225 0.5373 0.8345
vn 0.1272 0.6074 0.7841
vn 0.1300 0.6492 0.7494
vn 0.1332 0.6662 0.7338
vn 0.1381 0.6609 0.7377
vn 0.1453 0.6345 0.7591
vn 0.1546 0.5871 0.7946
vn 0.1651 0.5189 0.8388
vn 0.1757 0.4313 0.8849
vn 0.1850 0.3288 0.9261
vn 0.1920 0.2178 0.9569
vn 0.1961 0.1063 0.9748
vn -0.0013 0.1919 0.9814
vn 0.0047 0.3103 0.9506
vn 0.0161 0.4382 0.8987
vn 0.0259 0.5387 0.8421
vn 0.0324 0.6087 0.7928
vn 0.0366 0.6503 0.7588
vn 0.0398 0.6671 0.7439
vn 0.0429 0.6617 0.7486
vn 0.0463 0.6352 0.7709
vn 0.0501 0.5877 0.8076
vn 0.0541 0.5194 0.8528
vn 0.0582 0.4318 0.9001
vn 0.0617 0.3291 0.9423
vn 0.0644 0.2181 0.9738
vn 0.0659 0.1064 0.9921
vn -0.0904 0.1915 0.9773
vn -0.0855 0.3097 0.9470
vn -0.0764 0.4383 0.8956
vn -0.0675 0.5390 0.8396
vn -0.0606 0.6091 0.7908
vn -0.0559 0.6507 0.7572
vn -0.0533 0.6676 0.7426
vn -0.0525 0.6622 0.7475
vn -0.0533 0.6358 0.7700
vn -0.0551 0.5882 0.8068
vn -0.0576 0.5200 0.8522
vn -0.0605 0.4323 0.8997
vn -0.0631 0.3296 0.9420
vn -0.0650 0.2184 0.9737
vn -0.0662 0.1066 0.9921
vn -0.1730 0.1896 0.9665
vn -0.1696 0.3080 0.9361
vn -0.1641 0.4371 0.8843
vn -0.1572 0.5382 0.8280
vn -0.1502 0.6089 0.7789
vn -0.1454 0.6506 0.7454
vn -0.1437 0.6676 0.7305
vn -0.1455 0.6624 0.7349
vn -0.1506 0.6361 0.7568
vn -0.1583 0.5887 0.7927
vn -0.1677 0.5204 0.8373
vn -0.1773 0.4328 0.8839
vn -0.1860 0.3300 0.9255
vn -0.1924 0.2187 0.9566
vn -0.1962 0.1067 0.9747
vn -0.2501 0.1865 0.9501
vn -0.2487 0.3050 0.9193
vn -0.2472 0.4345 0.8661
vn -0.2419 0.5370 0.8081
vn -0.2356 0.6077 0.7584
vn -0.2312 0.6499 0.7240
vn -0.2304 0.6672 0.7083
vn -0.2346 0.6623 0.7116
vn -0.2436 0.6362 0.7320
vn -0.2568 0.5891 0.7662
vn -0.2726 0.5209 0.8089
vn -0.2888 0.4334 0.8537
vn -0.3032 0.3306 0.8937
vn -0.3140 0.2192 0.9238
vn -0.3203 0.1070 0.9412
vn -0.3230 0.1825 0.9286
vn -0.3236 0.3008 0.8971
vn -0.3251 0.4319 0.8413
vn -0.3225 0.5344 0.7813
vn -0.3169 0.6057 0.7299
vn -0.3119 0.6488 0.6941
vn -0.3115 0.6667 0.6770
vn -0.3176 0.6622 0.6787
vn -0.3302 0.6365 0.6970
vn -0.3482 0.5896 0.7287
vn -0.3698 0.5217 0.7688
vn -0.3920 0.4343 0.8110
vn -0.4118 0.3315 0.8488
vn -0.4267 0.2199 0.8773
vn -0.4354 0.1074 0.8938
vn -0.3927 0.1774 0.9024
vn -0.3955 0.2954 0.8697
vn -0.4008 0.4287 0.8097
vn -0.3997 0.5305 0.7476
vn -0.3927 0.6036 0.6939
vn -0.3865 0.6477 0.6565
vn -0.3859 0.6664 0.6379
vn -0.3932 0.6625 0.6375
vn -0.4086 0.6373 0.6534
vn -0.4309 0.5908 0.6821
vn -0.4576 0.5232 0.7190
vn -0.4851 0.4359 0.7580
vn -0.5098 0.3329 0.7933
vn -0.5283 0.2210 0.8198
vn -0.5392 0.1080 0.8353
vn -0.4604 0.1714 0.8710
vn -0.4636 0.2908 0.8370
vn -0.4721 0.4226 0.7736
vn -0.4717 0.5268 0.7071
vn -0.4626 0.6016 0.6512
vn -0.4543 0.6471 0.6123
vn -0.4526 0.6668 0.5921
vn -0.4604 0.6636 0.5897
vn -0.4778 0.6390 0.6029
vn -0.5035 0.5930 0.6284
vn -0.5346 0.5257 0.6617
vn -0.5669 0.4385 0.6974
vn -0.5958 0.3353 0.7298
vn -0.6177 0.2228 0.7542
vn -0.6305 0.1089 0.7685
vn -0.5269 0.1644 0.8339
vn -0.5322 0.2857 0.7970
vn -0.5422 0.4158 0.7301
vn -0.5388 0.5233 0.6601
vn -0.5262 0.6003 0.6023
vn -0.5146 0.6474 0.5622
vn -0.5109 0.6682 0.5408
vn -0.5184 0.6659 0.5365
vn -0.5371 0.6420 0.5471
vn -0.5656 0.5966 0.5694
vn -0.6003 0.5297 0.5992
vn -0.6367 0.4426 0.6314
vn -0.6696 0.3390 0.6609
vn -0.6945 0.2255 0.6832
vn -0.7092 0.1103 0.6963
vn 0.3678 -0.1496 -0.9178
vn 0.2541 -0.1945 -0.9474
vn -0.0007 -0.3031 -0.9530
vn -0.2316 -0.4359 -0.8697
vn -0.3616 -0.5385 -0.7611
vn -0.4243 -0.6014 -0.6770
vn -0.4593 -0.6310 -0.6252
vn -0.4877 -0.6336 -0.6006
vn -0.5182 -0.6124 -0.5970
vn -0.5533 -0.5689 -0.6085
vn -0.5916 -0.5039 -0.6294
vn -0.6295 -0.4195 -0.6540
vn -0.6627 -0.3201 -0.6771
vn -0.6875 -0.2123 -0.6945
vn -0.7021 -0.1037 -0.7045
vn 0.6145 -0.1166 -0.7802
vn 0.5264 -0.1227 -0.8413
vn 0.2808 -0.2044 -0.9377
vn -0.0143 -0.3531 -0.9355
vn -0.2205 -0.4838 -0.8469
vn -0.3309 -0.5657 -0.7553
vn -0.3911 -0.6058 -0.6928
vn -0.4325 -0.6141 -0.6601
vn -0.4695 -0.5962 -0.6512
vn -0.5073 -0.5548 -0.6595
vn -0.5461 -0.4915 -0.6784
vn -0.5833 -0.4090 -0.7017
vn -0.6155 -0.3119 -0.7238
vn -0.6394 -0.2067 -0.7406
vn -0.6535 -0.1009 -0.7501
vn 0.7544 -0.0880 -0.6505
vn 0.6949 -0.0607 -0.7166
vn 0.5033 -0.0995 -0.8583
vn 0.2094 -0.2413 -0.9476
vn -0.0545 -0.4006 -0.9146
vn -0.2182 -0.5102 -0.8319
vn -0.3103 -0.5674 -0.7628
vn -0.3685 -0.5851 -0.7223
vn -0.4141 -0.5727 -0.7075
vn -0.4557 -0.5348 -0.7116
vn -0.4956 -0.4743 -0.7276
vn -0.5325 -0.3947 -0.7488
vn -0.5637 -0.3008 -0.7693
vn -0.5868 -0.1992 -0.7848
vn -0.6005 -0.0972 -0.7937
vn 0.8362 -0.0654 -0.5445
vn 0.7966 -0.0123 -0.6044
vn 0.6594 -0.0059 -0.7518
vn 0.4141 -0.1136 -0.9031
vn 0.1332 -0.2851 -0.9492
vn -0.0791 -0.4270 -0.9008
vn -0.2090 -0.5092 -0.8349
vn -0.2895 -0.5421 -0.7889
vn -0.3468 -0.5386 -0.7679
vn -0.3940 -0.5064 -0.7670
vn -0.4360 -0.4505 -0.7791
vn -0.4731 -0.3752 -0.7971
vn -0.5037 -0.2859 -0.8152
vn -0.5262 -0.1893 -0.8290
vn -0.5396 -0.0923 -0.8368
vn 0.8882 -0.0473 -0.4569
vn 0.8611 0.0258 -0.5078
vn 0.7644 0.0717 -0.6408
vn 0.5819 0.0144 -0.8131
vn 0.3314 -0.1390 -0.9332
vn 0.0938 -0.3051 -0.9477
vn -0.0752 -0.4194 -0.9047
vn -0.1841 -0.4756 -0.8602
vn -0.2581 -0.4869 -0.8345
vn -0.3140 -0.4646 -0.8280
vn -0.3598 -0.4161 -0.8351
vn -0.3981 -0.3476 -0.8489
vn -0.4288 -0.2652 -0.8636
vn -0.4511 -0.1757 -0.8750
vn -0.4644 -0.0856 -0.8815
vn 0.9241 -0.0318 -0.3809
vn 0.9046 0.0570 -0.4223
vn 0.8351 0.1354 -0.5331
vn 0.7079 0.1309 -0.6941
vn 0.5190 0.0265 -0.8543
vn 0.2995 -0.1348 -0.9445
vn 0.1072 -0.2779 -0.9546
vn -0.0325 -0.3664 -0.9299
vn -0.1292 -0.4021 -0.9064
vn -0.1988 -0.3972 -0.8959
vn -0.2519 -0.3622 -0.8974
vn -0.2935 -0.3053 -0.9059
vn -0.3255 -0.2340 -0.9161
vn -0.3484 -0.1554 -0.9244
vn -0.3622 -0.0759 -0.9290
vn 0.9505 -0.0179 -0.3103
vn 0.9357 0.0838 -0.3426
vn 0.8835 0.1886 -0.4289
vn 0.7958 0.2311 -0.5597
vn 0.6722 0.1914 -0.7152
vn 0.5139 0.0778 -0.8543
vn 0.3433 -0.0630 -0.9371
vn 0.1918 -0.1799 -0.9648
vn 0.0735 -0.2505 -0.9653
vn -0.0144 -0.2762 -0.9610
vn -0.0796 -0.2667 -0.9605
vn -0.1283 -0.2320 -0.9642
vn -0.1644 -0.1811 -0.9696
vn -0.1897 -0.1216 -0.9743
vn -0.2050 -0.0597 -0.9769
vn 0.9706 -0.0045 -0.2405
vn 0.9585 0.1081 -0.2638
vn 0.9162 0.2341 -0.3253
vn 0.8524 0.3143 -0.4180
vn 0.7755 0.3352 -0.5351
vn 0.6867 0.2951 -0.6644
vn 0.5849 0.2084 -0.7838
vn 0.4768 0.1052 -0.8727
vn 0.3740 0.0143 -0.9273
vn 0.2852 -0.0490 -0.9572
vn 0.2130 -0.0824 -0.9736
vn 0.1570 -0.0902 -0.9835
vn 0.1150 -0.0794 -0.9902
vn 0.0855 -0.0570 -0.9947
vn 0.0675 -0.0290 -0.9973
vn 0.9860 0.0091 -0.1668
vn 0.9746 0.1310 -0.1814
vn 0.9365 0.2739 -0.2187
vn 0.8830 0.3818 -0.2729
vn 0.8279 0.4462 -0.3398
vn 0.7794 0.4672 -0.4175
vn 0.7382 0.4501 -0.5026
vn 0.7010 0.4035 -0.5880
vn 0.6651 0.3396 -0.6650
vn 0.6301 0.2705 -0.7279
vn 0.5972 0.2047 -0.7755
vn 0.5677 0.1469 -0.8100
vn 0.5428 0.0984 -0.8341
vn 0.5233 0.0590 -0.8501
vn 0.5103 0.0270 -0.8596
vn 0.9962 0.0238 -0.0844
vn 0.9840 0.1537 -0.0906
vn 0.9450 0.3095 -0.1056
vn 0.8915 0.4352 -0.1261
vn 0.8389 0.5231 -0.1500
vn 0.7990 0.5747 -0.1767
vn 0.7768 0.5949 -0.2066
vn 0.7723 0.5883 -0.2398
vn 0.7825 0.5584 -0.2754
vn 0.8030 0.5081 -0.3114
vn 0.8287 0.4406 -0.3452
vn 0.8546 0.3598 -0.3745
vn 0.8767 0.2703 -0.3979
vn 0.8924 0.1774 -0.4148
vn 0.9009 0.0862 -0.4253
vn 0.9991 0.0404 0.0125
vn 0.9841 0.1770 0.0139
vn 0.9398 0.3413 0.0173
vn 0.8794 0.4756 0.0207
vn 0.8204 0.5713 0.0232
vn 0.7758 0.6305 0.0248
vn 0.7518 0.6589 0.0260
vn 0.7494 0.6616 0.0273
vn 0.7668 0.6412 0.0291
vn 0.8004 0.5986 0.0315
vn 0.8448 0.5339 0.0345
vn 0.8931 0.4483 0.0378
vn 0.9377 0.3451 0.0410
vn 0.9720 0.2308 0.0434
vn 0.9925 0.1134 0.0448
vn 0.9896 0.0600 0.1308
vn 0.9698 0.2013 0.1376
vn 0.9170 0.3690 0.1517
vn 0.8479 0.5037 0.1652
vn 0.7824 0.5976 0.1753
vn 0.7336 0.6543 0.1835
vn 0.7068 0.6807 0.1924
vn 0.7022 0.6821 0.2039
vn 0.7178 0.6609 0.2191
vn 0.7494 0.6180 0.2377
vn 0.7924 0.5525 0.2587
vn 0.8398 0.4650 0.2802
vn 0.8840 0.3588 0.2996
vn 0.9183 0.2403 0.3146
vn 0.9388 0.1181 0.3237
vn 0.9569 0.0835 0.2782
vn 0.9313 0.2267 0.2850
vn 0.8710 0.3914 0.2968
vn 0.7980 0.5204 0.3039
vn 0.7324 0.6082 0.3061
vn 0.6848 0.6607 0.3072
vn 0.6594 0.6841 0.3117
vn 0.6552 0.6834 0.3220
vn 0.6699 0.6606 0.3388
vn 0.6995 0.6166 0.3614
vn 0.7393 0.5501 0.3883
vn 0.7830 0.4621 0.4163
vn 0.8235 0.3559 0.4417
vn 0.8548 0.2379 0.4613
vn 0.8733 0.1168 0.4730
vn 0.8819 0.1112 0.4581
vn 0.8540 0.2512 0.4555
vn 0.7966 0.4067 0.4472
vn 0.7317 0.5270 0.4323
vn 0.6754 0.6092 0.4155
vn 0.6356 0.6585 0.4029
vn 0.6152 0.6802 0.3987
vn 0.6136 0.6784 0.4041
vn 0.6287 0.6551 0.4190
vn 0.6575 0.6102 0.4421
vn 0.6952 0.5434 0.4705
vn 0.7362 0.4556 0.5005
vn 0.7738 0.3501 0.5279
vn 0.8026 0.2336 0.5488
vn 0.8197 0.1146 0.5613
vn -0.2231 0.1000 -0.9697
vn -0.2227 0.0995 -0.9698
vn -0.2966 0.0961 -0.9502
vn -0.2965 0.0964 -0.9502
vn -0.2207 0.0993 -0.9703
vn -0.2951 0.0947 -0.9508
vn -0.2175 0.0961 -0.9713
vn -0.2926 0.0907 -0.9519
vn -0.2130 0.0901 -0.9729
vn -0.2891 0.0841 -0.9536
vn -0.2068 0.0814 -0.9750
vn -0.2843 0.0750 -0.9558
vn -0.1987 0.0700 -0.9776
vn -0.2780 0.0636 -0.9585
vn -0.1881 0.0561 -0.9805
vn -0.2698 0.0497 -0.9616
vn -0.1744 0.0395 -0.9839
vn -0.2590 0.0335 -0.9653
vn -0.1568 0.0202 -0.9874
vn -0.2450 0.0147 -0.9694
vn -0.1343 -0.0020 -0.9909
vn -0.2270 -0.0067 -0.9739
vn -0.1065 -0.0273 -0.9939
vn -0.2043 -0.0310 -0.9784
vn -0.0739 -0.0561 -0.9957
vn -0.1771 -0.0587 -0.9824
vn -0.0397 -0.0886 -0.9953
vn -0.1481 -0.0900 -0.9849
vn -0.0116 -0.1251 -0.9921
vn -0.1234 -0.1252 -0.9844
vn -0.2010 0.1013 -0.9743
vn -0.2006 0.1001 -0.9745
vn -0.1986 0.1000 -0.9750
vn -0.1954 0.0968 -0.9759
vn -0.1909 0.0908 -0.9774
vn -0.1848 0.0820 -0.9794
vn -0.1768 0.0704 -0.9817
vn -0.1664 0.0563 -0.9844
vn -0.1533 0.0394 -0.9874
vn -0.1366 0.0198 -0.9904
vn -0.1157 -0.0028 -0.9933
vn -0.0905 -0.0284 -0.9955
vn -0.0619 -0.0573 -0.9964
vn -0.0327 -0.0897 -0.9954
vn -0.0094 -0.1258 -0.9920
vn -0.1740 0.1025 -0.9794
vn -0.1736 0.1008 -0.9797
vn -0.1717 0.1007 -0.9800
vn -0.1687 0.0976 -0.9808
vn -0.1644 0.0915 -0.9821
vn -0.1586 0.0826 -0.9839
vn -0.1511 0.0709 -0.9860
vn -0.1416 0.0565 -0.9883
vn -0.1296 0.0393 -0.9908
vn -0.1145 0.0194 -0.9932
vn -0.0961 -0.0035 -0.9954
vn -0.0744 -0.0294 -0.9968
vn -0.0502 -0.0584 -0.9970
vn -0.0262 -0.0907 -0.9955
vn -0.0075 -0.1264 -0.9920
vn -0.1420 0.1035 -0.9844
vn -0.1416 0.1014 -0.9847
vn -0.1399 0.1015 -0.9849
vn -0.1373 0.0983 -0.9856
vn -0.1335 0.0922 -0.9868
vn -0.1285 0.0831 -0.9882
vn -0.1220 0.0713 -0.9900
vn -0.1138 0.0567 -0.9919
vn -0.1035 0.0392 -0.9939
vn -0.0909 0.0190 -0.9957
vn -0.0757 -0.0041 -0.9971
vn -0.0580 -0.0302 -0.9979
vn -0.0387 -0.0593 -0.9975
vn -0.0201 -0.0915 -0.9956
vn -0.0057 -0.1268 -0.9919
vn -0.1054 0.1043 -0.9890
vn -0.1050 0.1020 -0.9892
vn -0.1037 0.1021 -0.9894
vn -0.1016 0.0990 -0.9899
vn -0.0986 0.0928 -0.9908
vn -0.0947 0.0836 -0.9920
vn -0.0897 0.0716 -0.9934
vn -0.0833 0.0568 -0.9949
vn -0.0755 0.0392 -0.9964
vn -0.0659 0.0187 -0.9976
vn -0.0546 -0.0046 -0.9985
vn -0.0415 -0.0308 -0.9987
vn -0.0275 -0.0600 -0.9978
vn -0.0141 -0.0921 -0.9956
vn -0.0040 -0.1272 -0.9919
vn -0.0649 0.1048 -0.9924
vn -0.0647 0.1024 -0.9926
vn -0.0638 0.1026 -0.9927
vn -0.0625 0.0995 -0.9931
vn -0.0606 0.0932 -0.9938
vn -0.0581 0.0840 -0.9948
vn -0.0549 0.0719 -0.9959
vn -0.0509 0.0569 -0.9971
vn -0.0459 0.0392 -0.9982
vn -0.0400 0.0185 -0.9990
vn -0.0329 -0.0049 -0.9994
vn -0.0249 -0.0313 -0.9992
vn -0.0164 -0.0605 -0.9980
vn -0.0084 -0.0925 -0.9957
vn -0.0024 -0.1274 -0.9918
vn -0.0219 0.1051 -0.9942
vn -0.0218 0.1026 -0.9945
vn -0.0215 0.1028 -0.9945
vn -0.0211 0.0997 -0.9948
vn -0.0204 0.0935 -0.9954
vn -0.0195 0.0842 -0.9963
vn -0.0184 0.0720 -0.9972
vn -0.0171 0.0570 -0.9982
vn -0.0154 0.0391 -0.9991
vn -0.0134 0.0184 -0.9997
vn -0.0110 -0.0051 -0.9999
vn -0.0083 -0.0315 -0.9995
vn -0.0054 -0.0607 -0.9981
vn -0.0028 -0.0927 -0.9957
vn -0.0008 -0.1275 -0.9918
vn 0.0219 0.1051 -0.9942
vn 0.0218 0.1026 -0.9945
vn 0.0215 0.1028 -0.9945
vn 0.0211 0.0997 -0.9948
vn 0.0204 0.0935 -0.9954
vn 0.0195 0.0842 -0.9963
vn 0.0184 0.0720 -0.9972
vn 0.0171 0.0570 -0.9982
vn 0.0154 0.0391 -0.9991
vn 0.0134 0.0184 -0.9997
vn 0.0110 -0.0051 -0.9999
vn 0.0083 -0.0315 -0.9995
vn 0.0054 -0.0607 -0.9981
vn 0.0028 -0.0927 -0.9957
vn 0.0008 -0.1275 -0.9918
vn 0.0649 0.1048 -0.9924
vn 0.0647 0.1024 -0.9926
vn 0.0638 0.1026 -0.9927
vn 0.0625 0.0995 -0.9931
vn 0.0606 0.0932 -0.9938
vn 0.0581 0.0840 -0.9948
vn 0.0549 0.0719 -0.9959
vn 0.0509 0.0569 -0.9971
vn 0.0459 0.0392 -0.9982
vn 0.0400 0.0185 -0.9990
vn 0.0329 -0.0049 -0.9994
vn 0.0249 -0.0313 -0.9992
vn 0.0164 -0.0605 -0.9980
vn 0.0084 -0.0925 -0.9957
vn 0.0024 -0.1274 -0.9918
vn 0.1054 0.1043 -0.9890
vn 0.1050 0.1020 -0.9892
vn 0.1037 0.1021 -0.9894
vn 0.1016 0.0990 -0.9899
vn 0.0986 0.0928 -0.9908
vn 0.0947 0.0836 -0.9920
vn 0.0897 0.0716 -0.9934
vn 0.0833 0.0568 -0.9949
vn 0.0755 0.0392 -0.9964
vn 0.0659 0.0187 -0.9976
vn 0.0546 -0.0046 -0.9985
vn 0.0415 -0.0308 -0.9987
vn 0.0275 -0.0600 -0.9978
vn 0.0141 -0.0921 -0.9956
vn 0.0040 -0.1272 -0.9919
vn 0.1420 0.1035 -0.9844
vn 0.1416 0.1014 -0.9847
vn 0.1399 0.1015 -0.9849
vn 0.1373 0.0983 -0.9856
vn 0.1335 0.0922 -0.9868
vn 0.1285 0.0831 -0.9882
vn 0.1220 0.0713 -0.9900
vn 0.1138 0.0567 -0.9919
vn 0.1035 0.0392 -0.9939
vn 0.0909 0.0190 -0.9957
vn 0.0757 -0.0041 -0.9971
vn 0.0580 -0.0302 -0.9979
vn 0.0387 -0.0593 -0.9975
vn 0.0201 -0.0915 -0.9956
vn 0.0057 -0.1268 -0.9919
vn 0.1740 0.1025 -0.9794
vn 0.1736 0.1008 -0.9797
vn 0.1717 0.1007 -0.9800
vn 0.1687 0.0976 -0.9808
vn 0.1644 0.0915 -0.9821
vn 0.1586 0.0826 -0.9839
vn 0.1511 0.0709 -0.9860
vn 0.1416 0.0565 -0.9883
vn 0.1296 0.0393 -0.9908
vn 0.1145 0.0194 -0.9932
vn 0.0961 -0.0035 -0.9954
vn 0.0744 -0.0294 -0.9968
vn 0.0502 -0.0584 -0.9970
vn 0.0262 -0.0907 -0.9955
vn 0.0075 -0.1264 -0.9920
vn 0.2010 0.1013 -0.9743
vn 0.2006 0.1001 -0.9745
vn 0.1986 0.1000 -0.9750
vn 0.1954 0.0968 -0.9759
vn 0.1909 0.0908 -0.9774
vn 0.1848 0.0820 -0.9794
vn 0.1768 0.0704 -0.9817
vn 0.1664 0.0563 -0.9844
vn 0.1533 0.0394 -0.9874
vn 0.1365 0.0198 -0.9904
vn 0.1157 -0.0028 -0.9933
vn 0.0905 -0.0284 -0.9955
vn 0.0619 -0.0573 -0.9964
vn 0.0327 -0.0897 -0.9954
vn 0.0094 -0.1258 -0.9920
vn 0.2231 0.1000 -0.9697
vn 0.2227 0.0995 -0.9698
vn 0.2207 0.0993 -0.9703
vn 0.2175 0.0961 -0.9713
vn 0.2130 0.0901 -0.9729
vn 0.2068 0.0814 -0.9750
vn 0.1987 0.0700 -0.9776
vn 0.1881 0.0561 -0.9805
vn 0.1744 0.0395 -0.9839
vn 0.1568 0.0202 -0.9874
vn 0.1343 -0.0020 -0.9909
vn 0.1065 -0.0273 -0.9939
vn 0.0739 -0.0561 -0.9957
vn 0.0397 -0.0886 -0.9953
vn 0.0116 -0.1251 -0.9921
vn 0.2965 0.0964 -0.9502
vn 0.2966 0.0961 -0.9502
vn 0.2950 0.0947 -0.9508
vn 0.2924 0.0907 -0.9520
vn 0.2888 0.0841 -0.9537
vn 0.2839 0.0751 -0.9559
vn 0.2773 0.0636 -0.9587
vn 0.2688 0.0498 -0.9619
vn 0.2576 0.0336 -0.9657
vn 0.2431 0.0149 -0.9699
vn 0.2244 -0.0065 -0.9745
vn 0.2008 -0.0308 -0.9792
vn 0.1726 -0.0585 -0.9833
vn 0.1423 -0.0899 -0.9857
vn 0.1166 -0.1252 -0.9853
vn -0.0413 -0.1051 0.9936
vn -0.0456 -0.1140 0.9924
vn 0.1694 -0.1079 0.9796
vn 0.1726 -0.1022 0.9797
vn -0.0563 -0.1240 0.9907
vn 0.1602 -0.1141 0.9805
vn -0.0743 -0.1294 0.9888
vn 0.1449 -0.1165 0.9826
vn -0.1002 -0.1305 0.9864
vn 0.1228 -0.1155 0.9857
vn -0.1350 -0.1277 0.9826
vn 0.0928 -0.1113 0.9894
vn -0.1803 -0.1210 0.9761
vn 0.0531 -0.1039 0.9932
vn -0.2378 -0.1106 0.9650
vn 0.0015 -0.0934 0.9956
vn -0.3088 -0.0963 0.9462
vn -0.0643 -0.0794 0.9948
vn -0.3937 -0.0781 0.9159
vn -0.1466 -0.0618 0.9873
vn -0.4898 -0.0563 0.8700
vn -0.2453 -0.0402 0.9686
vn -0.5900 -0.0312 0.8068
vn -0.3559 -0.0146 0.9344
vn -0.6828 -0.0039 0.7306
vn -0.4668 0.0146 0.8842
vn -0.7560 0.0253 0.6541
vn -0.5617 0.0472 0.8260
vn -0.8014 0.0575 0.5953
vn -0.6246 0.0837 0.7765
vn -0.3515 -0.1013 0.9307
vn -0.3556 -0.1131 0.9278
vn -0.3662 -0.1276 0.9217
vn -0.3844 -0.1363 0.9130
vn -0.4105 -0.1398 0.9011
vn -0.4449 -0.1383 0.8848
vn -0.4883 -0.1324 0.8626
vn -0.5410 -0.1220 0.8321
vn -0.6025 -0.1076 0.7908
vn -0.6711 -0.0900 0.7359
vn -0.7423 -0.0686 0.6666
vn -0.8093 -0.0458 0.5856
vn -0.8655 -0.0223 0.5003
vn -0.9060 0.0016 0.4233
vn -0.9293 0.0274 0.3683
vn -0.6242 -0.0879 0.7763
vn -0.6270 -0.1013 0.7724
vn -0.6351 -0.1190 0.7632
vn -0.6493 -0.1302 0.7493
vn -0.6695 -0.1356 0.7304
vn -0.6957 -0.1356 0.7054
vn -0.7278 -0.1308 0.6732
vn -0.7651 -0.1215 0.6323
vn -0.8065 -0.1084 0.5813
vn -0.8494 -0.0926 0.5196
vn -0.8909 -0.0743 0.4481
vn -0.9273 -0.0546 0.3704
vn -0.9552 -0.0355 0.2939
vn -0.9736 -0.0165 0.2277
vn -0.9833 0.0036 0.1818
vn -0.8121 -0.0694 0.5794
vn -0.8135 -0.0832 0.5755
vn -0.8182 -0.1026 0.5658
vn -0.8267 -0.1154 0.5506
vn -0.8391 -0.1223 0.5300
vn -0.8551 -0.1240 0.5034
vn -0.8743 -0.1209 0.4700
vn -0.8960 -0.1137 0.4292
vn -0.9191 -0.1031 0.3803
vn -0.9419 -0.0898 0.3236
vn -0.9625 -0.0753 0.2607
vn -0.9790 -0.0598 0.1947
vn -0.9904 -0.0444 0.1307
vn -0.9966 -0.0297 0.0763
vn -0.9991 -0.0143 0.0387
vn -0.9205 -0.0505 0.3875
vn -0.9210 -0.0642 0.3843
vn -0.9230 -0.0840 0.3756
vn -0.9271 -0.0978 0.3618
vn -0.9333 -0.1060 0.3431
vn -0.9414 -0.1094 0.3190
vn -0.9511 -0.1083 0.2892
vn -0.9618 -0.1035 0.2533
vn -0.9727 -0.0956 0.2112
vn -0.9829 -0.0855 0.1632
vn -0.9911 -0.0741 0.1106
vn -0.9965 -0.0627 0.0561
vn -0.9987 -0.0506 0.0037
vn -0.9984 -0.0395 -0.0410
vn -0.9970 -0.0279 -0.0720
vn -0.9753 -0.0335 0.2183
vn -0.9753 -0.0466 0.2158
vn -0.9758 -0.0664 0.2086
vn -0.9771 -0.0806 0.1971
vn -0.9793 -0.0899 0.1813
vn -0.9824 -0.0947 0.1611
vn -0.9861 -0.0956 0.1362
vn -0.9900 -0.0931 0.1064
vn -0.9936 -0.0879 0.0716
vn -0.9962 -0.0808 0.0321
vn -0.9973 -0.0724 -0.0110
vn -0.9964 -0.0641 -0.0557
vn -0.9936 -0.0552 -0.0987
vn -0.9896 -0.0472 -0.1357
vn -0.9861 -0.0388 -0.1615
vn -0.9974 -0.0183 0.0699
vn -0.9972 -0.0307 0.0680
vn -0.9968 -0.0500 0.0623
vn -0.9965 -0.0644 0.0531
vn -0.9964 -0.0744 0.0404
vn -0.9965 -0.0806 0.0241
vn -0.9965 -0.0832 0.0040
vn -0.9964 -0.0830 -0.0200
vn -0.9956 -0.0803 -0.0481
vn -0.9939 -0.0758 -0.0799
vn -0.9909 -0.0703 -0.1148
vn -0.9864 -0.0648 -0.1511
vn -0.9807 -0.0588 -0.1863
vn -0.9747 -0.0535 -0.2168
vn -0.9700 -0.0481 -0.2382
vn -0.9979 -0.0042 -0.0652
vn -0.9977 -0.0158 -0.0666
vn -0.9969 -0.0343 -0.0710
vn -0.9958 -0.0487 -0.0781
vn -0.9944 -0.0593 -0.0879
vn -0.9927 -0.0666 -0.1005
vn -0.9907 -0.0709 -0.1161
vn -0.9882 -0.0727 -0.1348
vn -0.9850 -0.0724 -0.1567
vn -0.9808 -0.0706 -0.1817
vn -0.9755 -0.0678 -0.2092
vn -0.9691 -0.0650 -0.2381
vn -0.9619 -0.0617 -0.2663
vn -0.9549 -0.0591 -0.2910
vn -0.9496 -0.0564 -0.3085
vn -0.9807 0.0095 -0.1951
vn -0.9806 -0.0011 -0.1960
vn -0.9798 -0.0186 -0.1992
vn -0.9783 -0.0328 -0.2044
vn -0.9764 -0.0438 -0.2115
vn -0.9739 -0.0521 -0.2207
vn -0.9710 -0.0580 -0.2321
vn -0.9673 -0.0618 -0.2459
vn -0.9629 -0.0639 -0.2621
vn -0.9576 -0.0647 -0.2807
vn -0.9513 -0.0647 -0.3013
vn -0.9441 -0.0647 -0.3232
vn -0.9365 -0.0642 -0.3449
vn -0.9292 -0.0644 -0.3640
vn -0.9237 -0.0646 -0.3776
vn -0.9450 0.0237 -0.3262
vn -0.9450 0.0141 -0.3268
vn -0.9443 -0.0021 -0.3290
vn -0.9430 -0.0157 -0.3324
vn -0.9411 -0.0270 -0.3371
vn -0.9386 -0.0363 -0.3432
vn -0.9354 -0.0437 -0.3508
vn -0.9317 -0.0495 -0.3599
vn -0.9272 -0.0541 -0.3707
vn -0.9218 -0.0577 -0.3833
vn -0.9156 -0.0607 -0.3974
vn -0.9087 -0.0636 -0.4125
vn -0.9015 -0.0665 -0.4277
vn -0.8947 -0.0697 -0.4413
vn -0.8895 -0.0730 -0.4511
vn -0.8853 0.0388 -0.4634
vn -0.8855 0.0304 -0.4636
vn -0.8852 0.0161 -0.4650
vn -0.8842 0.0033 -0.4670
vn -0.8828 -0.0080 -0.4697
vn -0.8808 -0.0180 -0.4731
vn -0.8784 -0.0270 -0.4772
vn -0.8753 -0.0350 -0.4823
vn -0.8716 -0.0422 -0.4883
vn -0.8673 -0.0489 -0.4954
vn -0.8622 -0.0554 -0.5035
vn -0.8566 -0.0617 -0.5122
vn -0.8507 -0.0684 -0.5212
vn -0.8451 -0.0753 -0.5292
vn -0.8408 -0.0825 -0.5351
vn -0.7925 0.0549 -0.6075
vn -0.7929 0.0482 -0.6074
vn -0.7929 0.0363 -0.6083
vn -0.7925 0.0249 -0.6094
vn -0.7918 0.0140 -0.6107
vn -0.7907 0.0034 -0.6122
vn -0.7893 -0.0069 -0.6139
vn -0.7875 -0.0171 -0.6160
vn -0.7853 -0.0272 -0.6185
vn -0.7826 -0.0374 -0.6214
vn -0.7794 -0.0478 -0.6247
vn -0.7758 -0.0584 -0.6283
vn -0.7718 -0.0697 -0.6320
vn -0.7680 -0.0814 -0.6353
vn -0.7647 -0.0937 -0.6376
vn -0.6555 0.0716 -0.7518
vn -0.6561 0.0669 -0.7517
vn -0.6561 0.0583 -0.7524
vn -0.6559 0.0490 -0.7533
vn -0.6555 0.0390 -0.7542
vn -0.6549 0.0283 -0.7551
vn -0.6541 0.0169 -0.7562
vn -0.6530 0.0048 -0.7574
vn -0.6515 -0.0082 -0.7586
vn -0.6495 -0.0220 -0.7600
vn -0.6471 -0.0367 -0.7615
vn -0.6441 -0.0525 -0.7631
vn -0.6407 -0.0695 -0.7647
vn -0.6370 -0.0877 -0.7658
vn -0.6336 -0.1071 -0.7662
vn -0.4682 0.0870 -0.8793
vn -0.4687 0.0848 -0.8793
vn -0.4681 0.0802 -0.8800
vn -0.4671 0.0737 -0.8812
vn -0.4656 0.0654 -0.8826
vn -0.4636 0.0554 -0.8843
vn -0.4609 0.0437 -0.8864
vn -0.4574 0.0302 -0.8887
vn -0.4528 0.0150 -0.8915
vn -0.4468 -0.0020 -0.8946
vn -0.4390 -0.0210 -0.8982
vn -0.4293 -0.0421 -0.9022
vn -0.4177 -0.0656 -0.9062
vn -0.4051 -0.0917 -0.9096
vn -0.3941 -0.1206 -0.9111
vn -0.2230 -0.1014 0.9695
vn -0.2197 -0.1048 0.9699
vn -0.1687 -0.1079 0.9797
vn -0.1726 -0.1022 0.9797
vn -0.2098 -0.1092 0.9716
vn -0.1578 -0.1142 0.9808
vn -0.1934 -0.1103 0.9749
vn -0.1394 -0.1168 0.9833
vn -0.1698 -0.1082 0.9795
vn -0.1127 -0.1162 0.9868
vn -0.1376 -0.1033 0.9851
vn -0.0761 -0.1124 0.9907
vn -0.0950 -0.0954 0.9909
vn -0.0274 -0.1056 0.9940
vn -0.0394 -0.0846 0.9956
vn 0.0363 -0.0957 0.9947
vn 0.0318 -0.0706 0.9970
vn 0.1181 -0.0825 0.9896
vn 0.1210 -0.0530 0.9912
vn 0.2199 -0.0656 0.9733
vn 0.2280 -0.0317 0.9732
vn 0.3402 -0.0448 0.9393
vn 0.3470 -0.0068 0.9379
vn 0.4699 -0.0205 0.8825
vn 0.4649 0.0213 0.8851
vn 0.5925 0.0065 0.8056
vn 0.5638 0.0520 0.8243
vn 0.6895 0.0356 0.7234
vn 0.6283 0.0862 0.7732
vn 0.7494 0.0677 0.6586
vn -0.2009 -0.1025 0.9742
vn -0.1980 -0.1045 0.9746
vn -0.1890 -0.1081 0.9760
vn -0.1742 -0.1083 0.9787
vn -0.1531 -0.1054 0.9826
vn -0.1246 -0.0994 0.9872
vn -0.0874 -0.0904 0.9921
vn -0.0396 -0.0783 0.9961
vn 0.0206 -0.0631 0.9978
vn 0.0946 -0.0444 0.9945
vn 0.1824 -0.0221 0.9830
vn 0.2798 0.0036 0.9601
vn 0.3778 0.0325 0.9253
vn 0.4627 0.0642 0.8842
vn 0.5201 0.0994 0.8483
vn -0.1740 -0.1034 0.9793
vn -0.1714 -0.1043 0.9797
vn -0.1636 -0.1073 0.9807
vn -0.1509 -0.1068 0.9828
vn -0.1328 -0.1031 0.9858
vn -0.1087 -0.0963 0.9894
vn -0.0776 -0.0864 0.9932
vn -0.0383 -0.0733 0.9966
vn 0.0105 -0.0571 0.9983
vn 0.0695 -0.0375 0.9969
vn 0.1386 -0.0145 0.9902
vn 0.2150 0.0118 0.9765
vn 0.2924 0.0413 0.9554
vn 0.3608 0.0739 0.9297
vn 0.4083 0.1097 0.9062
vn -0.1420 -0.1043 0.9844
vn -0.1399 -0.1043 0.9847
vn -0.1336 -0.1068 0.9853
vn -0.1234 -0.1058 0.9867
vn -0.1090 -0.1015 0.9888
vn -0.0900 -0.0940 0.9915
vn -0.0657 -0.0833 0.9944
vn -0.0354 -0.0695 0.9970
vn 0.0017 -0.0525 0.9986
vn 0.0459 -0.0323 0.9984
vn 0.0971 -0.0088 0.9952
vn 0.1534 0.0180 0.9880
vn 0.2105 0.0479 0.9764
vn 0.2615 0.0810 0.9618
vn 0.2974 0.1173 0.9475
vn -0.1053 -0.1049 0.9889
vn -0.1038 -0.1044 0.9891
vn -0.0994 -0.1066 0.9893
vn -0.0921 -0.1052 0.9902
vn -0.0819 -0.1004 0.9916
vn -0.0685 -0.0923 0.9934
vn -0.0516 -0.0811 0.9954
vn -0.0308 -0.0668 0.9973
vn -0.0056 -0.0493 0.9988
vn 0.0242 -0.0287 0.9993
vn 0.0582 -0.0048 0.9983
vn 0.0954 0.0222 0.9952
vn 0.1332 0.0524 0.9897
vn 0.1670 0.0858 0.9822
vn 0.1910 0.1223 0.9740
vn -0.0649 -0.1054 0.9923
vn -0.0641 -0.1045 0.9925
vn -0.0616 -0.1065 0.9924
vn -0.0576 -0.1048 0.9928
vn -0.0520 -0.0998 0.9937
vn -0.0448 -0.0914 0.9948
vn -0.0357 -0.0798 0.9962
vn -0.0245 -0.0652 0.9976
vn -0.0112 -0.0474 0.9988
vn 0.0045 -0.0265 0.9996
vn 0.0222 -0.0024 0.9998
vn 0.0415 0.0248 0.9988
vn 0.0610 0.0551 0.9966
vn 0.0785 0.0885 0.9930
vn 0.0909 0.1250 0.9880
vn -0.0219 -0.1056 0.9942
vn -0.0218 -0.1046 0.9943
vn -0.0215 -0.1065 0.9941
vn -0.0210 -0.1048 0.9943
vn -0.0203 -0.0996 0.9948
vn -0.0194 -0.0911 0.9957
vn -0.0182 -0.0794 0.9967
vn -0.0168 -0.0645 0.9978
vn -0.0151 -0.0466 0.9988
vn -0.0132 -0.0256 0.9996
vn -0.0109 -0.0015 0.9999
vn -0.0084 0.0257 0.9996
vn -0.0059 0.0561 0.9984
vn -0.0037 0.0894 0.9960
vn -0.0021 0.1258 0.9920
vn 0.0219 -0.1057 0.9942
vn 0.0213 -0.1047 0.9943
vn 0.0194 -0.1067 0.9941
vn 0.0165 -0.1050 0.9943
vn 0.0124 -0.0998 0.9949
vn 0.0070 -0.0914 0.9958
vn 0.0004 -0.0797 0.9968
vn -0.0077 -0.0649 0.9979
vn -0.0173 -0.0470 0.9987
vn -0.0285 -0.0260 0.9993
vn -0.0410 -0.0019 0.9992
vn -0.0545 0.0253 0.9982
vn -0.0679 0.0556 0.9961
vn -0.0798 0.0889 0.9928
vn -0.0882 0.1252 0.9882
vn 0.0649 -0.1055 0.9923
vn 0.0636 -0.1048 0.9925
vn 0.0598 -0.1069 0.9925
vn 0.0536 -0.1054 0.9930
vn 0.0451 -0.1004 0.9939
vn 0.0339 -0.0922 0.9952
vn 0.0199 -0.0807 0.9965
vn 0.0029 -0.0662 0.9978
vn -0.0174 -0.0484 0.9987
vn -0.0411 -0.0276 0.9988
vn -0.0677 -0.0036 0.9977
vn -0.0964 0.0236 0.9951
vn -0.1249 0.0538 0.9907
vn -0.1502 0.0870 0.9848
vn -0.1679 0.1233 0.9781
vn 0.1053 -0.1050 0.9889
vn 0.1035 -0.1047 0.9891
vn 0.0980 -0.1071 0.9894
vn 0.0891 -0.1059 0.9904
vn 0.0766 -0.1013 0.9919
vn 0.0603 -0.0935 0.9938
vn 0.0398 -0.0825 0.9958
vn 0.0146 -0.0682 0.9976
vn -0.0157 -0.0509 0.9986
vn -0.0512 -0.0303 0.9982
vn -0.0913 -0.0064 0.9958
vn -0.1346 0.0206 0.9907
vn -0.1777 0.0507 0.9828
vn -0.2158 0.0839 0.9728
vn -0.2424 0.1203 0.9627
vn 0.1420 -0.1044 0.9844
vn 0.1397 -0.1047 0.9846
vn 0.1329 -0.1075 0.9853
vn 0.1218 -0.1067 0.9868
vn 0.1061 -0.1026 0.9890
vn 0.0856 -0.0953 0.9918
vn 0.0594 -0.0848 0.9946
vn 0.0270 -0.0711 0.9971
vn -0.0123 -0.0542 0.9985
vn -0.0587 -0.0340 0.9977
vn -0.1118 -0.0105 0.9937
vn -0.1693 0.0164 0.9854
vn -0.2268 0.0464 0.9728
vn -0.2774 0.0796 0.9574
vn -0.3126 0.1162 0.9428
vn 0.1740 -0.1035 0.9793
vn 0.1714 -0.1047 0.9796
vn 0.1636 -0.1079 0.9806
vn 0.1509 -0.1077 0.9827
vn 0.1329 -0.1042 0.9856
vn 0.1090 -0.0975 0.9892
vn 0.0784 -0.0877 0.9931
vn 0.0400 -0.0747 0.9964
vn -0.0072 -0.0584 0.9983
vn -0.0638 -0.0388 0.9972
vn -0.1292 -0.0156 0.9915
vn -0.2008 0.0110 0.9796
vn -0.2727 0.0410 0.9612
vn -0.3360 0.0742 0.9389
vn -0.3797 0.1110 0.9184
vn 0.2010 -0.1025 0.9742
vn 0.1982 -0.1047 0.9745
vn 0.1899 -0.1086 0.9758
vn 0.1761 -0.1089 0.9783
vn 0.1566 -0.1061 0.9820
vn 0.1304 -0.1001 0.9864
vn 0.0964 -0.0910 0.9912
vn 0.0533 -0.0789 0.9955
vn -0.0006 -0.0634 0.9980
vn -0.0664 -0.0444 0.9968
vn -0.1437 -0.0218 0.9894
vn -0.2294 0.0045 0.9733
vn -0.3161 0.0344 0.9481
vn -0.3923 0.0677 0.9174
vn -0.4447 0.1048 0.8895
vn 0.2230 -0.1015 0.9695
vn 0.2202 -0.1049 0.9698
vn 0.2115 -0.1094 0.9712
vn 0.1973 -0.1105 0.9741
vn 0.1769 -0.1083 0.9783
vn 0.1493 -0.1031 0.9834
vn 0.1132 -0.0949 0.9890
vn 0.0665 -0.0836 0.9943
vn 0.0072 -0.0691 0.9976
vn -0.0666 -0.0510 0.9965
vn -0.1552 -0.0290 0.9875
vn -0.2551 -0.0031 0.9669
vn -0.3573 0.0266 0.9336
vn -0.4472 0.0600 0.8924
vn -0.5085 0.0975 0.8555
vn 0.4682 0.0869 -0.8793
vn 0.4687 0.0848 -0.8793
vn 0.4679 0.0802 -0.8801
vn 0.4666 0.0737 -0.8814
vn 0.4648 0.0655 -0.8830
vn 0.4624 0.0555 -0.8850
vn 0.4591 0.0439 -0.8873
vn 0.4547 0.0306 -0.8901
vn 0.4491 0.0154 -0.8934
vn 0.4417 -0.0015 -0.8971
vn 0.4323 -0.0205 -0.9015
vn 0.4205 -0.0416 -0.9063
vn 0.4064 -0.0653 -0.9114
vn 0.3911 -0.0918 -0.9157
vn 0.3778 -0.1211 -0.9179
vn 0.6555 0.0715 -0.7518
vn 0.6560 0.0669 -0.7518
vn 0.6559 0.0583 -0.7526
vn 0.6554 0.0491 -0.7537
vn 0.6547 0.0392 -0.7549
vn 0.6536 0.0286 -0.7563
vn 0.6522 0.0173 -0.7579
vn 0.6502 0.0052 -0.7597
vn 0.6477 -0.0076 -0.7618
vn 0.6445 -0.0214 -0.7643
vn 0.6405 -0.0362 -0.7671
vn 0.6356 -0.0521 -0.7703
vn 0.6300 -0.0694 -0.7735
vn 0.6241 -0.0881 -0.7764
vn 0.6188 -0.1083 -0.7780
vn 0.7925 0.0548 -0.6075
vn 0.7929 0.0482 -0.6075
vn 0.7928 0.0363 -0.6084
vn 0.7922 0.0250 -0.6097
vn 0.7913 0.0141 -0.6112
vn 0.7900 0.0036 -0.6131
vn 0.7883 -0.0067 -0.6153
vn 0.7861 -0.0168 -0.6179
vn 0.7833 -0.0269 -0.6211
vn 0.7799 -0.0370 -0.6249
vn 0.7758 -0.0474 -0.6292
vn 0.7711 -0.0582 -0.6341
vn 0.7659 -0.0697 -0.6392
vn 0.7607 -0.0818 -0.6439
vn 0.7564 -0.0947 -0.6472
vn 0.8853 0.0386 -0.4634
vn 0.8855 0.0304 -0.4636
vn 0.8851 0.0161 -0.4650
vn 0.8842 0.0033 -0.4671
vn 0.8827 -0.0080 -0.4698
vn 0.8808 -0.0180 -0.4732
vn 0.8782 -0.0269 -0.4775
vn 0.8751 -0.0349 -0.4827
vn 0.8712 -0.0422 -0.4891
vn 0.8667 -0.0488 -0.4965
vn 0.8613 -0.0553 -0.5051
vn 0.8552 -0.0617 -0.5146
vn 0.8487 -0.0685 -0.5244
vn 0.8425 -0.0755 -0.5334
vn 0.8376 -0.0831 -0.5400
vn 0.9450 0.0235 -0.3262
vn 0.9450 0.0140 -0.3267
vn 0.9444 -0.0021 -0.3289
vn 0.9431 -0.0158 -0.3321
vn 0.9412 -0.0271 -0.3366
vn 0.9388 -0.0364 -0.3425
vn 0.9358 -0.0439 -0.3498
vn 0.9321 -0.0497 -0.3586
vn 0.9277 -0.0543 -0.3693
vn 0.9225 -0.0579 -0.3818
vn 0.9163 -0.0608 -0.3959
vn 0.9093 -0.0637 -0.4112
vn 0.9019 -0.0665 -0.4268
vn 0.8948 -0.0697 -0.4411
vn 0.8893 -0.0731 -0.4514
vn 0.9807 0.0094 -0.1951
vn 0.9806 -0.0012 -0.1959
vn 0.9798 -0.0187 -0.1990
vn 0.9785 -0.0329 -0.2038
vn 0.9766 -0.0440 -0.2105
vn 0.9743 -0.0524 -0.2192
vn 0.9714 -0.0584 -0.2300
vn 0.9680 -0.0622 -0.2432
vn 0.9638 -0.0643 -0.2588
vn 0.9587 -0.0650 -0.2769
vn 0.9526 -0.0650 -0.2972
vn 0.9456 -0.0648 -0.3189
vn 0.9380 -0.0642 -0.3407
vn 0.9307 -0.0642 -0.3602
vn 0.9251 -0.0642 -0.3743
vn 0.9979 -0.0044 -0.0652
vn 0.9977 -0.0159 -0.0665
vn 0.9969 -0.0345 -0.0707
vn 0.9958 -0.0489 -0.0773
vn 0.9945 -0.0597 -0.0866
vn 0.9929 -0.0670 -0.0985
vn 0.9910 -0.0714 -0.1133
vn 0.9886 -0.0732 -0.1312
vn 0.9856 -0.0729 -0.1523
vn 0.9817 -0.0710 -0.1765
vn 0.9767 -0.0681 -0.2034
vn 0.9706 -0.0651 -0.2319
vn 0.9636 -0.0616 -0.2601
vn 0.9567 -0.0588 -0.2849
vn 0.9515 -0.0558 -0.3027
vn 0.9974 -0.0185 0.0699
vn 0.9972 -0.0308 0.0681
vn 0.9968 -0.0501 0.0627
vn 0.9965 -0.0647 0.0539
vn 0.9963 -0.0748 0.0417
vn 0.9964 -0.0811 0.0261
vn 0.9965 -0.0838 0.0069
vn 0.9964 -0.0836 -0.0163
vn 0.9958 -0.0809 -0.0434
vn 0.9943 -0.0763 -0.0744
vn 0.9916 -0.0707 -0.1086
vn 0.9874 -0.0650 -0.1445
vn 0.9820 -0.0587 -0.1796
vn 0.9762 -0.0531 -0.2101
vn 0.9716 -0.0474 -0.2317
vn 0.9753 -0.0337 0.2183
vn 0.9753 -0.0467 0.2159
vn 0.9757 -0.0666 0.2088
vn 0.9769 -0.0809 0.1976
vn 0.9791 -0.0903 0.1822
vn 0.9821 -0.0952 0.1625
vn 0.9857 -0.0961 0.1382
vn 0.9896 -0.0937 0.1090
vn 0.9933 -0.0885 0.0748
vn 0.9960 -0.0812 0.0360
vn 0.9973 -0.0728 -0.0066
vn 0.9966 -0.0643 -0.0510
vn 0.9941 -0.0551 -0.0939
vn 0.9903 -0.0469 -0.1309
vn 0.9869 -0.0383 -0.1567
vn 0.9205 -0.0506 0.3875
vn 0.9210 -0.0643 0.3843
vn 0.9230 -0.0843 0.3755
vn 0.9271 -0.0981 0.3617
vn 0.9333 -0.1064 0.3429
vn 0.9415 -0.1098 0.3187
vn 0.9512 -0.1087 0.2889
vn 0.9619 -0.1039 0.2529
vn 0.9728 -0.0960 0.2107
vn 0.9829 -0.0859 0.1626
vn 0.9911 -0.0744 0.1100
vn 0.9965 -0.0630 0.0554
vn 0.9987 -0.0508 0.0030
vn 0.9983 -0.0397 -0.0418
vn 0.9970 -0.0281 -0.0728
vn 0.8121 -0.0694 0.5794
vn 0.8136 -0.0834 0.5754
vn 0.8185 -0.1028 0.5653
vn 0.8274 -0.1156 0.5495
vn 0.8403 -0.1226 0.5281
vn 0.8568 -0.1242 0.5004
vn 0.8766 -0.1211 0.4657
vn 0.8988 -0.1139 0.4233
vn 0.9222 -0.1032 0.3728
vn 0.9450 -0.0899 0.3144
vn 0.9653 -0.0756 0.2501
vn 0.9813 -0.0603 0.1829
vn 0.9919 -0.0451 0.1183
vn 0.9975 -0.0308 0.0637
vn 0.9995 -0.0158 0.0263
vn 0.6242 -0.0880 0.7763
vn 0.6273 -0.1014 0.7721
vn 0.6362 -0.1192 0.7623
vn 0.6516 -0.1304 0.7472
vn 0.6735 -0.1358 0.7266
vn 0.7018 -0.1358 0.6994
vn 0.7360 -0.1309 0.6642
vn 0.7756 -0.1216 0.6195
vn 0.8187 -0.1085 0.5639
vn 0.8625 -0.0929 0.4975
vn 0.9038 -0.0747 0.4213
vn 0.9389 -0.0557 0.3397
vn 0.9647 -0.0374 0.2608
vn 0.9809 -0.0195 0.1937
vn 0.9890 -0.0007 0.1477
vn 0.3515 -0.1014 0.9307
vn 0.3562 -0.1132 0.9275
vn 0.3683 -0.1278 0.9209
vn 0.3890 -0.1366 0.9110
vn 0.4186 -0.1402 0.8973
vn 0.4575 -0.1388 0.8783
vn 0.5064 -0.1329 0.8520
vn 0.5651 -0.1227 0.8158
vn 0.6327 -0.1084 0.7667
vn 0.7063 -0.0911 0.7020
vn 0.7801 -0.0701 0.6217
vn 0.8465 -0.0483 0.5302
vn 0.8990 -0.0264 0.4372
vn 0.9346 -0.0046 0.3558
vn 0.9540 0.0187 0.2993
vn 0.0413 -0.1051 0.9936
vn 0.0463 -0.1141 0.9924
vn 0.0590 -0.1242 0.9905
vn 0.0804 -0.1298 0.9883
vn 0.1112 -0.1312 0.9851
vn 0.1527 -0.1288 0.9798
vn 0.2068 -0.1225 0.9707
vn 0.2753 -0.1126 0.9548
vn 0.3594 -0.0988 0.9279
vn 0.4583 -0.0811 0.8851
vn 0.5668 -0.0600 0.8217
vn 0.6743 -0.0362 0.7376
vn 0.7671 -0.0111 0.6414
vn 0.8348 0.0148 0.5503
vn 0.8739 0.0429 0.4842
vn -0.0116 0.2250 -0.9743
vn -0.0826 0.7071 -0.7023
vn -0.0243 0.2079 -0.9779
vn -0.1294 0.4775 -0.8690
vn -0.0373 0.1990 -0.9793
vn -0.1333 0.3241 -0.9366
vn -0.0512 0.1913 -0.9802
vn -0.1357 0.2517 -0.9582
vn -0.0664 0.1836 -0.9808
vn -0.1429 0.2128 -0.9666
vn -0.0830 0.1755 -0.9810
vn -0.1543 0.1879 -0.9700
vn -0.1007 0.1669 -0.9808
vn -0.1692 0.1695 -0.9709
vn -0.1193 0.1579 -0.9802
vn -0.1867 0.1544 -0.9702
vn -0.1386 0.1486 -0.9791
vn -0.2061 0.1413 -0.9683
vn -0.1598 0.1372 -0.9776
vn -0.2254 0.1269 -0.9660
vn -0.1790 0.1284 -0.9754
vn -0.2446 0.1195 -0.9622
vn -0.1949 0.1211 -0.9733
vn -0.2638 0.1107 -0.9582
vn -0.2093 0.1126 -0.9713
vn -0.2801 0.1037 -0.9543
vn -0.2192 0.1048 -0.9700
vn -0.2915 0.0987 -0.9514
vn -0.0113 0.2284 -0.9735
vn -0.0232 0.2149 -0.9764
vn -0.0353 0.2072 -0.9777
vn -0.0483 0.2001 -0.9786
vn -0.0625 0.1928 -0.9792
vn -0.0777 0.1849 -0.9797
vn -0.0938 0.1765 -0.9798
vn -0.1105 0.1676 -0.9796
vn -0.1277 0.1583 -0.9791
vn -0.1449 0.1486 -0.9782
vn -0.1617 0.1359 -0.9774
vn -0.1769 0.1288 -0.9758
vn -0.1892 0.1186 -0.9747
vn -0.1977 0.1083 -0.9743
vn -0.0106 0.2297 -0.9732
vn -0.0212 0.2197 -0.9753
vn -0.0321 0.2131 -0.9765
vn -0.0438 0.2065 -0.9775
vn -0.0564 0.1995 -0.9783
vn -0.0698 0.1920 -0.9789
vn -0.0838 0.1838 -0.9794
vn -0.0982 0.1751 -0.9796
vn -0.1129 0.1658 -0.9797
vn -0.1274 0.1559 -0.9795
vn -0.1415 0.1434 -0.9795
vn -0.1541 0.1348 -0.9788
vn -0.1643 0.1233 -0.9787
vn -0.1713 0.1112 -0.9789
vn -0.0470 0.6379 -0.7687
vn -0.0093 0.2293 -0.9733
vn -0.0182 0.2225 -0.9748
vn -0.0274 0.2169 -0.9758
vn -0.0373 0.2109 -0.9768
vn -0.0478 0.2042 -0.9778
vn -0.0589 0.1970 -0.9786
vn -0.0703 0.1891 -0.9794
vn -0.0820 0.1806 -0.9801
vn -0.0938 0.1714 -0.9807
vn -0.1054 0.1614 -0.9812
vn -0.1165 0.1492 -0.9819
vn -0.1265 0.1394 -0.9821
vn -0.1344 0.1270 -0.9827
vn -0.1399 0.1135 -0.9836
vn -0.0074 0.2273 -0.9738
vn -0.0140 0.2238 -0.9745
vn -0.0211 0.2191 -0.9755
vn -0.0286 0.2135 -0.9765
vn -0.0366 0.2072 -0.9776
vn -0.0449 0.2002 -0.9787
vn -0.0534 0.1926 -0.9798
vn -0.0620 0.1843 -0.9809
vn -0.0706 0.1753 -0.9820
vn -0.0790 0.1653 -0.9831
vn -0.0871 0.1534 -0.9843
vn -0.0943 0.1428 -0.9853
vn -0.1000 0.1297 -0.9865
vn -0.1038 0.1151 -0.9879
vn -0.0048 0.2250 -0.9743
vn -0.0088 0.2243 -0.9745
vn -0.0133 0.2201 -0.9754
vn -0.0180 0.2149 -0.9765
vn -0.0230 0.2089 -0.9777
vn -0.0281 0.2022 -0.9789
vn -0.0334 0.1948 -0.9803
vn -0.0387 0.1867 -0.9817
vn -0.0439 0.1777 -0.9831
vn -0.0490 0.1678 -0.9846
vn -0.0539 0.1563 -0.9862
vn -0.0583 0.1449 -0.9877
vn -0.0617 0.1314 -0.9894
vn -0.0640 0.1162 -0.9912
vn -0.0016 0.2232 -0.9748
vn -0.0029 0.2243 -0.9745
vn -0.0044 0.2205 -0.9754
vn -0.0060 0.2155 -0.9765
vn -0.0077 0.2096 -0.9778
vn -0.0094 0.2031 -0.9791
vn -0.0112 0.1958 -0.9806
vn -0.0130 0.1878 -0.9821
vn -0.0148 0.1789 -0.9838
vn -0.0165 0.1691 -0.9855
vn -0.0183 0.1579 -0.9873
vn -0.0198 0.1459 -0.9891
vn -0.0209 0.1322 -0.9910
vn -0.0217 0.1167 -0.9929
vn 0.0016 0.2231 -0.9748
vn 0.0028 0.2243 -0.9745
vn 0.0044 0.2206 -0.9754
vn 0.0060 0.2155 -0.9765
vn 0.0077 0.2096 -0.9777
vn 0.0094 0.2031 -0.9791
vn 0.0112 0.1958 -0.9806
vn 0.0130 0.1878 -0.9821
vn 0.0148 0.1789 -0.9838
vn 0.0165 0.1691 -0.9855
vn 0.0183 0.1579 -0.9873
vn 0.0198 0.1460 -0.9891
vn 0.0209 0.1322 -0.9910
vn 0.0217 0.1167 -0.9929
vn 0.0047 0.2247 -0.9744
vn 0.0087 0.2242 -0.9745
vn 0.0131 0.2201 -0.9754
vn 0.0179 0.2149 -0.9765
vn 0.0228 0.2089 -0.9777
vn 0.0280 0.2022 -0.9789
vn 0.0332 0.1948 -0.9803
vn 0.0385 0.1867 -0.9817
vn 0.0438 0.1778 -0.9831
vn 0.0489 0.1679 -0.9846
vn 0.0539 0.1563 -0.9862
vn 0.0583 0.1449 -0.9877
vn 0.0617 0.1314 -0.9894
vn 0.0640 0.1162 -0.9912
vn 0.0071 0.2267 -0.9739
vn 0.0137 0.2236 -0.9746
vn 0.0207 0.2190 -0.9755
vn 0.0283 0.2135 -0.9765
vn 0.0363 0.2072 -0.9776
vn 0.0446 0.2003 -0.9787
vn 0.0531 0.1927 -0.9798
vn 0.0618 0.1844 -0.9809
vn 0.0704 0.1753 -0.9820
vn 0.0788 0.1654 -0.9831
vn 0.0870 0.1535 -0.9843
vn 0.0942 0.1428 -0.9853
vn 0.0999 0.1297 -0.9865
vn 0.1038 0.1151 -0.9879
vn 0.0089 0.2277 -0.9737
vn 0.0177 0.2220 -0.9749
vn 0.0268 0.2166 -0.9759
vn 0.0368 0.2107 -0.9769
vn 0.0473 0.2041 -0.9778
vn 0.0583 0.1969 -0.9787
vn 0.0698 0.1891 -0.9795
vn 0.0816 0.1806 -0.9802
vn 0.0934 0.1714 -0.9808
vn 0.1050 0.1615 -0.9813
vn 0.1163 0.1492 -0.9819
vn 0.1263 0.1395 -0.9821
vn 0.1344 0.1270 -0.9828
vn 0.1398 0.1135 -0.9837
vn 0.0100 0.2278 -0.9737
vn 0.0206 0.2188 -0.9756
vn 0.0314 0.2126 -0.9766
vn 0.0431 0.2062 -0.9776
vn 0.0557 0.1993 -0.9784
vn 0.0691 0.1918 -0.9790
vn 0.0831 0.1837 -0.9795
vn 0.0976 0.1750 -0.9797
vn 0.1123 0.1658 -0.9798
vn 0.1269 0.1559 -0.9796
vn 0.1411 0.1434 -0.9796
vn 0.1539 0.1348 -0.9789
vn 0.1642 0.1233 -0.9787
vn 0.1712 0.1112 -0.9789
vn 0.0004 0.2024 -0.9793
vn 0.0106 0.2254 -0.9742
vn 0.0224 0.2136 -0.9767
vn 0.0345 0.2064 -0.9779
vn 0.0475 0.1996 -0.9787
vn 0.0616 0.1924 -0.9794
vn 0.0768 0.1846 -0.9798
vn 0.0929 0.1763 -0.9799
vn 0.1097 0.1675 -0.9798
vn 0.1270 0.1581 -0.9792
vn 0.1443 0.1484 -0.9783
vn 0.1613 0.1358 -0.9775
vn 0.1766 0.1287 -0.9758
vn 0.1891 0.1185 -0.9748
vn 0.1976 0.1083 -0.9743
vn 0.0001 0.1756 -0.9845
vn 0.0109 0.2209 -0.9752
vn 0.0235 0.2061 -0.9783
vn 0.0364 0.1979 -0.9796
vn 0.0502 0.1905 -0.9804
vn 0.0654 0.1830 -0.9809
vn 0.0820 0.1750 -0.9811
vn 0.0997 0.1665 -0.9810
vn 0.1184 0.1576 -0.9804
vn 0.1378 0.1483 -0.9793
vn 0.1591 0.1369 -0.9777
vn 0.1785 0.1282 -0.9756
vn 0.1946 0.1209 -0.9734
vn 0.2091 0.1125 -0.9714
vn 0.2191 0.1048 -0.9701
vn 0.0404 0.5373 -0.8424
vn 0.0809 0.7029 -0.7067
vn 0.1270 0.4715 -0.8727
vn 0.1310 0.3205 -0.9382
vn 0.1338 0.2496 -0.9591
vn 0.1411 0.2114 -0.9672
vn 0.1528 0.1869 -0.9704
vn 0.1678 0.1687 -0.9713
vn 0.1855 0.1537 -0.9705
vn 0.2050 0.1407 -0.9686
vn 0.2245 0.1264 -0.9662
vn 0.2440 0.1190 -0.9625
vn 0.2634 0.1103 -0.9584
vn 0.2799 0.1034 -0.9544
vn 0.2915 0.0986 -0.9515
vn -0.0976 0.9952 0.0005
vn -0.2152 0.9232 0.3185
vn -0.0828 0.5522 0.8296
vn -0.3148 0.6351 0.7053
vn -0.1094 0.1833 0.9769
vn -0.3274 0.3342 0.8838
vn -0.0691 -0.0343 0.9970
vn -0.2888 0.1214 0.9496
vn -0.0349 -0.1069 0.9937
vn -0.2427 0.0046 0.9701
vn -0.0073 -0.1329 0.9911
vn -0.2033 -0.0566 0.9775
vn 0.0171 -0.1417 0.9898
vn -0.1707 -0.0892 0.9813
vn 0.0399 -0.1426 0.9890
vn -0.1433 -0.1065 0.9839
vn 0.0621 -0.1395 0.9883
vn -0.1194 -0.1148 0.9862
vn 0.0840 -0.1343 0.9874
vn -0.0984 -0.1178 0.9881
vn 0.1037 -0.1259 0.9866
vn -0.0803 -0.1169 0.9899
vn 0.1228 -0.1207 0.9851
vn -0.0648 -0.1149 0.9913
vn 0.1419 -0.1147 0.9832
vn -0.0522 -0.1107 0.9925
vn 0.1576 -0.1085 0.9815
vn -0.0437 -0.1055 0.9935
vn 0.1685 -0.1031 0.9803
vn -0.0937 0.9956 -0.0007
vn -0.2043 0.9739 0.0987
vn -0.4004 0.8458 0.3527
vn -0.5165 0.6040 0.6070
vn -0.5400 0.3568 0.7623
vn -0.5156 0.1749 0.8388
vn -0.4796 0.0592 0.8755
vn -0.4465 -0.0120 0.8947
vn -0.4194 -0.0560 0.9061
vn -0.3981 -0.0830 0.9136
vn -0.3817 -0.0990 0.9190
vn -0.3694 -0.1074 0.9230
vn -0.3606 -0.1102 0.9262
vn -0.3549 -0.1084 0.9286
vn -0.3519 -0.1025 0.9304
vn -0.0906 0.9959 -0.0009
vn -0.1939 0.9797 0.0504
vn -0.4006 0.8954 0.1945
vn -0.5762 0.7219 0.3832
vn -0.6728 0.5032 0.5423
vn -0.7000 0.3073 0.6446
vn -0.6922 0.1624 0.7032
vn -0.6738 0.0635 0.7362
vn -0.6556 -0.0022 0.7551
vn -0.6412 -0.0455 0.7661
vn -0.6312 -0.0731 0.7722
vn -0.6252 -0.0895 0.7753
vn -0.6226 -0.0970 0.7765
vn -0.6223 -0.0970 0.7767
vn -0.6233 -0.0902 0.7768
vn -0.0882 0.9961 -0.0010
vn -0.1875 0.9818 0.0290
vn -0.3925 0.9124 0.1159
vn -0.5880 0.7723 0.2403
vn -0.7276 0.5826 0.3622
vn -0.7994 0.3934 0.4541
vn -0.8242 0.2389 0.5135
vn -0.8263 0.1251 0.5492
vn -0.8206 0.0452 0.5697
vn -0.8141 -0.0095 0.5806
vn -0.8095 -0.0457 0.5854
vn -0.8073 -0.0679 0.5862
vn -0.8073 -0.0789 0.5848
vn -0.8089 -0.0802 0.5824
vn -0.8110 -0.0727 0.5804
vn -0.0865 0.9963 -0.0013
vn -0.1832 0.9829 0.0164
vn -0.3854 0.9202 0.0681
vn -0.5869 0.7966 0.1452
vn -0.7467 0.6254 0.2264
vn -0.8458 0.4459 0.2929
vn -0.8947 0.2904 0.3393
vn -0.9139 0.1701 0.3685
vn -0.9191 0.0825 0.3854
vn -0.9189 0.0208 0.3940
vn -0.9175 -0.0208 0.3971
vn -0.9168 -0.0469 0.3967
vn -0.9170 -0.0601 0.3942
vn -0.9182 -0.0625 0.3912
vn -0.9198 -0.0547 0.3886
vn -0.0853 0.9964 -0.0013
vn -0.1805 0.9836 0.0074
vn -0.3802 0.9243 0.0340
vn -0.5828 0.8091 0.0752
vn -0.7511 0.6492 0.1202
vn -0.8642 0.4773 0.1590
vn -0.9273 0.3239 0.1874
vn -0.9576 0.2017 0.2059
vn -0.9699 0.1105 0.2169
vn -0.9739 0.0452 0.2226
vn -0.9744 0.0004 0.2247
vn -0.9741 -0.0279 0.2244
vn -0.9739 -0.0427 0.2227
vn -0.9743 -0.0458 0.2207
vn -0.9750 -0.0382 0.2190
vn -0.0846 0.9964 -0.0015
vn -0.1790 0.9839 0.0001
vn -0.3769 0.9262 0.0062
vn -0.5786 0.8154 0.0174
vn -0.7490 0.6619 0.0306
vn -0.8674 0.4957 0.0428
vn -0.9370 0.3453 0.0525
vn -0.9728 0.2237 0.0594
vn -0.9892 0.1317 0.0642
vn -0.9956 0.0650 0.0672
vn -0.9974 0.0188 0.0689
vn -0.9975 -0.0108 0.0698
vn -0.9972 -0.0266 0.0701
vn -0.9971 -0.0304 0.0700
vn -0.9973 -0.0232 0.0699
vn -0.0846 0.9964 -0.0018
vn -0.1787 0.9839 -0.0070
vn -0.3755 0.9266 -0.0201
vn -0.5748 0.8174 -0.0367
vn -0.7427 0.6675 -0.0526
vn -0.8606 0.5051 -0.0652
vn -0.9307 0.3582 -0.0734
vn -0.9679 0.2390 -0.0775
vn -0.9858 0.1481 -0.0786
vn -0.9936 0.0818 -0.0778
vn -0.9965 0.0354 -0.0757
vn -0.9973 0.0053 -0.0730
vn -0.9975 -0.0112 -0.0703
vn -0.9976 -0.0156 -0.0678
vn -0.9978 -0.0090 -0.0661
vn -0.0853 0.9964 -0.0020
vn -0.1797 0.9836 -0.0144
vn -0.3758 0.9255 -0.0472
vn -0.5714 0.8155 -0.0920
vn -0.7327 0.6665 -0.1376
vn -0.8440 0.5071 -0.1744
vn -0.9097 0.3648 -0.1985
vn -0.9450 0.2490 -0.2122
vn -0.9625 0.1612 -0.2183
vn -0.9710 0.0967 -0.2188
vn -0.9751 0.0512 -0.2159
vn -0.9772 0.0213 -0.2111
vn -0.9786 0.0045 -0.2056
vn -0.9797 -0.0006 -0.2005
vn -0.9804 0.0050 -0.1968
vn -0.0865 0.9963 -0.0022
vn -0.1819 0.9830 -0.0233
vn -0.3774 0.9226 -0.0796
vn -0.5667 0.8090 -0.1559
vn -0.7167 0.6579 -0.2312
vn -0.8151 0.5014 -0.2901
vn -0.8711 0.3645 -0.3292
vn -0.9011 0.2547 -0.3510
vn -0.9169 0.1714 -0.3604
vn -0.9257 0.1104 -0.3617
vn -0.9315 0.0670 -0.3576
vn -0.9358 0.0380 -0.3505
vn -0.9394 0.0211 -0.3422
vn -0.9423 0.0153 -0.3345
vn -0.9442 0.0198 -0.3288
vn -0.0882 0.9961 -0.0024
vn -0.1852 0.9821 -0.0357
vn -0.3794 0.9169 -0.1236
vn -0.5575 0.7953 -0.2379
vn -0.6878 0.6394 -0.3438
vn -0.7660 0.4852 -0.4217
vn -0.8076 0.3555 -0.4705
vn -0.8295 0.2548 -0.4970
vn -0.8425 0.1787 -0.5083
vn -0.8518 0.1230 -0.5092
vn -0.8599 0.0830 -0.5037
vn -0.8674 0.0557 -0.4946
vn -0.8742 0.0393 -0.4840
vn -0.8799 0.0327 -0.4741
vn -0.8837 0.0357 -0.4667
vn -0.0906 0.9959 -0.0027
vn -0.1900 0.9802 -0.0562
vn -0.3796 0.9050 -0.1920
vn -0.5355 0.7672 -0.3532
vn -0.6331 0.6027 -0.4857
vn -0.6828 0.4531 -0.5732
vn -0.7062 0.3351 -0.6236
vn -0.7192 0.2471 -0.6493
vn -0.7296 0.1816 -0.6594
vn -0.7400 0.1339 -0.6592
vn -0.7512 0.0990 -0.6526
vn -0.7629 0.0745 -0.6423
vn -0.7739 0.0590 -0.6305
vn -0.7833 0.0518 -0.6194
vn -0.7897 0.0530 -0.6112
vn -0.0936 0.9956 -0.0031
vn -0.1967 0.9753 -0.1004
vn -0.3681 0.8735 -0.3185
vn -0.4778 0.7039 -0.5256
vn -0.5278 0.5318 -0.6623
vn -0.5455 0.3958 -0.7388
vn -0.5527 0.2983 -0.7782
vn -0.5595 0.2290 -0.7965
vn -0.5695 0.1785 -0.8024
vn -0.5823 0.1407 -0.8007
vn -0.5971 0.1134 -0.7941
vn -0.6133 0.0930 -0.7843
vn -0.6289 0.0793 -0.7734
vn -0.6423 0.0719 -0.7631
vn -0.6515 0.0709 -0.7553
vn -0.0978 0.9952 0.0063
vn -0.1953 0.9412 -0.2758
vn -0.2916 0.7526 -0.5904
vn -0.3309 0.5526 -0.7649
vn -0.3385 0.4019 -0.8508
vn -0.3385 0.3044 -0.8904
vn -0.3415 0.2415 -0.9083
vn -0.3497 0.1985 -0.9156
vn -0.3626 0.1671 -0.9168
vn -0.3795 0.1423 -0.9142
vn -0.3983 0.1231 -0.9090
vn -0.4175 0.1089 -0.9021
vn -0.4363 0.0979 -0.8945
vn -0.4523 0.0907 -0.8873
vn -0.4634 0.0877 -0.8818
vn -0.0115 -0.2247 0.9744
vn 0.0824 0.5510 0.8304
vn -0.0241 -0.2075 0.9779
vn 0.1087 0.1812 0.9774
vn -0.0371 -0.1987 0.9794
vn 0.0687 -0.0350 0.9970
vn -0.0510 -0.1910 0.9803
vn 0.0346 -0.1071 0.9936
vn -0.0662 -0.1833 0.9808
vn 0.0071 -0.1330 0.9911
vn -0.0828 -0.1752 0.9811
vn -0.0172 -0.1417 0.9898
vn -0.1005 -0.1665 0.9809
vn -0.0400 -0.1426 0.9890
vn -0.1191 -0.1575 0.9803
vn -0.0621 -0.1395 0.9883
vn -0.1385 -0.1482 0.9792
vn -0.0839 -0.1343 0.9874
vn -0.1584 -0.1352 0.9781
vn -0.1037 -0.1259 0.9866
vn -0.1775 -0.1297 0.9755
vn -0.1228 -0.1207 0.9851
vn -0.1948 -0.1208 0.9734
vn -0.1419 -0.1147 0.9832
vn -0.2093 -0.1124 0.9714
vn -0.1576 -0.1085 0.9815
vn -0.2191 -0.1047 0.9701
vn -0.1685 -0.1031 0.9803
vn 0.0451 0.2538 0.9662
vn -0.0110 -0.2275 0.9737
vn -0.0229 -0.2143 0.9765
vn -0.0349 -0.2068 0.9778
vn -0.0480 -0.1998 0.9787
vn -0.0621 -0.1924 0.9793
vn -0.0773 -0.1846 0.9798
vn -0.0934 -0.1762 0.9799
vn -0.1102 -0.1673 0.9797
vn -0.1274 -0.1580 0.9792
vn -0.1460 -0.1467 0.9784
vn -0.1628 -0.1372 0.9771
vn -0.1767 -0.1285 0.9758
vn -0.1891 -0.1184 0.9748
vn -0.1977 -0.1082 0.9743
vn -0.0102 -0.2284 0.9735
vn -0.0208 -0.2190 0.9755
vn -0.0316 -0.2126 0.9766
vn -0.0433 -0.2062 0.9776
vn -0.0559 -0.1992 0.9784
vn -0.0693 -0.1917 0.9790
vn -0.0833 -0.1836 0.9795
vn -0.0978 -0.1749 0.9797
vn -0.1125 -0.1656 0.9798
vn -0.1270 -0.1557 0.9796
vn -0.1412 -0.1432 0.9796
vn -0.1539 -0.1347 0.9789
vn -0.1642 -0.1232 0.9787
vn -0.1712 -0.1111 0.9789
vn -0.0003 -0.2117 0.9773
vn -0.0089 -0.2276 0.9737
vn -0.0177 -0.2219 0.9749
vn -0.0268 -0.2165 0.9759
vn -0.0367 -0.2106 0.9769
vn -0.0473 -0.2040 0.9778
vn -0.0583 -0.1968 0.9787
vn -0.0698 -0.1889 0.9795
vn -0.0816 -0.1804 0.9802
vn -0.0934 -0.1712 0.9808
vn -0.1050 -0.1613 0.9813
vn -0.1163 -0.1491 0.9820
vn -0.1263 -0.1393 0.9822
vn -0.1344 -0.1269 0.9828
vn -0.1398 -0.1134 0.9837
vn -0.0070 -0.2263 0.9740
vn -0.0135 -0.2235 0.9746
vn -0.0206 -0.2189 0.9755
vn -0.0281 -0.2133 0.9766
vn -0.0361 -0.2071 0.9777
vn -0.0444 -0.2002 0.9788
vn -0.0529 -0.1926 0.9799
vn -0.0616 -0.1843 0.9809
vn -0.0703 -0.1752 0.9820
vn -0.0787 -0.1653 0.9831
vn -0.0869 -0.1534 0.9843
vn -0.0942 -0.1427 0.9853
vn -0.0999 -0.1296 0.9865
vn -0.1038 -0.1151 0.9879
vn -0.0009 -0.2192 0.9757
vn -0.0045 -0.2246 0.9744
vn -0.0085 -0.2241 0.9745
vn -0.0129 -0.2201 0.9754
vn -0.0177 -0.2148 0.9765
vn -0.0226 -0.2088 0.9777
vn -0.0278 -0.2021 0.9790
vn -0.0330 -0.1948 0.9803
vn -0.0384 -0.1866 0.9817
vn -0.0437 -0.1777 0.9831
vn -0.0488 -0.1678 0.9846
vn -0.0538 -0.1563 0.9862
vn -0.0582 -0.1449 0.9877
vn -0.0617 -0.1314 0.9894
vn -0.0640 -0.1162 0.9912
vn -0.0015 -0.2231 0.9748
vn -0.0027 -0.2243 0.9745
vn -0.0043 -0.2205 0.9754
vn -0.0059 -0.2155 0.9765
vn -0.0076 -0.2096 0.9778
vn -0.0093 -0.2031 0.9791
vn -0.0111 -0.1958 0.9806
vn -0.0129 -0.1878 0.9821
vn -0.0147 -0.1789 0.9838
vn -0.0164 -0.1691 0.9855
vn -0.0182 -0.1579 0.9873
vn -0.0198 -0.1459 0.9891
vn -0.0209 -0.1322 0.9910
vn -0.0217 -0.1167 0.9929
vn 0.0015 -0.2230 0.9748
vn 0.0027 -0.2243 0.9745
vn 0.0043 -0.2205 0.9754
vn 0.0059 -0.2155 0.9765
vn 0.0076 -0.2096 0.9778
vn 0.0093 -0.2031 0.9791
vn 0.0111 -0.1958 0.9806
vn 0.0129 -0.1878 0.9821
vn 0.0147 -0.1789 0.9838
vn 0.0164 -0.1691 0.9855
vn 0.0182 -0.1579 0.9873
vn 0.0198 -0.1459 0.9891
vn 0.0209 -0.1322 0.9910
vn 0.0217 -0.1167 0.9929
vn 0.0009 -0.2191 0.9757
vn 0.0045 -0.2246 0.9744
vn 0.0085 -0.2241 0.9745
vn 0.0129 -0.2201 0.9754
vn 0.0177 -0.2148 0.9765
vn 0.0226 -0.2088 0.9777
vn 0.0278 -0.2021 0.9790
vn 0.0330 -0.1948 0.9803
vn 0.0384 -0.1866 0.9817
vn 0.0437 -0.1777 0.9831
vn 0.0488 -0.1678 0.9846
vn 0.0538 -0.1563 0.9862
vn 0.0582 -0.1449 0.9877
vn 0.0617 -0.1314 0.9894
vn 0.0640 -0.1162 0.9912
vn 0.0070 -0.2261 0.9741
vn 0.0135 -0.2235 0.9746
vn 0.0206 -0.2189 0.9755
vn 0.0281 -0.2133 0.9766
vn 0.0361 -0.2071 0.9777
vn 0.0444 -0.2002 0.9788
vn 0.0529 -0.1926 0.9799
vn 0.0616 -0.1843 0.9809
vn 0.0703 -0.1752 0.9820
vn 0.0787 -0.1653 0.9831
vn 0.0869 -0.1534 0.9843
vn 0.0942 -0.1427 0.9853
vn 0.0999 -0.1296 0.9865
vn 0.1038 -0.1151 0.9879
vn 0.0089 -0.2279 0.9737
vn 0.0177 -0.2219 0.9749
vn 0.0268 -0.2165 0.9759
vn 0.0367 -0.2106 0.9769
vn 0.0473 -0.2040 0.9778
vn 0.0583 -0.1968 0.9787
vn 0.0698 -0.1889 0.9795
vn 0.0816 -0.1804 0.9802
vn 0.0934 -0.1712 0.9808
vn 0.1050 -0.1613 0.9813
vn 0.1163 -0.1491 0.9820
vn 0.1263 -0.1393 0.9822
vn 0.1344 -0.1269 0.9828
vn 0.1398 -0.1134 0.9837
vn 0.0006 -0.2111 0.9775
vn 0.0102 -0.2286 0.9735
vn 0.0208 -0.2190 0.9755
vn 0.0316 -0.2126 0.9766
vn 0.0433 -0.2062 0.9776
vn 0.0559 -0.1992 0.9784
vn 0.0693 -0.1917 0.9790
vn 0.0833 -0.1836 0.9795
vn 0.0978 -0.1749 0.9797
vn 0.1125 -0.1656 0.9798
vn 0.1270 -0.1557 0.9796
vn 0.1412 -0.1432 0.9796
vn 0.1539 -0.1347 0.9789
vn 0.1642 -0.1232 0.9787
vn 0.1712 -0.1111 0.9789
vn 0.0110 -0.2275 0.9737
vn 0.0229 -0.2143 0.9765
vn 0.0349 -0.2068 0.9778
vn 0.0480 -0.1998 0.9787
vn 0.0621 -0.1924 0.9793
vn 0.0773 -0.1846 0.9798
vn 0.0934 -0.1762 0.9799
vn 0.1102 -0.1673 0.9797
vn 0.1274 -0.1580 0.9792
vn 0.1460 -0.1467 0.9784
vn 0.1628 -0.1372 0.9771
vn 0.1767 -0.1285 0.9758
vn 0.1891 -0.1184 0.9748
vn 0.1977 -0.1082 0.9743
vn -0.0489 0.3200 0.9461
vn 0.0115 -0.2246 0.9744
vn 0.0241 -0.2075 0.9779
vn 0.0371 -0.1987 0.9794
vn 0.0510 -0.1910 0.9803
vn 0.0662 -0.1833 0.9808
vn 0.0828 -0.1752 0.9811
vn 0.1005 -0.1665 0.9809
vn 0.1191 -0.1575 0.9803
vn 0.1385 -0.1482 0.9792
vn 0.1584 -0.1352 0.9781
vn 0.1775 -0.1297 0.9755
vn 0.1948 -0.1208 0.9734
vn 0.2093 -0.1124 0.9714
vn 0.2191 -0.1047 0.9701
vn 0.0976 0.9952 -0.0095
vn 0.1942 0.9379 -0.2876
vn 0.2893 0.7485 -0.5967
vn 0.3286 0.5490 -0.7685
vn 0.3364 0.3991 -0.8530
vn 0.3367 0.3022 -0.8918
vn 0.3399 0.2397 -0.9094
vn 0.3483 0.1970 -0.9164
vn 0.3614 0.1658 -0.9175
vn 0.3786 0.1412 -0.9147
vn 0.3975 0.1220 -0.9094
vn 0.4169 0.1080 -0.9025
vn 0.4359 0.0971 -0.8947
vn 0.4521 0.0902 -0.8874
vn 0.4633 0.0874 -0.8819
vn 0.0937 0.9956 -0.0036
vn 0.1973 0.9750 -0.1021
vn 0.3686 0.8726 -0.3206
vn 0.4783 0.7024 -0.5272
vn 0.5282 0.5300 -0.6634
vn 0.5458 0.3938 -0.7396
vn 0.5529 0.2962 -0.7788
vn 0.5597 0.2270 -0.7970
vn 0.5695 0.1766 -0.8028
vn 0.5823 0.1389 -0.8010
vn 0.5972 0.1118 -0.7943
vn 0.6133 0.0916 -0.7845
vn 0.6289 0.0781 -0.7735
vn 0.6423 0.0711 -0.7632
vn 0.6515 0.0705 -0.7554
vn 0.0906 0.9959 -0.0018
vn 0.1906 0.9801 -0.0547
vn 0.3809 0.9050 -0.1894
vn 0.5378 0.7669 -0.3502
vn 0.6361 0.6018 -0.4830
vn 0.6858 0.4515 -0.5708
vn 0.7090 0.3330 -0.6217
vn 0.7215 0.2447 -0.6477
vn 0.7314 0.1792 -0.6580
vn 0.7413 0.1315 -0.6581
vn 0.7522 0.0969 -0.6518
vn 0.7635 0.0727 -0.6417
vn 0.7743 0.0575 -0.6302
vn 0.7835 0.0508 -0.6193
vn 0.7898 0.0524 -0.6111
vn 0.0883 0.9961 -0.0010
vn 0.1857 0.9821 -0.0329
vn 0.3808 0.9171 -0.1183
vn 0.5603 0.7954 -0.2311
vn 0.6918 0.6387 -0.3369
vn 0.7704 0.4837 -0.4153
vn 0.8119 0.3532 -0.4649
vn 0.8331 0.2521 -0.4923
vn 0.8454 0.1759 -0.5044
vn 0.8540 0.1203 -0.5061
vn 0.8614 0.0806 -0.5014
vn 0.8684 0.0537 -0.4930
vn 0.8748 0.0377 -0.4831
vn 0.8801 0.0316 -0.4737
vn 0.8838 0.0351 -0.4666
vn 0.0865 0.9962 -0.0005
vn 0.1823 0.9831 -0.0198
vn 0.3787 0.9227 -0.0728
vn 0.5694 0.8089 -0.1466
vn 0.7207 0.6571 -0.2209
vn 0.8197 0.4996 -0.2800
vn 0.8755 0.3620 -0.3200
vn 0.9049 0.2517 -0.3432
vn 0.9200 0.1683 -0.3539
vn 0.9281 0.1074 -0.3565
vn 0.9331 0.0644 -0.3537
vn 0.9369 0.0358 -0.3478
vn 0.9400 0.0195 -0.3407
vn 0.9425 0.0141 -0.3338
vn 0.9443 0.0192 -0.3286
vn 0.0853 0.9964 -0.0001
vn 0.1801 0.9836 -0.0105
vn 0.3770 0.9254 -0.0393
vn 0.5733 0.8153 -0.0813
vn 0.7364 0.6648 -0.1253
vn 0.8479 0.5049 -0.1615
vn 0.9134 0.3619 -0.1864
vn 0.9482 0.2457 -0.2016
vn 0.9650 0.1579 -0.2094
vn 0.9728 0.0936 -0.2119
vn 0.9763 0.0486 -0.2108
vn 0.9780 0.0191 -0.2076
vn 0.9791 0.0029 -0.2035
vn 0.9799 -0.0018 -0.1996
vn 0.9805 0.0045 -0.1965
vn 0.0846 0.9964 0.0002
vn 0.1790 0.9838 -0.0028
vn 0.3765 0.9264 -0.0115
vn 0.5763 0.8169 -0.0239
vn 0.7457 0.6653 -0.0377
vn 0.8633 0.5022 -0.0500
vn 0.9331 0.3548 -0.0591
vn 0.9697 0.2354 -0.0649
vn 0.9871 0.1448 -0.0682
vn 0.9945 0.0788 -0.0695
vn 0.9970 0.0329 -0.0696
vn 0.9976 0.0033 -0.0689
vn 0.9976 -0.0127 -0.0678
vn 0.9976 -0.0166 -0.0667
vn 0.9978 -0.0095 -0.0658
vn 0.0847 0.9964 0.0006
vn 0.1792 0.9838 0.0047
vn 0.3777 0.9258 0.0155
vn 0.5799 0.8141 0.0308
vn 0.7504 0.6593 0.0465
vn 0.8685 0.4922 0.0593
vn 0.9374 0.3415 0.0680
vn 0.9728 0.2200 0.0731
vn 0.9888 0.1284 0.0756
vn 0.9952 0.0622 0.0762
vn 0.9970 0.0165 0.0756
vn 0.9972 -0.0126 0.0743
vn 0.9970 -0.0280 0.0728
vn 0.9970 -0.0313 0.0713
vn 0.9973 -0.0236 0.0702
vn 0.0853 0.9964 0.0009
vn 0.1807 0.9835 0.0122
vn 0.3808 0.9236 0.0438
vn 0.5835 0.8072 0.0893
vn 0.7512 0.6458 0.1368
vn 0.8633 0.4731 0.1760
vn 0.9255 0.3197 0.2031
vn 0.9553 0.1979 0.2196
vn 0.9677 0.1073 0.2283
vn 0.9719 0.0426 0.2315
vn 0.9729 -0.0016 0.2313
vn 0.9730 -0.0294 0.2288
vn 0.9733 -0.0438 0.2254
vn 0.9740 -0.0465 0.2219
vn 0.9749 -0.0385 0.2193
vn 0.0865 0.9962 0.0012
vn 0.1834 0.9828 0.0214
vn 0.3858 0.9193 0.0783
vn 0.5867 0.7939 0.1597
vn 0.7451 0.6211 0.2429
vn 0.8426 0.4409 0.3092
vn 0.8905 0.2859 0.3539
vn 0.9095 0.1665 0.3809
vn 0.9150 0.0796 0.3955
vn 0.9155 0.0186 0.4019
vn 0.9150 -0.0225 0.4029
vn 0.9150 -0.0480 0.4006
vn 0.9160 -0.0610 0.3966
vn 0.9177 -0.0630 0.3923
vn 0.9196 -0.0550 0.3889
vn 0.0883 0.9961 0.0014
vn 0.1876 0.9816 0.0344
vn 0.3925 0.9110 0.1265
vn 0.5868 0.7686 0.2547
vn 0.7241 0.5773 0.3775
vn 0.7940 0.3881 0.4680
vn 0.8180 0.2345 0.5252
vn 0.8204 0.1219 0.5587
vn 0.8155 0.0429 0.5772
vn 0.8100 -0.0111 0.5864
vn 0.8063 -0.0469 0.5896
vn 0.8051 -0.0687 0.5891
vn 0.8060 -0.0794 0.5866
vn 0.8083 -0.0805 0.5833
vn 0.8109 -0.0729 0.5807
vn 0.0907 0.9959 0.0017
vn 0.1940 0.9794 0.0560
vn 0.4000 0.8932 0.2054
vn 0.5735 0.7170 0.3964
vn 0.6676 0.4972 0.5542
vn 0.6935 0.3022 0.6540
vn 0.6857 0.1588 0.7104
vn 0.6680 0.0612 0.7416
vn 0.6508 -0.0037 0.7592
vn 0.6374 -0.0464 0.7692
vn 0.6283 -0.0738 0.7744
vn 0.6233 -0.0899 0.7768
vn 0.6214 -0.0972 0.7774
vn 0.6218 -0.0972 0.7772
vn 0.6232 -0.0903 0.7769
vn 0.0938 0.9956 0.0019
vn 0.2042 0.9733 0.1047
vn 0.3988 0.8423 0.3627
vn 0.5125 0.5983 0.6159
vn 0.5347 0.3516 0.7684
vn 0.5103 0.1714 0.8427
vn 0.4751 0.0571 0.8781
vn 0.4429 -0.0132 0.8965
vn 0.4166 -0.0566 0.9073
vn 0.3959 -0.0833 0.9145
vn 0.3801 -0.0992 0.9196
vn 0.3683 -0.1075 0.9234
vn 0.3600 -0.1103 0.9264
vn 0.3546 -0.1084 0.9287
vn 0.3518 -0.1025 0.9305
vn 0.0977 0.9952 0.0090
vn 0.2143 0.9216 0.3237
vn 0.3128 0.6313 0.7096
vn 0.3246 0.3302 0.8863
vn 0.2862 0.1189 0.9508
vn 0.2407 0.0034 0.9706
vn 0.2018 -0.0573 0.9777
vn 0.1697 -0.0895 0.9814
vn 0.1425 -0.1066 0.9840
vn 0.1189 -0.1149 0.9862
vn 0.0980 -0.1179 0.9882
vn 0.0801 -0.1169 0.9899
vn 0.0647 -0.1149 0.9913
vn 0.0522 -0.1107 0.9925
vn 0.0437 -0.1055 0.9935
s 1
f 1//1 3//3 4//4
f 2//2 6//6 3//3
f 5//5 8//8 6//6
f 7//7 10//10 8//8
f 9//9 12//12 10//10
f 11//11 14//14 12//12
f 13//13 16//16 14//14
f 15//15 18//18 16//16
f 17//17 20//20 18//18
f 19//19 22//22 20//20
f 21//21 24//24 22//22
f 23//23 26//26 24//24
f 25//25 28//28 26//26
f 27//27 30//30 28//28
f 31//31 30//30 29//29
f 33//33 2//2 1//1
f 34//34 5//5 2//2
f 35//35 7//7 5//5
f 36//36 9//9 7//7
f 37//37 11//11 9//9
f 38//38 13//13 11//11
f 39//39 15//15 13//13
f 40//40 17//17 15//15
f 41//41 19//19 17//17
f 42//42 21//21 19//19
f 43//43 23//23 21//21
f 45//45 23//23 44//44
f 46//46 25//25 45//45
f 47//47 27//27 46//46
f 48//48 29//29 47//47
f 49//49 34//34 33//33
f 50//50 35//35 34//34
f 51//51 36//36 35//35
f 52//52 37//37 36//36
f 53//53 38//38 37//37
f 54//54 39//39 38//38
f 55//55 40//40 39//39
f 56//56 41//41 40//40
f 57//57 42//42 41//41
f 58//58 43//43 42//42
f 60//60 43//43 59//59
f 61//61 44//44 60//60
f 62//62 45//45 61//61
f 63//63 46//46 62//62
f 64//64 47//47 63//63
f 65//65 50//50 49//49
f 66//66 51//51 50//50
f 67//67 52//52 51//51
f 68//68 53//53 52//52
f 69//69 54//54 53//53
f 70//70 55//55 54//54
f 71//71 56//56 55//55
f 72//72 57//57 56//56
f 73//73 58//58 57//57
f 75//75 58//58 74//74
f 76//76 59//59 75//75
f 77//77 60//60 76//76
f 78//78 61//61 77//77
f 79//79 62//62 78//78
f 188//188 63//63 79//79
f 80//80 66//66 65//65
f 81//81 67//67 66//66
f 82//82 68//68 67//67
f 83//83 69//69 68//68
f 84//84 70//70 69//69
f 85//85 71//71 70//70
f 86//86 72//72 71//71
f 87//87 73//73 72//72
f 88//88 74//74 73//73
f 90//90 74//74 89//89
f 91//91 75//75 90//90
f 92//92 76//76 91//91
f 93//93 77//77 92//92
f 94//94 78//78 93//93
f 172//172 79//79 94//94
f 95//95 81//81 80//80
f 96//96 82//82 81//81
f 97//97 83//83 82//82
f 98//98 84//84 83//83
f 99//99 85//85 84//84
f 100//100 86//86 85//85
f 101//101 87//87 86//86
f 102//102 88//88 87//87
f 104//104 88//88 103//103
f 105//105 89//89 104//104
f 106//106 90//90 105//105
f 107//107 91//91 106//106
f 108//108 92//92 107//107
f 109//109 93//93 108//108
f 156//156 94//94 109//109
f 110//110 96//96 95//95
f 111//111 97//97 96//96
f 112//112 98//98 97//97
f 113//113 99//99 98//98
f 114//114 100//100 99//99
f 115//115 101//101 100//100
f 116//116 102//102 101//101
f 117//117 103//103 102//102
f 119//119 103//103 118//118
f 120//120 104//104 119//119
f 121//121 105//105 120//120
f 122//122 106//106 121//121
f 123//123 107//107 122//122
f 124//124 108//108 123//123
f 125//125 109//109 124//124
f 127//127 110//110 126//126
f 128//128 111//111 127//127
f 128//128 113//113 112//112
f 129//129 114//114 113//113
f 130//130 115//115 114//114
f 131//131 116//116 115//115
f 133//133 116//116 132//132
f 133//133 118//118 117//117
f 134//134 119//119 118//118
f 136//136 119//119 135//135
f 136//136 121//121 120//120
f 137//137 122//122 121//121
f 138//138 123//123 122//122
f 139//139 124//124 123//123
f 140//140 125//125 124//124
f 142//142 126//126 141//141
f 143//143 127//127 142//142
f 144//144 128//128 143//143
f 145//145 129//129 144//144
f 146//146 130//130 145//145
f 147//147 131//131 146//146
f 148//148 132//132 147//147
f 149//149 133//133 148//148
f 149//149 135//135 134//134
f 150//150 136//136 135//135
f 151//151 137//137 136//136
f 152//152 138//138 137//137
f 153//153 139//139 138//138
f 154//154 140//140 139//139
f 155//155 125//125 140//140
f 158//158 141//141 157//157
f 159//159 142//142 158//158
f 160//160 143//143 159//159
f 161//161 144//144 160//160
f 162//162 145//145 161//161
f 163//163 146//146 162//162
f 164//164 147//147 163//163
f 165//165 148//148 164//164
f 165//165 150//150 149//149
f 166//166 151//151 150//150
f 167//167 152//152 151//151
f 168//168 153//153 152//152
f 169//169 154//154 153//153
f 170//170 155//155 154//154
f 171//171 156//156 155//155
f 174//174 157//157 173//173
f 175//175 158//158 174//174
f 176//176 159//159 175//175
f 177//177 160//160 176//176
f 178//178 161//161 177//177
f 179//179 162//162 178//178
f 180//180 163//163 179//179
f 181//181 164//164 180//180
f 182//182 165//165 181//181
f 182//182 167//167 166//166
f 183//183 168//168 167//167
f 184//184 169//169 168//168
f 185//185 170//170 169//169
f 186//186 171//171 170//170
f 187//187 172//172 171//171
f 190//190 173//173 189//189
f 191//191 174//174 190//190
f 192//192 175//175 191//191
f 193//193 176//176 192//192
f 194//194 177//177 193//193
f 195//195 178//178 194//194
f 196//196 179//179 195//195
f 197//197 180//180 196//196
f 198//198 181//181 197//197
f 198//198 183//183 182//182
f 199//199 184//184 183//183
f 200//200 185//185 184//184
f 201//201 186//186 185//185
f 202//202 187//187 186//186
f 203//203 188//188 187//187
f 206//206 189//189 205//205
f 207//207 190//190 206//206
f 208//208 191//191 207//207
f 209//209 192//192 208//208
f 210//210 193//193 209//209
f 211//211 194//194 210//210
f 212//212 195//195 211//211
f 213//213 196//196 212//212
f 214//214 197//197 213//213
f 215//215 198//198 214//214
f 215//215 200//200 199//199
f 216//216 201//201 200//200
f 217//217 202//202 201//201
f 218//218 203//203 202//202
f 219//219 204//204 203//203
f 222//222 205//205 221//221
f 223//223 206//206 222//222
f 224//224 207//207 223//223
f 225//225 208//208 224//224
f 226//226 209//209 225//225
f 227//227 210//210 226//226
f 228//228 211//211 227//227
f 229//229 212//212 228//228
f 230//230 213//213 229//229
f 231//231 214//214 230//230
f 232//232 215//215 231//231
f 232//232 217//217 216//216
f 233//233 218//218 217//217
f 234//234 219//219 218//218
f 235//235 220//220 219//219
f 238//238 221//221 237//237
f 239//239 222//222 238//238
f 240//240 223//223 239//239
f 241//241 224//224 240//240
f 242//242 225//225 241//241
f 243//243 226//226 242//242
f 244//244 227//227 243//243
f 245//245 228//228 244//244
f 246//246 229//229 245//245
f 247//247 230//230 246//246
f 248//248 231//231 247//247
f 249//249 232//232 248//248
f 250//250 233//233 249//249
f 251//251 234//234 250//250
f 251//251 236//236 235//235
f 254//254 256//256 253//253
f 257//257 255//255 254//254
f 259//259 258//258 257//257
f 261//261 260//260 259//259
f 263//263 262//262 261//261
f 265//265 264//264 263//263
f 267//267 266//266 265//265
f 269//269 268//268 267//267
f 271//271 270//270 269//269
f 273//273 272//272 271//271
f 275//275 274//274 273//273
f 277//277 276//276 275//275
f 279//279 278//278 277//277
f 281//281 280//280 279//279
f 283//283 282//282 281//281
f 286//286 253//253 285//285
f 287//287 254//254 286//286
f 288//288 257//257 287//287
f 289//289 259//259 288//288
f 290//290 261//261 289//289
f 291//291 263//263 290//290
f 292//292 265//265 291//291
f 293//293 267//267 292//292
f 294//294 269//269 293//293
f 295//295 271//271 294//294
f 296//296 273//273 295//295
f 297//297 275//275 296//296
f 298//298 277//277 297//297
f 299//299 279//279 298//298
f 300//300 281//281 299//299
f 302//302 285//285 301//301
f 303//303 286//286 302//302
f 304//304 287//287 303//303
f 305//305 288//288 304//304
f 306//306 289//289 305//305
f 307//307 290//290 306//306
f 308//308 291//291 307//307
f 309//309 292//292 308//308
f 310//310 293//293 309//309
f 311//311 294//294 310//310
f 312//312 295//295 311//311
f 313//313 296//296 312//312
f 314//314 297//297 313//313
f 315//315 298//298 314//314
f 316//316 299//299 315//315
f 318//318 301//301 317//317
f 319//319 302//302 318//318
f 320//320 303//303 319//319
f 321//321 304//304 320//320
f 322//322 305//305 321//321
f 323//323 306//306 322//322
f 324//324 307//307 323//323
f 325//325 308//308 324//324
f 326//326 309//309 325//325
f 327//327 310//310 326//326
f 328//328 311//311 327//327
f 329//329 312//312 328//328
f 330//330 313//313 329//329
f 331//331 314//314 330//330
f 332//332 315//315 331//331
f 333//333 318//318 317//317
f 334//334 319//319 318//318
f 335//335 320//320 319//319
f 336//336 321//321 320//320
f 337//337 322//322 321//321
f 338//338 323//323 322//322
f 339//339 324//324 323//323
f 340//340 325//325 324//324
f 342//342 325//325 341//341
f 343//343 326//326 342//342
f 344//344 327//327 343//343
f 345//345 328//328 344//344
f 346//346 329//329 345//345
f 347//347 330//330 346//346
f 348//348 331//331 347//347
f 349//349 334//334 333//333
f 350//350 335//335 334//334
f 351//351 336//336 335//335
f 352//352 337//337 336//336
f 353//353 338//338 337//337
f 354//354 339//339 338//338
f 355//355 340//340 339//339
f 356//356 341//341 340//340
f 357//357 342//342 341//341
f 358//358 343//343 342//342
f 360//360 343//343 359//359
f 361//361 344//344 360//360
f 362//362 345//345 361//361
f 363//363 346//346 362//362
f 364//364 347//347 363//363
f 365//365 350//350 349//349
f 366//366 351//351 350//350
f 367//367 352//352 351//351
f 368//368 353//353 352//352
f 369//369 354//354 353//353
f 370//370 355//355 354//354
f 371//371 356//356 355//355
f 372//372 357//357 356//356
f 373//373 358//358 357//357
f 374//374 359//359 358//358
f 375//375 360//360 359//359
f 377//377 360//360 376//376
f 378//378 361//361 377//377
f 379//379 362//362 378//378
f 379//379 364//364 363//363
f 381//381 366//366 365//365
f 382//382 367//367 366//366
f 383//383 368//368 367//367
f 384//384 369//369 368//368
f 385//385 370//370 369//369
f 386//386 371//371 370//370
f 387//387 372//372 371//371
f 388//388 373//373 372//372
f 389//389 374//374 373//373
f 390//390 375//375 374//374
f 391//391 376//376 375//375
f 392//392 377//377 376//376
f 393//393 378//378 377//377
f 394//394 379//379 378//378
f 395//395 380//380 379//379
f 397//397 382//382 381//381
f 398//398 383//383 382//382
f 399//399 384//384 383//383
f 400//400 385//385 384//384
f 401//401 386//386 385//385
f 402//402 387//387 386//386
f 403//403 388//388 387//387
f 404//404 389//389 388//388
f 405//405 390//390 389//389
f 406//406 391//391 390//390
f 407//407 392//392 391//391
f 408//408 393//393 392//392
f 409//409 394//394 393//393
f 410//410 395//395 394//394
f 411//411 396//396 395//395
f 413//413 398//398 397//397
f 414//414 399//399 398//398
f 415//415 400//400 399//399
f 416//416 401//401 400//400
f 417//417 402//402 401//401
f 418//418 403//403 402//402
f 419//419 404//404 403//403
f 420//420 405//405 404//404
f 421//421 406//406 405//405
f 422//422 407//407 406//406
f 423//423 408//408 407//407
f 424//424 409//409 408//408
f 425//425 410//410 409//409
f 426//426 411//411 410//410
f 427//427 412//412 411//411
f 429//429 414//414 413//413
f 430//430 415//415 414//414
f 431//431 416//416 415//415
f 432//432 417//417 416//416
f 433//433 418//418 417//417
f 434//434 419//419 418//418
f 435//435 420//420 419//419
f 436//436 421//421 420//420
f 437//437 422//422 421//421
f 438//438 423//423 422//422
f 439//439 424//424 423//423
f 440//440 425//425 424//424
f 441//441 426//426 425//425
f 442//442 427//427 426//426
f 443//443 428//428 427//427
f 445//445 430//430 429//429
f 446//446 431//431 430//430
f 447//447 432//432 431//431
f 448//448 433//433 432//432
f 449//449 434//434 433//433
f 450//450 435//435 434//434
f 451//451 436//436 435//435
f 452//452 437//437 436//436
f 453//453 438//438 437//437
f 454//454 439//439 438//438
f 455//455 440//440 439//439
f 456//456 441//441 440//440
f 457//457 442//442 441//441
f 458//458 443//443 442//442
f 459//459 444//444 443//443
f 461//461 446//446 445//445
f 462//462 447//447 446//446
f 463//463 448//448 447//447
f 464//464 449//449 448//448
f 465//465 450//450 449//449
f 466//466 451//451 450//450
f 467//467 452//452 451//451
f 468//468 453//453 452//452
f 469//469 454//454 453//453
f 470//470 455//455 454//454
f 471//471 456//456 455//455
f 472//472 457//457 456//456
f 473//473 458//458 457//457
f 474//474 459//459 458//458
f 475//475 460//460 459//459
f 477//477 462//462 461//461
f 478//478 463//463 462//462
f 479//479 464//464 463//463
f 480//480 465//465 464//464
f 481//481 466//466 465//465
f 482//482 467//467 466//466
f 483//483 468//468 467//467
f 484//484 469//469 468//468
f 485//485 470//470 469//469
f 486//486 471//471 470//470
f 487//487 472//472 471//471
f 488//488 473//473 472//472
f 489//489 474//474 473//473
f 490//490 475//475 474//474
f 491//491 476//476 475//475
f 4//4 478//478 477//477
f 3//3 479//479 478//478
f 6//6 480//480 479//479
f 8//8 481//481 480//480
f 10//10 482//482 481//481
f 12//12 483//483 482//482
f 14//14 484//484 483//483
f 16//16 485//485 484//484
f 18//18 486//486 485//485
f 20//20 487//487 486//486
f 22//22 488//488 487//487
f 24//24 489//489 488//488
f 26//26 490//490 489//489
f 28//28 491//491 490//490
f 30//30 492//492 491//491
f 493//493 495//495 496//496
f 494//494 498//498 495//495
f 497//497 500//500 498//498
f 499//499 502//502 500//500
f 501//501 504//504 502//502
f 503//503 506//506 504//504
f 505//505 508//508 506//506
f 507//507 510//510 508//508
f 509//509 512//512 510//510
f 511//511 514//514 512//512
f 513//513 516//516 514//514
f 515//515 518//518 516//516
f 517//517 520//520 518//518
f 519//519 522//522 520//520
f 523//523 522//522 521//521
f 525//525 494//494 493//493
f 526//526 497//497 494//494
f 527//527 499//499 497//497
f 528//528 501//501 499//499
f 529//529 503//503 501//501
f 530//530 505//505 503//503
f 531//531 507//507 505//505
f 532//532 509//509 507//507
f 533//533 511//511 509//509
f 534//534 513//513 511//511
f 535//535 515//515 513//513
f 536//536 517//517 515//515
f 537//537 519//519 517//517
f 539//539 519//519 538//538
f 540//540 521//521 539//539
f 541//541 526//526 525//525
f 542//542 527//527 526//526
f 543//543 528//528 527//527
f 544//544 529//529 528//528
f 545//545 530//530 529//529
f 546//546 531//531 530//530
f 547//547 532//532 531//531
f 548//548 533//533 532//532
f 549//549 534//534 533//533
f 550//550 535//535 534//534
f 551//551 536//536 535//535
f 553//553 536//536 552//552
f 554//554 537//537 553//553
f 555//555 538//538 554//554
f 556//556 539//539 555//555
f 557//557 542//542 541//541
f 558//558 543//543 542//542
f 559//559 544//544 543//543
f 560//560 545//545 544//544
f 561//561 546//546 545//545
f 562//562 547//547 546//546
f 563//563 548//548 547//547
f 564//564 549//549 548//548
f 565//565 550//550 549//549
f 566//566 551//551 550//550
f 568//568 551//551 567//567
f 569//569 552//552 568//568
f 570//570 553//553 569//569
f 571//571 554//554 570//570
f 572//572 555//555 571//571
f 573//573 558//558 557//557
f 574//574 559//559 558//558
f 575//575 560//560 559//559
f 576//576 561//561 560//560
f 577//577 562//562 561//561
f 578//578 563//563 562//562
f 579//579 564//564 563//563
f 580//580 565//565 564//564
f 581//581 566//566 565//565
f 582//582 567//567 566//566
f 584//584 567//567 583//583
f 585//585 568//568 584//584
f 586//586 569//569 585//585
f 587//587 570//570 586//586
f 588//588 571//571 587//587
f 589//589 574//574 573//573
f 590//590 575//575 574//574
f 591//591 576//576 575//575
f 592//592 577//577 576//576
f 593//593 578//578 577//577
f 594//594 579//579 578//578
f 595//595 580//580 579//579
f 596//596 581//581 580//580
f 597//597 582//582 581//581
f 598//598 583//583 582//582
f 600//600 583//583 599//599
f 601//601 584//584 600//600
f 602//602 585//585 601//601
f 603//603 586//586 602//602
f 604//604 587//587 603//603
f 605//605 590//590 589//589
f 606//606 591//591 590//590
f 607//607 592//592 591//591
f 608//608 593//593 592//592
f 609//609 594//594 593//593
f 610//610 595//595 594//594
f 611//611 596//596 595//595
f 612//612 597//597 596//596
f 613//613 598//598 597//597
f 615//615 598//598 614//614
f 616//616 599//599 615//615
f 617//617 600//600 616//616
f 618//618 601//601 617//617
f 619//619 602//602 618//618
f 620//620 603//603 619//619
f 622//622 605//605 621//621
f 622//622 607//607 606//606
f 624//624 607//607 623//623
f 625//625 608//608 624//624
f 626//626 609//609 625//625
f 627//627 610//610 626//626
f 628//628 611//611 627//627
f 629//629 612//612 628//628
f 630//630 613//613 629//629
f 631//631 614//614 630//630
f 632//632 615//615 631//631
f 633//633 616//616 632//632
f 634//634 617//617 633//633
f 635//635 618//618 634//634
f 635//635 620//620 619//619
f 637//637 621//621 636//636
f 638//638 622//622 637//637
f 639//639 623//623 638//638
f 640//640 624//624 639//639
f 641//641 625//625 640//640
f 642//642 626//626 641//641
f 643//643 627//627 642//642
f 644//644 628//628 643//643
f 645//645 629//629 644//644
f 645//645 631//631 630//630
f 646//646 632//632 631//631
f 647//647 633//633 632//632
f 648//648 634//634 633//633
f 649//649 635//635 634//634
f 650//650 620//620 635//635
f 652//652 636//636 651//651
f 653//653 637//637 652//652
f 654//654 638//638 653//653
f 655//655 639//639 654//654
f 656//656 640//640 655//655
f 657//657 641//641 656//656
f 658//658 642//642 657//657
f 659//659 643//643 658//658
f 660//660 644//644 659//659
f 661//661 645//645 660//660
f 661//661 647//647 646//646
f 662//662 648//648 647//647
f 663//663 649//649 648//648
f 664//664 650//650 649//649
f 665//665 604//604 650//650
f 667//667 651//651 666//666
f 668//668 652//652 667//667
f 669//669 653//653 668//668
f 670//670 654//654 669//669
f 671//671 655//655 670//670
f 672//672 656//656 671//671
f 673//673 657//657 672//672
f 674//674 658//658 673//673
f 675//675 659//659 674//674
f 676//676 660//660 675//675
f 676//676 662//662 661//661
f 677//677 663//663 662//662
f 678//678 664//664 663//663
f 679//679 665//665 664//664
f 680//680 588//588 665//665
f 682//682 666//666 681//681
f 683//683 667//667 682//682
f 684//684 668//668 683//683
f 685//685 669//669 684//684
f 686//686 670//670 685//685
f 687//687 671//671 686//686
f 688//688 672//672 687//687
f 689//689 673//673 688//688
f 690//690 674//674 689//689
f 691//691 675//675 690//690
f 691//691 677//677 676//676
f 692//692 678//678 677//677
f 693//693 679//679 678//678
f 694//694 680//680 679//679
f 695//695 572//572 680//680
f 698//698 681//681 697//697
f 699//699 682//682 698//698
f 700//700 683//683 699//699
f 701//701 684//684 700//700
f 702//702 685//685 701//701
f 703//703 686//686 702//702
f 704//704 687//687 703//703
f 705//705 688//688 704//704
f 706//706 689//689 705//705
f 707//707 690//690 706//706
f 708//708 691//691 707//707
f 708//708 693//693 692//692
f 709//709 694//694 693//693
f 710//710 695//695 694//694
f 711//711 696//696 695//695
f 714//714 697//697 713//713
f 715//715 698//698 714//714
f 716//716 699//699 715//715
f 717//717 700//700 716//716
f 718//718 701//701 717//717
f 719//719 702//702 718//718
f 720//720 703//703 719//719
f 721//721 704//704 720//720
f 722//722 705//705 721//721
f 723//723 706//706 722//722
f 724//724 707//707 723//723
f 725//725 708//708 724//724
f 726//726 709//709 725//725
f 726//726 711//711 710//710
f 727//727 712//712 711//711
f 255//255 713//713 256//256
f 258//258 714//714 255//255
f 260//260 715//715 258//258
f 262//262 716//716 260//260
f 264//264 717//717 262//262
f 266//266 718//718 264//264
f 268//268 719//719 266//266
f 270//270 720//720 268//268
f 272//272 721//721 270//270
f 274//274 722//722 272//272
f 276//276 723//723 274//274
f 278//278 724//724 276//276
f 280//280 725//725 278//278
f 282//282 726//726 280//280
f 282//282 728//728 727//727
f 730//730 237//237 729//729
f 731//731 238//238 730//730
f 732//732 239//239 731//731
f 733//733 240//240 732//732
f 734//734 241//241 733//733
f 735//735 242//242 734//734
f 736//736 243//243 735//735
f 737//737 244//244 736//736
f 738//738 245//245 737//737
f 739//739 246//246 738//738
f 740//740 247//247 739//739
f 741//741 248//248 740//740
f 742//742 249//249 741//741
f 743//743 250//250 742//742
f 744//744 251//251 743//743
f 746//746 729//729 745//745
f 747//747 730//730 746//746
f 748//748 731//731 747//747
f 749//749 732//732 748//748
f 750//750 733//733 749//749
f 751//751 734//734 750//750
f 752//752 735//735 751//751
f 753//753 736//736 752//752
f 754//754 737//737 753//753
f 755//755 738//738 754//754
f 756//756 739//739 755//755
f 757//757 740//740 756//756
f 758//758 741//741 757//757
f 759//759 742//742 758//758
f 760//760 743//743 759//759
f 762//762 745//745 761//761
f 763//763 746//746 762//762
f 764//764 747//747 763//763
f 765//765 748//748 764//764
f 766//766 749//749 765//765
f 767//767 750//750 766//766
f 768//768 751//751 767//767
f 769//769 752//752 768//768
f 770//770 753//753 769//769
f 771//771 754//754 770//770
f 772//772 755//755 771//771
f 773//773 756//756 772//772
f 774//774 757//757 773//773
f 775//775 758//758 774//774
f 776//776 759//759 775//775
f 778//778 761//761 777//777
f 779//779 762//762 778//778
f 780//780 763//763 779//779
f 781//781 764//764 780//780
f 782//782 765//765 781//781
f 783//783 766//766 782//782
f 784//784 767//767 783//783
f 785//785 768//768 784//784
f 786//786 769//769 785//785
f 787//787 770//770 786//786
f 788//788 771//771 787//787
f 789//789 772//772 788//788
f 790//790 773//773 789//789
f 791//791 774//774 790//790
f 792//792 775//775 791//791
f 794//794 777//777 793//793
f 795//795 778//778 794//794
f 796//796 779//779 795//795
f 797//797 780//780 796//796
f 798//798 781//781 797//797
f 799//799 782//782 798//798
f 800//800 783//783 799//799
f 801//801 784//784 800//800
f 802//802 785//785 801//801
f 803//803 786//786 802//802
f 804//804 787//787 803//803
f 805//805 788//788 804//804
f 806//806 789//789 805//805
f 807//807 790//790 806//806
f 808//808 791//791 807//807
f 810//810 793//793 809//809
f 811//811 794//794 810//810
f 812//812 795//795 811//811
f 813//813 796//796 812//812
f 814//814 797//797 813//813
f 815//815 798//798 814//814
f 816//816 799//799 815//815
f 817//817 800//800 816//816
f 818//818 801//801 817//817
f 819//819 802//802 818//818
f 820//820 803//803 819//819
f 821//821 804//804 820//820
f 822//822 805//805 821//821
f 823//823 806//806 822//822
f 824//824 807//807 823//823
f 826//826 809//809 825//825
f 827//827 810//810 826//826
f 828//828 811//811 827//827
f 829//829 812//812 828//828
f 830//830 813//813 829//829
f 831//831 814//814 830//830
f 832//832 815//815 831//831
f 833//833 816//816 832//832
f 834//834 817//817 833//833
f 835//835 818//818 834//834
f 836//836 819//819 835//835
f 837//837 820//820 836//836
f 838//838 821//821 837//837
f 839//839 822//822 838//838
f 840//840 823//823 839//839
f 842//842 825//825 841//841
f 843//843 826//826 842//842
f 844//844 827//827 843//843
f 845//845 828//828 844//844
f 846//846 829//829 845//845
f 847//847 830//830 846//846
f 848//848 831//831 847//847
f 849//849 832//832 848//848
f 850//850 833//833 849//849
f 851//851 834//834 850//850
f 852//852 835//835 851//851
f 853//853 836//836 852//852
f 854//854 837//837 853//853
f 855//855 838//838 854//854
f 856//856 839//839 855//855
f 858//858 841//841 857//857
f 859//859 842//842 858//858
f 860//860 843//843 859//859
f 861//861 844//844 860//860
f 862//862 845//845 861//861
f 863//863 846//846 862//862
f 864//864 847//847 863//863
f 865//865 848//848 864//864
f 866//866 849//849 865//865
f 867//867 850//850 866//866
f 868//868 851//851 867//867
f 868//868 853//853 852//852
f 869//869 854//854 853//853
f 870//870 855//855 854//854
f 872//872 855//855 871//871
f 874//874 857//857 873//873
f 875//875 858//858 874//874
f 876//876 859//859 875//875
f 877//877 860//860 876//876
f 878//878 861//861 877//877
f 879//879 862//862 878//878
f 880//880 863//863 879//879
f 881//881 864//864 880//880
f 882//882 865//865 881//881
f 883//883 866//866 882//882
f 883//883 868//868 867//867
f 884//884 869//869 868//868
f 885//885 870//870 869//869
f 886//886 871//871 870//870
f 887//887 872//872 871//871
f 890//890 873//873 889//889
f 891//891 874//874 890//890
f 892//892 875//875 891//891
f 893//893 876//876 892//892
f 894//894 877//877 893//893
f 895//895 878//878 894//894
f 896//896 879//879 895//895
f 897//897 880//880 896//896
f 897//897 882//882 881//881
f 898//898 883//883 882//882
f 899//899 884//884 883//883
f 900//900 885//885 884//884
f 901//901 886//886 885//885
f 902//902 887//887 886//886
f 903//903 888//888 887//887
f 905//905 890//890 889//889
f 906//906 891//891 890//890
f 907//907 892//892 891//891
f 908//908 893//893 892//892
f 909//909 894//894 893//893
f 910//910 895//895 894//894
f 911//911 896//896 895//895
f 912//912 897//897 896//896
f 913//913 898//898 897//897
f 914//914 899//899 898//898
f 915//915 900//900 899//899
f 916//916 901//901 900//900
f 917//917 902//902 901//901
f 918//918 903//903 902//902
f 919//919 904//904 903//903
f 921//921 906//906 905//905
f 922//922 907//907 906//906
f 923//923 908//908 907//907
f 924//924 909//909 908//908
f 925//925 910//910 909//909
f 926//926 911//911 910//910
f 927//927 912//912 911//911
f 928//928 913//913 912//912
f 929//929 914//914 913//913
f 930//930 915//915 914//914
f 931//931 916//916 915//915
f 932//932 917//917 916//916
f 933//933 918//918 917//917
f 934//934 919//919 918//918
f 935//935 920//920 919//919
f 937//937 922//922 921//921
f 938//938 923//923 922//922
f 939//939 924//924 923//923
f 940//940 925//925 924//924
f 941//941 926//926 925//925
f 942//942 927//927 926//926
f 943//943 928//928 927//927
f 944//944 929//929 928//928
f 945//945 930//930 929//929
f 946//946 931//931 930//930
f 947//947 932//932 931//931
f 948//948 933//933 932//932
f 949//949 934//934 933//933
f 950//950 935//935 934//934
f 951//951 936//936 935//935
f 496//496 938//938 937//937
f 495//495 939//939 938//938
f 498//498 940//940 939//939
f 500//500 941//941 940//940
f 502//502 942//942 941//941
f 504//504 943//943 942//942
f 506//506 944//944 943//943
f 508//508 945//945 944//944
f 510//510 946//946 945//945
f 512//512 947//947 946//946
f 514//514 948//948 947//947
f 516//516 949//949 948//948
f 518//518 950//950 949//949
f 520//520 951//951 950//950
f 522//522 952//952 951//951
f 954//954 956//956 953//953
f 957//957 955//955 954//954
f 959//959 958//958 957//957
f 961//961 960//960 959//959
f 963//963 962//962 961//961
f 965//965 964//964 963//963
f 967//967 966//966 965//965
f 969//969 968//968 967//967
f 971//971 970//970 969//969
f 973//973 972//972 971//971
f 975//975 974//974 973//973
f 977//977 976//976 975//975
f 979//979 978//978 977//977
f 981//981 980//980 979//979
f 1//1 982//982 981//981
f 984//984 953//953 983//983
f 985//985 954//954 984//984
f 986//986 957//957 985//985
f 987//987 959//959 986//986
f 988//988 961//961 987//987
f 989//989 963//963 988//988
f 990//990 965//965 989//989
f 991//991 967//967 990//990
f 992//992 969//969 991//991
f 993//993 971//971 992//992
f 994//994 973//973 993//993
f 995//995 975//975 994//994
f 996//996 977//977 995//995
f 997//997 979//979 996//996
f 33//33 981//981 997//997
f 999//999 983//983 998//998
f 1000//1000 984//984 999//999
f 1001//1001 985//985 1000//1000
f 1002//1002 986//986 1001//1001
f 1003//1003 987//987 1002//1002
f 1004//1004 988//988 1003//1003
f 1005//1005 989//989 1004//1004
f 1006//1006 990//990 1005//1005
f 1007//1007 991//991 1006//1006
f 1008//1008 992//992 1007//1007
f 1009//1009 993//993 1008//1008
f 1010//1010 994//994 1009//1009
f 1011//1011 995//995 1010//1010
f 1012//1012 996//996 1011//1011
f 49//49 997//997 1012//1012
f 1014//1014 998//998 1013//1013
f 1015//1015 999//999 1014//1014
f 1016//1016 1000//1000 1015//1015
f 1017//1017 1001//1001 1016//1016
f 1018//1018 1002//1002 1017//1017
f 1019//1019 1003//1003 1018//1018
f 1020//1020 1004//1004 1019//1019
f 1021//1021 1005//1005 1020//1020
f 1022//1022 1006//1006 1021//1021
f 1023//1023 1007//1007 1022//1022
f 1024//1024 1008//1008 1023//1023
f 1025//1025 1009//1009 1024//1024
f 1026//1026 1010//1010 1025//1025
f 1027//1027 1011//1011 1026//1026
f 65//65 1012//1012 1027//1027
f 1029//1029 1013//1013 1028//1028
f 1030//1030 1014//1014 1029//1029
f 1031//1031 1015//1015 1030//1030
f 1032//1032 1016//1016 1031//1031
f 1033//1033 1017//1017 1032//1032
f 1034//1034 1018//1018 1033//1033
f 1035//1035 1019//1019 1034//1034
f 1036//1036 1020//1020 1035//1035
f 1037//1037 1021//1021 1036//1036
f 1038//1038 1022//1022 1037//1037
f 1039//1039 1023//1023 1038//1038
f 1040//1040 1024//1024 1039//1039
f 1041//1041 1025//1025 1040//1040
f 1042//1042 1026//1026 1041//1041
f 80//80 1027//1027 1042//1042
f 1044//1044 1028//1028 1043//1043
f 1045//1045 1029//1029 1044//1044
f 1046//1046 1030//1030 1045//1045
f 1047//1047 1031//1031 1046//1046
f 1048//1048 1032//1032 1047//1047
f 1049//1049 1033//1033 1048//1048
f 1050//1050 1034//1034 1049//1049
f 1051//1051 1035//1035 1050//1050
f 1052//1052 1036//1036 1051//1051
f 1052//1052 1038//1038 1037//1037
f 1053//1053 1039//1039 1038//1038
f 1054//1054 1040//1040 1039//1039
f 1055//1055 1041//1041 1040//1040
f 1056//1056 1042//1042 1041//1041
f 1057//1057 80//80 1042//1042
f 1059//1059 1043//1043 1058//1058
f 1060//1060 1044//1044 1059//1059
f 1061//1061 1045//1045 1060//1060
f 1062//1062 1046//1046 1061//1061
f 1063//1063 1047//1047 1062//1062
f 1064//1064 1048//1048 1063//1063
f 1065//1065 1049//1049 1064//1064
f 1066//1066 1050//1050 1065//1065
f 1066//1066 1052//1052 1051//1051
f 1067//1067 1053//1053 1052//1052
f 1068//1068 1054//1054 1053//1053
f 1069//1069 1055//1055 1054//1054
f 1070//1070 1056//1056 1055//1055
f 1071//1071 1057//1057 1056//1056
f 1072//1072 95//95 1057//1057
f 1074//1073 1058//1058 1073//1058
f 1075//1074 1059//1059 1074//1073
f 1076//1075 1060//1060 1075//1074
f 1076//1075 1062//1062 1061//1061
f 1078//1077 1062//1062 1077//1076
f 1079//1078 1063//1063 1078//1077
f 1080//1079 1064//1064 1079//1078
f 1081//1080 1065//1065 1080//1079
f 1082//1081 1066//1066 1081//1080
f 1083//1082 1067//1067 1082//1081
f 1083//1082 1069//1069 1068//1068
f 1085//1084 1069//1069 1084//1083
f 1086//1085 1070//1070 1085//1084
f 1087//1086 1071//1071 1086//1085
f 126//126 1072//1072 1087//1086
f 1088//1087 1074//1073 1073//1058
f 1089//1088 1075//1074 1074//1073
f 1090//1089 1076//1075 1075//1074
f 1091//1090 1077//1076 1076//1075
f 1092//1091 1078//1077 1077//1076
f 1093//1092 1079//1078 1078//1077
f 1094//1093 1080//1079 1079//1078
f 1095//1094 1081//1080 1080//1079
f 1097//1096 1081//1080 1096//1095
f 1098//1097 1082//1081 1097//1096
f 1099//1098 1083//1082 1098//1097
f 1100//1099 1084//1083 1099//1098
f 1101//1100 1085//1084 1100//1099
f 1102//1101 1086//1085 1101//1100
f 141//141 1087//1086 1102//1101
f 1103//1102 1089//1088 1088//1087
f 1104//1103 1090//1089 1089//1088
f 1105//1104 1091//1090 1090//1089
f 1106//1105 1092//1091 1091//1090
f 1107//1106 1093//1092 1092//1091
f 1108//1107 1094//1093 1093//1092
f 1109//1108 1095//1094 1094//1093
f 1110//1109 1096//1095 1095//1094
f 1111//1110 1097//1096 1096//1095
f 1113//1112 1097//1096 1112//1111
f 1114//1113 1098//1097 1113//1112
f 1115//1114 1099//1098 1114//1113
f 1116//1115 1100//1099 1115//1114
f 1117//1116 1101//1100 1116//1115
f 157//157 1102//1101 1117//1116
f 1118//1117 1104//1103 1103//1102
f 1119//1118 1105//1104 1104//1103
f 1120//1119 1106//1105 1105//1104
f 1121//1120 1107//1106 1106//1105
f 1122//1121 1108//1107 1107//1106
f 1123//1122 1109//1108 1108//1107
f 1124//1123 1110//1109 1109//1108
f 1125//1124 1111//1110 1110//1109
f 1126//1125 1112//1111 1111//1110
f 1127//1126 1113//1112 1112//1111
f 1128//1127 1114//1113 1113//1112
f 1129//1128 1115//1114 1114//1113
f 1130//1129 1116//1115 1115//1114
f 1131//1130 1117//1116 1116//1115
f 1132//1131 157//157 1117//1116
f 1133//1132 1119//1118 1118//1117
f 1134//1133 1120//1119 1119//1118
f 1135//1134 1121//1120 1120//1119
f 1136//1135 1122//1121 1121//1120
f 1137//1136 1123//1122 1122//1121
f 1138//1137 1124//1123 1123//1122
f 1139//1138 1125//1124 1124//1123
f 1140//1139 1126//1125 1125//1124
f 1141//1140 1127//1126 1126//1125
f 1142//1141 1128//1127 1127//1126
f 1143//1142 1129//1128 1128//1127
f 1144//1143 1130//1129 1129//1128
f 1145//1144 1131//1130 1130//1129
f 1146//1145 1132//1131 1131//1130
f 1147//1146 173//173 1132//1131
f 1148//1147 1134//1133 1133//1132
f 1149//1148 1135//1134 1134//1133
f 1150//1149 1136//1135 1135//1134
f 1151//1150 1137//1136 1136//1135
f 1152//1151 1138//1137 1137//1136
f 1153//1152 1139//1138 1138//1137
f 1154//1153 1140//1139 1139//1138
f 1155//1154 1141//1140 1140//1139
f 1156//1155 1142//1141 1141//1140
f 1157//1156 1143//1142 1142//1141
f 1158//1157 1144//1143 1143//1142
f 1159//1158 1145//1144 1144//1143
f 1160//1159 1146//1145 1145//1144
f 1161//1160 1147//1146 1146//1145
f 1162//1161 189//189 1147//1146
f 1163//1162 1149//1148 1148//1147
f 1164//1163 1150//1149 1149//1148
f 1165//1164 1151//1150 1150//1149
f 1166//1165 1152//1151 1151//1150
f 1167//1166 1153//1152 1152//1151
f 1168//1167 1154//1153 1153//1152
f 1169//1168 1155//1154 1154//1153
f 1170//1169 1156//1155 1155//1154
f 1171//1170 1157//1156 1156//1155
f 1172//1171 1158//1157 1157//1156
f 1173//1172 1159//1158 1158//1157
f 1174//1173 1160//1159 1159//1158
f 1175//1174 1161//1160 1160//1159
f 1176//1175 1162//1161 1161//1160
f 1177//1176 205//205 1162//1161
f 1178//1177 1164//1163 1163//1162
f 1179//1178 1165//1164 1164//1163
f 1180//1179 1166//1165 1165//1164
f 1181//1180 1167//1166 1166//1165
f 1182//1181 1168//1167 1167//1166
f 1183//1182 1169//1168 1168//1167
f 1184//1183 1170//1169 1169//1168
f 1185//1184 1171//1170 1170//1169
f 1186//1185 1172//1171 1171//1170
f 1187//1186 1173//1172 1172//1171
f 1188//1187 1174//1173 1173//1172
f 1189//1188 1175//1174 1174//1173
f 1190//1189 1176//1175 1175//1174
f 1191//1190 1177//1176 1176//1175
f 1192//1191 221//221 1177//1176
f 1194//1193 1196//1195 1193//1192
f 1197//1196 1195//1194 1194//1193
f 1197//1196 1200//1199 1198//1197
f 1199//1198 1202//1201 1200//1199
f 1201//1200 1204//1203 1202//1201
f 1203//1202 1206//1205 1204//1203
f 1205//1204 1208//1207 1206//1205
f 1207//1206 1210//1209 1208//1207
f 1209//1208 1212//1211 1210//1209
f 1211//1210 1214//1213 1212//1211
f 1213//1212 1216//1215 1214//1213
f 1215//1214 1218//1217 1216//1215
f 1217//1216 1220//1219 1218//1217
f 1219//1218 1222//1221 1220//1219
f 1221//1220 256//256 1222//1221
f 1224//1223 1193//1192 1223//1222
f 1225//1224 1194//1193 1224//1223
f 1226//1225 1197//1196 1225//1224
f 1227//1226 1199//1198 1226//1225
f 1227//1226 1203//1202 1201//1200
f 1228//1227 1205//1204 1203//1202
f 1229//1228 1207//1206 1205//1204
f 1230//1229 1209//1208 1207//1206
f 1231//1230 1211//1210 1209//1208
f 1232//1231 1213//1212 1211//1210
f 1233//1232 1215//1214 1213//1212
f 1234//1233 1217//1216 1215//1214
f 1235//1234 1219//1218 1217//1216
f 1236//1235 1221//1220 1219//1218
f 1237//1236 253//253 1221//1220
f 1239//1238 1223//1222 1238//1237
f 1240//1239 1224//1223 1239//1238
f 1241//1240 1225//1224 1240//1239
f 1242//1241 1226//1225 1241//1240
f 1243//1242 1227//1226 1242//1241
f 1244//1243 1228//1227 1243//1242
f 1245//1244 1229//1228 1244//1243
f 1245//1244 1231//1230 1230//1229
f 1246//1245 1232//1231 1231//1230
f 1247//1246 1233//1232 1232//1231
f 1248//1247 1234//1233 1233//1232
f 1249//1248 1235//1234 1234//1233
f 1250//1249 1236//1235 1235//1234
f 1251//1250 1237//1236 1236//1235
f 1252//1251 285//285 1237//1236
f 1254//1253 1238//1237 1253//1252
f 1255//1254 1239//1238 1254//1253
f 1256//1255 1240//1239 1255//1254
f 1257//1256 1241//1240 1256//1255
f 1258//1257 1242//1241 1257//1256
f 1259//1258 1243//1242 1258//1257
f 1260//1259 1244//1243 1259//1258
f 1261//1260 1245//1244 1260//1259
f 1262//1261 1246//1245 1261//1260
f 1263//1262 1247//1246 1262//1261
f 1264//1263 1248//1247 1263//1262
f 1265//1264 1249//1248 1264//1263
f 1266//1265 1250//1249 1265//1264
f 1267//1266 1251//1250 1266//1265
f 317//317 1252//1251 1267//1266
f 1269//1268 1253//1252 1268//1267
f 1270//1269 1254//1253 1269//1268
f 1271//1270 1255//1254 1270//1269
f 1272//1271 1256//1255 1271//1270
f 1273//1272 1257//1256 1272//1271
f 1274//1273 1258//1257 1273//1272
f 1275//1274 1259//1258 1274//1273
f 1276//1275 1260//1259 1275//1274
f 1277//1276 1261//1260 1276//1275
f 1278//1277 1262//1261 1277//1276
f 1279//1278 1263//1262 1278//1277
f 1280//1279 1264//1263 1279//1278
f 1281//1280 1265//1264 1280//1279
f 1282//1281 1266//1265 1281//1280
f 333//333 1267//1266 1282//1281
f 1284//1283 1268//1267 1283//1282
f 1285//1284 1269//1268 1284//1283
f 1286//1285 1270//1269 1285//1284
f 1287//1286 1271//1270 1286//1285
f 1288//1287 1272//1271 1287//1286
f 1289//1288 1273//1272 1288//1287
f 1290//1289 1274//1273 1289//1288
f 1291//1290 1275//1274 1290//1289
f 1292//1291 1276//1275 1291//1290
f 1293//1292 1277//1276 1292//1291
f 1294//1293 1278//1277 1293//1292
f 1295//1294 1279//1278 1294//1293
f 1296//1295 1280//1279 1295//1294
f 1297//1296 1281//1280 1296//1295
f 349//349 1282//1281 1297//1296
f 1299//1298 1283//1282 1298//1297
f 1300//1299 1284//1283 1299//1298
f 1301//1300 1285//1284 1300//1299
f 1302//1301 1286//1285 1301//1300
f 1303//1302 1287//1286 1302//1301
f 1304//1303 1288//1287 1303//1302
f 1305//1304 1289//1288 1304//1303
f 1306//1305 1290//1289 1305//1304
f 1307//1306 1291//1290 1306//1305
f 1308//1307 1292//1291 1307//1306
f 1309//1308 1293//1292 1308//1307
f 1310//1309 1294//1293 1309//1308
f 1311//1310 1295//1294 1310//1309
f 1312//1311 1296//1295 1311//1310
f 365//365 1297//1296 1312//1311
f 1314//1313 1298//1297 1313//1312
f 1315//1314 1299//1298 1314//1313
f 1316//1315 1300//1299 1315//1314
f 1317//1316 1301//1300 1316//1315
f 1318//1317 1302//1301 1317//1316
f 1319//1318 1303//1302 1318//1317
f 1320//1319 1304//1303 1319//1318
f 1321//1320 1305//1304 1320//1319
f 1322//1321 1306//1305 1321//1320
f 1323//1322 1307//1306 1322//1321
f 1324//1323 1308//1307 1323//1322
f 1325//1324 1309//1308 1324//1323
f 1326//1325 1310//1309 1325//1324
f 1327//1326 1311//1310 1326//1325
f 381//381 1312//1311 1327//1326
f 1329//1328 1313//1312 1328//1327
f 1330//1329 1314//1313 1329//1328
f 1331//1330 1315//1314 1330//1329
f 1332//1331 1316//1315 1331//1330
f 1333//1332 1317//1316 1332//1331
f 1334//1333 1318//1317 1333//1332
f 1335//1334 1319//1318 1334//1333
f 1336//1335 1320//1319 1335//1334
f 1337//1336 1321//1320 1336//1335
f 1338//1337 1322//1321 1337//1336
f 1339//1338 1323//1322 1338//1337
f 1340//1339 1324//1323 1339//1338
f 1341//1340 1325//1324 1340//1339
f 1342//1341 1326//1325 1341//1340
f 397//397 1327//1326 1342//1341
f 1344//1343 1328//1327 1343//1342
f 1345//1344 1329//1328 1344//1343
f 1346//1345 1330//1329 1345//1344
f 1347//1346 1331//1330 1346//1345
f 1348//1347 1332//1331 1347//1346
f 1349//1348 1333//1332 1348//1347
f 1350//1349 1334//1333 1349//1348
f 1351//1350 1335//1334 1350//1349
f 1352//1351 1336//1335 1351//1350
f 1353//1352 1337//1336 1352//1351
f 1354//1353 1338//1337 1353//1352
f 1355//1354 1339//1338 1354//1353
f 1356//1355 1340//1339 1355//1354
f 1357//1356 1341//1340 1356//1355
f 413//413 1342//1341 1357//1356
f 1359//1358 1343//1342 1358//1357
f 1360//1359 1344//1343 1359//1358
f 1361//1360 1345//1344 1360//1359
f 1362//1361 1346//1345 1361//1360
f 1363//1362 1347//1346 1362//1361
f 1364//1363 1348//1347 1363//1362
f 1365//1364 1349//1348 1364//1363
f 1366//1365 1350//1349 1365//1364
f 1367//1366 1351//1350 1366//1365
f 1368//1367 1352//1351 1367//1366
f 1369//1368 1353//1352 1368//1367
f 1370//1369 1354//1353 1369//1368
f 1371//1370 1355//1354 1370//1369
f 1372//1371 1356//1355 1371//1370
f 429//429 1357//1356 1372//1371
f 1374//1373 1358//1357 1373//1372
f 1375//1374 1359//1358 1374//1373
f 1376//1375 1360//1359 1375//1374
f 1377//1376 1361//1360 1376//1375
f 1378//1377 1362//1361 1377//1376
f 1379//1378 1363//1362 1378//1377
f 1380//1379 1364//1363 1379//1378
f 1381//1380 1365//1364 1380//1379
f 1382//1381 1366//1365 1381//1380
f 1383//1382 1367//1366 1382//1381
f 1384//1383 1368//1367 1383//1382
f 1385//1384 1369//1368 1384//1383
f 1386//1385 1370//1369 1385//1384
f 1387//1386 1371//1370 1386//1385
f 445//445 1372//1371 1387//1386
f 1389//1388 1373//1372 1388//1387
f 1390//1389 1374//1373 1389//1388
f 1391//1390 1375//1374 1390//1389
f 1392//1391 1376//1375 1391//1390
f 1393//1392 1377//1376 1392//1391
f 1394//1393 1378//1377 1393//1392
f 1395//1394 1379//1378 1394//1393
f 1396//1395 1380//1379 1395//1394
f 1397//1396 1381//1380 1396//1395
f 1398//1397 1382//1381 1397//1396
f 1399//1398 1383//1382 1398//1397
f 1400//1399 1384//1383 1399//1398
f 1401//1400 1385//1384 1400//1399
f 1402//1401 1386//1385 1401//1400
f 461//461 1387//1386 1402//1401
f 1404//1403 1388//1387 1403//1402
f 1405//1404 1389//1388 1404//1403
f 1406//1405 1390//1389 1405//1404
f 1407//1406 1391//1390 1406//1405
f 1408//1407 1392//1391 1407//1406
f 1409//1408 1393//1392 1408//1407
f 1410//1409 1394//1393 1409//1408
f 1411//1410 1395//1394 1410//1409
f 1412//1411 1396//1395 1411//1410
f 1413//1412 1397//1396 1412//1411
f 1414//1413 1398//1397 1413//1412
f 1415//1414 1399//1398 1414//1413
f 1416//1415 1400//1399 1415//1414
f 1417//1416 1401//1400 1416//1415
f 477//477 1402//1401 1417//1416
f 955//955 1403//1402 956//956
f 958//958 1404//1403 955//955
f 960//960 1405//1404 958//958
f 962//962 1406//1405 960//960
f 964//964 1407//1406 962//962
f 966//966 1408//1407 964//964
f 968//968 1409//1408 966//966
f 970//970 1410//1409 968//968
f 972//972 1411//1410 970//970
f 974//974 1412//1411 972//972
f 976//976 1413//1412 974//974
f 978//978 1414//1413 976//976
f 980//980 1415//1414 978//978
f 982//982 1416//1415 980//980
f 4//4 1417//1416 982//982
f 1418//1417 1420//1419 1421//1420
f 1419//1418 1423//1422 1420//1419
f 1424//1423 1423//1422 1422//1421
f 1426//1425 1425//1424 1424//1423
f 1428//1427 1427//1426 1426//1425
f 1430//1429 1429//1428 1428//1427
f 1432//1431 1431//1430 1430//1429
f 1434//1433 1433//1432 1432//1431
f 1436//1435 1435//1434 1434//1433
f 1438//1437 1437//1436 1436//1435
f 1440//1439 1439//1438 1438//1437
f 1442//1441 1441//1440 1440//1439
f 1444//1443 1443//1442 1442//1441
f 1446//1445 1445//1444 1444//1443
f 493//493 1447//1446 1446//1445
f 1448//1447 1419//1418 1418//1417
f 1449//1448 1422//1421 1419//1418
f 1451//1450 1422//1421 1450//1449
f 1452//1451 1424//1423 1451//1450
f 1453//1452 1426//1425 1452//1451
f 1454//1453 1428//1427 1453//1452
f 1455//1454 1430//1429 1454//1453
f 1456//1455 1432//1431 1455//1454
f 1457//1456 1434//1433 1456//1455
f 1458//1457 1436//1435 1457//1456
f 1459//1458 1438//1437 1458//1457
f 1460//1459 1440//1439 1459//1458
f 1461//1460 1442//1441 1460//1459
f 1462//1461 1444//1443 1461//1460
f 525//525 1446//1445 1462//1461
f 1463//1462 1449//1448 1448//1447
f 1464//1463 1450//1449 1449//1448
f 1466//1465 1450//1449 1465//1464
f 1467//1466 1451//1450 1466//1465
f 1468//1467 1452//1451 1467//1466
f 1469//1468 1453//1452 1468//1467
f 1470//1469 1454//1453 1469//1468
f 1471//1470 1455//1454 1470//1469
f 1472//1471 1456//1455 1471//1470
f 1473//1472 1457//1456 1472//1471
f 1474//1473 1458//1457 1473//1472
f 1475//1474 1459//1458 1474//1473
f 1476//1475 1460//1459 1475//1474
f 1477//1476 1461//1460 1476//1475
f 541//541 1462//1461 1477//1476
f 1478//1477 1464//1463 1463//1462
f 1479//1478 1465//1464 1464//1463
f 1481//1480 1465//1464 1480//1479
f 1482//1481 1466//1465 1481//1480
f 1483//1482 1467//1466 1482//1481
f 1484//1483 1468//1467 1483//1482
f 1485//1484 1469//1468 1484//1483
f 1486//1485 1470//1469 1485//1484
f 1487//1486 1471//1470 1486//1485
f 1488//1487 1472//1471 1487//1486
f 1489//1488 1473//1472 1488//1487
f 1490//1489 1474//1473 1489//1488
f 1491//1490 1475//1474 1490//1489
f 1492//1491 1476//1475 1491//1490
f 557//557 1477//1476 1492//1491
f 1493//1492 1479//1478 1478//1477
f 1494//1493 1480//1479 1479//1478
f 1496//1495 1480//1479 1495//1494
f 1497//1496 1481//1480 1496//1495
f 1498//1497 1482//1481 1497//1496
f 1499//1498 1483//1482 1498//1497
f 1500//1499 1484//1483 1499//1498
f 1501//1500 1485//1484 1500//1499
f 1502//1501 1486//1485 1501//1500
f 1503//1502 1487//1486 1502//1501
f 1504//1503 1488//1487 1503//1502
f 1505//1504 1489//1488 1504//1503
f 1506//1505 1490//1489 1505//1504
f 1507//1506 1491//1490 1506//1505
f 573//573 1492//1491 1507//1506
f 1508//1507 1494//1493 1493//1492
f 1510//1509 1494//1493 1509//1508
f 1511//1510 1495//1494 1510//1509
f 1512//1511 1496//1495 1511//1510
f 1513//1512 1497//1496 1512//1511
f 1514//1513 1498//1497 1513//1512
f 1515//1514 1499//1498 1514//1513
f 1516//1515 1500//1499 1515//1514
f 1517//1516 1501//1500 1516//1515
f 1518//1517 1502//1501 1517//1516
f 1519//1518 1503//1502 1518//1517
f 1520//1519 1504//1503 1519//1518
f 1521//1520 1505//1504 1520//1519
f 1522//1521 1506//1505 1521//1520
f 589//589 1507//1506 1522//1521
f 1523//1522 1509//1508 1508//1507
f 1525//1524 1509//1508 1524//1523
f 1526//1525 1510//1509 1525//1524
f 1527//1526 1511//1510 1526//1525
f 1528//1527 1512//1511 1527//1526
f 1529//1528 1513//1512 1528//1527
f 1530//1529 1514//1513 1529//1528
f 1531//1530 1515//1514 1530//1529
f 1532//1531 1516//1515 1531//1530
f 1533//1532 1517//1516 1532//1531
f 1534//1533 1518//1517 1533//1532
f 1535//1534 1519//1518 1534//1533
f 1536//1535 1520//1519 1535//1534
f 1537//1536 1521//1520 1536//1535
f 605//605 1522//1521 1537//1536
f 1539//1538 1523//1522 1538//1537
f 1540//1539 1524//1523 1539//1538
f 1541//1540 1525//1524 1540//1539
f 1542//1541 1526//1525 1541//1540
f 1543//1542 1527//1526 1542//1541
f 1544//1543 1528//1527 1543//1542
f 1545//1544 1529//1528 1544//1543
f 1546//1545 1530//1529 1545//1544
f 1547//1546 1531//1530 1546//1545
f 1547//1546 1533//1532 1532//1531
f 1548//1547 1534//1533 1533//1532
f 1549//1548 1535//1534 1534//1533
f 1550//1549 1536//1535 1535//1534
f 1551//1550 1537//1536 1536//1535
f 1552//1551 605//605 1537//1536
f 1554//1553 1538//1537 1553//1552
f 1555//1554 1539//1538 1554//1553
f 1556//1555 1540//1539 1555//1554
f 1557//1556 1541//1540 1556//1555
f 1558//1557 1542//1541 1557//1556
f 1559//1558 1543//1542 1558//1557
f 1559//1558 1545//1544 1544//1543
f 1560//1559 1546//1545 1545//1544
f 1561//1560 1547//1546 1546//1545
f 1562//1561 1548//1547 1547//1546
f 1563//1562 1549//1548 1548//1547
f 1564//1563 1550//1549 1549//1548
f 1565//1564 1551//1550 1550//1549
f 1566//1565 1552//1551 1551//1550
f 1567//1566 621//621 1552//1551
f 1569//1568 1553//1552 1568//1567
f 1570//1569 1554//1553 1569//1568
f 1571//1570 1555//1554 1570//1569
f 1572//1571 1556//1555 1571//1570
f 1572//1571 1558//1557 1557//1556
f 1573//1572 1559//1558 1558//1557
f 1574//1573 1560//1559 1559//1558
f 1575//1574 1561//1560 1560//1559
f 1576//1575 1562//1561 1561//1560
f 1577//1576 1563//1562 1562//1561
f 1578//1577 1564//1563 1563//1562
f 1579//1578 1565//1564 1564//1563
f 1580//1579 1566//1565 1565//1564
f 1581//1580 1567//1566 1566//1565
f 1582//1581 636//636 1567//1566
f 1584//1583 1568//1567 1583//1582
f 1585//1584 1569//1568 1584//1583
f 1586//1585 1570//1569 1585//1584
f 1586//1585 1572//1571 1571//1570
f 1587//1586 1573//1572 1572//1571
f 1588//1587 1574//1573 1573//1572
f 1589//1588 1575//1574 1574//1573
f 1590//1589 1576//1575 1575//1574
f 1591//1590 1577//1576 1576//1575
f 1592//1591 1578//1577 1577//1576
f 1593//1592 1579//1578 1578//1577
f 1594//1593 1580//1579 1579//1578
f 1595//1594 1581//1580 1580//1579
f 1596//1595 1582//1581 1581//1580
f 1597//1596 651//651 1582//1581
f 1599//1598 1583//1582 1598//1597
f 1600//1599 1584//1583 1599//1598
f 1600//1599 1586//1585 1585//1584
f 1601//1600 1587//1586 1586//1585
f 1602//1601 1588//1587 1587//1586
f 1603//1602 1589//1588 1588//1587
f 1604//1603 1590//1589 1589//1588
f 1605//1604 1591//1590 1590//1589
f 1606//1605 1592//1591 1591//1590
f 1607//1606 1593//1592 1592//1591
f 1608//1607 1594//1593 1593//1592
f 1609//1608 1595//1594 1594//1593
f 1610//1609 1596//1595 1595//1594
f 1611//1610 1597//1596 1596//1595
f 1612//1611 666//666 1597//1596
f 1614//1613 1598//1597 1613//1612
f 1615//1614 1599//1598 1614//1613
f 1615//1614 1601//1600 1600//1599
f 1616//1615 1602//1601 1601//1600
f 1617//1616 1603//1602 1602//1601
f 1618//1617 1604//1603 1603//1602
f 1619//1618 1605//1604 1604//1603
f 1620//1619 1606//1605 1605//1604
f 1621//1620 1607//1606 1606//1605
f 1622//1621 1608//1607 1607//1606
f 1623//1622 1609//1608 1608//1607
f 1624//1623 1610//1609 1609//1608
f 1625//1624 1611//1610 1610//1609
f 1626//1625 1612//1611 1611//1610
f 1627//1626 681//681 1612//1611
f 1629//1628 1613//1612 1628//1627
f 1629//1628 1615//1614 1614//1613
f 1630//1629 1616//1615 1615//1614
f 1631//1630 1617//1616 1616//1615
f 1632//1631 1618//1617 1617//1616
f 1633//1632 1619//1618 1618//1617
f 1634//1633 1620//1619 1619//1618
f 1635//1634 1621//1620 1620//1619
f 1636//1635 1622//1621 1621//1620
f 1637//1636 1623//1622 1622//1621
f 1638//1637 1624//1623 1623//1622
f 1639//1638 1625//1624 1624//1623
f 1640//1639 1626//1625 1625//1624
f 1641//1640 1627//1626 1626//1625
f 1642//1641 697//697 1627//1626
f 1195//1194 1628//1627 1196//1195
f 1195//1194 1630//1629 1629//1628
f 1198//1197 1631//1630 1630//1629
f 1200//1199 1632//1631 1631//1630
f 1202//1201 1633//1632 1632//1631
f 1204//1203 1634//1633 1633//1632
f 1206//1205 1635//1634 1634//1633
f 1208//1207 1636//1635 1635//1634
f 1210//1209 1637//1636 1636//1635
f 1212//1211 1638//1637 1637//1636
f 1214//1213 1639//1638 1638//1637
f 1216//1215 1640//1639 1639//1638
f 1218//1217 1641//1640 1640//1639
f 1220//1219 1642//1641 1641//1640
f 1222//1221 713//713 1642//1641
f 1643//1642 1179//1178 1178//1177
f 1644//1643 1180//1179 1179//1178
f 1645//1644 1181//1180 1180//1179
f 1646//1645 1182//1181 1181//1180
f 1647//1646 1183//1182 1182//1181
f 1648//1647 1184//1183 1183//1182
f 1649//1648 1185//1184 1184//1183
f 1650//1649 1186//1185 1185//1184
f 1651//1650 1187//1186 1186//1185
f 1652//1651 1188//1187 1187//1186
f 1653//1652 1189//1188 1188//1187
f 1654//1653 1190//1189 1189//1188
f 1655//1654 1191//1190 1190//1189
f 1656//1655 1192//1191 1191//1190
f 1657//1656 237//237 1192//1191
f 1658//1657 1644//1643 1643//1642
f 1659//1658 1645//1644 1644//1643
f 1660//1659 1646//1645 1645//1644
f 1661//1660 1647//1646 1646//1645
f 1662//1661 1648//1647 1647//1646
f 1663//1662 1649//1648 1648//1647
f 1664//1663 1650//1649 1649//1648
f 1665//1664 1651//1650 1650//1649
f 1666//1665 1652//1651 1651//1650
f 1667//1666 1653//1652 1652//1651
f 1668//1667 1654//1653 1653//1652
f 1669//1668 1655//1654 1654//1653
f 1670//1669 1656//1655 1655//1654
f 1671//1670 1657//1656 1656//1655
f 1672//1671 729//729 1657//1656
f 1673//1672 1659//1658 1658//1657
f 1674//1673 1660//1659 1659//1658
f 1675//1674 1661//1660 1660//1659
f 1676//1675 1662//1661 1661//1660
f 1677//1676 1663//1662 1662//1661
f 1678//1677 1664//1663 1663//1662
f 1679//1678 1665//1664 1664//1663
f 1680//1679 1666//1665 1665//1664
f 1681//1680 1667//1666 1666//1665
f 1682//1681 1668//1667 1667//1666
f 1683//1682 1669//1668 1668//1667
f 1684//1683 1670//1669 1669//1668
f 1685//1684 1671//1670 1670//1669
f 1686//1685 1672//1671 1671//1670
f 1687//1686 745//745 1672//1671
f 1688//1687 1674//1673 1673//1672
f 1689//1688 1675//1674 1674//1673
f 1690//1689 1676//1675 1675//1674
f 1691//1690 1677//1676 1676//1675
f 1692//1691 1678//1677 1677//1676
f 1693//1692 1679//1678 1678//1677
f 1694//1693 1680//1679 1679//1678
f 1695//1694 1681//1680 1680//1679
f 1696//1695 1682//1681 1681//1680
f 1697//1696 1683//1682 1682//1681
f 1698//1697 1684//1683 1683//1682
f 1699//1698 1685//1684 1684//1683
f 1700//1699 1686//1685 1685//1684
f 1701//1700 1687//1686 1686//1685
f 1702//1701 761//761 1687//1686
f 1703//1702 1689//1688 1688//1687
f 1704//1703 1690//1689 1689//1688
f 1705//1704 1691//1690 1690//1689
f 1706//1705 1692//1691 1691//1690
f 1707//1706 1693//1692 1692//1691
f 1708//1707 1694//1693 1693//1692
f 1709//1708 1695//1694 1694//1693
f 1710//1709 1696//1695 1695//1694
f 1711//1710 1697//1696 1696//1695
f 1712//1711 1698//1697 1697//1696
f 1713//1712 1699//1698 1698//1697
f 1714//1713 1700//1699 1699//1698
f 1715//1714 1701//1700 1700//1699
f 1716//1715 1702//1701 1701//1700
f 1717//1716 777//777 1702//1701
f 1718//1717 1704//1703 1703//1702
f 1719//1718 1705//1704 1704//1703
f 1720//1719 1706//1705 1705//1704
f 1721//1720 1707//1706 1706//1705
f 1722//1721 1708//1707 1707//1706
f 1723//1722 1709//1708 1708//1707
f 1724//1723 1710//1709 1709//1708
f 1725//1724 1711//1710 1710//1709
f 1726//1725 1712//1711 1711//1710
f 1727//1726 1713//1712 1712//1711
f 1728//1727 1714//1713 1713//1712
f 1729//1728 1715//1714 1714//1713
f 1730//1729 1716//1715 1715//1714
f 1731//1730 1717//1716 1716//1715
f 1732//1731 793//793 1717//1716
f 1733//1732 1719//1718 1718//1717
f 1734//1733 1720//1719 1719//1718
f 1735//1734 1721//1720 1720//1719
f 1736//1735 1722//1721 1721//1720
f 1737//1736 1723//1722 1722//1721
f 1738//1737 1724//1723 1723//1722
f 1739//1738 1725//1724 1724//1723
f 1740//1739 1726//1725 1725//1724
f 1741//1740 1727//1726 1726//1725
f 1742//1741 1728//1727 1727//1726
f 1743//1742 1729//1728 1728//1727
f 1744//1743 1730//1729 1729//1728
f 1745//1744 1731//1730 1730//1729
f 1746//1745 1732//1731 1731//1730
f 1747//1746 809//809 1732//1731
f 1748//1747 1734//1733 1733//1732
f 1749//1748 1735//1734 1734//1733
f 1750//1749 1736//1735 1735//1734
f 1751//1750 1737//1736 1736//1735
f 1752//1751 1738//1737 1737//1736
f 1753//1752 1739//1738 1738//1737
f 1754//1753 1740//1739 1739//1738
f 1755//1754 1741//1740 1740//1739
f 1756//1755 1742//1741 1741//1740
f 1757//1756 1743//1742 1742//1741
f 1758//1757 1744//1743 1743//1742
f 1759//1758 1745//1744 1744//1743
f 1760//1759 1746//1745 1745//1744
f 1761//1760 1747//1746 1746//1745
f 1762//1761 825//825 1747//1746
f 1763//1762 1749//1748 1748//1747
f 1764//1763 1750//1749 1749//1748
f 1765//1764 1751//1750 1750//1749
f 1766//1765 1752//1751 1751//1750
f 1767//1766 1753//1752 1752//1751
f 1768//1767 1754//1753 1753//1752
f 1769//1768 1755//1754 1754//1753
f 1770//1769 1756//1755 1755//1754
f 1771//1770 1757//1756 1756//1755
f 1772//1771 1758//1757 1757//1756
f 1773//1772 1759//1758 1758//1757
f 1774//1773 1760//1759 1759//1758
f 1775//1774 1761//1760 1760//1759
f 1776//1775 1762//1761 1761//1760
f 1777//1776 841//841 1762//1761
f 1778//1777 1764//1763 1763//1762
f 1779//1778 1765//1764 1764//1763
f 1780//1779 1766//1765 1765//1764
f 1781//1780 1767//1766 1766//1765
f 1782//1781 1768//1767 1767//1766
f 1783//1782 1769//1768 1768//1767
f 1784//1783 1770//1769 1769//1768
f 1785//1784 1771//1770 1770//1769
f 1786//1785 1772//1771 1771//1770
f 1787//1786 1773//1772 1772//1771
f 1788//1787 1774//1773 1773//1772
f 1789//1788 1775//1774 1774//1773
f 1790//1789 1776//1775 1775//1774
f 1791//1790 1777//1776 1776//1775
f 1792//1791 857//857 1777//1776
f 1793//1792 1779//1778 1778//1777
f 1794//1793 1780//1779 1779//1778
f 1795//1794 1781//1780 1780//1779
f 1796//1795 1782//1781 1781//1780
f 1797//1796 1783//1782 1782//1781
f 1798//1797 1784//1783 1783//1782
f 1799//1798 1785//1784 1784//1783
f 1800//1799 1786//1785 1785//1784
f 1801//1800 1787//1786 1786//1785
f 1802//1801 1788//1787 1787//1786
f 1803//1802 1789//1788 1788//1787
f 1804//1803 1790//1789 1789//1788
f 1805//1804 1791//1790 1790//1789
f 1806//1805 1792//1791 1791//1790
f 1807//1806 873//873 1792//1791
f 1808//1807 1794//1793 1793//1792
f 1809//1808 1795//1794 1794//1793
f 1810//1809 1796//1795 1795//1794
f 1811//1810 1797//1796 1796//1795
f 1812//1811 1798//1797 1797//1796
f 1813//1812 1799//1798 1798//1797
f 1814//1813 1800//1799 1799//1798
f 1815//1814 1801//1800 1800//1799
f 1816//1815 1802//1801 1801//1800
f 1817//1816 1803//1802 1802//1801
f 1818//1817 1804//1803 1803//1802
f 1819//1818 1805//1804 1804//1803
f 1820//1819 1806//1805 1805//1804
f 1821//1820 1807//1806 1806//1805
f 1822//1821 889//889 1807//1806
f 1823//1822 1809//1808 1808//1807
f 1824//1823 1810//1809 1809//1808
f 1825//1824 1811//1810 1810//1809
f 1826//1825 1812//1811 1811//1810
f 1827//1826 1813//1812 1812//1811
f 1828//1827 1814//1813 1813//1812
f 1829//1828 1815//1814 1814//1813
f 1830//1829 1816//1815 1815//1814
f 1832//1831 1816//1815 1831//1830
f 1833//1832 1817//1816 1832//1831
f 1834//1833 1818//1817 1833//1832
f 1835//1834 1819//1818 1834//1833
f 1836//1835 1820//1819 1835//1834
f 1837//1836 1821//1820 1836//1835
f 921//921 1822//1821 1837//1836
f 1838//1837 1824//1823 1823//1822
f 1839//1838 1825//1824 1824//1823
f 1840//1839 1826//1825 1825//1824
f 1841//1840 1827//1826 1826//1825
f 1843//1842 1827//1826 1842//1841
f 1844//1843 1828//1827 1843//1842
f 1845//1844 1829//1828 1844//1843
f 1846//1845 1830//1829 1845//1844
f 1847//1846 1831//1830 1846//1845
f 1848//1847 1832//1831 1847//1846
f 1849//1848 1833//1832 1848//1847
f 1850//1849 1834//1833 1849//1848
f 1851//1850 1835//1834 1850//1849
f 1852//1851 1836//1835 1851//1850
f 937//937 1837//1836 1852//1851
f 1421//1420 1839//1838 1838//1837
f 1420//1419 1840//1839 1839//1838
f 1423//1422 1841//1840 1840//1839
f 1427//1426 1841//1840 1425//1424
f 1429//1428 1842//1841 1427//1426
f 1431//1430 1843//1842 1429//1428
f 1433//1432 1844//1843 1431//1430
f 1435//1434 1845//1844 1433//1432
f 1437//1436 1846//1845 1435//1434
f 1439//1438 1847//1846 1437//1436
f 1441//1440 1848//1847 1439//1438
f 1443//1442 1849//1848 1441//1440
f 1445//1444 1850//1849 1443//1442
f 1447//1446 1851//1850 1445//1444
f 496//496 1852//1851 1447//1446
f 1853//1852 1855//1854 1856//1855
f 1854//1853 1858//1857 1855//1854
f 1857//1856 1860//1859 1858//1857
f 1859//1858 1862//1861 1860//1859
f 1861//1860 1864//1863 1862//1861
f 1863//1862 1866//1865 1864//1863
f 1865//1864 1868//1867 1866//1865
f 1867//1866 1870//1869 1868//1867
f 1869//1868 1872//1871 1870//1869
f 1871//1870 1874//1873 1872//1871
f 1873//1872 1876//1875 1874//1873
f 1875//1874 1878//1877 1876//1875
f 1877//1876 1880//1879 1878//1877
f 1879//1878 1882//1881 1880//1879
f 1881//1880 956//956 1882//1881
f 1883//1882 1854//1853 1853//1852
f 1884//1883 1857//1856 1854//1853
f 1885//1884 1859//1858 1857//1856
f 1886//1885 1861//1860 1859//1858
f 1887//1886 1863//1862 1861//1860
f 1888//1887 1865//1864 1863//1862
f 1889//1888 1867//1866 1865//1864
f 1890//1889 1869//1868 1867//1866
f 1891//1890 1871//1870 1869//1868
f 1892//1891 1873//1872 1871//1870
f 1893//1892 1875//1874 1873//1872
f 1894//1893 1877//1876 1875//1874
f 1895//1894 1879//1878 1877//1876
f 1896//1895 1881//1880 1879//1878
f 1897//1896 953//953 1881//1880
f 1898//1897 1884//1883 1883//1882
f 1899//1898 1885//1884 1884//1883
f 1900//1899 1886//1885 1885//1884
f 1901//1900 1887//1886 1886//1885
f 1902//1901 1888//1887 1887//1886
f 1903//1902 1889//1888 1888//1887
f 1904//1903 1890//1889 1889//1888
f 1905//1904 1891//1890 1890//1889
f 1906//1905 1892//1891 1891//1890
f 1907//1906 1893//1892 1892//1891
f 1908//1907 1894//1893 1893//1892
f 1909//1908 1895//1894 1894//1893
f 1910//1909 1896//1895 1895//1894
f 1911//1910 1897//1896 1896//1895
f 1912//1911 983//983 1897//1896
f 1913//1912 1899//1898 1898//1897
f 1914//1913 1900//1899 1899//1898
f 1915//1914 1901//1900 1900//1899
f 1916//1915 1902//1901 1901//1900
f 1917//1916 1903//1902 1902//1901
f 1918//1917 1904//1903 1903//1902
f 1919//1918 1905//1904 1904//1903
f 1920//1919 1906//1905 1905//1904
f 1921//1920 1907//1906 1906//1905
f 1922//1921 1908//1907 1907//1906
f 1923//1922 1909//1908 1908//1907
f 1924//1923 1910//1909 1909//1908
f 1925//1924 1911//1910 1910//1909
f 1926//1925 1912//1911 1911//1910
f 1927//1926 998//998 1912//1911
f 1928//1927 1914//1913 1913//1912
f 1929//1928 1915//1914 1914//1913
f 1930//1929 1916//1915 1915//1914
f 1931//1930 1917//1916 1916//1915
f 1932//1931 1918//1917 1917//1916
f 1933//1932 1919//1918 1918//1917
f 1934//1933 1920//1919 1919//1918
f 1935//1934 1921//1920 1920//1919
f 1936//1935 1922//1921 1921//1920
f 1937//1936 1923//1922 1922//1921
f 1938//1937 1924//1923 1923//1922
f 1939//1938 1925//1924 1924//1923
f 1940//1939 1926//1925 1925//1924
f 1941//1940 1927//1926 1926//1925
f 1942//1941 1013//1013 1927//1926
f 1943//1942 1929//1928 1928//1927
f 1944//1943 1930//1929 1929//1928
f 1945//1944 1931//1930 1930//1929
f 1946//1945 1932//1931 1931//1930
f 1947//1946 1933//1932 1932//1931
f 1948//1947 1934//1933 1933//1932
f 1949//1948 1935//1934 1934//1933
f 1950//1949 1936//1935 1935//1934
f 1951//1950 1937//1936 1936//1935
f 1952//1951 1938//1937 1937//1936
f 1953//1952 1939//1938 1938//1937
f 1954//1953 1940//1939 1939//1938
f 1955//1954 1941//1940 1940//1939
f 1956//1955 1942//1941 1941//1940
f 1957//1956 1028//1028 1942//1941
f 1958//1957 1944//1943 1943//1942
f 1959//1958 1945//1944 1944//1943
f 1960//1959 1946//1945 1945//1944
f 1961//1960 1947//1946 1946//1945
f 1962//1961 1948//1947 1947//1946
f 1963//1962 1949//1948 1948//1947
f 1964//1963 1950//1949 1949//1948
f 1965//1964 1951//1950 1950//1949
f 1966//1965 1952//1951 1951//1950
f 1967//1966 1953//1952 1952//1951
f 1968//1967 1954//1953 1953//1952
f 1969//1968 1955//1954 1954//1953
f 1970//1969 1956//1955 1955//1954
f 1971//1970 1957//1956 1956//1955
f 1972//1971 1043//1043 1957//1956
f 1974//1973 1958//1957 1973//1972
f 1975//1974 1959//1958 1974//1973
f 1976//1975 1960//1959 1975//1974
f 1977//1976 1961//1960 1976//1975
f 1978//1977 1962//1961 1977//1976
f 1978//1977 1964//1963 1963//1962
f 1980//1979 1964//1963 1979//1978
f 1981//1980 1965//1964 1980//1979
f 1982//1981 1966//1965 1981//1980
f 1983//1982 1967//1966 1982//1981
f 1984//1983 1968//1967 1983//1982
f 1985//1984 1969//1968 1984//1983
f 1986//1985 1970//1969 1985//1984
f 1987//1986 1971//1970 1986//1985
f 1987//1986 1058//1058 1972//1971
f 1989//1988 1973//1972 1988//1987
f 1990//1989 1974//1973 1989//1988
f 1991//1990 1975//1974 1990//1989
f 1992//1991 1976//1975 1991//1990
f 1993//1992 1977//1976 1992//1991
f 1994//1993 1978//1977 1993//1992
f 1995//1994 1979//1978 1994//1993
f 1996//1995 1980//1979 1995//1994
f 1997//1996 1981//1980 1996//1995
f 1998//1997 1982//1981 1997//1996
f 1999//1998 1983//1982 1998//1997
f 2000//1999 1984//1983 1999//1998
f 2001//2000 1985//1984 2000//1999
f 2002//2001 1986//1985 2001//2000
f 1088//1087 1987//1986 2002//2001
f 2004//2003 1988//1987 2003//2002
f 2005//2004 1989//1988 2004//2003
f 2006//2005 1990//1989 2005//2004
f 2007//2006 1991//1990 2006//2005
f 2008//2007 1992//1991 2007//2006
f 2009//2008 1993//1992 2008//2007
f 2010//2009 1994//1993 2009//2008
f 2011//2010 1995//1994 2010//2009
f 2012//2011 1996//1995 2011//2010
f 2013//2012 1997//1996 2012//2011
f 2014//2013 1998//1997 2013//2012
f 2015//2014 1999//1998 2014//2013
f 2016//2015 2000//1999 2015//2014
f 2017//2016 2001//2000 2016//2015
f 1103//1102 2002//2001 2017//2016
f 2019//2018 2003//2002 2018//2017
f 2020//2019 2004//2003 2019//2018
f 2021//2020 2005//2004 2020//2019
f 2022//2021 2006//2005 2021//2020
f 2023//2022 2007//2006 2022//2021
f 2024//2023 2008//2007 2023//2022
f 2025//2024 2009//2008 2024//2023
f 2026//2025 2010//2009 2025//2024
f 2027//2026 2011//2010 2026//2025
f 2028//2027 2012//2011 2027//2026
f 2029//2028 2013//2012 2028//2027
f 2030//2029 2014//2013 2029//2028
f 2031//2030 2015//2014 2030//2029
f 2032//2031 2016//2015 2031//2030
f 1118//1117 2017//2016 2032//2031
f 2034//2033 2018//2017 2033//2032
f 2035//2034 2019//2018 2034//2033
f 2036//2035 2020//2019 2035//2034
f 2037//2036 2021//2020 2036//2035
f 2038//2037 2022//2021 2037//2036
f 2039//2038 2023//2022 2038//2037
f 2040//2039 2024//2023 2039//2038
f 2041//2040 2025//2024 2040//2039
f 2042//2041 2026//2025 2041//2040
f 2043//2042 2027//2026 2042//2041
f 2044//2043 2028//2027 2043//2042
f 2045//2044 2029//2028 2044//2043
f 2046//2045 2030//2029 2045//2044
f 2047//2046 2031//2030 2046//2045
f 1133//1132 2032//2031 2047//2046
f 2049//2048 2033//2032 2048//2047
f 2050//2049 2034//2033 2049//2048
f 2051//2050 2035//2034 2050//2049
f 2052//2051 2036//2035 2051//2050
f 2053//2052 2037//2036 2052//2051
f 2054//2053 2038//2037 2053//2052
f 2055//2054 2039//2038 2054//2053
f 2056//2055 2040//2039 2055//2054
f 2057//2056 2041//2040 2056//2055
f 2058//2057 2042//2041 2057//2056
f 2059//2058 2043//2042 2058//2057
f 2060//2059 2044//2043 2059//2058
f 2061//2060 2045//2044 2060//2059
f 2062//2061 2046//2045 2061//2060
f 1148//1147 2047//2046 2062//2061
f 2064//2063 2048//2047 2063//2062
f 2065//2064 2049//2048 2064//2063
f 2066//2065 2050//2049 2065//2064
f 2067//2066 2051//2050 2066//2065
f 2068//2067 2052//2051 2067//2066
f 2069//2068 2053//2052 2068//2067
f 2070//2069 2054//2053 2069//2068
f 2071//2070 2055//2054 2070//2069
f 2072//2071 2056//2055 2071//2070
f 2073//2072 2057//2056 2072//2071
f 2074//2073 2058//2057 2073//2072
f 2075//2074 2059//2058 2074//2073
f 2076//2075 2060//2059 2075//2074
f 2077//2076 2061//2060 2076//2075
f 1163//1162 2062//2061 2077//2076
f 2079//2078 2063//2062 2078//2077
f 2080//2079 2064//2063 2079//2078
f 2081//2080 2065//2064 2080//2079
f 2082//2081 2066//2065 2081//2080
f 2083//2082 2067//2066 2082//2081
f 2084//2083 2068//2067 2083//2082
f 2085//2084 2069//2068 2084//2083
f 2086//2085 2070//2069 2085//2084
f 2087//2086 2071//2070 2086//2085
f 2088//2087 2072//2071 2087//2086
f 2089//2088 2073//2072 2088//2087
f 2090//2089 2074//2073 2089//2088
f 2091//2090 2075//2074 2090//2089
f 2092//2091 2076//2075 2091//2090
f 1178//1177 2077//2076 2092//2091
f 2094//2093 2096//2095 2093//2092
f 2097//2096 2095//2094 2094//2093
f 2099//2098 2098//2097 2097//2096
f 2101//2100 2100//2099 2099//2098
f 2103//2102 2102//2101 2101//2100
f 2105//2104 2104//2103 2103//2102
f 2107//2106 2106//2105 2105//2104
f 2109//2108 2108//2107 2107//2106
f 2111//2110 2110//2109 2109//2108
f 2113//2112 2112//2111 2111//2110
f 2115//2114 2114//2113 2113//2112
f 2117//2116 2116//2115 2115//2114
f 2119//2118 2118//2117 2117//2116
f 2121//2120 2120//2119 2119//2118
f 1193//1192 2122//2121 2121//2120
f 2123//2122 2094//2093 2093//2092
f 2125//2124 2094//2093 2124//2123
f 2126//2125 2097//2096 2125//2124
f 2127//2126 2099//2098 2126//2125
f 2128//2127 2101//2100 2127//2126
f 2129//2128 2103//2102 2128//2127
f 2130//2129 2105//2104 2129//2128
f 2131//2130 2107//2106 2130//2129
f 2132//2131 2109//2108 2131//2130
f 2133//2132 2111//2110 2132//2131
f 2134//2133 2113//2112 2133//2132
f 2135//2134 2115//2114 2134//2133
f 2136//2135 2117//2116 2135//2134
f 2137//2136 2119//2118 2136//2135
f 1223//1222 2121//2120 2137//2136
f 2138//2137 2124//2123 2123//2122
f 2139//2138 2125//2124 2124//2123
f 2140//2139 2126//2125 2125//2124
f 2141//2140 2127//2126 2126//2125
f 2142//2141 2128//2127 2127//2126
f 2143//2142 2129//2128 2128//2127
f 2144//2143 2130//2129 2129//2128
f 2145//2144 2131//2130 2130//2129
f 2146//2145 2132//2131 2131//2130
f 2148//2147 2132//2131 2147//2146
f 2149//2148 2133//2132 2148//2147
f 2150//2149 2134//2133 2149//2148
f 2151//2150 2135//2134 2150//2149
f 2152//2151 2136//2135 2151//2150
f 1238//1237 2137//2136 2152//2151
f 2153//2152 2139//2138 2138//2137
f 2154//2153 2140//2139 2139//2138
f 2155//2154 2141//2140 2140//2139
f 2156//2155 2142//2141 2141//2140
f 2157//2156 2143//2142 2142//2141
f 2158//2157 2144//2143 2143//2142
f 2159//2158 2145//2144 2144//2143
f 2160//2159 2146//2145 2145//2144
f 2161//2160 2147//2146 2146//2145
f 2162//2161 2148//2147 2147//2146
f 2164//2163 2148//2147 2163//2162
f 2165//2164 2149//2148 2164//2163
f 2166//2165 2150//2149 2165//2164
f 2167//2166 2151//2150 2166//2165
f 1253//1252 2152//2151 2167//2166
f 2168//2167 2154//2153 2153//2152
f 2169//2168 2155//2154 2154//2153
f 2170//2169 2156//2155 2155//2154
f 2171//2170 2157//2156 2156//2155
f 2172//2171 2158//2157 2157//2156
f 2173//2172 2159//2158 2158//2157
f 2174//2173 2160//2159 2159//2158
f 2175//2174 2161//2160 2160//2159
f 2176//2175 2162//2161 2161//2160
f 2177//2176 2163//2162 2162//2161
f 2178//2177 2164//2163 2163//2162
f 2180//2179 2164//2163 2179//2178
f 2181//2180 2165//2164 2180//2179
f 2182//2181 2166//2165 2181//2180
f 1268//1267 2167//2166 2182//2181
f 2183//2182 2169//2168 2168//2167
f 2184//2183 2170//2169 2169//2168
f 2185//2184 2171//2170 2170//2169
f 2186//2185 2172//2171 2171//2170
f 2187//2186 2173//2172 2172//2171
f 2188//2187 2174//2173 2173//2172
f 2189//2188 2175//2174 2174//2173
f 2190//2189 2176//2175 2175//2174
f 2191//2190 2177//2176 2176//2175
f 2192//2191 2178//2177 2177//2176
f 2193//2192 2179//2178 2178//2177
f 2195//2194 2179//2178 2194//2193
f 2196//2195 2180//2179 2195//2194
f 2197//2196 2181//2180 2196//2195
f 1283//1282 2182//2181 2197//2196
f 2198//2197 2184//2183 2183//2182
f 2199//2198 2185//2184 2184//2183
f 2200//2199 2186//2185 2185//2184
f 2201//2200 2187//2186 2186//2185
f 2202//2201 2188//2187 2187//2186
f 2203//2202 2189//2188 2188//2187
f 2204//2203 2190//2189 2189//2188
f 2205//2204 2191//2190 2190//2189
f 2206//2205 2192//2191 2191//2190
f 2207//2206 2193//2192 2192//2191
f 2208//2207 2194//2193 2193//2192
f 2210//2209 2194//2193 2209//2208
f 2211//2210 2195//2194 2210//2209
f 2212//2211 2196//2195 2211//2210
f 1298//1297 2197//2196 2212//2211
f 2213//2212 2199//2198 2198//2197
f 2214//2213 2200//2199 2199//2198
f 2215//2214 2201//2200 2200//2199
f 2216//2215 2202//2201 2201//2200
f 2217//2216 2203//2202 2202//2201
f 2218//2217 2204//2203 2203//2202
f 2219//2218 2205//2204 2204//2203
f 2220//2219 2206//2205 2205//2204
f 2221//2220 2207//2206 2206//2205
f 2222//2221 2208//2207 2207//2206
f 2223//2222 2209//2208 2208//2207
f 2225//2224 2209//2208 2224//2223
f 2226//2225 2210//2209 2225//2224
f 2227//2226 2211//2210 2226//2225
f 1313//1312 2212//2211 2227//2226
f 2228//2227 2214//2213 2213//2212
f 2229//2228 2215//2214 2214//2213
f 2230//2229 2216//2215 2215//2214
f 2231//2230 2217//2216 2216//2215
f 2232//2231 2218//2217 2217//2216
f 2233//2232 2219//2218 2218//2217
f 2234//2233 2220//2219 2219//2218
f 2235//2234 2221//2220 2220//2219
f 2236//2235 2222//2221 2221//2220
f 2237//2236 2223//2222 2222//2221
f 2238//2237 2224//2223 2223//2222
f 2240//2239 2224//2223 2239//2238
f 2241//2240 2225//2224 2240//2239
f 2242//2241 2226//2225 2241//2240
f 1328//1327 2227//2226 2242//2241
f 2243//2242 2229//2228 2228//2227
f 2244//2243 2230//2229 2229//2228
f 2245//2244 2231//2230 2230//2229
f 2246//2245 2232//2231 2231//2230
f 2247//2246 2233//2232 2232//2231
f 2248//2247 2234//2233 2233//2232
f 2249//2248 2235//2234 2234//2233
f 2250//2249 2236//2235 2235//2234
f 2251//2250 2237//2236 2236//2235
f 2252//2251 2238//2237 2237//2236
f 2253//2252 2239//2238 2238//2237
f 2255//2254 2239//2238 2254//2253
f 2256//2255 2240//2239 2255//2254
f 2257//2256 2241//2240 2256//2255
f 1343//1342 2242//2241 2257//2256
f 2258//2257 2244//2243 2243//2242
f 2259//2258 2245//2244 2244//2243
f 2260//2259 2246//2245 2245//2244
f 2261//2260 2247//2246 2246//2245
f 2262//2261 2248//2247 2247//2246
f 2263//2262 2249//2248 2248//2247
f 2264//2263 2250//2249 2249//2248
f 2265//2264 2251//2250 2250//2249
f 2266//2265 2252//2251 2251//2250
f 2267//2266 2253//2252 2252//2251
f 2268//2267 2254//2253 2253//2252
f 2269//2268 2255//2254 2254//2253
f 2271//2270 2255//2254 2270//2269
f 2272//2271 2256//2255 2271//2270
f 1358//1357 2257//2256 2272//2271
f 2273//2272 2259//2258 2258//2257
f 2274//2273 2260//2259 2259//2258
f 2275//2274 2261//2260 2260//2259
f 2276//2275 2262//2261 2261//2260
f 2277//2276 2263//2262 2262//2261
f 2278//2277 2264//2263 2263//2262
f 2279//2278 2265//2264 2264//2263
f 2280//2279 2266//2265 2265//2264
f 2281//2280 2267//2266 2266//2265
f 2282//2281 2268//2267 2267//2266
f 2283//2282 2269//2268 2268//2267
f 2284//2283 2270//2269 2269//2268
f 2286//2285 2270//2269 2285//2284
f 2287//2286 2271//2270 2286//2285
f 1373//1372 2272//2271 2287//2286
f 2288//2287 2274//2273 2273//2272
f 2289//2288 2275//2274 2274//2273
f 2290//2289 2276//2275 2275//2274
f 2291//2290 2277//2276 2276//2275
f 2292//2291 2278//2277 2277//2276
f 2293//2292 2279//2278 2278//2277
f 2294//2293 2280//2279 2279//2278
f 2295//2294 2281//2280 2280//2279
f 2296//2295 2282//2281 2281//2280
f 2297//2296 2283//2282 2282//2281
f 2298//2297 2284//2283 2283//2282
f 2299//2298 2285//2284 2284//2283
f 2301//2300 2285//2284 2300//2299
f 2302//2301 2286//2285 2301//2300
f 1388//1387 2287//2286 2302//2301
f 2303//2302 2289//2288 2288//2287
f 2304//2303 2290//2289 2289//2288
f 2305//2304 2291//2290 2290//2289
f 2306//2305 2292//2291 2291//2290
f 2307//2306 2293//2292 2292//2291
f 2308//2307 2294//2293 2293//2292
f 2309//2308 2295//2294 2294//2293
f 2310//2309 2296//2295 2295//2294
f 2311//2310 2297//2296 2296//2295
f 2312//2311 2298//2297 2297//2296
f 2313//2312 2299//2298 2298//2297
f 2314//2313 2300//2299 2299//2298
f 2315//2314 2301//2300 2300//2299
f 2317//2316 2301//2300 2316//2315
f 1403//1402 2302//2301 2317//2316
f 1856//1855 2304//2303 2303//2302
f 1855//1854 2305//2304 2304//2303
f 1858//1857 2306//2305 2305//2304
f 1860//1859 2307//2306 2306//2305
f 1862//1861 2308//2307 2307//2306
f 1864//1863 2309//2308 2308//2307
f 1866//1865 2310//2309 2309//2308
f 1868//1867 2311//2310 2310//2309
f 1870//1869 2312//2311 2311//2310
f 1872//1871 2313//2312 2312//2311
f 1874//1873 2314//2313 2313//2312
f 1876//1875 2315//2314 2314//2313
f 1878//1877 2316//2315 2315//2314
f 1880//1879 2317//2316 2316//2315
f 956//956 2317//2316 1882//1881
f 2318//2317 2320//2319 2321//2320
f 2319//2318 2323//2322 2320//2319
f 2322//2321 2325//2324 2323//2322
f 2324//2323 2327//2326 2325//2324
f 2326//2325 2329//2328 2327//2326
f 2328//2327 2331//2330 2329//2328
f 2330//2329 2333//2332 2331//2330
f 2332//2331 2335//2334 2333//2332
f 2334//2333 2337//2336 2335//2334
f 2336//2335 2339//2338 2337//2336
f 2338//2337 2341//2340 2339//2338
f 2340//2339 2343//2342 2341//2340
f 2342//2341 2345//2344 2343//2342
f 2344//2343 2347//2346 2345//2344
f 2346//2345 1421//1420 2347//2346
f 2348//2347 2319//2318 2318//2317
f 2349//2348 2322//2321 2319//2318
f 2350//2349 2324//2323 2322//2321
f 2351//2350 2326//2325 2324//2323
f 2352//2351 2328//2327 2326//2325
f 2353//2352 2330//2329 2328//2327
f 2354//2353 2332//2331 2330//2329
f 2355//2354 2334//2333 2332//2331
f 2356//2355 2336//2335 2334//2333
f 2357//2356 2338//2337 2336//2335
f 2358//2357 2340//2339 2338//2337
f 2359//2358 2342//2341 2340//2339
f 2360//2359 2344//2343 2342//2341
f 2361//2360 2346//2345 2344//2343
f 2362//2361 1418//1417 2346//2345
f 2363//2362 2349//2348 2348//2347
f 2364//2363 2350//2349 2349//2348
f 2365//2364 2351//2350 2350//2349
f 2366//2365 2352//2351 2351//2350
f 2367//2366 2353//2352 2352//2351
f 2368//2367 2354//2353 2353//2352
f 2369//2368 2355//2354 2354//2353
f 2370//2369 2356//2355 2355//2354
f 2371//2370 2357//2356 2356//2355
f 2372//2371 2358//2357 2357//2356
f 2373//2372 2359//2358 2358//2357
f 2374//2373 2360//2359 2359//2358
f 2375//2374 2361//2360 2360//2359
f 2376//2375 2362//2361 2361//2360
f 2377//2376 1448//1447 2362//2361
f 2378//2377 2364//2363 2363//2362
f 2379//2378 2365//2364 2364//2363
f 2380//2379 2366//2365 2365//2364
f 2381//2380 2367//2366 2366//2365
f 2382//2381 2368//2367 2367//2366
f 2383//2382 2369//2368 2368//2367
f 2384//2383 2370//2369 2369//2368
f 2385//2384 2371//2370 2370//2369
f 2386//2385 2372//2371 2371//2370
f 2387//2386 2373//2372 2372//2371
f 2388//2387 2374//2373 2373//2372
f 2389//2388 2375//2374 2374//2373
f 2390//2389 2376//2375 2375//2374
f 2391//2390 2377//2376 2376//2375
f 2392//2391 1463//1462 2377//2376
f 2393//2392 2379//2378 2378//2377
f 2394//2393 2380//2379 2379//2378
f 2395//2394 2381//2380 2380//2379
f 2396//2395 2382//2381 2381//2380
f 2397//2396 2383//2382 2382//2381
f 2398//2397 2384//2383 2383//2382
f 2399//2398 2385//2384 2384//2383
f 2400//2399 2386//2385 2385//2384
f 2401//2400 2387//2386 2386//2385
f 2402//2401 2388//2387 2387//2386
f 2403//2402 2389//2388 2388//2387
f 2404//2403 2390//2389 2389//2388
f 2405//2404 2391//2390 2390//2389
f 2406//2405 2392//2391 2391//2390
f 2407//2406 1478//1477 2392//2391
f 2408//2407 2394//2393 2393//2392
f 2409//2408 2395//2394 2394//2393
f 2410//2409 2396//2395 2395//2394
f 2411//2410 2397//2396 2396//2395
f 2412//2411 2398//2397 2397//2396
f 2413//2412 2399//2398 2398//2397
f 2414//2413 2400//2399 2399//2398
f 2415//2414 2401//2400 2400//2399
f 2416//2415 2402//2401 2401//2400
f 2417//2416 2403//2402 2402//2401
f 2418//2417 2404//2403 2403//2402
f 2419//2418 2405//2404 2404//2403
f 2420//2419 2406//2405 2405//2404
f 2421//2420 2407//2406 2406//2405
f 2422//2421 1493//1492 2407//2406
f 2423//2422 2409//2408 2408//2407
f 2424//2423 2410//2409 2409//2408
f 2425//2424 2411//2410 2410//2409
f 2426//2425 2412//2411 2411//2410
f 2427//2426 2413//2412 2412//2411
f 2428//2427 2414//2413 2413//2412
f 2429//2428 2415//2414 2414//2413
f 2430//2429 2416//2415 2415//2414
f 2431//2430 2417//2416 2416//2415
f 2432//2431 2418//2417 2417//2416
f 2433//2432 2419//2418 2418//2417
f 2434//2433 2420//2419 2419//2418
f 2435//2434 2421//2420 2420//2419
f 2436//2435 2422//2421 2421//2420
f 2437//2436 1508//1507 2422//2421
f 2439//2438 2423//2422 2438//2437
f 2440//2439 2424//2423 2439//2438
f 2441//2440 2425//2424 2440//2439
f 2442//2441 2426//2425 2441//2440
f 2443//2442 2427//2426 2442//2441
f 2444//2443 2428//2427 2443//2442
f 2445//2444 2429//2428 2444//2443
f 2446//2445 2430//2429 2445//2444
f 2447//2446 2431//2430 2446//2445
f 2448//2447 2432//2431 2447//2446
f 2449//2448 2433//2432 2448//2447
f 2450//2449 2434//2433 2449//2448
f 2451//2450 2435//2434 2450//2449
f 2452//2451 2436//2435 2451//2450
f 1538//1537 2437//2436 2452//2451
f 2454//2453 2438//2437 2453//2452
f 2455//2454 2439//2438 2454//2453
f 2456//2455 2440//2439 2455//2454
f 2457//2456 2441//2440 2456//2455
f 2458//2457 2442//2441 2457//2456
f 2459//2458 2443//2442 2458//2457
f 2460//2459 2444//2443 2459//2458
f 2461//2460 2445//2444 2460//2459
f 2462//2461 2446//2445 2461//2460
f 2463//2462 2447//2446 2462//2461
f 2464//2463 2448//2447 2463//2462
f 2465//2464 2449//2448 2464//2463
f 2466//2465 2450//2449 2465//2464
f 2467//2466 2451//2450 2466//2465
f 1553//1552 2452//2451 2467//2466
f 2469//2468 2453//2452 2468//2467
f 2470//2469 2454//2453 2469//2468
f 2471//2470 2455//2454 2470//2469
f 2472//2471 2456//2455 2471//2470
f 2473//2472 2457//2456 2472//2471
f 2474//2473 2458//2457 2473//2472
f 2475//2474 2459//2458 2474//2473
f 2476//2475 2460//2459 2475//2474
f 2477//2476 2461//2460 2476//2475
f 2478//2477 2462//2461 2477//2476
f 2479//2478 2463//2462 2478//2477
f 2480//2479 2464//2463 2479//2478
f 2481//2480 2465//2464 2480//2479
f 2482//2481 2466//2465 2481//2480
f 1568//1567 2467//2466 2482//2481
f 2484//2483 2468//2467 2483//2482
f 2485//2484 2469//2468 2484//2483
f 2486//2485 2470//2469 2485//2484
f 2487//2486 2471//2470 2486//2485
f 2488//2487 2472//2471 2487//2486
f 2489//2488 2473//2472 2488//2487
f 2490//2489 2474//2473 2489//2488
f 2491//2490 2475//2474 2490//2489
f 2492//2491 2476//2475 2491//2490
f 2493//2492 2477//2476 2492//2491
f 2494//2493 2478//2477 2493//2492
f 2495//2494 2479//2478 2494//2493
f 2496//2495 2480//2479 2495//2494
f 2497//2496 2481//2480 2496//2495
f 1583//1582 2482//2481 2497//2496
f 2499//2498 2483//2482 2498//2497
f 2500//2499 2484//2483 2499//2498
f 2501//2500 2485//2484 2500//2499
f 2502//2501 2486//2485 2501//2500
f 2503//2502 2487//2486 2502//2501
f 2504//2503 2488//2487 2503//2502
f 2505//2504 2489//2488 2504//2503
f 2506//2505 2490//2489 2505//2504
f 2507//2506 2491//2490 2506//2505
f 2508//2507 2492//2491 2507//2506
f 2509//2508 2493//2492 2508//2507
f 2510//2509 2494//2493 2509//2508
f 2511//2510 2495//2494 2510//2509
f 2512//2511 2496//2495 2511//2510
f 1598//1597 2497//2496 2512//2511
f 2514//2513 2498//2497 2513//2512
f 2515//2514 2499//2498 2514//2513
f 2516//2515 2500//2499 2515//2514
f 2517//2516 2501//2500 2516//2515
f 2518//2517 2502//2501 2517//2516
f 2519//2518 2503//2502 2518//2517
f 2520//2519 2504//2503 2519//2518
f 2521//2520 2505//2504 2520//2519
f 2522//2521 2506//2505 2521//2520
f 2523//2522 2507//2506 2522//2521
f 2524//2523 2508//2507 2523//2522
f 2525//2524 2509//2508 2524//2523
f 2526//2525 2510//2509 2525//2524
f 2527//2526 2511//2510 2526//2525
f 1613//1612 2512//2511 2527//2526
f 2529//2528 2513//2512 2528//2527
f 2530//2529 2514//2513 2529//2528
f 2531//2530 2515//2514 2530//2529
f 2532//2531 2516//2515 2531//2530
f 2533//2532 2517//2516 2532//2531
f 2534//2533 2518//2517 2533//2532
f 2535//2534 2519//2518 2534//2533
f 2536//2535 2520//2519 2535//2534
f 2537//2536 2521//2520 2536//2535
f 2538//2537 2522//2521 2537//2536
f 2539//2538 2523//2522 2538//2537
f 2540//2539 2524//2523 2539//2538
f 2541//2540 2525//2524 2540//2539
f 2542//2541 2526//2525 2541//2540
f 1628//1627 2527//2526 2542//2541
f 2095//2094 2528//2527 2096//2095
f 2098//2097 2529//2528 2095//2094
f 2100//2099 2530//2529 2098//2097
f 2102//2101 2531//2530 2100//2099
f 2104//2103 2532//2531 2102//2101
f 2106//2105 2533//2532 2104//2103
f 2108//2107 2534//2533 2106//2105
f 2110//2109 2535//2534 2108//2107
f 2112//2111 2536//2535 2110//2109
f 2114//2113 2537//2536 2112//2111
f 2116//2115 2538//2537 2114//2113
f 2118//2117 2539//2538 2116//2115
f 2120//2119 2540//2539 2118//2117
f 2122//2121 2541//2540 2120//2119
f 1196//1195 2542//2541 2122//2121
f 2544//2543 2078//2077 2543//2542
f 2545//2544 2079//2078 2544//2543
f 2546//2545 2080//2079 2545//2544
f 2547//2546 2081//2080 2546//2545
f 2548//2547 2082//2081 2547//2546
f 2549//2548 2083//2082 2548//2547
f 2550//2549 2084//2083 2549//2548
f 2551//2550 2085//2084 2550//2549
f 2552//2551 2086//2085 2551//2550
f 2553//2552 2087//2086 2552//2551
f 2554//2553 2088//2087 2553//2552
f 2555//2554 2089//2088 2554//2553
f 2556//2555 2090//2089 2555//2554
f 2557//2556 2091//2090 2556//2555
f 2557//2556 1178//1177 2092//2091
f 2559//2558 2543//2542 2558//2557
f 2560//2559 2544//2543 2559//2558
f 2561//2560 2545//2544 2560//2559
f 2562//2561 2546//2545 2561//2560
f 2563//2562 2547//2546 2562//2561
f 2564//2563 2548//2547 2563//2562
f 2565//2564 2549//2548 2564//2563
f 2566//2565 2550//2549 2565//2564
f 2567//2566 2551//2550 2566//2565
f 2568//2567 2552//2551 2567//2566
f 2569//2568 2553//2552 2568//2567
f 2570//2569 2554//2553 2569//2568
f 2571//2570 2555//2554 2570//2569
f 2571//2570 2557//2556 2556//2555
f 2572//2571 1643//1642 2557//2556
f 2574//2573 2558//2557 2573//2572
f 2575//2574 2559//2558 2574//2573
f 2576//2575 2560//2559 2575//2574
f 2577//2576 2561//2560 2576//2575
f 2578//2577 2562//2561 2577//2576
f 2579//2578 2563//2562 2578//2577
f 2580//2579 2564//2563 2579//2578
f 2581//2580 2565//2564 2580//2579
f 2582//2581 2566//2565 2581//2580
f 2583//2582 2567//2566 2582//2581
f 2584//2583 2568//2567 2583//2582
f 2585//2584 2569//2568 2584//2583
f 2585//2584 2571//2570 2570//2569
f 2586//2585 2572//2571 2571//2570
f 2587//2586 1658//1657 2572//2571
f 2589//2588 2573//2572 2588//2587
f 2590//2589 2574//2573 2589//2588
f 2591//2590 2575//2574 2590//2589
f 2592//2591 2576//2575 2591//2590
f 2593//2592 2577//2576 2592//2591
f 2594//2593 2578//2577 2593//2592
f 2595//2594 2579//2578 2594//2593
f 2596//2595 2580//2579 2595//2594
f 2597//2596 2581//2580 2596//2595
f 2598//2597 2582//2581 2597//2596
f 2599//2598 2583//2582 2598//2597
f 2600//2599 2584//2583 2599//2598
f 2600//2599 2586//2585 2585//2584
f 2601//2600 2587//2586 2586//2585
f 2602//2601 1673//1672 2587//2586
f 2604//2603 2588//2587 2603//2602
f 2605//2604 2589//2588 2604//2603
f 2606//2605 2590//2589 2605//2604
f 2607//2606 2591//2590 2606//2605
f 2608//2607 2592//2591 2607//2606
f 2609//2608 2593//2592 2608//2607
f 2610//2609 2594//2593 2609//2608
f 2611//2610 2595//2594 2610//2609
f 2612//2611 2596//2595 2611//2610
f 2613//2612 2597//2596 2612//2611
f 2614//2613 2598//2597 2613//2612
f 2615//2614 2599//2598 2614//2613
f 2615//2614 2601//2600 2600//2599
f 2616//2615 2602//2601 2601//2600
f 2617//2616 1688//1687 2602//2601
f 2619//2618 2603//2602 2618//2617
f 2620//2619 2604//2603 2619//2618
f 2621//2620 2605//2604 2620//2619
f 2622//2621 2606//2605 2621//2620
f 2623//2622 2607//2606 2622//2621
f 2624//2623 2608//2607 2623//2622
f 2625//2624 2609//2608 2624//2623
f 2626//2625 2610//2609 2625//2624
f 2627//2626 2611//2610 2626//2625
f 2628//2627 2612//2611 2627//2626
f 2629//2628 2613//2612 2628//2627
f 2629//2628 2615//2614 2614//2613
f 2630//2629 2616//2615 2615//2614
f 2631//2630 2617//2616 2616//2615
f 2632//2631 1703//1702 2617//2616
f 2634//2633 2618//2617 2633//2632
f 2635//2634 2619//2618 2634//2633
f 2636//2635 2620//2619 2635//2634
f 2637//2636 2621//2620 2636//2635
f 2638//2637 2622//2621 2637//2636
f 2639//2638 2623//2622 2638//2637
f 2640//2639 2624//2623 2639//2638
f 2641//2640 2625//2624 2640//2639
f 2642//2641 2626//2625 2641//2640
f 2643//2642 2627//2626 2642//2641
f 2644//2643 2628//2627 2643//2642
f 2644//2643 2630//2629 2629//2628
f 2645//2644 2631//2630 2630//2629
f 2646//2645 2632//2631 2631//2630
f 2647//2646 1718//1717 2632//2631
f 2649//2648 2633//2632 2648//2647
f 2650//2649 2634//2633 2649//2648
f 2651//2650 2635//2634 2650//2649
f 2652//2651 2636//2635 2651//2650
f 2653//2652 2637//2636 2652//2651
f 2654//2653 2638//2637 2653//2652
f 2655//2654 2639//2638 2654//2653
f 2656//2655 2640//2639 2655//2654
f 2657//2656 2641//2640 2656//2655
f 2658//2657 2642//2641 2657//2656
f 2659//2658 2643//2642 2658//2657
f 2659//2658 2645//2644 2644//2643
f 2660//2659 2646//2645 2645//2644
f 2661//2660 2647//2646 2646//2645
f 2662//2661 1733//1732 2647//2646
f 2664//2663 2648//2647 2663//2662
f 2665//2664 2649//2648 2664//2663
f 2666//2665 2650//2649 2665//2664
f 2667//2666 2651//2650 2666//2665
f 2668//2667 2652//2651 2667//2666
f 2669//2668 2653//2652 2668//2667
f 2670//2669 2654//2653 2669//2668
f 2671//2670 2655//2654 2670//2669
f 2672//2671 2656//2655 2671//2670
f 2673//2672 2657//2656 2672//2671
f 2674//2673 2658//2657 2673//2672
f 2674//2673 2660//2659 2659//2658
f 2675//2674 2661//2660 2660//2659
f 2676//2675 2662//2661 2661//2660
f 2677//2676 1748//1747 2662//2661
f 2679//2678 2663//2662 2678//2677
f 2680//2679 2664//2663 2679//2678
f 2681//2680 2665//2664 2680//2679
f 2682//2681 2666//2665 2681//2680
f 2683//2682 2667//2666 2682//2681
f 2684//2683 2668//2667 2683//2682
f 2685//2684 2669//2668 2684//2683
f 2686//2685 2670//2669 2685//2684
f 2687//2686 2671//2670 2686//2685
f 2688//2687 2672//2671 2687//2686
f 2689//2688 2673//2672 2688//2687
f 2689//2688 2675//2674 2674//2673
f 2690//2689 2676//2675 2675//2674
f 2691//2690 2677//2676 2676//2675
f 2692//2691 1763//1762 2677//2676
f 2694//2693 2678//2677 2693//2692
f 2695//2694 2679//2678 2694//2693
f 2696//2695 2680//2679 2695//2694
f 2697//2696 2681//2680 2696//2695
f 2698//2697 2682//2681 2697//2696
f 2699//2698 2683//2682 2698//2697
f 2700//2699 2684//2683 2699//2698
f 2701//2700 2685//2684 2700//2699
f 2702//2701 2686//2685 2701//2700
f 2703//2702 2687//2686 2702//2701
f 2704//2703 2688//2687 2703//2702
f 2704//2703 2690//2689 2689//2688
f 2705//2704 2691//2690 2690//2689
f 2706//2705 2692//2691 2691//2690
f 2707//2706 1778//1777 2692//2691
f 2709//2708 2693//2692 2708//2707
f 2710//2709 2694//2693 2709//2708
f 2711//2710 2695//2694 2710//2709
f 2712//2711 2696//2695 2711//2710
f 2713//2712 2697//2696 2712//2711
f 2714//2713 2698//2697 2713//2712
f 2715//2714 2699//2698 2714//2713
f 2716//2715 2700//2699 2715//2714
f 2717//2716 2701//2700 2716//2715
f 2718//2717 2702//2701 2717//2716
f 2718//2717 2704//2703 2703//2702
f 2719//2718 2705//2704 2704//2703
f 2720//2719 2706//2705 2705//2704
f 2721//2720 2707//2706 2706//2705
f 2722//2721 1793//1792 2707//2706
f 2724//2723 2708//2707 2723//2722
f 2725//2724 2709//2708 2724//2723
f 2726//2725 2710//2709 2725//2724
f 2727//2726 2711//2710 2726//2725
f 2728//2727 2712//2711 2727//2726
f 2729//2728 2713//2712 2728//2727
f 2730//2729 2714//2713 2729//2728
f 2731//2730 2715//2714 2730//2729
f 2732//2731 2716//2715 2731//2730
f 2732//2731 2718//2717 2717//2716
f 2733//2732 2719//2718 2718//2717
f 2734//2733 2720//2719 2719//2718
f 2735//2734 2721//2720 2720//2719
f 2736//2735 2722//2721 2721//2720
f 2737//2736 1808//1807 2722//2721
f 2739//2738 2723//2722 2738//2737
f 2739//2738 2725//2724 2724//2723
f 2740//2739 2726//2725 2725//2724
f 2741//2740 2727//2726 2726//2725
f 2742//2741 2728//2727 2727//2726
f 2743//2742 2729//2728 2728//2727
f 2744//2743 2730//2729 2729//2728
f 2745//2744 2731//2730 2730//2729
f 2746//2745 2732//2731 2731//2730
f 2747//2746 2733//2732 2732//2731
f 2748//2747 2734//2733 2733//2732
f 2749//2748 2735//2734 2734//2733
f 2750//2749 2736//2735 2735//2734
f 2751//2750 2737//2736 2736//2735
f 2752//2751 1823//1822 2737//2736
f 2321//2320 2739//2738 2738//2737
f 2320//2319 2740//2739 2739//2738
f 2323//2322 2741//2740 2740//2739
f 2325//2324 2742//2741 2741//2740
f 2327//2326 2743//2742 2742//2741
f 2329//2328 2744//2743 2743//2742
f 2331//2330 2745//2744 2744//2743
f 2333//2332 2746//2745 2745//2744
f 2335//2334 2747//2746 2746//2745
f 2337//2336 2748//2747 2747//2746
f 2339//2338 2749//2748 2748//2747
f 2341//2340 2750//2749 2749//2748
f 2343//2342 2751//2750 2750//2749
f 2345//2344 2752//2751 2751//2750
f 2347//2346 1838//1837 2752//2751
f 2809//2808 2753//2752 2754//2753
f 2755//2754 2754//2753 2753//2752
f 2757//2756 2756//2755 2755//2754
f 2759//2758 2758//2757 2757//2756
f 2761//2760 2760//2759 2759//2758
f 2763//2762 2762//2761 2761//2760
f 2765//2764 2764//2763 2763//2762
f 2767//2766 2766//2765 2765//2764
f 2769//2768 2768//2767 2767//2766
f 2771//2770 2770//2769 2769//2768
f 2771//2770 2774//2773 2772//2771
f 2773//2772 2776//2775 2774//2773
f 2775//2774 2778//2777 2776//2775
f 2777//2776 2780//2779 2778//2777
f 2779//2778 1856//1855 2780//2779
f 2809//2808 2781//2780 2753//2752
f 2782//2781 2753//2752 2781//2780
f 2783//2782 2755//2754 2782//2781
f 2784//2783 2757//2756 2783//2782
f 2785//2784 2759//2758 2784//2783
f 2786//2785 2761//2760 2785//2784
f 2787//2786 2763//2762 2786//2785
f 2788//2787 2765//2764 2787//2786
f 2789//2788 2767//2766 2788//2787
f 2790//2789 2769//2768 2789//2788
f 2791//2790 2771//2770 2790//2789
f 2791//2790 2775//2774 2773//2772
f 2792//2791 2777//2776 2775//2774
f 2793//2792 2779//2778 2777//2776
f 2794//2793 1853//1852 2779//2778
f 2809//2808 2795//2794 2781//2780
f 2796//2795 2781//2780 2795//2794
f 2797//2796 2782//2781 2796//2795
f 2798//2797 2783//2782 2797//2796
f 2799//2798 2784//2783 2798//2797
f 2800//2799 2785//2784 2799//2798
f 2801//2800 2786//2785 2800//2799
f 2802//2801 2787//2786 2801//2800
f 2803//2802 2788//2787 2802//2801
f 2804//2803 2789//2788 2803//2802
f 2805//2804 2790//2789 2804//2803
f 2805//2804 2792//2791 2791//2790
f 2806//2805 2793//2792 2792//2791
f 2807//2806 2794//2793 2793//2792
f 2808//2807 1883//1882 2794//2793
f 2809//2808 2810//2809 2795//2794
f 2811//2810 2795//2794 2810//2809
f 2812//2811 2796//2795 2811//2810
f 2813//2812 2797//2796 2812//2811
f 2814//2813 2798//2797 2813//2812
f 2815//2814 2799//2798 2814//2813
f 2816//2815 2800//2799 2815//2814
f 2817//2816 2801//2800 2816//2815
f 2818//2817 2802//2801 2817//2816
f 2819//2818 2803//2802 2818//2817
f 2820//2819 2804//2803 2819//2818
f 2820//2819 2806//2805 2805//2804
f 2821//2820 2807//2806 2806//2805
f 2822//2821 2808//2807 2807//2806
f 2823//2822 1898//1897 2808//2807
f 2809//2808 2824//2823 2810//2809
f 2825//2824 2810//2809 2824//2823
f 2826//2825 2811//2810 2825//2824
f 2827//2826 2812//2811 2826//2825
f 2828//2827 2813//2812 2827//2826
f 2829//2828 2814//2813 2828//2827
f 2830//2829 2815//2814 2829//2828
f 2831//2830 2816//2815 2830//2829
f 2832//2831 2817//2816 2831//2830
f 2833//2832 2818//2817 2832//2831
f 2834//2833 2819//2818 2833//2832
f 2834//2833 2821//2820 2820//2819
f 2835//2834 2822//2821 2821//2820
f 2836//2835 2823//2822 2822//2821
f 2837//2836 1913//1912 2823//2822
f 2809//2808 2838//2837 2824//2823
f 2839//2838 2824//2823 2838//2837
f 2840//2839 2825//2824 2839//2838
f 2841//2840 2826//2825 2840//2839
f 2842//2841 2827//2826 2841//2840
f 2843//2842 2828//2827 2842//2841
f 2844//2843 2829//2828 2843//2842
f 2845//2844 2830//2829 2844//2843
f 2846//2845 2831//2830 2845//2844
f 2847//2846 2832//2831 2846//2845
f 2848//2847 2833//2832 2847//2846
f 2848//2847 2835//2834 2834//2833
f 2849//2848 2836//2835 2835//2834
f 2850//2849 2837//2836 2836//2835
f 2851//2850 1928//1927 2837//2836
f 2809//2808 2852//2851 2838//2837
f 2853//2852 2838//2837 2852//2851
f 2854//2853 2839//2838 2853//2852
f 2855//2854 2840//2839 2854//2853
f 2856//2855 2841//2840 2855//2854
f 2857//2856 2842//2841 2856//2855
f 2858//2857 2843//2842 2857//2856
f 2859//2858 2844//2843 2858//2857
f 2860//2859 2845//2844 2859//2858
f 2861//2860 2846//2845 2860//2859
f 2862//2861 2847//2846 2861//2860
f 2862//2861 2849//2848 2848//2847
f 2863//2862 2850//2849 2849//2848
f 2864//2863 2851//2850 2850//2849
f 2865//2864 1943//1942 2851//2850
f 2809//2808 2866//2865 2852//2851
f 2866//2865 2853//2852 2852//2851
f 2867//2866 2854//2853 2853//2852
f 2868//2867 2855//2854 2854//2853
f 2869//2868 2856//2855 2855//2854
f 2870//2869 2857//2856 2856//2855
f 2871//2870 2858//2857 2857//2856
f 2872//2871 2859//2858 2858//2857
f 2873//2872 2860//2859 2859//2858
f 2874//2873 2861//2860 2860//2859
f 2875//2874 2862//2861 2861//2860
f 2876//2875 2863//2862 2862//2861
f 2877//2876 2864//2863 2863//2862
f 2878//2877 2865//2864 2864//2863
f 2879//2878 1958//1957 2865//2864
f 2809//2808 2880//2879 2866//2865
f 2880//2879 2867//2866 2866//2865
f 2881//2880 2868//2867 2867//2866
f 2882//2881 2869//2868 2868//2867
f 2883//2882 2870//2869 2869//2868
f 2884//2883 2871//2870 2870//2869
f 2885//2884 2872//2871 2871//2870
f 2886//2885 2873//2872 2872//2871
f 2887//2886 2874//2873 2873//2872
f 2888//2887 2875//2874 2874//2873
f 2889//2888 2876//2875 2875//2874
f 2891//2890 2876//2875 2890//2889
f 2892//2891 2877//2876 2891//2890
f 2893//2892 2878//2877 2892//2891
f 1988//1987 2879//2878 2893//2892
f 2809//2808 2894//2893 2880//2879
f 2894//2893 2881//2880 2880//2879
f 2895//2894 2882//2881 2881//2880
f 2896//2895 2883//2882 2882//2881
f 2897//2896 2884//2883 2883//2882
f 2898//2897 2885//2884 2884//2883
f 2899//2898 2886//2885 2885//2884
f 2900//2899 2887//2886 2886//2885
f 2901//2900 2888//2887 2887//2886
f 2902//2901 2889//2888 2888//2887
f 2903//2902 2890//2889 2889//2888
f 2905//2904 2890//2889 2904//2903
f 2906//2905 2891//2890 2905//2904
f 2907//2906 2892//2891 2906//2905
f 2003//2002 2893//2892 2907//2906
f 2809//2808 2908//2907 2894//2893
f 2908//2907 2895//2894 2894//2893
f 2909//2908 2896//2895 2895//2894
f 2910//2909 2897//2896 2896//2895
f 2911//2910 2898//2897 2897//2896
f 2912//2911 2899//2898 2898//2897
f 2913//2912 2900//2899 2899//2898
f 2914//2913 2901//2900 2900//2899
f 2915//2914 2902//2901 2901//2900
f 2916//2915 2903//2902 2902//2901
f 2917//2916 2904//2903 2903//2902
f 2919//2918 2904//2903 2918//2917
f 2920//2919 2905//2904 2919//2918
f 2921//2920 2906//2905 2920//2919
f 2018//2017 2907//2906 2921//2920
f 2936//2935 2908//2907 2809//2808
f 2922//2921 2909//2908 2908//2907
f 2923//2922 2910//2909 2909//2908
f 2924//2923 2911//2910 2910//2909
f 2925//2924 2912//2911 2911//2910
f 2926//2925 2913//2912 2912//2911
f 2927//2926 2914//2913 2913//2912
f 2928//2927 2915//2914 2914//2913
f 2929//2928 2916//2915 2915//2914
f 2930//2929 2917//2916 2916//2915
f 2931//2930 2918//2917 2917//2916
f 2933//2932 2918//2917 2932//2931
f 2934//2933 2919//2918 2933//2932
f 2935//2934 2920//2919 2934//2933
f 2033//2032 2921//2920 2935//2934
f 2936//2935 2937//2936 2922//2921
f 2937//2936 2923//2922 2922//2921
f 2938//2937 2924//2923 2923//2922
f 2939//2938 2925//2924 2924//2923
f 2940//2939 2926//2925 2925//2924
f 2941//2940 2927//2926 2926//2925
f 2942//2941 2928//2927 2927//2926
f 2943//2942 2929//2928 2928//2927
f 2944//2943 2930//2929 2929//2928
f 2945//2944 2931//2930 2930//2929
f 2946//2945 2932//2931 2931//2930
f 2948//2947 2932//2931 2947//2946
f 2949//2948 2933//2932 2948//2947
f 2950//2949 2934//2933 2949//2948
f 2048//2047 2935//2934 2950//2949
f 2951//2950 2937//2936 2936//2935
f 2952//2951 2938//2937 2937//2936
f 2953//2952 2939//2938 2938//2937
f 2954//2953 2940//2939 2939//2938
f 2955//2954 2941//2940 2940//2939
f 2956//2955 2942//2941 2941//2940
f 2957//2956 2943//2942 2942//2941
f 2958//2957 2944//2943 2943//2942
f 2959//2958 2945//2944 2944//2943
f 2960//2959 2946//2945 2945//2944
f 2961//2960 2947//2946 2946//2945
f 2963//2962 2947//2946 2962//2961
f 2964//2963 2948//2947 2963//2962
f 2965//2964 2949//2948 2964//2963
f 2063//2062 2950//2949 2965//2964
f 2966//2965 2952//2951 2951//2950
f 2967//2966 2953//2952 2952//2951
f 2968//2967 2954//2953 2953//2952
f 2969//2968 2955//2954 2954//2953
f 2970//2969 2956//2955 2955//2954
f 2971//2970 2957//2956 2956//2955
f 2972//2971 2958//2957 2957//2956
f 2973//2972 2959//2958 2958//2957
f 2974//2973 2960//2959 2959//2958
f 2975//2974 2961//2960 2960//2959
f 2977//2976 2961//2960 2976//2975
f 2978//2977 2962//2961 2977//2976
f 2979//2978 2963//2962 2978//2977
f 2980//2979 2964//2963 2979//2978
f 2078//2077 2965//2964 2980//2979
f 2981//2980 2983//2982 3406//3405
f 2982//2981 2985//2984 2983//2982
f 2984//2983 2987//2986 2985//2984
f 2986//2985 2989//2988 2987//2986
f 2988//2987 2991//2990 2989//2988
f 2990//2989 2993//2992 2991//2990
f 2992//2991 2995//2994 2993//2992
f 2994//2993 2997//2996 2995//2994
f 2996//2995 2999//2998 2997//2996
f 2998//2997 3001//3000 2999//2998
f 3000//2999 3003//3002 3001//3000
f 3004//3003 3003//3002 3002//3001
f 3006//3005 3005//3004 3004//3003
f 3008//3007 3007//3006 3006//3005
f 2093//2092 3009//3008 3008//3007
f 3010//3009 2982//2981 2981//2980
f 3011//3010 2984//2983 2982//2981
f 3012//3011 2986//2985 2984//2983
f 3013//3012 2988//2987 2986//2985
f 3014//3013 2990//2989 2988//2987
f 3015//3014 2992//2991 2990//2989
f 3016//3015 2994//2993 2992//2991
f 3017//3016 2996//2995 2994//2993
f 3018//3017 2998//2997 2996//2995
f 3019//3018 3000//2999 2998//2997
f 3020//3019 3002//3001 3000//2999
f 3021//3020 3004//3003 3002//3001
f 3022//3021 3006//3005 3004//3003
f 3023//3022 3008//3007 3006//3005
f 3024//3023 2093//2092 3008//3007
f 3025//3024 3011//3010 3010//3009
f 3026//3025 3012//3011 3011//3010
f 3027//3026 3013//3012 3012//3011
f 3028//3027 3014//3013 3013//3012
f 3029//3028 3015//3014 3014//3013
f 3030//3029 3016//3015 3015//3014
f 3031//3030 3017//3016 3016//3015
f 3032//3031 3018//3017 3017//3016
f 3033//3032 3019//3018 3018//3017
f 3034//3033 3020//3019 3019//3018
f 3035//3034 3021//3020 3020//3019
f 3036//3035 3022//3021 3021//3020
f 3037//3036 3023//3022 3022//3021
f 3038//3037 3024//3023 3023//3022
f 3039//3038 2123//2122 3024//3023
f 3040//3039 3026//3025 3025//3024
f 3041//3040 3027//3026 3026//3025
f 3042//3041 3028//3027 3027//3026
f 3043//3042 3029//3028 3028//3027
f 3044//3043 3030//3029 3029//3028
f 3045//3044 3031//3030 3030//3029
f 3046//3045 3032//3031 3031//3030
f 3047//3046 3033//3032 3032//3031
f 3048//3047 3034//3033 3033//3032
f 3049//3048 3035//3034 3034//3033
f 3050//3049 3036//3035 3035//3034
f 3051//3050 3037//3036 3036//3035
f 3052//3051 3038//3037 3037//3036
f 3053//3052 3039//3038 3038//3037
f 3054//3053 2138//2137 3039//3038
f 3055//3054 3041//3040 3040//3039
f 3056//3055 3042//3041 3041//3040
f 3057//3056 3043//3042 3042//3041
f 3058//3057 3044//3043 3043//3042
f 3059//3058 3045//3044 3044//3043
f 3060//3059 3046//3045 3045//3044
f 3061//3060 3047//3046 3046//3045
f 3062//3061 3048//3047 3047//3046
f 3063//3062 3049//3048 3048//3047
f 3064//3063 3050//3049 3049//3048
f 3065//3064 3051//3050 3050//3049
f 3066//3065 3052//3051 3051//3050
f 3067//3066 3053//3052 3052//3051
f 3068//3067 3054//3053 3053//3052
f 3069//3068 2153//2152 3054//3053
f 3070//3069 3056//3055 3055//3054
f 3071//3070 3057//3056 3056//3055
f 3072//3071 3058//3057 3057//3056
f 3073//3072 3059//3058 3058//3057
f 3074//3073 3060//3059 3059//3058
f 3075//3074 3061//3060 3060//3059
f 3076//3075 3062//3061 3061//3060
f 3077//3076 3063//3062 3062//3061
f 3078//3077 3064//3063 3063//3062
f 3079//3078 3065//3064 3064//3063
f 3080//3079 3066//3065 3065//3064
f 3081//3080 3067//3066 3066//3065
f 3082//3081 3068//3067 3067//3066
f 3083//3082 3069//3068 3068//3067
f 3084//3083 2168//2167 3069//3068
f 3085//3084 3071//3070 3070//3069
f 3086//3085 3072//3071 3071//3070
f 3087//3086 3073//3072 3072//3071
f 3088//3087 3074//3073 3073//3072
f 3089//3088 3075//3074 3074//3073
f 3090//3089 3076//3075 3075//3074
f 3091//3090 3077//3076 3076//3075
f 3092//3091 3078//3077 3077//3076
f 3093//3092 3079//3078 3078//3077
f 3094//3093 3080//3079 3079//3078
f 3095//3094 3081//3080 3080//3079
f 3096//3095 3082//3081 3081//3080
f 3097//3096 3083//3082 3082//3081
f 3098//3097 3084//3083 3083//3082
f 3099//3098 2183//2182 3084//3083
f 3101//3100 3085//3084 3100//3099
f 3101//3100 3087//3086 3086//3085
f 3102//3101 3088//3087 3087//3086
f 3103//3102 3089//3088 3088//3087
f 3104//3103 3090//3089 3089//3088
f 3105//3104 3091//3090 3090//3089
f 3106//3105 3092//3091 3091//3090
f 3107//3106 3093//3092 3092//3091
f 3108//3107 3094//3093 3093//3092
f 3109//3108 3095//3094 3094//3093
f 3110//3109 3096//3095 3095//3094
f 3111//3110 3097//3096 3096//3095
f 3112//3111 3098//3097 3097//3096
f 3113//3112 3099//3098 3098//3097
f 3114//3113 2198//2197 3099//3098
f 3116//3115 3100//3099 3115//3114
f 3117//3116 3101//3100 3116//3115
f 3118//3117 3102//3101 3117//3116
f 3119//3118 3103//3102 3118//3117
f 3119//3118 3105//3104 3104//3103
f 3120//3119 3106//3105 3105//3104
f 3121//3120 3107//3106 3106//3105
f 3122//3121 3108//3107 3107//3106
f 3123//3122 3109//3108 3108//3107
f 3124//3123 3110//3109 3109//3108
f 3125//3124 3111//3110 3110//3109
f 3126//3125 3112//3111 3111//3110
f 3127//3126 3113//3112 3112//3111
f 3128//3127 3114//3113 3113//3112
f 3129//3128 2213//2212 3114//3113
f 3131//3130 3115//3114 3130//3129
f 3132//3131 3116//3115 3131//3130
f 3133//3132 3117//3116 3132//3131
f 3134//3133 3118//3117 3133//3132
f 3135//3134 3119//3118 3134//3133
f 3136//3135 3120//3119 3135//3134
f 3136//3135 3122//3121 3121//3120
f 3137//3136 3123//3122 3122//3121
f 3138//3137 3124//3123 3123//3122
f 3139//3138 3125//3124 3124//3123
f 3140//3139 3126//3125 3125//3124
f 3141//3140 3127//3126 3126//3125
f 3142//3141 3128//3127 3127//3126
f 3143//3142 3129//3128 3128//3127
f 3144//3143 2228//2227 3129//3128
f 3146//3145 3130//3129 3145//3144
f 3147//3146 3131//3130 3146//3145
f 3148//3147 3132//3131 3147//3146
f 3149//3148 3133//3132 3148//3147
f 3150//3149 3134//3133 3149//3148
f 3151//3150 3135//3134 3150//3149
f 3152//3151 3136//3135 3151//3150
f 3152//3151 3138//3137 3137//3136
f 3153//3152 3139//3138 3138//3137
f 3154//3153 3140//3139 3139//3138
f 3155//3154 3141//3140 3140//3139
f 3156//3155 3142//3141 3141//3140
f 3157//3156 3143//3142 3142//3141
f 3158//3157 3144//3143 3143//3142
f 3159//3158 2243//2242 3144//3143
f 3161//3160 3145//3144 3160//3159
f 3162//3161 3146//3145 3161//3160
f 3163//3162 3147//3146 3162//3161
f 3164//3163 3148//3147 3163//3162
f 3165//3164 3149//3148 3164//3163
f 3166//3165 3150//3149 3165//3164
f 3167//3166 3151//3150 3166//3165
f 3168//3167 3152//3151 3167//3166
f 3168//3167 3154//3153 3153//3152
f 3169//3168 3155//3154 3154//3153
f 3170//3169 3156//3155 3155//3154
f 3171//3170 3157//3156 3156//3155
f 3172//3171 3158//3157 3157//3156
f 3173//3172 3159//3158 3158//3157
f 3174//3173 2258//2257 3159//3158
f 3176//3175 3160//3159 3175//3174
f 3177//3176 3161//3160 3176//3175
f 3178//3177 3162//3161 3177//3176
f 3179//3178 3163//3162 3178//3177
f 3180//3179 3164//3163 3179//3178
f 3181//3180 3165//3164 3180//3179
f 3182//3181 3166//3165 3181//3180
f 3183//3182 3167//3166 3182//3181
f 3183//3182 3169//3168 3168//3167
f 3184//3183 3170//3169 3169//3168
f 3185//3184 3171//3170 3170//3169
f 3186//3185 3172//3171 3171//3170
f 3187//3186 3173//3172 3172//3171
f 3188//3187 3174//3173 3173//3172
f 3189//3188 2273//2272 3174//3173
f 3191//3190 3175//3174 3190//3189
f 3192//3191 3176//3175 3191//3190
f 3193//3192 3177//3176 3192//3191
f 3194//3193 3178//3177 3193//3192
f 3195//3194 3179//3178 3194//3193
f 3196//3195 3180//3179 3195//3194
f 3197//3196 3181//3180 3196//3195
f 3198//3197 3182//3181 3197//3196
f 3199//3198 3183//3182 3198//3197
f 3199//3198 3185//3184 3184//3183
f 3200//3199 3186//3185 3185//3184
f 3201//3200 3187//3186 3186//3185
f 3202//3201 3188//3187 3187//3186
f 3203//3202 3189//3188 3188//3187
f 3204//3203 2288//2287 3189//3188
f 2754//2753 3190//3189 2809//2808
f 2756//2755 3191//3190 2754//2753
f 2758//2757 3192//3191 2756//2755
f 2760//2759 3193//3192 2758//2757
f 2762//2761 3194//3193 2760//2759
f 2764//2763 3195//3194 2762//2761
f 2766//2765 3196//3195 2764//2763
f 2768//2767 3197//3196 2766//2765
f 2770//2769 3198//3197 2768//2767
f 2772//2771 3199//3198 2770//2769
f 2772//2771 3201//3200 3200//3199
f 2774//2773 3202//3201 3201//3200
f 2776//2775 3203//3202 3202//3201
f 2778//2777 3204//3203 3203//3202
f 2780//2779 2303//2302 3204//3203
f 3233//3232 3205//3204 3206//3205
f 3207//3206 3206//3205 3205//3204
f 3209//3208 3208//3207 3207//3206
f 3211//3210 3210//3209 3209//3208
f 3213//3212 3212//3211 3211//3210
f 3215//3214 3214//3213 3213//3212
f 3217//3216 3216//3215 3215//3214
f 3219//3218 3218//3217 3217//3216
f 3221//3220 3220//3219 3219//3218
f 3223//3222 3222//3221 3221//3220
f 3223//3222 3226//3225 3224//3223
f 3225//3224 3228//3227 3226//3225
f 3227//3226 3230//3229 3228//3227
f 3229//3228 3232//3231 3230//3229
f 3231//3230 2321//2320 3232//3231
f 3233//3232 3234//3233 3205//3204
f 3235//3234 3205//3204 3234//3233
f 3236//3235 3207//3206 3235//3234
f 3237//3236 3209//3208 3236//3235
f 3238//3237 3211//3210 3237//3236
f 3239//3238 3213//3212 3238//3237
f 3240//3239 3215//3214 3239//3238
f 3241//3240 3217//3216 3240//3239
f 3242//3241 3219//3218 3241//3240
f 3243//3242 3221//3220 3242//3241
f 3243//3242 3225//3224 3223//3222
f 3244//3243 3227//3226 3225//3224
f 3245//3244 3229//3228 3227//3226
f 3246//3245 3231//3230 3229//3228
f 3247//3246 2318//2317 3231//3230
f 3233//3232 3248//3247 3234//3233
f 3249//3248 3234//3233 3248//3247
f 3250//3249 3235//3234 3249//3248
f 3251//3250 3236//3235 3250//3249
f 3252//3251 3237//3236 3251//3250
f 3253//3252 3238//3237 3252//3251
f 3254//3253 3239//3238 3253//3252
f 3255//3254 3240//3239 3254//3253
f 3256//3255 3241//3240 3255//3254
f 3257//3256 3242//3241 3256//3255
f 3258//3257 3243//3242 3257//3256
f 3258//3257 3245//3244 3244//3243
f 3259//3258 3246//3245 3245//3244
f 3260//3259 3247//3246 3246//3245
f 3261//3260 2348//2347 3247//3246
f 3263//3262 3233//3232 3262//3261
f 3264//3263 3248//3247 3263//3262
f 3265//3264 3249//3248 3264//3263
f 3266//3265 3250//3249 3265//3264
f 3267//3266 3251//3250 3266//3265
f 3268//3267 3252//3251 3267//3266
f 3269//3268 3253//3252 3268//3267
f 3270//3269 3254//3253 3269//3268
f 3271//3270 3255//3254 3270//3269
f 3272//3271 3256//3255 3271//3270
f 3273//3272 3257//3256 3272//3271
f 3273//3272 3259//3258 3258//3257
f 3274//3273 3260//3259 3259//3258
f 3275//3274 3261//3260 3260//3259
f 3276//3275 2363//2362 3261//3260
f 3277//3276 3262//3261 3291//3290
f 3278//3277 3263//3262 3277//3276
f 3279//3278 3264//3263 3278//3277
f 3280//3279 3265//3264 3279//3278
f 3281//3280 3266//3265 3280//3279
f 3282//3281 3267//3266 3281//3280
f 3283//3282 3268//3267 3282//3281
f 3284//3283 3269//3268 3283//3282
f 3285//3284 3270//3269 3284//3283
f 3286//3285 3271//3270 3285//3284
f 3287//3286 3272//3271 3286//3285
f 3287//3286 3274//3273 3273//3272
f 3288//3287 3275//3274 3274//3273
f 3289//3288 3276//3275 3275//3274
f 3290//3289 2378//2377 3276//3275
f 3291//3290 3292//3291 3277//3276
f 3293//3292 3277//3276 3292//3291
f 3294//3293 3278//3277 3293//3292
f 3295//3294 3279//3278 3294//3293
f 3296//3295 3280//3279 3295//3294
f 3297//3296 3281//3280 3296//3295
f 3298//3297 3282//3281 3297//3296
f 3299//3298 3283//3282 3298//3297
f 3300//3299 3284//3283 3299//3298
f 3301//3300 3285//3284 3300//3299
f 3302//3301 3286//3285 3301//3300
f 3302//3301 3288//3287 3287//3286
f 3303//3302 3289//3288 3288//3287
f 3304//3303 3290//3289 3289//3288
f 3305//3304 2393//2392 3290//3289
f 3291//3290 3306//3305 3292//3291
f 3307//3306 3292//3291 3306//3305
f 3308//3307 3293//3292 3307//3306
f 3309//3308 3294//3293 3308//3307
f 3310//3309 3295//3294 3309//3308
f 3311//3310 3296//3295 3310//3309
f 3312//3311 3297//3296 3311//3310
f 3313//3312 3298//3297 3312//3311
f 3314//3313 3299//3298 3313//3312
f 3315//3314 3300//3299 3314//3313
f 3316//3315 3301//3300 3315//3314
f 3316//3315 3303//3302 3302//3301
f 3317//3316 3304//3303 3303//3302
f 3318//3317 3305//3304 3304//3303
f 3319//3318 2408//2407 3305//3304
f 3320//3319 3291//3290 3334//3333
f 3321//3320 3306//3305 3320//3319
f 3322//3321 3307//3306 3321//3320
f 3323//3322 3308//3307 3322//3321
f 3324//3323 3309//3308 3323//3322
f 3325//3324 3310//3309 3324//3323
f 3326//3325 3311//3310 3325//3324
f 3327//3326 3312//3311 3326//3325
f 3327//3326 3314//3313 3313//3312
f 3329//3328 3314//3313 3328//3327
f 3330//3329 3315//3314 3329//3328
f 3331//3330 3316//3315 3330//3329
f 3332//3331 3317//3316 3331//3330
f 3333//3332 3318//3317 3332//3331
f 2438//2437 3319//3318 3333//3332
f 3334//3333 3335//3334 3320//3319
f 3335//3334 3321//3320 3320//3319
f 3336//3335 3322//3321 3321//3320
f 3337//3336 3323//3322 3322//3321
f 3338//3337 3324//3323 3323//3322
f 3339//3338 3325//3324 3324//3323
f 3340//3339 3326//3325 3325//3324
f 3341//3340 3327//3326 3326//3325
f 3342//3341 3328//3327 3327//3326
f 3343//3342 3329//3328 3328//3327
f 3344//3343 3330//3329 3329//3328
f 3346//3345 3330//3329 3345//3344
f 3347//3346 3331//3330 3346//3345
f 3348//3347 3332//3331 3347//3346
f 2453//2452 3333//3332 3348//3347
f 3334//3333 3349//3348 3335//3334
f 3349//3348 3336//3335 3335//3334
f 3350//3349 3337//3336 3336//3335
f 3351//3350 3338//3337 3337//3336
f 3352//3351 3339//3338 3338//3337
f 3353//3352 3340//3339 3339//3338
f 3354//3353 3341//3340 3340//3339
f 3355//3354 3342//3341 3341//3340
f 3356//3355 3343//3342 3342//3341
f 3357//3356 3344//3343 3343//3342
f 3358//3357 3345//3344 3344//3343
f 3360//3359 3345//3344 3359//3358
f 3361//3360 3346//3345 3360//3359
f 3362//3361 3347//3346 3361//3360
f 2468//2467 3348//3347 3362//3361
f 3377//3376 3349//3348 3334//3333
f 3363//3362 3350//3349 3349//3348
f 3364//3363 3351//3350 3350//3349
f 3365//3364 3352//3351 3351//3350
f 3366//3365 3353//3352 3352//3351
f 3367//3366 3354//3353 3353//3352
f 3368//3367 3355//3354 3354//3353
f 3369//3368 3356//3355 3355//3354
f 3370//3369 3357//3356 3356//3355
f 3371//3370 3358//3357 3357//3356
f 3372//3371 3359//3358 3358//3357
f 3374//3373 3359//3358 3373//3372
f 3375//3374 3360//3359 3374//3373
f 3376//3375 3361//3360 3375//3374
f 2483//2482 3362//3361 3376//3375
f 3377//3376 3378//3377 3363//3362
f 3378//3377 3364//3363 3363//3362
f 3379//3378 3365//3364 3364//3363
f 3380//3379 3366//3365 3365//3364
f 3381//3380 3367//3366 3366//3365
f 3382//3381 3368//3367 3367//3366
f 3383//3382 3369//3368 3368//3367
f 3384//3383 3370//3369 3369//3368
f 3385//3384 3371//3370 3370//3369
f 3386//3385 3372//3371 3371//3370
f 3387//3386 3373//3372 3372//3371
f 3389//3388 3373//3372 3388//3387
f 3390//3389 3374//3373 3389//3388
f 3391//3390 3375//3374 3390//3389
f 2498//2497 3376//3375 3391//3390
f 3377//3376 3392//3391 3378//3377
f 3392//3391 3379//3378 3378//3377
f 3393//3392 3380//3379 3379//3378
f 3394//3393 3381//3380 3380//3379
f 3395//3394 3382//3381 3381//3380
f 3396//3395 3383//3382 3382//3381
f 3397//3396 3384//3383 3383//3382
f 3398//3397 3385//3384 3384//3383
f 3399//3398 3386//3385 3385//3384
f 3400//3399 3387//3386 3386//3385
f 3401//3400 3388//3387 3387//3386
f 3403//3402 3388//3387 3402//3401
f 3404//3403 3389//3388 3403//3402
f 3405//3404 3390//3389 3404//3403
f 2513//2512 3391//3390 3405//3404
f 3406//3405 3392//3391 3377//3376
f 3407//3406 3393//3392 3392//3391
f 3408//3407 3394//3393 3393//3392
f 3409//3408 3395//3394 3394//3393
f 3410//3409 3396//3395 3395//3394
f 3411//3410 3397//3396 3396//3395
f 3412//3411 3398//3397 3397//3396
f 3413//3412 3399//3398 3398//3397
f 3414//3413 3400//3399 3399//3398
f 3415//3414 3401//3400 3400//3399
f 3417//3416 3401//3400 3416//3415
f 3418//3417 3402//3401 3417//3416
f 3419//3418 3403//3402 3418//3417
f 3420//3419 3404//3403 3419//3418
f 2528//2527 3405//3404 3420//3419
f 3406//3405 2983//2982 3407//3406
f 2983//2982 3408//3407 3407//3406
f 2985//2984 3409//3408 3408//3407
f 2987//2986 3410//3409 3409//3408
f 2989//2988 3411//3410 3410//3409
f 2991//2990 3412//3411 3411//3410
f 2993//2992 3413//3412 3412//3411
f 2995//2994 3414//3413 3413//3412
f 2997//2996 3415//3414 3414//3413
f 2999//2998 3416//3415 3415//3414
f 3003//3002 3416//3415 3001//3000
f 3005//3004 3417//3416 3003//3002
f 3007//3006 3418//3417 3005//3004
f 3009//3008 3419//3418 3007//3006
f 2096//2095 3420//3419 3009//3008
f 3421//3420 2967//2966 2966//2965
f 3422//3421 2968//2967 2967//2966
f 3423//3422 2969//2968 2968//2967
f 3424//3423 2970//2969 2969//2968
f 3425//3424 2971//2970 2970//2969
f 3426//3425 2972//2971 2971//2970
f 3427//3426 2973//2972 2972//2971
f 3428//3427 2974//2973 2973//2972
f 3429//3428 2975//2974 2974//2973
f 3430//3429 2976//2975 2975//2974
f 3432//3431 2976//2975 3431//3430
f 3433//3432 2977//2976 3432//3431
f 3434//3433 2978//2977 3433//3432
f 3435//3434 2979//2978 3434//3433
f 2543//2542 2980//2979 3435//3434
f 3436//3435 3422//3421 3421//3420
f 3437//3436 3423//3422 3422//3421
f 3438//3437 3424//3423 3423//3422
f 3439//3438 3425//3424 3424//3423
f 3440//3439 3426//3425 3425//3424
f 3441//3440 3427//3426 3426//3425
f 3442//3441 3428//3427 3427//3426
f 3443//3442 3429//3428 3428//3427
f 3444//3443 3430//3429 3429//3428
f 3446//3445 3430//3429 3445//3444
f 3447//3446 3431//3430 3446//3445
f 3448//3447 3432//3431 3447//3446
f 3449//3448 3433//3432 3448//3447
f 3450//3449 3434//3433 3449//3448
f 2558//2557 3435//3434 3450//3449
f 3451//3450 3437//3436 3436//3435
f 3452//3451 3438//3437 3437//3436
f 3453//3452 3439//3438 3438//3437
f 3454//3453 3440//3439 3439//3438
f 3455//3454 3441//3440 3440//3439
f 3456//3455 3442//3441 3441//3440
f 3457//3456 3443//3442 3442//3441
f 3458//3457 3444//3443 3443//3442
f 3460//3459 3444//3443 3459//3458
f 3461//3460 3445//3444 3460//3459
f 3462//3461 3446//3445 3461//3460
f 3463//3462 3447//3446 3462//3461
f 3464//3463 3448//3447 3463//3462
f 3465//3464 3449//3448 3464//3463
f 2573//2572 3450//3449 3465//3464
f 3466//3465 3452//3451 3451//3450
f 3467//3466 3453//3452 3452//3451
f 3468//3467 3454//3453 3453//3452
f 3469//3468 3455//3454 3454//3453
f 3470//3469 3456//3455 3455//3454
f 3471//3470 3457//3456 3456//3455
f 3472//3471 3458//3457 3457//3456
f 3473//3472 3459//3458 3458//3457
f 3475//3474 3459//3458 3474//3473
f 3476//3475 3460//3459 3475//3474
f 3477//3476 3461//3460 3476//3475
f 3478//3477 3462//3461 3477//3476
f 3479//3478 3463//3462 3478//3477
f 3480//3479 3464//3463 3479//3478
f 2588//2587 3465//3464 3480//3479
f 3481//3480 3467//3466 3466//3465
f 3482//3481 3468//3467 3467//3466
f 3483//3482 3469//3468 3468//3467
f 3484//3483 3470//3469 3469//3468
f 3485//3484 3471//3470 3470//3469
f 3486//3485 3472//3471 3471//3470
f 3487//3486 3473//3472 3472//3471
f 3489//3488 3473//3472 3488//3487
f 3490//3489 3474//3473 3489//3488
f 3491//3490 3475//3474 3490//3489
f 3492//3491 3476//3475 3491//3490
f 3493//3492 3477//3476 3492//3491
f 3494//3493 3478//3477 3493//3492
f 3495//3494 3479//3478 3494//3493
f 2603//2602 3480//3479 3495//3494
f 3496//3495 3482//3481 3481//3480
f 3497//3496 3483//3482 3482//3481
f 3498//3497 3484//3483 3483//3482
f 3499//3498 3485//3484 3484//3483
f 3500//3499 3486//3485 3485//3484
f 3501//3500 3487//3486 3486//3485
f 3503//3502 3487//3486 3502//3501
f 3504//3503 3488//3487 3503//3502
f 3505//3504 3489//3488 3504//3503
f 3506//3505 3490//3489 3505//3504
f 3507//3506 3491//3490 3506//3505
f 3508//3507 3492//3491 3507//3506
f 3509//3508 3493//3492 3508//3507
f 3510//3509 3494//3493 3509//3508
f 2618//2617 3495//3494 3510//3509
f 3511//3510 3497//3496 3496//3495
f 3512//3511 3498//3497 3497//3496
f 3513//3512 3499//3498 3498//3497
f 3515//3514 3499//3498 3514//3513
f 3516//3515 3500//3499 3515//3514
f 3517//3516 3501//3500 3516//3515
f 3518//3517 3502//3501 3517//3516
f 3519//3518 3503//3502 3518//3517
f 3520//3519 3504//3503 3519//3518
f 3521//3520 3505//3504 3520//3519
f 3522//3521 3506//3505 3521//3520
f 3523//3522 3507//3506 3522//3521
f 3524//3523 3508//3507 3523//3522
f 3525//3524 3509//3508 3524//3523
f 2633//2632 3510//3509 3525//3524
f 3527//3526 3511//3510 3526//3525
f 3528//3527 3512//3511 3527//3526
f 3529//3528 3513//3512 3528//3527
f 3530//3529 3514//3513 3529//3528
f 3531//3530 3515//3514 3530//3529
f 3532//3531 3516//3515 3531//3530
f 3533//3532 3517//3516 3532//3531
f 3534//3533 3518//3517 3533//3532
f 3535//3534 3519//3518 3534//3533
f 3536//3535 3520//3519 3535//3534
f 3537//3536 3521//3520 3536//3535
f 3538//3537 3522//3521 3537//3536
f 3539//3538 3523//3522 3538//3537
f 3540//3539 3524//3523 3539//3538
f 2648//2647 3525//3524 3540//3539
f 3542//3541 3526//3525 3541//3540
f 3543//3542 3527//3526 3542//3541
f 3544//3543 3528//3527 3543//3542
f 3545//3544 3529//3528 3544//3543
f 3546//3545 3530//3529 3545//3544
f 3547//3546 3531//3530 3546//3545
f 3548//3547 3532//3531 3547//3546
f 3549//3548 3533//3532 3548//3547
f 3550//3549 3534//3533 3549//3548
f 3551//3550 3535//3534 3550//3549
f 3552//3551 3536//3535 3551//3550
f 3553//3552 3537//3536 3552//3551
f 3554//3553 3538//3537 3553//3552
f 3555//3554 3539//3538 3554//3553
f 2663//2662 3540//3539 3555//3554
f 3557//3556 3541//3540 3556//3555
f 3558//3557 3542//3541 3557//3556
f 3559//3558 3543//3542 3558//3557
f 3560//3559 3544//3543 3559//3558
f 3561//3560 3545//3544 3560//3559
f 3562//3561 3546//3545 3561//3560
f 3563//3562 3547//3546 3562//3561
f 3564//3563 3548//3547 3563//3562
f 3565//3564 3549//3548 3564//3563
f 3566//3565 3550//3549 3565//3564
f 3567//3566 3551//3550 3566//3565
f 3568//3567 3552//3551 3567//3566
f 3569//3568 3553//3552 3568//3567
f 3570//3569 3554//3553 3569//3568
f 2678//2677 3555//3554 3570//3569
f 3572//3571 3556//3555 3571//3570
f 3573//3572 3557//3556 3572//3571
f 3574//3573 3558//3557 3573//3572
f 3575//3574 3559//3558 3574//3573
f 3576//3575 3560//3559 3575//3574
f 3577//3576 3561//3560 3576//3575
f 3578//3577 3562//3561 3577//3576
f 3579//3578 3563//3562 3578//3577
f 3580//3579 3564//3563 3579//3578
f 3581//3580 3565//3564 3580//3579
f 3582//3581 3566//3565 3581//3580
f 3583//3582 3567//3566 3582//3581
f 3584//3583 3568//3567 3583//3582
f 3585//3584 3569//3568 3584//3583
f 2693//2692 3570//3569 3585//3584
f 3587//3586 3571//3570 3586//3585
f 3588//3587 3572//3571 3587//3586
f 3589//3588 3573//3572 3588//3587
f 3590//3589 3574//3573 3589//3588
f 3591//3590 3575//3574 3590//3589
f 3592//3591 3576//3575 3591//3590
f 3593//3592 3577//3576 3592//3591
f 3594//3593 3578//3577 3593//3592
f 3595//3594 3579//3578 3594//3593
f 3596//3595 3580//3579 3595//3594
f 3597//3596 3581//3580 3596//3595
f 3598//3597 3582//3581 3597//3596
f 3599//3598 3583//3582 3598//3597
f 3600//3599 3584//3583 3599//3598
f 2708//2707 3585//3584 3600//3599
f 3602//3601 3586//3585 3601//3600
f 3603//3602 3587//3586 3602//3601
f 3604//3603 3588//3587 3603//3602
f 3605//3604 3589//3588 3604//3603
f 3606//3605 3590//3589 3605//3604
f 3607//3606 3591//3590 3606//3605
f 3608//3607 3592//3591 3607//3606
f 3609//3608 3593//3592 3608//3607
f 3610//3609 3594//3593 3609//3608
f 3611//3610 3595//3594 3610//3609
f 3612//3611 3596//3595 3611//3610
f 3613//3612 3597//3596 3612//3611
f 3614//3613 3598//3597 3613//3612
f 3615//3614 3599//3598 3614//3613
f 2723//2722 3600//3599 3615//3614
f 3617//3616 3601//3600 3616//3615
f 3618//3617 3602//3601 3617//3616
f 3619//3618 3603//3602 3618//3617
f 3620//3619 3604//3603 3619//3618
f 3621//3620 3605//3604 3620//3619
f 3622//3621 3606//3605 3621//3620
f 3623//3622 3607//3606 3622//3621
f 3624//3623 3608//3607 3623//3622
f 3625//3624 3609//3608 3624//3623
f 3626//3625 3610//3609 3625//3624
f 3627//3626 3611//3610 3626//3625
f 3628//3627 3612//3611 3627//3626
f 3629//3628 3613//3612 3628//3627
f 3630//3629 3614//3613 3629//3628
f 2738//2737 3615//3614 3630//3629
f 3206//3205 3616//3615 3233//3232
f 3208//3207 3617//3616 3206//3205
f 3210//3209 3618//3617 3208//3207
f 3212//3211 3619//3618 3210//3209
f 3214//3213 3620//3619 3212//3211
f 3216//3215 3621//3620 3214//3213
f 3218//3217 3622//3621 3216//3215
f 3220//3219 3623//3622 3218//3217
f 3222//3221 3624//3623 3220//3219
f 3224//3223 3625//3624 3222//3221
f 3226//3225 3626//3625 3224//3223
f 3226//3225 3628//3627 3627//3626
f 3228//3227 3629//3628 3628//3627
f 3230//3229 3630//3629 3629//3628
f 3232//3231 2738//2737 3630//3629
f 1//1 2//2 3//3
f 2//2 5//5 6//6
f 5//5 7//7 8//8
f 7//7 9//9 10//10
f 9//9 11//11 12//12
f 11//11 13//13 14//14
f 13//13 15//15 16//16
f 15//15 17//17 18//18
f 17//17 19//19 20//20
f 19//19 21//21 22//22
f 21//21 23//23 24//24
f 23//23 25//25 26//26
f 25//25 27//27 28//28
f 27//27 29//29 30//30
f 31//31 32//32 30//30
f 33//33 34//34 2//2
f 34//34 35//35 5//5
f 35//35 36//36 7//7
f 36//36 37//37 9//9
f 37//37 38//38 11//11
f 38//38 39//39 13//13
f 39//39 40//40 15//15
f 40//40 41//41 17//17
f 41//41 42//42 19//19
f 42//42 43//43 21//21
f 43//43 44//44 23//23
f 45//45 25//25 23//23
f 46//46 27//27 25//25
f 47//47 29//29 27//27
f 48//48 31//31 29//29
f 49//49 50//50 34//34
f 50//50 51//51 35//35
f 51//51 52//52 36//36
f 52//52 53//53 37//37
f 53//53 54//54 38//38
f 54//54 55//55 39//39
f 55//55 56//56 40//40
f 56//56 57//57 41//41
f 57//57 58//58 42//42
f 58//58 59//59 43//43
f 60//60 44//44 43//43
f 61//61 45//45 44//44
f 62//62 46//46 45//45
f 63//63 47//47 46//46
f 64//64 48//48 47//47
f 65//65 66//66 50//50
f 66//66 67//67 51//51
f 67//67 68//68 52//52
f 68//68 69//69 53//53
f 69//69 70//70 54//54
f 70//70 71//71 55//55
f 71//71 72//72 56//56
f 72//72 73//73 57//57
f 73//73 74//74 58//58
f 75//75 59//59 58//58
f 76//76 60//60 59//59
f 77//77 61//61 60//60
f 78//78 62//62 61//61
f 79//79 63//63 62//62
f 188//188 64//64 63//63
f 80//80 81//81 66//66
f 81//81 82//82 67//67
f 82//82 83//83 68//68
f 83//83 84//84 69//69
f 84//84 85//85 70//70
f 85//85 86//86 71//71
f 86//86 87//87 72//72
f 87//87 88//88 73//73
f 88//88 89//89 74//74
f 90//90 75//75 74//74
f 91//91 76//76 75//75
f 92//92 77//77 76//76
f 93//93 78//78 77//77
f 94//94 79//79 78//78
f 172//172 188//188 79//79
f 95//95 96//96 81//81
f 96//96 97//97 82//82
f 97//97 98//98 83//83
f 98//98 99//99 84//84
f 99//99 100//100 85//85
f 100//100 101//101 86//86
f 101//101 102//102 87//87
f 102//102 103//103 88//88
f 104//104 89//89 88//88
f 105//105 90//90 89//89
f 106//106 91//91 90//90
f 107//107 92//92 91//91
f 108//108 93//93 92//92
f 109//109 94//94 93//93
f 156//156 172//172 94//94
f 110//110 111//111 96//96
f 111//111 112//112 97//97
f 112//112 113//113 98//98
f 113//113 114//114 99//99
f 114//114 115//115 100//100
f 115//115 116//116 101//101
f 116//116 117//117 102//102
f 117//117 118//118 103//103
f 119//119 104//104 103//103
f 120//120 105//105 104//104
f 121//121 106//106 105//105
f 122//122 107//107 106//106
f 123//123 108//108 107//107
f 124//124 109//109 108//108
f 125//125 156//156 109//109
f 127//127 111//111 110//110
f 128//128 112//112 111//111
f 128//128 129//129 113//113
f 129//129 130//130 114//114
f 130//130 131//131 115//115
f 131//131 132//132 116//116
f 133//133 117//117 116//116
f 133//133 134//134 118//118
f 134//134 135//135 119//119
f 136//136 120//120 119//119
f 136//136 137//137 121//121
f 137//137 138//138 122//122
f 138//138 139//139 123//123
f 139//139 140//140 124//124
f 142//142 127//127 126//126
f 143//143 128//128 127//127
f 144//144 129//129 128//128
f 145//145 130//130 129//129
f 146//146 131//131 130//130
f 147//147 132//132 131//131
f 148//148 133//133 132//132
f 149//149 134//134 133//133
f 149//149 150//150 135//135
f 150//150 151//151 136//136
f 151//151 152//152 137//137
f 152//152 153//153 138//138
f 153//153 154//154 139//139
f 154//154 155//155 140//140
f 155//155 156//156 125//125
f 158//158 142//142 141//141
f 159//159 143//143 142//142
f 160//160 144//144 143//143
f 161//161 145//145 144//144
f 162//162 146//146 145//145
f 163//163 147//147 146//146
f 164//164 148//148 147//147
f 165//165 149//149 148//148
f 165//165 166//166 150//150
f 166//166 167//167 151//151
f 167//167 168//168 152//152
f 168//168 169//169 153//153
f 169//169 170//170 154//154
f 170//170 171//171 155//155
f 171//171 172//172 156//156
f 174//174 158//158 157//157
f 175//175 159//159 158//158
f 176//176 160//160 159//159
f 177//177 161//161 160//160
f 178//178 162//162 161//161
f 179//179 163//163 162//162
f 180//180 164//164 163//163
f 181//181 165//165 164//164
f 182//182 166//166 165//165
f 182//182 183//183 167//167
f 183//183 184//184 168//168
f 184//184 185//185 169//169
f 185//185 186//186 170//170
f 186//186 187//187 171//171
f 187//187 188//188 172//172
f 190//190 174//174 173//173
f 191//191 175//175 174//174
f 192//192 176//176 175//175
f 193//193 177//177 176//176
f 194//194 178//178 177//177
f 195//195 179//179 178//178
f 196//196 180//180 179//179
f 197//197 181//181 180//180
f 198//198 182//182 181//181
f 198//198 199//199 183//183
f 199//199 200//200 184//184
f 200//200 201//201 185//185
f 201//201 202//202 186//186
f 202//202 203//203 187//187
f 203//203 204//204 188//188
f 206//206 190//190 189//189
f 207//207 191//191 190//190
f 208//208 192//192 191//191
f 209//209 193//193 192//192
f 210//210 194//194 193//193
f 211//211 195//195 194//194
f 212//212 196//196 195//195
f 213//213 197//197 196//196
f 214//214 198//198 197//197
f 215//215 199//199 198//198
f 215//215 216//216 200//200
f 216//216 217//217 201//201
f 217//217 218//218 202//202
f 218//218 219//219 203//203
f 219//219 220//220 204//204
f 222//222 206//206 205//205
f 223//223 207//207 206//206
f 224//224 208//208 207//207
f 225//225 209//209 208//208
f 226//226 210//210 209//209
f 227//227 211//211 210//210
f 228//228 212//212 211//211
f 229//229 213//213 212//212
f 230//230 214//214 213//213
f 231//231 215//215 214//214
f 232//232 216//216 215//215
f 232//232 233//233 217//217
f 233//233 234//234 218//218
f 234//234 235//235 219//219
f 235//235 236//236 220//220
f 238//238 222//222 221//221
f 239//239 223//223 222//222
f 240//240 224//224 223//223
f 241//241 225//225 224//224
f 242//242 226//226 225//225
f 243//243 227//227 226//226
f 244//244 228//228 227//227
f 245//245 229//229 228//228
f 246//246 230//230 229//229
f 247//247 231//231 230//230
f 248//248 232//232 231//231
f 249//249 233//233 232//232
f 250//250 234//234 233//233
f 251//251 235//235 234//234
f 251//251 252//252 236//236
f 254//254 255//255 256//256
f 257//257 258//258 255//255
f 259//259 260//260 258//258
f 261//261 262//262 260//260
f 263//263 264//264 262//262
f 265//265 266//266 264//264
f 267//267 268//268 266//266
f 269//269 270//270 268//268
f 271//271 272//272 270//270
f 273//273 274//274 272//272
f 275//275 276//276 274//274
f 277//277 278//278 276//276
f 279//279 280//280 278//278
f 281//281 282//282 280//280
f 283//283 284//284 282//282
f 286//286 254//254 253//253
f 287//287 257//257 254//254
f 288//288 259//259 257//257
f 289//289 261//261 259//259
f 290//290 263//263 261//261
f 291//291 265//265 263//263
f 292//292 267//267 265//265
f 293//293 269//269 267//267
f 294//294 271//271 269//269
f 295//295 273//273 271//271
f 296//296 275//275 273//273
f 297//297 277//277 275//275
f 298//298 279//279 277//277
f 299//299 281//281 279//279
f 300//300 283//283 281//281
f 302//302 286//286 285//285
f 303//303 287//287 286//286
f 304//304 288//288 287//287
f 305//305 289//289 288//288
f 306//306 290//290 289//289
f 307//307 291//291 290//290
f 308//308 292//292 291//291
f 309//309 293//293 292//292
f 310//310 294//294 293//293
f 311//311 295//295 294//294
f 312//312 296//296 295//295
f 313//313 297//297 296//296
f 314//314 298//298 297//297
f 315//315 299//299 298//298
f 316//316 300//300 299//299
f 318//318 302//302 301//301
f 319//319 303//303 302//302
f 320//320 304//304 303//303
f 321//321 305//305 304//304
f 322//322 306//306 305//305
f 323//323 307//307 306//306
f 324//324 308//308 307//307
f 325//325 309//309 308//308
f 326//326 310//310 309//309
f 327//327 311//311 310//310
f 328//328 312//312 311//311
f 329//329 313//313 312//312
f 330//330 314//314 313//313
f 331//331 315//315 314//314
f 332//332 316//316 315//315
f 333//333 334//334 318//318
f 334//334 335//335 319//319
f 335//335 336//336 320//320
f 336//336 337//337 321//321
f 337//337 338//338 322//322
f 338//338 339//339 323//323
f 339//339 340//340 324//324
f 340//340 341//341 325//325
f 342//342 326//326 325//325
f 343//343 327//327 326//326
f 344//344 328//328 327//327
f 345//345 329//329 328//328
f 346//346 330//330 329//329
f 347//347 331//331 330//330
f 348//348 332//332 331//331
f 349//349 350//350 334//334
f 350//350 351//351 335//335
f 351//351 352//352 336//336
f 352//352 353//353 337//337
f 353//353 354//354 338//338
f 354//354 355//355 339//339
f 355//355 356//356 340//340
f 356//356 357//357 341//341
f 357//357 358//358 342//342
f 358//358 359//359 343//343
f 360//360 344//344 343//343
f 361//361 345//345 344//344
f 362//362 346//346 345//345
f 363//363 347//347 346//346
f 364//364 348//348 347//347
f 365//365 366//366 350//350
f 366//366 367//367 351//351
f 367//367 368//368 352//352
f 368//368 369//369 353//353
f 369//369 370//370 354//354
f 370//370 371//371 355//355
f 371//371 372//372 356//356
f 372//372 373//373 357//357
f 373//373 374//374 358//358
f 374//374 375//375 359//359
f 375//375 376//376 360//360
f 377//377 361//361 360//360
f 378//378 362//362 361//361
f 379//379 363//363 362//362
f 379//379 380//380 364//364
f 381//381 382//382 366//366
f 382//382 383//383 367//367
f 383//383 384//384 368//368
f 384//384 385//385 369//369
f 385//385 386//386 370//370
f 386//386 387//387 371//371
f 387//387 388//388 372//372
f 388//388 389//389 373//373
f 389//389 390//390 374//374
f 390//390 391//391 375//375
f 391//391 392//392 376//376
f 392//392 393//393 377//377
f 393//393 394//394 378//378
f 394//394 395//395 379//379
f 395//395 396//396 380//380
f 397//397 398//398 382//382
f 398//398 399//399 383//383
f 399//399 400//400 384//384
f 400//400 401//401 385//385
f 401//401 402//402 386//386
f 402//402 403//403 387//387
f 403//403 404//404 388//388
f 404//404 405//405 389//389
f 405//405 406//406 390//390
f 406//406 407//407 391//391
f 407//407 408//408 392//392
f 408//408 409//409 393//393
f 409//409 410//410 394//394
f 410//410 411//411 395//395
f 411//411 412//412 396//396
f 413//413 414//414 398//398
f 414//414 415//415 399//399
f 415//415 416//416 400//400
f 416//416 417//417 401//401
f 417//417 418//418 402//402
f 418//418 419//419 403//403
f 419//419 420//420 404//404
f 420//420 421//421 405//405
f 421//421 422//422 406//406
f 422//422 423//423 407//407
f 423//423 424//424 408//408
f 424//424 425//425 409//409
f 425//425 426//426 410//410
f 426//426 427//427 411//411
f 427//427 428//428 412//412
f 429//429 430//430 414//414
f 430//430 431//431 415//415
f 431//431 432//432 416//416
f 432//432 433//433 417//417
f 433//433 434//434 418//418
f 434//434 435//435 419//419
f 435//435 436//436 420//420
f 436//436 437//437 421//421
f 437//437 438//438 422//422
f 438//438 439//439 423//423
f 439//439 440//440 424//424
f 440//440 441//441 425//425
f 441//441 442//442 426//426
f 442//442 443//443 427//427
f 443//443 444//444 428//428
f 445//445 446//446 430//430
f 446//446 447//447 431//431
f 447//447 448//448 432//432
f 448//448 449//449 433//433
f 449//449 450//450 434//434
f 450//450 451//451 435//435
f 451//451 452//452 436//436
f 452//452 453//453 437//437
f 453//453 454//454 438//438
f 454//454 455//455 439//439
f 455//455 456//456 440//440
f 456//456 457//457 441//441
f 457//457 458//458 442//442
f 458//458 459//459 443//443
f 459//459 460//460 444//444
f 461//461 462//462 446//446
f 462//462 463//463 447//447
f 463//463 464//464 448//448
f 464//464 465//465 449//449
f 465//465 466//466 450//450
f 466//466 467//467 451//451
f 467//467 468//468 452//452
f 468//468 469//469 453//453
f 469//469 470//470 454//454
f 470//470 471//471 455//455
f 471//471 472//472 456//456
f 472//472 473//473 457//457
f 473//473 474//474 458//458
f 474//474 475//475 459//459
f 475//475 476//476 460//460
f 477//477 478//478 462//462
f 478//478 479//479 463//463
f 479//479 480//480 464//464
f 480//480 481//481 465//465
f 481//481 482//482 466//466
f 482//482 483//483 467//467
f 483//483 484//484 468//468
f 484//484 485//485 469//469
f 485//485 486//486 470//470
f 486//486 487//487 471//471
f 487//487 488//488 472//472
f 488//488 489//489 473//473
f 489//489 490//490 474//474
f 490//490 491//491 475//475
f 491//491 492//492 476//476
f 4//4 3//3 478//478
f 3//3 6//6 479//479
f 6//6 8//8 480//480
f 8//8 10//10 481//481
f 10//10 12//12 482//482
f 12//12 14//14 483//483
f 14//14 16//16 484//484
f 16//16 18//18 485//485
f 18//18 20//20 486//486
f 20//20 22//22 487//487
f 22//22 24//24 488//488
f 24//24 26//26 489//489
f 26//26 28//28 490//490
f 28//28 30//30 491//491
f 30//30 32//32 492//492
f 493//493 494//494 495//495
f 494//494 497//497 498//498
f 497//497 499//499 500//500
f 499//499 501//501 502//502
f 501//501 503//503 504//504
f 503//503 505//505 506//506
f 505//505 507//507 508//508
f 507//507 509//509 510//510
f 509//509 511//511 512//512
f 511//511 513//513 514//514
f 513//513 515//515 516//516
f 515//515 517//517 518//518
f 517//517 519//519 520//520
f 519//519 521//521 522//522
f 523//523 524//524 522//522
f 525//525 526//526 494//494
f 526//526 527//527 497//497
f 527//527 528//528 499//499
f 528//528 529//529 501//501
f 529//529 530//530 503//503
f 530//530 531//531 505//505
f 531//531 532//532 507//507
f 532//532 533//533 509//509
f 533//533 534//534 511//511
f 534//534 535//535 513//513
f 535//535 536//536 515//515
f 536//536 537//537 517//517
f 537//537 538//538 519//519
f 539//539 521//521 519//519
f 540//540 523//523 521//521
f 541//541 542//542 526//526
f 542//542 543//543 527//527
f 543//543 544//544 528//528
f 544//544 545//545 529//529
f 545//545 546//546 530//530
f 546//546 547//547 531//531
f 547//547 548//548 532//532
f 548//548 549//549 533//533
f 549//549 550//550 534//534
f 550//550 551//551 535//535
f 551//551 552//552 536//536
f 553//553 537//537 536//536
f 554//554 538//538 537//537
f 555//555 539//539 538//538
f 556//556 540//540 539//539
f 557//557 558//558 542//542
f 558//558 559//559 543//543
f 559//559 560//560 544//544
f 560//560 561//561 545//545
f 561//561 562//562 546//546
f 562//562 563//563 547//547
f 563//563 564//564 548//548
f 564//564 565//565 549//549
f 565//565 566//566 550//550
f 566//566 567//567 551//551
f 568//568 552//552 551//551
f 569//569 553//553 552//552
f 570//570 554//554 553//553
f 571//571 555//555 554//554
f 572//572 556//556 555//555
f 573//573 574//574 558//558
f 574//574 575//575 559//559
f 575//575 576//576 560//560
f 576//576 577//577 561//561
f 577//577 578//578 562//562
f 578//578 579//579 563//563
f 579//579 580//580 564//564
f 580//580 581//581 565//565
f 581//581 582//582 566//566
f 582//582 583//583 567//567
f 584//584 568//568 567//567
f 585//585 569//569 568//568
f 586//586 570//570 569//569
f 587//587 571//571 570//570
f 588//588 572//572 571//571
f 589//589 590//590 574//574
f 590//590 591//591 575//575
f 591//591 592//592 576//576
f 592//592 593//593 577//577
f 593//593 594//594 578//578
f 594//594 595//595 579//579
f 595//595 596//596 580//580
f 596//596 597//597 581//581
f 597//597 598//598 582//582
f 598//598 599//599 583//583
f 600//600 584//584 583//583
f 601//601 585//585 584//584
f 602//602 586//586 585//585
f 603//603 587//587 586//586
f 604//604 588//588 587//587
f 605//605 606//606 590//590
f 606//606 607//607 591//591
f 607//607 608//608 592//592
f 608//608 609//609 593//593
f 609//609 610//610 594//594
f 610//610 611//611 595//595
f 611//611 612//612 596//596
f 612//612 613//613 597//597
f 613//613 614//614 598//598
f 615//615 599//599 598//598
f 616//616 600//600 599//599
f 617//617 601//601 600//600
f 618//618 602//602 601//601
f 619//619 603//603 602//602
f 620//620 604//604 603//603
f 622//622 606//606 605//605
f 622//622 623//623 607//607
f 624//624 608//608 607//607
f 625//625 609//609 608//608
f 626//626 610//610 609//609
f 627//627 611//611 610//610
f 628//628 612//612 611//611
f 629//629 613//613 612//612
f 630//630 614//614 613//613
f 631//631 615//615 614//614
f 632//632 616//616 615//615
f 633//633 617//617 616//616
f 634//634 618//618 617//617
f 635//635 619//619 618//618
f 637//637 622//622 621//621
f 638//638 623//623 622//622
f 639//639 624//624 623//623
f 640//640 625//625 624//624
f 641//641 626//626 625//625
f 642//642 627//627 626//626
f 643//643 628//628 627//627
f 644//644 629//629 628//628
f 645//645 630//630 629//629
f 645//645 646//646 631//631
f 646//646 647//647 632//632
f 647//647 648//648 633//633
f 648//648 649//649 634//634
f 649//649 650//650 635//635
f 650//650 604//604 620//620
f 652//652 637//637 636//636
f 653//653 638//638 637//637
f 654//654 639//639 638//638
f 655//655 640//640 639//639
f 656//656 641//641 640//640
f 657//657 642//642 641//641
f 658//658 643//643 642//642
f 659//659 644//644 643//643
f 660//660 645//645 644//644
f 661//661 646//646 645//645
f 661//661 662//662 647//647
f 662//662 663//663 648//648
f 663//663 664//664 649//649
f 664//664 665//665 650//650
f 665//665 588//588 604//604
f 667//667 652//652 651//651
f 668//668 653//653 652//652
f 669//669 654//654 653//653
f 670//670 655//655 654//654
f 671//671 656//656 655//655
f 672//672 657//657 656//656
f 673//673 658//658 657//657
f 674//674 659//659 658//658
f 675//675 660//660 659//659
f 676//676 661//661 660//660
f 676//676 677//677 662//662
f 677//677 678//678 663//663
f 678//678 679//679 664//664
f 679//679 680//680 665//665
f 680//680 572//572 588//588
f 682//682 667//667 666//666
f 683//683 668//668 667//667
f 684//684 669//669 668//668
f 685//685 670//670 669//669
f 686//686 671//671 670//670
f 687//687 672//672 671//671
f 688//688 673//673 672//672
f 689//689 674//674 673//673
f 690//690 675//675 674//674
f 691//691 676//676 675//675
f 691//691 692//692 677//677
f 692//692 693//693 678//678
f 693//693 694//694 679//679
f 694//694 695//695 680//680
f 695//695 696//696 572//572
f 698//698 682//682 681//681
f 699//699 683//683 682//682
f 700//700 684//684 683//683
f 701//701 685//685 684//684
f 702//702 686//686 685//685
f 703//703 687//687 686//686
f 704//704 688//688 687//687
f 705//705 689//689 688//688
f 706//706 690//690 689//689
f 707//707 691//691 690//690
f 708//708 692//692 691//691
f 708//708 709//709 693//693
f 709//709 710//710 694//694
f 710//710 711//711 695//695
f 711//711 712//712 696//696
f 714//714 698//698 697//697
f 715//715 699//699 698//698
f 716//716 700//700 699//699
f 717//717 701//701 700//700
f 718//718 702//702 701//701
f 719//719 703//703 702//702
f 720//720 704//704 703//703
f 721//721 705//705 704//704
f 722//722 706//706 705//705
f 723//723 707//707 706//706
f 724//724 708//708 707//707
f 725//725 709//709 708//708
f 726//726 710//710 709//709
f 726//726 727//727 711//711
f 727//727 728//728 712//712
f 255//255 714//714 713//713
f 258//258 715//715 714//714
f 260//260 716//716 715//715
f 262//262 717//717 716//716
f 264//264 718//718 717//717
f 266//266 719//719 718//718
f 268//268 720//720 719//719
f 270//270 721//721 720//720
f 272//272 722//722 721//721
f 274//274 723//723 722//722
f 276//276 724//724 723//723
f 278//278 725//725 724//724
f 280//280 726//726 725//725
f 282//282 727//727 726//726
f 282//282 284//284 728//728
f 730//730 238//238 237//237
f 731//731 239//239 238//238
f 732//732 240//240 239//239
f 733//733 241//241 240//240
f 734//734 242//242 241//241
f 735//735 243//243 242//242
f 736//736 244//244 243//243
f 737//737 245//245 244//244
f 738//738 246//246 245//245
f 739//739 247//247 246//246
f 740//740 248//248 247//247
f 741//741 249//249 248//248
f 742//742 250//250 249//249
f 743//743 251//251 250//250
f 744//744 252//252 251//251
f 746//746 730//730 729//729
f 747//747 731//731 730//730
f 748//748 732//732 731//731
f 749//749 733//733 732//732
f 750//750 734//734 733//733
f 751//751 735//735 734//734
f 752//752 736//736 735//735
f 753//753 737//737 736//736
f 754//754 738//738 737//737
f 755//755 739//739 738//738
f 756//756 740//740 739//739
f 757//757 741//741 740//740
f 758//758 742//742 741//741
f 759//759 743//743 742//742
f 760//760 744//744 743//743
f 762//762 746//746 745//745
f 763//763 747//747 746//746
f 764//764 748//748 747//747
f 765//765 749//749 748//748
f 766//766 750//750 749//749
f 767//767 751//751 750//750
f 768//768 752//752 751//751
f 769//769 753//753 752//752
f 770//770 754//754 753//753
f 771//771 755//755 754//754
f 772//772 756//756 755//755
f 773//773 757//757 756//756
f 774//774 758//758 757//757
f 775//775 759//759 758//758
f 776//776 760//760 759//759
f 778//778 762//762 761//761
f 779//779 763//763 762//762
f 780//780 764//764 763//763
f 781//781 765//765 764//764
f 782//782 766//766 765//765
f 783//783 767//767 766//766
f 784//784 768//768 767//767
f 785//785 769//769 768//768
f 786//786 770//770 769//769
f 787//787 771//771 770//770
f 788//788 772//772 771//771
f 789//789 773//773 772//772
f 790//790 774//774 773//773
f 791//791 775//775 774//774
f 792//792 776//776 775//775
f 794//794 778//778 777//777
f 795//795 779//779 778//778
f 796//796 780//780 779//779
f 797//797 781//781 780//780
f 798//798 782//782 781//781
f 799//799 783//783 782//782
f 800//800 784//784 783//783
f 801//801 785//785 784//784
f 802//802 786//786 785//785
f 803//803 787//787 786//786
f 804//804 788//788 787//787
f 805//805 789//789 788//788
f 806//806 790//790 789//789
f 807//807 791//791 790//790
f 808//808 792//792 791//791
f 810//810 794//794 793//793
f 811//811 795//795 794//794
f 812//812 796//796 795//795
f 813//813 797//797 796//796
f 814//814 798//798 797//797
f 815//815 799//799 798//798
f 816//816 800//800 799//799
f 817//817 801//801 800//800
f 818//818 802//802 801//801
f 819//819 803//803 802//802
f 820//820 804//804 803//803
f 821//821 805//805 804//804
f 822//822 806//806 805//805
f 823//823 807//807 806//806
f 824//824 808//808 807//807
f 826//826 810//810 809//809
f 827//827 811//811 810//810
f 828//828 812//812 811//811
f 829//829 813//813 812//812
f 830//830 814//814 813//813
f 831//831 815//815 814//814
f 832//832 816//816 815//815
f 833//833 817//817 816//816
f 834//834 818//818 817//817
f 835//835 819//819 818//818
f 836//836 820//820 819//819
f 837//837 821//821 820//820
f 838//838 822//822 821//821
f 839//839 823//823 822//822
f 840//840 824//824 823//823
f 842//842 826//826 825//825
f 843//843 827//827 826//826
f 844//844 828//828 827//827
f 845//845 829//829 828//828
f 846//846 830//830 829//829
f 847//847 831//831 830//830
f 848//848 832//832 831//831
f 849//849 833//833 832//832
f 850//850 834//834 833//833
f 851//851 835//835 834//834
f 852//852 836//836 835//835
f 853//853 837//837 836//836
f 854//854 838//838 837//837
f 855//855 839//839 838//838
f 856//856 840//840 839//839
f 858//858 842//842 841//841
f 859//859 843//843 842//842
f 860//860 844//844 843//843
f 861//861 845//845 844//844
f 862//862 846//846 845//845
f 863//863 847//847 846//846
f 864//864 848//848 847//847
f 865//865 849//849 848//848
f 866//866 850//850 849//849
f 867//867 851//851 850//850
f 868//868 852//852 851//851
f 868//868 869//869 853//853
f 869//869 870//870 854//854
f 870//870 871//871 855//855
f 872//872 856//856 855//855
f 874//874 858//858 857//857
f 875//875 859//859 858//858
f 876//876 860//860 859//859
f 877//877 861//861 860//860
f 878//878 862//862 861//861
f 879//879 863//863 862//862
f 880//880 864//864 863//863
f 881//881 865//865 864//864
f 882//882 866//866 865//865
f 883//883 867//867 866//866
f 883//883 884//884 868//868
f 884//884 885//885 869//869
f 885//885 886//886 870//870
f 886//886 887//887 871//871
f 887//887 888//888 872//872
f 890//890 874//874 873//873
f 891//891 875//875 874//874
f 892//892 876//876 875//875
f 893//893 877//877 876//876
f 894//894 878//878 877//877
f 895//895 879//879 878//878
f 896//896 880//880 879//879
f 897//897 881//881 880//880
f 897//897 898//898 882//882
f 898//898 899//899 883//883
f 899//899 900//900 884//884
f 900//900 901//901 885//885
f 901//901 902//902 886//886
f 902//902 903//903 887//887
f 903//903 904//904 888//888
f 905//905 906//906 890//890
f 906//906 907//907 891//891
f 907//907 908//908 892//892
f 908//908 909//909 893//893
f 909//909 910//910 894//894
f 910//910 911//911 895//895
f 911//911 912//912 896//896
f 912//912 913//913 897//897
f 913//913 914//914 898//898
f 914//914 915//915 899//899
f 915//915 916//916 900//900
f 916//916 917//917 901//901
f 917//917 918//918 902//902
f 918//918 919//919 903//903
f 919//919 920//920 904//904
f 921//921 922//922 906//906
f 922//922 923//923 907//907
f 923//923 924//924 908//908
f 924//924 925//925 909//909
f 925//925 926//926 910//910
f 926//926 927//927 911//911
f 927//927 928//928 912//912
f 928//928 929//929 913//913
f 929//929 930//930 914//914
f 930//930 931//931 915//915
f 931//931 932//932 916//916
f 932//932 933//933 917//917
f 933//933 934//934 918//918
f 934//934 935//935 919//919
f 935//935 936//936 920//920
f 937//937 938//938 922//922
f 938//938 939//939 923//923
f 939//939 940//940 924//924
f 940//940 941//941 925//925
f 941//941 942//942 926//926
f 942//942 943//943 927//927
f 943//943 944//944 928//928
f 944//944 945//945 929//929
f 945//945 946//946 930//930
f 946//946 947//947 931//931
f 947//947 948//948 932//932
f 948//948 949//949 933//933
f 949//949 950//950 934//934
f 950//950 951//951 935//935
f 951//951 952//952 936//936
f 496//496 495//495 938//938
f 495//495 498//498 939//939
f 498//498 500//500 940//940
f 500//500 502//502 941//941
f 502//502 504//504 942//942
f 504//504 506//506 943//943
f 506//506 508//508 944//944
f 508//508 510//510 945//945
f 510//510 512//512 946//946
f 512//512 514//514 947//947
f 514//514 516//516 948//948
f 516//516 518//518 949//949
f 518//518 520//520 950//950
f 520//520 522//522 951//951
f 522//522 524//524 952//952
f 954//954 955//955 956//956
f 957//957 958//958 955//955
f 959//959 960//960 958//958
f 961//961 962//962 960//960
f 963//963 964//964 962//962
f 965//965 966//966 964//964
f 967//967 968//968 966//966
f 969//969 970//970 968//968
f 971//971 972//972 970//970
f 973//973 974//974 972//972
f 975//975 976//976 974//974
f 977//977 978//978 976//976
f 979//979 980//980 978//978
f 981//981 982//982 980//980
f 1//1 4//4 982//982
f 984//984 954//954 953//953
f 985//985 957//957 954//954
f 986//986 959//959 957//957
f 987//987 961//961 959//959
f 988//988 963//963 961//961
f 989//989 965//965 963//963
f 990//990 967//967 965//965
f 991//991 969//969 967//967
f 992//992 971//971 969//969
f 993//993 973//973 971//971
f 994//994 975//975 973//973
f 995//995 977//977 975//975
f 996//996 979//979 977//977
f 997//997 981//981 979//979
f 33//33 1//1 981//981
f 999//999 984//984 983//983
f 1000//1000 985//985 984//984
f 1001//1001 986//986 985//985
f 1002//1002 987//987 986//986
f 1003//1003 988//988 987//987
f 1004//1004 989//989 988//988
f 1005//1005 990//990 989//989
f 1006//1006 991//991 990//990
f 1007//1007 992//992 991//991
f 1008//1008 993//993 992//992
f 1009//1009 994//994 993//993
f 1010//1010 995//995 994//994
f 1011//1011 996//996 995//995
f 1012//1012 997//997 996//996
f 49//49 33//33 997//997
f 1014//1014 999//999 998//998
f 1015//1015 1000//1000 999//999
f 1016//1016 1001//1001 1000//1000
f 1017//1017 1002//1002 1001//1001
f 1018//1018 1003//1003 1002//1002
f 1019//1019 1004//1004 1003//1003
f 1020//1020 1005//1005 1004//1004
f 1021//1021 1006//1006 1005//1005
f 1022//1022 1007//1007 1006//1006
f 1023//1023 1008//1008 1007//1007
f 1024//1024 1009//1009 1008//1008
f 1025//1025 1010//1010 1009//1009
f 1026//1026 1011//1011 1010//1010
f 1027//1027 1012//1012 1011//1011
f 65//65 49//49 1012//1012
f 1029//1029 1014//1014 1013//1013
f 1030//1030 1015//1015 1014//1014
f 1031//1031 1016//1016 1015//1015
f 1032//1032 1017//1017 1016//1016
f 1033//1033 1018//1018 1017//1017
f 1034//1034 1019//1019 1018//1018
f 1035//1035 1020//1020 1019//1019
f 1036//1036 1021//1021 1020//1020
f 1037//1037 1022//1022 1021//1021
f 1038//1038 1023//1023 1022//1022
f 1039//1039 1024//1024 1023//1023
f 1040//1040 1025//1025 1024//1024
f 1041//1041 1026//1026 1025//1025
f 1042//1042 1027//1027 1026//1026
f 80//80 65//65 1027//1027
f 1044//1044 1029//1029 1028//1028
f 1045//1045 1030//1030 1029//1029
f 1046//1046 1031//1031 1030//1030
f 1047//1047 1032//1032 1031//1031
f 1048//1048 1033//1033 1032//1032
f 1049//1049 1034//1034 1033//1033
f 1050//1050 1035//1035 1034//1034
f 1051//1051 1036//1036 1035//1035
f 1052//1052 1037//1037 1036//1036
f 1052//1052 1053//1053 1038//1038
f 1053//1053 1054//1054 1039//1039
f 1054//1054 1055//1055 1040//1040
f 1055//1055 1056//1056 1041//1041
f 1056//1056 1057//1057 1042//1042
f 1057//1057 95//95 80//80
f 1059//1059 1044//1044 1043//1043
f 1060//1060 1045//1045 1044//1044
f 1061//1061 1046//1046 1045//1045
f 1062//1062 1047//1047 1046//1046
f 1063//1063 1048//1048 1047//1047
f 1064//1064 1049//1049 1048//1048
f 1065//1065 1050//1050 1049//1049
f 1066//1066 1051//1051 1050//1050
f 1066//1066 1067//1067 1052//1052
f 1067//1067 1068//1068 1053//1053
f 1068//1068 1069//1069 1054//1054
f 1069//1069 1070//1070 1055//1055
f 1070//1070 1071//1071 1056//1056
f 1071//1071 1072//1072 1057//1057
f 1072//1072 110//110 95//95
f 1074//1073 1059//1059 1058//1058
f 1075//1074 1060//1060 1059//1059
f 1076//1075 1061//1061 1060//1060
f 1076//1075 1077//1076 1062//1062
f 1078//1077 1063//1063 1062//1062
f 1079//1078 1064//1064 1063//1063
f 1080//1079 1065//1065 1064//1064
f 1081//1080 1066//1066 1065//1065
f 1082//1081 1067//1067 1066//1066
f 1083//1082 1068//1068 1067//1067
f 1083//1082 1084//1083 1069//1069
f 1085//1084 1070//1070 1069//1069
f 1086//1085 1071//1071 1070//1070
f 1087//1086 1072//1072 1071//1071
f 126//126 110//110 1072//1072
f 1088//1087 1089//1088 1074//1073
f 1089//1088 1090//1089 1075//1074
f 1090//1089 1091//1090 1076//1075
f 1091//1090 1092//1091 1077//1076
f 1092//1091 1093//1092 1078//1077
f 1093//1092 1094//1093 1079//1078
f 1094//1093 1095//1094 1080//1079
f 1095//1094 1096//1095 1081//1080
f 1097//1096 1082//1081 1081//1080
f 1098//1097 1083//1082 1082//1081
f 1099//1098 1084//1083 1083//1082
f 1100//1099 1085//1084 1084//1083
f 1101//1100 1086//1085 1085//1084
f 1102//1101 1087//1086 1086//1085
f 141//141 126//126 1087//1086
f 1103//1102 1104//1103 1089//1088
f 1104//1103 1105//1104 1090//1089
f 1105//1104 1106//1105 1091//1090
f 1106//1105 1107//1106 1092//1091
f 1107//1106 1108//1107 1093//1092
f 1108//1107 1109//1108 1094//1093
f 1109//1108 1110//1109 1095//1094
f 1110//1109 1111//1110 1096//1095
f 1111//1110 1112//1111 1097//1096
f 1113//1112 1098//1097 1097//1096
f 1114//1113 1099//1098 1098//1097
f 1115//1114 1100//1099 1099//1098
f 1116//1115 1101//1100 1100//1099
f 1117//1116 1102//1101 1101//1100
f 157//157 141//141 1102//1101
f 1118//1117 1119//1118 1104//1103
f 1119//1118 1120//1119 1105//1104
f 1120//1119 1121//1120 1106//1105
f 1121//1120 1122//1121 1107//1106
f 1122//1121 1123//1122 1108//1107
f 1123//1122 1124//1123 1109//1108
f 1124//1123 1125//1124 1110//1109
f 1125//1124 1126//1125 1111//1110
f 1126//1125 1127//1126 1112//1111
f 1127//1126 1128//1127 1113//1112
f 1128//1127 1129//1128 1114//1113
f 1129//1128 1130//1129 1115//1114
f 1130//1129 1131//1130 1116//1115
f 1131//1130 1132//1131 1117//1116
f 1132//1131 173//173 157//157
f 1133//1132 1134//1133 1119//1118
f 1134//1133 1135//1134 1120//1119
f 1135//1134 1136//1135 1121//1120
f 1136//1135 1137//1136 1122//1121
f 1137//1136 1138//1137 1123//1122
f 1138//1137 1139//1138 1124//1123
f 1139//1138 1140//1139 1125//1124
f 1140//1139 1141//1140 1126//1125
f 1141//1140 1142//1141 1127//1126
f 1142//1141 1143//1142 1128//1127
f 1143//1142 1144//1143 1129//1128
f 1144//1143 1145//1144 1130//1129
f 1145//1144 1146//1145 1131//1130
f 1146//1145 1147//1146 1132//1131
f 1147//1146 189//189 173//173
f 1148//1147 1149//1148 1134//1133
f 1149//1148 1150//1149 1135//1134
f 1150//1149 1151//1150 1136//1135
f 1151//1150 1152//1151 1137//1136
f 1152//1151 1153//1152 1138//1137
f 1153//1152 1154//1153 1139//1138
f 1154//1153 1155//1154 1140//1139
f 1155//1154 1156//1155 1141//1140
f 1156//1155 1157//1156 1142//1141
f 1157//1156 1158//1157 1143//1142
f 1158//1157 1159//1158 1144//1143
f 1159//1158 1160//1159 1145//1144
f 1160//1159 1161//1160 1146//1145
f 1161//1160 1162//1161 1147//1146
f 1162//1161 205//205 189//189
f 1163//1162 1164//1163 1149//1148
f 1164//1163 1165//1164 1150//1149
f 1165//1164 1166//1165 1151//1150
f 1166//1165 1167//1166 1152//1151
f 1167//1166 1168//1167 1153//1152
f 1168//1167 1169//1168 1154//1153
f 1169//1168 1170//1169 1155//1154
f 1170//1169 1171//1170 1156//1155
f 1171//1170 1172//1171 1157//1156
f 1172//1171 1173//1172 1158//1157
f 1173//1172 1174//1173 1159//1158
f 1174//1173 1175//1174 1160//1159
f 1175//1174 1176//1175 1161//1160
f 1176//1175 1177//1176 1162//1161
f 1177//1176 221//221 205//205
f 1178//1177 1179//1178 1164//1163
f 1179//1178 1180//1179 1165//1164
f 1180//1179 1181//1180 1166//1165
f 1181//1180 1182//1181 1167//1166
f 1182//1181 1183//1182 1168//1167
f 1183//1182 1184//1183 1169//1168
f 1184//1183 1185//1184 1170//1169
f 1185//1184 1186//1185 1171//1170
f 1186//1185 1187//1186 1172//1171
f 1187//1186 1188//1187 1173//1172
f 1188//1187 1189//1188 1174//1173
f 1189//1188 1190//1189 1175//1174
f 1190//1189 1191//1190 1176//1175
f 1191//1190 1192//1191 1177//1176
f 1192//1191 237//237 221//221
f 1194//1193 1195//1194 1196//1195
f 1197//1196 1198//1197 1195//1194
f 1197//1196 1199//1198 1200//1199
f 1199//1198 1201//1200 1202//1201
f 1201//1200 1203//1202 1204//1203
f 1203//1202 1205//1204 1206//1205
f 1205//1204 1207//1206 1208//1207
f 1207//1206 1209//1208 1210//1209
f 1209//1208 1211//1210 1212//1211
f 1211//1210 1213//1212 1214//1213
f 1213//1212 1215//1214 1216//1215
f 1215//1214 1217//1216 1218//1217
f 1217//1216 1219//1218 1220//1219
f 1219//1218 1221//1220 1222//1221
f 1221//1220 253//253 256//256
f 1224//1223 1194//1193 1193//1192
f 1225//1224 1197//1196 1194//1193
f 1226//1225 1199//1198 1197//1196
f 1227//1226 1201//1200 1199//1198
f 1227//1226 1228//1227 1203//1202
f 1228//1227 1229//1228 1205//1204
f 1229//1228 1230//1229 1207//1206
f 1230//1229 1231//1230 1209//1208
f 1231//1230 1232//1231 1211//1210
f 1232//1231 1233//1232 1213//1212
f 1233//1232 1234//1233 1215//1214
f 1234//1233 1235//1234 1217//1216
f 1235//1234 1236//1235 1219//1218
f 1236//1235 1237//1236 1221//1220
f 1237//1236 285//285 253//253
f 1239//1238 1224//1223 1223//1222
f 1240//1239 1225//1224 1224//1223
f 1241//1240 1226//1225 1225//1224
f 1242//1241 1227//1226 1226//1225
f 1243//1242 1228//1227 1227//1226
f 1244//1243 1229//1228 1228//1227
f 1245//1244 1230//1229 1229//1228
f 1245//1244 1246//1245 1231//1230
f 1246//1245 1247//1246 1232//1231
f 1247//1246 1248//1247 1233//1232
f 1248//1247 1249//1248 1234//1233
f 1249//1248 1250//1249 1235//1234
f 1250//1249 1251//1250 1236//1235
f 1251//1250 1252//1251 1237//1236
f 1252//1251 301//301 285//285
f 1254//1253 1239//1238 1238//1237
f 1255//1254 1240//1239 1239//1238
f 1256//1255 1241//1240 1240//1239
f 1257//1256 1242//1241 1241//1240
f 1258//1257 1243//1242 1242//1241
f 1259//1258 1244//1243 1243//1242
f 1260//1259 1245//1244 1244//1243
f 1261//1260 1246//1245 1245//1244
f 1262//1261 1247//1246 1246//1245
f 1263//1262 1248//1247 1247//1246
f 1264//1263 1249//1248 1248//1247
f 1265//1264 1250//1249 1249//1248
f 1266//1265 1251//1250 1250//1249
f 1267//1266 1252//1251 1251//1250
f 317//317 301//301 1252//1251
f 1269//1268 1254//1253 1253//1252
f 1270//1269 1255//1254 1254//1253
f 1271//1270 1256//1255 1255//1254
f 1272//1271 1257//1256 1256//1255
f 1273//1272 1258//1257 1257//1256
f 1274//1273 1259//1258 1258//1257
f 1275//1274 1260//1259 1259//1258
f 1276//1275 1261//1260 1260//1259
f 1277//1276 1262//1261 1261//1260
f 1278//1277 1263//1262 1262//1261
f 1279//1278 1264//1263 1263//1262
f 1280//1279 1265//1264 1264//1263
f 1281//1280 1266//1265 1265//1264
f 1282//1281 1267//1266 1266//1265
f 333//333 317//317 1267//1266
f 1284//1283 1269//1268 1268//1267
f 1285//1284 1270//1269 1269//1268
f 1286//1285 1271//1270 1270//1269
f 1287//1286 1272//1271 1271//1270
f 1288//1287 1273//1272 1272//1271
f 1289//1288 1274//1273 1273//1272
f 1290//1289 1275//1274 1274//1273
f 1291//1290 1276//1275 1275//1274
f 1292//1291 1277//1276 1276//1275
f 1293//1292 1278//1277 1277//1276
f 1294//1293 1279//1278 1278//1277
f 1295//1294 1280//1279 1279//1278
f 1296//1295 1281//1280 1280//1279
f 1297//1296 1282//1281 1281//1280
f 349//349 333//333 1282//1281
f 1299//1298 1284//1283 1283//1282
f 1300//1299 1285//1284 1284//1283
f 1301//1300 1286//1285 1285//1284
f 1302//1301 1287//1286 1286//1285
f 1303//1302 1288//1287 1287//1286
f 1304//1303 1289//1288 1288//1287
f 1305//1304 1290//1289 1289//1288
f 1306//1305 1291//1290 1290//1289
f 1307//1306 1292//1291 1291//1290
f 1308//1307 1293//1292 1292//1291
f 1309//1308 1294//1293 1293//1292
f 1310//1309 1295//1294 1294//1293
f 1311//1310 1296//1295 1295//1294
f 1312//1311 1297//1296 1296//1295
f 365//365 349//349 1297//1296
f 1314//1313 1299//1298 1298//1297
f 1315//1314 1300//1299 1299//1298
f 1316//1315 1301//1300 1300//1299
f 1317//1316 1302//1301 1301//1300
f 1318//1317 1303//1302 1302//1301
f 1319//1318 1304//1303 1303//1302
f 1320//1319 1305//1304 1304//1303
f 1321//1320 1306//1305 1305//1304
f 1322//1321 1307//1306 1306//1305
f 1323//1322 1308//1307 1307//1306
f 1324//1323 1309//1308 1308//1307
f 1325//1324 1310//1309 1309//1308
f 1326//1325 1311//1310 1310//1309
f 1327//1326 1312//1311 1311//1310
f 381//381 365//365 1312//1311
f 1329//1328 1314//1313 1313//1312
f 1330//1329 1315//1314 1314//1313
f 1331//1330 1316//1315 1315//1314
f 1332//1331 1317//1316 1316//1315
f 1333//1332 1318//1317 1317//1316
f 1334//1333 1319//1318 1318//1317
f 1335//1334 1320//1319 1319//1318
f 1336//1335 1321//1320 1320//1319
f 1337//1336 1322//1321 1321//1320
f 1338//1337 1323//1322 1322//1321
f 1339//1338 1324//1323 1323//1322
f 1340//1339 1325//1324 1324//1323
f 1341//1340 1326//1325 1325//1324
f 1342//1341 1327//1326 1326//1325
f 397//397 381//381 1327//1326
f 1344//1343 1329//1328 1328//1327
f 1345//1344 1330//1329 1329//1328
f 1346//1345 1331//1330 1330//1329
f 1347//1346 1332//1331 1331//1330
f 1348//1347 1333//1332 1332//1331
f 1349//1348 1334//1333 1333//1332
f 1350//1349 1335//1334 1334//1333
f 1351//1350 1336//1335 1335//1334
f 1352//1351 1337//1336 1336//1335
f 1353//1352 1338//1337 1337//1336
f 1354//1353 1339//1338 1338//1337
f 1355//1354 1340//1339 1339//1338
f 1356//1355 1341//1340 1340//1339
f 1357//1356 1342//1341 1341//1340
f 413//413 397//397 1342//1341
f 1359//1358 1344//1343 1343//1342
f 1360//1359 1345//1344 1344//1343
f 1361//1360 1346//1345 1345//1344
f 1362//1361 1347//1346 1346//1345
f 1363//1362 1348//1347 1347//1346
f 1364//1363 1349//1348 1348//1347
f 1365//1364 1350//1349 1349//1348
f 1366//1365 1351//1350 1350//1349
f 1367//1366 1352//1351 1351//1350
f 1368//1367 1353//1352 1352//1351
f 1369//1368 1354//1353 1353//1352
f 1370//1369 1355//1354 1354//1353
f 1371//1370 1356//1355 1355//1354
f 1372//1371 1357//1356 1356//1355
f 429//429 413//413 1357//1356
f 1374//1373 1359//1358 1358//1357
f 1375//1374 1360//1359 1359//1358
f 1376//1375 1361//1360 1360//1359
f 1377//1376 1362//1361 1361//1360
f 1378//1377 1363//1362 1362//1361
f 1379//1378 1364//1363 1363//1362
f 1380//1379 1365//1364 1364//1363
f 1381//1380 1366//1365 1365//1364
f 1382//1381 1367//1366 1366//1365
f 1383//1382 1368//1367 1367//1366
f 1384//1383 1369//1368 1368//1367
f 1385//1384 1370//1369 1369//1368
f 1386//1385 1371//1370 1370//1369
f 1387//1386 1372//1371 1371//1370
f 445//445 429//429 1372//1371
f 1389//1388 1374//1373 1373//1372
f 1390//1389 1375//1374 1374//1373
f 1391//1390 1376//1375 1375//1374
f 1392//1391 1377//1376 1376//1375
f 1393//1392 1378//1377 1377//1376
f 1394//1393 1379//1378 1378//1377
f 1395//1394 1380//1379 1379//1378
f 1396//1395 1381//1380 1380//1379
f 1397//1396 1382//1381 1381//1380
f 1398//1397 1383//1382 1382//1381
f 1399//1398 1384//1383 1383//1382
f 1400//1399 1385//1384 1384//1383
f 1401//1400 1386//1385 1385//1384
f 1402//1401 1387//1386 1386//1385
f 461//461 445//445 1387//1386
f 1404//1403 1389//1388 1388//1387
f 1405//1404 1390//1389 1389//1388
f 1406//1405 1391//1390 1390//1389
f 1407//1406 1392//1391 1391//1390
f 1408//1407 1393//1392 1392//1391
f 1409//1408 1394//1393 1393//1392
f 1410//1409 1395//1394 1394//1393
f 1411//1410 1396//1395 1395//1394
f 1412//1411 1397//1396 1396//1395
f 1413//1412 1398//1397 1397//1396
f 1414//1413 1399//1398 1398//1397
f 1415//1414 1400//1399 1399//1398
f 1416//1415 1401//1400 1400//1399
f 1417//1416 1402//1401 1401//1400
f 477//477 461//461 1402//1401
f 955//955 1404//1403 1403//1402
f 958//958 1405//1404 1404//1403
f 960//960 1406//1405 1405//1404
f 962//962 1407//1406 1406//1405
f 964//964 1408//1407 1407//1406
f 966//966 1409//1408 1408//1407
f 968//968 1410//1409 1409//1408
f 970//970 1411//1410 1410//1409
f 972//972 1412//1411 1411//1410
f 974//974 1413//1412 1412//1411
f 976//976 1414//1413 1413//1412
f 978//978 1415//1414 1414//1413
f 980//980 1416//1415 1415//1414
f 982//982 1417//1416 1416//1415
f 4//4 477//477 1417//1416
f 1418//1417 1419//1418 1420//1419
f 1419//1418 1422//1421 1423//1422
f 1424//1423 1425//1424 1423//1422
f 1426//1425 1427//1426 1425//1424
f 1428//1427 1429//1428 1427//1426
f 1430//1429 1431//1430 1429//1428
f 1432//1431 1433//1432 1431//1430
f 1434//1433 1435//1434 1433//1432
f 1436//1435 1437//1436 1435//1434
f 1438//1437 1439//1438 1437//1436
f 1440//1439 1441//1440 1439//1438
f 1442//1441 1443//1442 1441//1440
f 1444//1443 1445//1444 1443//1442
f 1446//1445 1447//1446 1445//1444
f 493//493 496//496 1447//1446
f 1448//1447 1449//1448 1419//1418
f 1449//1448 1450//1449 1422//1421
f 1451//1450 1424//1423 1422//1421
f 1452//1451 1426//1425 1424//1423
f 1453//1452 1428//1427 1426//1425
f 1454//1453 1430//1429 1428//1427
f 1455//1454 1432//1431 1430//1429
f 1456//1455 1434//1433 1432//1431
f 1457//1456 1436//1435 1434//1433
f 1458//1457 1438//1437 1436//1435
f 1459//1458 1440//1439 1438//1437
f 1460//1459 1442//1441 1440//1439
f 1461//1460 1444//1443 1442//1441
f 1462//1461 1446//1445 1444//1443
f 525//525 493//493 1446//1445
f 1463//1462 1464//1463 1449//1448
f 1464//1463 1465//1464 1450//1449
f 1466//1465 1451//1450 1450//1449
f 1467//1466 1452//1451 1451//1450
f 1468//1467 1453//1452 1452//1451
f 1469//1468 1454//1453 1453//1452
f 1470//1469 1455//1454 1454//1453
f 1471//1470 1456//1455 1455//1454
f 1472//1471 1457//1456 1456//1455
f 1473//1472 1458//1457 1457//1456
f 1474//1473 1459//1458 1458//1457
f 1475//1474 1460//1459 1459//1458
f 1476//1475 1461//1460 1460//1459
f 1477//1476 1462//1461 1461//1460
f 541//541 525//525 1462//1461
f 1478//1477 1479//1478 1464//1463
f 1479//1478 1480//1479 1465//1464
f 1481//1480 1466//1465 1465//1464
f 1482//1481 1467//1466 1466//1465
f 1483//1482 1468//1467 1467//1466
f 1484//1483 1469//1468 1468//1467
f 1485//1484 1470//1469 1469//1468
f 1486//1485 1471//1470 1470//1469
f 1487//1486 1472//1471 1471//1470
f 1488//1487 1473//1472 1472//1471
f 1489//1488 1474//1473 1473//1472
f 1490//1489 1475//1474 1474//1473
f 1491//1490 1476//1475 1475//1474
f 1492//1491 1477//1476 1476//1475
f 557//557 541//541 1477//1476
f 1493//1492 1494//1493 1479//1478
f 1494//1493 1495//1494 1480//1479
f 1496//1495 1481//1480 1480//1479
f 1497//1496 1482//1481 1481//1480
f 1498//1497 1483//1482 1482//1481
f 1499//1498 1484//1483 1483//1482
f 1500//1499 1485//1484 1484//1483
f 1501//1500 1486//1485 1485//1484
f 1502//1501 1487//1486 1486//1485
f 1503//1502 1488//1487 1487//1486
f 1504//1503 1489//1488 1488//1487
f 1505//1504 1490//1489 1489//1488
f 1506//1505 1491//1490 1490//1489
f 1507//1506 1492//1491 1491//1490
f 573//573 557//557 1492//1491
f 1508//1507 1509//1508 1494//1493
f 1510//1509 1495//1494 1494//1493
f 1511//1510 1496//1495 1495//1494
f 1512//1511 1497//1496 1496//1495
f 1513//1512 1498//1497 1497//1496
f 1514//1513 1499//1498 1498//1497
f 1515//1514 1500//1499 1499//1498
f 1516//1515 1501//1500 1500//1499
f 1517//1516 1502//1501 1501//1500
f 1518//1517 1503//1502 1502//1501
f 1519//1518 1504//1503 1503//1502
f 1520//1519 1505//1504 1504//1503
f 1521//1520 1506//1505 1505//1504
f 1522//1521 1507//1506 1506//1505
f 589//589 573//573 1507//1506
f 1523//1522 1524//1523 1509//1508
f 1525//1524 1510//1509 1509//1508
f 1526//1525 1511//1510 1510//1509
f 1527//1526 1512//1511 1511//1510
f 1528//1527 1513//1512 1512//1511
f 1529//1528 1514//1513 1513//1512
f 1530//1529 1515//1514 1514//1513
f 1531//1530 1516//1515 1515//1514
f 1532//1531 1517//1516 1516//1515
f 1533//1532 1518//1517 1517//1516
f 1534//1533 1519//1518 1518//1517
f 1535//1534 1520//1519 1519//1518
f 1536//1535 1521//1520 1520//1519
f 1537//1536 1522//1521 1521//1520
f 605//605 589//589 1522//1521
f 1539//1538 1524//1523 1523//1522
f 1540//1539 1525//1524 1524//1523
f 1541//1540 1526//1525 1525//1524
f 1542//1541 1527//1526 1526//1525
f 1543//1542 1528//1527 1527//1526
f 1544//1543 1529//1528 1528//1527
f 1545//1544 1530//1529 1529//1528
f 1546//1545 1531//1530 1530//1529
f 1547//1546 1532//1531 1531//1530
f 1547//1546 1548//1547 1533//1532
f 1548//1547 1549//1548 1534//1533
f 1549//1548 1550//1549 1535//1534
f 1550//1549 1551//1550 1536//1535
f 1551//1550 1552//1551 1537//1536
f 1552//1551 621//621 605//605
f 1554//1553 1539//1538 1538//1537
f 1555//1554 1540//1539 1539//1538
f 1556//1555 1541//1540 1540//1539
f 1557//1556 1542//1541 1541//1540
f 1558//1557 1543//1542 1542//1541
f 1559//1558 1544//1543 1543//1542
f 1559//1558 1560//1559 1545//1544
f 1560//1559 1561//1560 1546//1545
f 1561//1560 1562//1561 1547//1546
f 1562//1561 1563//1562 1548//1547
f 1563//1562 1564//1563 1549//1548
f 1564//1563 1565//1564 1550//1549
f 1565//1564 1566//1565 1551//1550
f 1566//1565 1567//1566 1552//1551
f 1567//1566 636//636 621//621
f 1569//1568 1554//1553 1553//1552
f 1570//1569 1555//1554 1554//1553
f 1571//1570 1556//1555 1555//1554
f 1572//1571 1557//1556 1556//1555
f 1572//1571 1573//1572 1558//1557
f 1573//1572 1574//1573 1559//1558
f 1574//1573 1575//1574 1560//1559
f 1575//1574 1576//1575 1561//1560
f 1576//1575 1577//1576 1562//1561
f 1577//1576 1578//1577 1563//1562
f 1578//1577 1579//1578 1564//1563
f 1579//1578 1580//1579 1565//1564
f 1580//1579 1581//1580 1566//1565
f 1581//1580 1582//1581 1567//1566
f 1582//1581 651//651 636//636
f 1584//1583 1569//1568 1568//1567
f 1585//1584 1570//1569 1569//1568
f 1586//1585 1571//1570 1570//1569
f 1586//1585 1587//1586 1572//1571
f 1587//1586 1588//1587 1573//1572
f 1588//1587 1589//1588 1574//1573
f 1589//1588 1590//1589 1575//1574
f 1590//1589 1591//1590 1576//1575
f 1591//1590 1592//1591 1577//1576
f 1592//1591 1593//1592 1578//1577
f 1593//1592 1594//1593 1579//1578
f 1594//1593 1595//1594 1580//1579
f 1595//1594 1596//1595 1581//1580
f 1596//1595 1597//1596 1582//1581
f 1597//1596 666//666 651//651
f 1599//1598 1584//1583 1583//1582
f 1600//1599 1585//1584 1584//1583
f 1600//1599 1601//1600 1586//1585
f 1601//1600 1602//1601 1587//1586
f 1602//1601 1603//1602 1588//1587
f 1603//1602 1604//1603 1589//1588
f 1604//1603 1605//1604 1590//1589
f 1605//1604 1606//1605 1591//1590
f 1606//1605 1607//1606 1592//1591
f 1607//1606 1608//1607 1593//1592
f 1608//1607 1609//1608 1594//1593
f 1609//1608 1610//1609 1595//1594
f 1610//1609 1611//1610 1596//1595
f 1611//1610 1612//1611 1597//1596
f 1612//1611 681//681 666//666
f 1614//1613 1599//1598 1598//1597
f 1615//1614 1600//1599 1599//1598
f 1615//1614 1616//1615 1601//1600
f 1616//1615 1617//1616 1602//1601
f 1617//1616 1618//1617 1603//1602
f 1618//1617 1619//1618 1604//1603
f 1619//1618 1620//1619 1605//1604
f 1620//1619 1621//1620 1606//1605
f 1621//1620 1622//1621 1607//1606
f 1622//1621 1623//1622 1608//1607
f 1623//1622 1624//1623 1609//1608
f 1624//1623 1625//1624 1610//1609
f 1625//1624 1626//1625 1611//1610
f 1626//1625 1627//1626 1612//1611
f 1627//1626 697//697 681//681
f 1629//1628 1614//1613 1613//1612
f 1629//1628 1630//1629 1615//1614
f 1630//1629 1631//1630 1616//1615
f 1631//1630 1632//1631 1617//1616
f 1632//1631 1633//1632 1618//1617
f 1633//1632 1634//1633 1619//1618
f 1634//1633 1635//1634 1620//1619
f 1635//1634 1636//1635 1621//1620
f 1636//1635 1637//1636 1622//1621
f 1637//1636 1638//1637 1623//1622
f 1638//1637 1639//1638 1624//1623
f 1639//1638 1640//1639 1625//1624
f 1640//1639 1641//1640 1626//1625
f 1641//1640 1642//1641 1627//1626
f 1642//1641 713//713 697//697
f 1195//1194 1629//1628 1628//1627
f 1195//1194 1198//1197 1630//1629
f 1198//1197 1200//1199 1631//1630
f 1200//1199 1202//1201 1632//1631
f 1202//1201 1204//1203 1633//1632
f 1204//1203 1206//1205 1634//1633
f 1206//1205 1208//1207 1635//1634
f 1208//1207 1210//1209 1636//1635
f 1210//1209 1212//1211 1637//1636
f 1212//1211 1214//1213 1638//1637
f 1214//1213 1216//1215 1639//1638
f 1216//1215 1218//1217 1640//1639
f 1218//1217 1220//1219 1641//1640
f 1220//1219 1222//1221 1642//1641
f 1222//1221 256//256 713//713
f 1643//1642 1644//1643 1179//1178
f 1644//1643 1645//1644 1180//1179
f 1645//1644 1646//1645 1181//1180
f 1646//1645 1647//1646 1182//1181
f 1647//1646 1648//1647 1183//1182
f 1648//1647 1649//1648 1184//1183
f 1649//1648 1650//1649 1185//1184
f 1650//1649 1651//1650 1186//1185
f 1651//1650 1652//1651 1187//1186
f 1652//1651 1653//1652 1188//1187
f 1653//1652 1654//1653 1189//1188
f 1654//1653 1655//1654 1190//1189
f 1655//1654 1656//1655 1191//1190
f 1656//1655 1657//1656 1192//1191
f 1657//1656 729//729 237//237
f 1658//1657 1659//1658 1644//1643
f 1659//1658 1660//1659 1645//1644
f 1660//1659 1661//1660 1646//1645
f 1661//1660 1662//1661 1647//1646
f 1662//1661 1663//1662 1648//1647
f 1663//1662 1664//1663 1649//1648
f 1664//1663 1665//1664 1650//1649
f 1665//1664 1666//1665 1651//1650
f 1666//1665 1667//1666 1652//1651
f 1667//1666 1668//1667 1653//1652
f 1668//1667 1669//1668 1654//1653
f 1669//1668 1670//1669 1655//1654
f 1670//1669 1671//1670 1656//1655
f 1671//1670 1672//1671 1657//1656
f 1672//1671 745//745 729//729
f 1673//1672 1674//1673 1659//1658
f 1674//1673 1675//1674 1660//1659
f 1675//1674 1676//1675 1661//1660
f 1676//1675 1677//1676 1662//1661
f 1677//1676 1678//1677 1663//1662
f 1678//1677 1679//1678 1664//1663
f 1679//1678 1680//1679 1665//1664
f 1680//1679 1681//1680 1666//1665
f 1681//1680 1682//1681 1667//1666
f 1682//1681 1683//1682 1668//1667
f 1683//1682 1684//1683 1669//1668
f 1684//1683 1685//1684 1670//1669
f 1685//1684 1686//1685 1671//1670
f 1686//1685 1687//1686 1672//1671
f 1687//1686 761//761 745//745
f 1688//1687 1689//1688 1674//1673
f 1689//1688 1690//1689 1675//1674
f 1690//1689 1691//1690 1676//1675
f 1691//1690 1692//1691 1677//1676
f 1692//1691 1693//1692 1678//1677
f 1693//1692 1694//1693 1679//1678
f 1694//1693 1695//1694 1680//1679
f 1695//1694 1696//1695 1681//1680
f 1696//1695 1697//1696 1682//1681
f 1697//1696 1698//1697 1683//1682
f 1698//1697 1699//1698 1684//1683
f 1699//1698 1700//1699 1685//1684
f 1700//1699 1701//1700 1686//1685
f 1701//1700 1702//1701 1687//1686
f 1702//1701 777//777 761//761
f 1703//1702 1704//1703 1689//1688
f 1704//1703 1705//1704 1690//1689
f 1705//1704 1706//1705 1691//1690
f 1706//1705 1707//1706 1692//1691
f 1707//1706 1708//1707 1693//1692
f 1708//1707 1709//1708 1694//1693
f 1709//1708 1710//1709 1695//1694
f 1710//1709 1711//1710 1696//1695
f 1711//1710 1712//1711 1697//1696
f 1712//1711 1713//1712 1698//1697
f 1713//1712 1714//1713 1699//1698
f 1714//1713 1715//1714 1700//1699
f 1715//1714 1716//1715 1701//1700
f 1716//1715 1717//1716 1702//1701
f 1717//1716 793//793 777//777
f 1718//1717 1719//1718 1704//1703
f 1719//1718 1720//1719 1705//1704
f 1720//1719 1721//1720 1706//1705
f 1721//1720 1722//1721 1707//1706
f 1722//1721 1723//1722 1708//1707
f 1723//1722 1724//1723 1709//1708
f 1724//1723 1725//1724 1710//1709
f 1725//1724 1726//1725 1711//1710
f 1726//1725 1727//1726 1712//1711
f 1727//1726 1728//1727 1713//1712
f 1728//1727 1729//1728 1714//1713
f 1729//1728 1730//1729 1715//1714
f 1730//1729 1731//1730 1716//1715
f 1731//1730 1732//1731 1717//1716
f 1732//1731 809//809 793//793
f 1733//1732 1734//1733 1719//1718
f 1734//1733 1735//1734 1720//1719
f 1735//1734 1736//1735 1721//1720
f 1736//1735 1737//1736 1722//1721
f 1737//1736 1738//1737 1723//1722
f 1738//1737 1739//1738 1724//1723
f 1739//1738 1740//1739 1725//1724
f 1740//1739 1741//1740 1726//1725
f 1741//1740 1742//1741 1727//1726
f 1742//1741 1743//1742 1728//1727
f 1743//1742 1744//1743 1729//1728
f 1744//1743 1745//1744 1730//1729
f 1745//1744 1746//1745 1731//1730
f 1746//1745 1747//1746 1732//1731
f 1747//1746 825//825 809//809
f 1748//1747 1749//1748 1734//1733
f 1749//1748 1750//1749 1735//1734
f 1750//1749 1751//1750 1736//1735
f 1751//1750 1752//1751 1737//1736
f 1752//1751 1753//1752 1738//1737
f 1753//1752 1754//1753 1739//1738
f 1754//1753 1755//1754 1740//1739
f 1755//1754 1756//1755 1741//1740
f 1756//1755 1757//1756 1742//1741
f 1757//1756 1758//1757 1743//1742
f 1758//1757 1759//1758 1744//1743
f 1759//1758 1760//1759 1745//1744
f 1760//1759 1761//1760 1746//1745
f 1761//1760 1762//1761 1747//1746
f 1762//1761 841//841 825//825
f 1763//1762 1764//1763 1749//1748
f 1764//1763 1765//1764 1750//1749
f 1765//1764 1766//1765 1751//1750
f 1766//1765 1767//1766 1752//1751
f 1767//1766 1768//1767 1753//1752
f 1768//1767 1769//1768 1754//1753
f 1769//1768 1770//1769 1755//1754
f 1770//1769 1771//1770 1756//1755
f 1771//1770 1772//1771 1757//1756
f 1772//1771 1773//1772 1758//1757
f 1773//1772 1774//1773 1759//1758
f 1774//1773 1775//1774 1760//1759
f 1775//1774 1776//1775 1761//1760
f 1776//1775 1777//1776 1762//1761
f 1777//1776 857//857 841//841
f 1778//1777 1779//1778 1764//1763
f 1779//1778 1780//1779 1765//1764
f 1780//1779 1781//1780 1766//1765
f 1781//1780 1782//1781 1767//1766
f 1782//1781 1783//1782 1768//1767
f 1783//1782 1784//1783 1769//1768
f 1784//1783 1785//1784 1770//1769
f 1785//1784 1786//1785 1771//1770
f 1786//1785 1787//1786 1772//1771
f 1787//1786 1788//1787 1773//1772
f 1788//1787 1789//1788 1774//1773
f 1789//1788 1790//1789 1775//1774
f 1790//1789 1791//1790 1776//1775
f 1791//1790 1792//1791 1777//1776
f 1792//1791 873//873 857//857
f 1793//1792 1794//1793 1779//1778
f 1794//1793 1795//1794 1780//1779
f 1795//1794 1796//1795 1781//1780
f 1796//1795 1797//1796 1782//1781
f 1797//1796 1798//1797 1783//1782
f 1798//1797 1799//1798 1784//1783
f 1799//1798 1800//1799 1785//1784
f 1800//1799 1801//1800 1786//1785
f 1801//1800 1802//1801 1787//1786
f 1802//1801 1803//1802 1788//1787
f 1803//1802 1804//1803 1789//1788
f 1804//1803 1805//1804 1790//1789
f 1805//1804 1806//1805 1791//1790
f 1806//1805 1807//1806 1792//1791
f 1807//1806 889//889 873//873
f 1808//1807 1809//1808 1794//1793
f 1809//1808 1810//1809 1795//1794
f 1810//1809 1811//1810 1796//1795
f 1811//1810 1812//1811 1797//1796
f 1812//1811 1813//1812 1798//1797
f 1813//1812 1814//1813 1799//1798
f 1814//1813 1815//1814 1800//1799
f 1815//1814 1816//1815 1801//1800
f 1816//1815 1817//1816 1802//1801
f 1817//1816 1818//1817 1803//1802
f 1818//1817 1819//1818 1804//1803
f 1819//1818 1820//1819 1805//1804
f 1820//1819 1821//1820 1806//1805
f 1821//1820 1822//1821 1807//1806
f 1822//1821 905//905 889//889
f 1823//1822 1824//1823 1809//1808
f 1824//1823 1825//1824 1810//1809
f 1825//1824 1826//1825 1811//1810
f 1826//1825 1827//1826 1812//1811
f 1827//1826 1828//1827 1813//1812
f 1828//1827 1829//1828 1814//1813
f 1829//1828 1830//1829 1815//1814
f 1830//1829 1831//1830 1816//1815
f 1832//1831 1817//1816 1816//1815
f 1833//1832 1818//1817 1817//1816
f 1834//1833 1819//1818 1818//1817
f 1835//1834 1820//1819 1819//1818
f 1836//1835 1821//1820 1820//1819
f 1837//1836 1822//1821 1821//1820
f 921//921 905//905 1822//1821
f 1838//1837 1839//1838 1824//1823
f 1839//1838 1840//1839 1825//1824
f 1840//1839 1841//1840 1826//1825
f 1841//1840 1842//1841 1827//1826
f 1843//1842 1828//1827 1827//1826
f 1844//1843 1829//1828 1828//1827
f 1845//1844 1830//1829 1829//1828
f 1846//1845 1831//1830 1830//1829
f 1847//1846 1832//1831 1831//1830
f 1848//1847 1833//1832 1832//1831
f 1849//1848 1834//1833 1833//1832
f 1850//1849 1835//1834 1834//1833
f 1851//1850 1836//1835 1835//1834
f 1852//1851 1837//1836 1836//1835
f 937//937 921//921 1837//1836
f 1421//1420 1420//1419 1839//1838
f 1420//1419 1423//1422 1840//1839
f 1423//1422 1425//1424 1841//1840
f 1427//1426 1842//1841 1841//1840
f 1429//1428 1843//1842 1842//1841
f 1431//1430 1844//1843 1843//1842
f 1433//1432 1845//1844 1844//1843
f 1435//1434 1846//1845 1845//1844
f 1437//1436 1847//1846 1846//1845
f 1439//1438 1848//1847 1847//1846
f 1441//1440 1849//1848 1848//1847
f 1443//1442 1850//1849 1849//1848
f 1445//1444 1851//1850 1850//1849
f 1447//1446 1852//1851 1851//1850
f 496//496 937//937 1852//1851
f 1853//1852 1854//1853 1855//1854
f 1854//1853 1857//1856 1858//1857
f 1857//1856 1859//1858 1860//1859
f 1859//1858 1861//1860 1862//1861
f 1861//1860 1863//1862 1864//1863
f 1863//1862 1865//1864 1866//1865
f 1865//1864 1867//1866 1868//1867
f 1867//1866 1869//1868 1870//1869
f 1869//1868 1871//1870 1872//1871
f 1871//1870 1873//1872 1874//1873
f 1873//1872 1875//1874 1876//1875
f 1875//1874 1877//1876 1878//1877
f 1877//1876 1879//1878 1880//1879
f 1879//1878 1881//1880 1882//1881
f 1881//1880 953//953 956//956
f 1883//1882 1884//1883 1854//1853
f 1884//1883 1885//1884 1857//1856
f 1885//1884 1886//1885 1859//1858
f 1886//1885 1887//1886 1861//1860
f 1887//1886 1888//1887 1863//1862
f 1888//1887 1889//1888 1865//1864
f 1889//1888 1890//1889 1867//1866
f 1890//1889 1891//1890 1869//1868
f 1891//1890 1892//1891 1871//1870
f 1892//1891 1893//1892 1873//1872
f 1893//1892 1894//1893 1875//1874
f 1894//1893 1895//1894 1877//1876
f 1895//1894 1896//1895 1879//1878
f 1896//1895 1897//1896 1881//1880
f 1897//1896 983//983 953//953
f 1898//1897 1899//1898 1884//1883
f 1899//1898 1900//1899 1885//1884
f 1900//1899 1901//1900 1886//1885
f 1901//1900 1902//1901 1887//1886
f 1902//1901 1903//1902 1888//1887
f 1903//1902 1904//1903 1889//1888
f 1904//1903 1905//1904 1890//1889
f 1905//1904 1906//1905 1891//1890
f 1906//1905 1907//1906 1892//1891
f 1907//1906 1908//1907 1893//1892
f 1908//1907 1909//1908 1894//1893
f 1909//1908 1910//1909 1895//1894
f 1910//1909 1911//1910 1896//1895
f 1911//1910 1912//1911 1897//1896
f 1912//1911 998//998 983//983
f 1913//1912 1914//1913 1899//1898
f 1914//1913 1915//1914 1900//1899
f 1915//1914 1916//1915 1901//1900
f 1916//1915 1917//1916 1902//1901
f 1917//1916 1918//1917 1903//1902
f 1918//1917 1919//1918 1904//1903
f 1919//1918 1920//1919 1905//1904
f 1920//1919 1921//1920 1906//1905
f 1921//1920 1922//1921 1907//1906
f 1922//1921 1923//1922 1908//1907
f 1923//1922 1924//1923 1909//1908
f 1924//1923 1925//1924 1910//1909
f 1925//1924 1926//1925 1911//1910
f 1926//1925 1927//1926 1912//1911
f 1927//1926 1013//1013 998//998
f 1928//1927 1929//1928 1914//1913
f 1929//1928 1930//1929 1915//1914
f 1930//1929 1931//1930 1916//1915
f 1931//1930 1932//1931 1917//1916
f 1932//1931 1933//1932 1918//1917
f 1933//1932 1934//1933 1919//1918
f 1934//1933 1935//1934 1920//1919
f 1935//1934 1936//1935 1921//1920
f 1936//1935 1937//1936 1922//1921
f 1937//1936 1938//1937 1923//1922
f 1938//1937 1939//1938 1924//1923
f 1939//1938 1940//1939 1925//1924
f 1940//1939 1941//1940 1926//1925
f 1941//1940 1942//1941 1927//1926
f 1942//1941 1028//1028 1013//1013
f 1943//1942 1944//1943 1929//1928
f 1944//1943 1945//1944 1930//1929
f 1945//1944 1946//1945 1931//1930
f 1946//1945 1947//1946 1932//1931
f 1947//1946 1948//1947 1933//1932
f 1948//1947 1949//1948 1934//1933
f 1949//1948 1950//1949 1935//1934
f 1950//1949 1951//1950 1936//1935
f 1951//1950 1952//1951 1937//1936
f 1952//1951 1953//1952 1938//1937
f 1953//1952 1954//1953 1939//1938
f 1954//1953 1955//1954 1940//1939
f 1955//1954 1956//1955 1941//1940
f 1956//1955 1957//1956 1942//1941
f 1957//1956 1043//1043 1028//1028
f 1958//1957 1959//1958 1944//1943
f 1959//1958 1960//1959 1945//1944
f 1960//1959 1961//1960 1946//1945
f 1961//1960 1962//1961 1947//1946
f 1962//1961 1963//1962 1948//1947
f 1963//1962 1964//1963 1949//1948
f 1964//1963 1965//1964 1950//1949
f 1965//1964 1966//1965 1951//1950
f 1966//1965 1967//1966 1952//1951
f 1967//1966 1968//1967 1953//1952
f 1968//1967 1969//1968 1954//1953
f 1969//1968 1970//1969 1955//1954
f 1970//1969 1971//1970 1956//1955
f 1971//1970 1972//1971 1957//1956
f 1972//1971 1058//1058 1043//1043
f 1974//1973 1959//1958 1958//1957
f 1975//1974 1960//1959 1959//1958
f 1976//1975 1961//1960 1960//1959
f 1977//1976 1962//1961 1961//1960
f 1978//1977 1963//1962 1962//1961
f 1978//1977 1979//1978 1964//1963
f 1980//1979 1965//1964 1964//1963
f 1981//1980 1966//1965 1965//1964
f 1982//1981 1967//1966 1966//1965
f 1983//1982 1968//1967 1967//1966
f 1984//1983 1969//1968 1968//1967
f 1985//1984 1970//1969 1969//1968
f 1986//1985 1971//1970 1970//1969
f 1987//1986 1972//1971 1971//1970
f 1987//1986 1073//1058 1058//1058
f 1989//1988 1974//1973 1973//1972
f 1990//1989 1975//1974 1974//1973
f 1991//1990 1976//1975 1975//1974
f 1992//1991 1977//1976 1976//1975
f 1993//1992 1978//1977 1977//1976
f 1994//1993 1979//1978 1978//1977
f 1995//1994 1980//1979 1979//1978
f 1996//1995 1981//1980 1980//1979
f 1997//1996 1982//1981 1981//1980
f 1998//1997 1983//1982 1982//1981
f 1999//1998 1984//1983 1983//1982
f 2000//1999 1985//1984 1984//1983
f 2001//2000 1986//1985 1985//1984
f 2002//2001 1987//1986 1986//1985
f 1088//1087 1073//1058 1987//1986
f 2004//2003 1989//1988 1988//1987
f 2005//2004 1990//1989 1989//1988
f 2006//2005 1991//1990 1990//1989
f 2007//2006 1992//1991 1991//1990
f 2008//2007 1993//1992 1992//1991
f 2009//2008 1994//1993 1993//1992
f 2010//2009 1995//1994 1994//1993
f 2011//2010 1996//1995 1995//1994
f 2012//2011 1997//1996 1996//1995
f 2013//2012 1998//1997 1997//1996
f 2014//2013 1999//1998 1998//1997
f 2015//2014 2000//1999 1999//1998
f 2016//2015 2001//2000 2000//1999
f 2017//2016 2002//2001 2001//2000
f 1103//1102 1088//1087 2002//2001
f 2019//2018 2004//2003 2003//2002
f 2020//2019 2005//2004 2004//2003
f 2021//2020 2006//2005 2005//2004
f 2022//2021 2007//2006 2006//2005
f 2023//2022 2008//2007 2007//2006
f 2024//2023 2009//2008 2008//2007
f 2025//2024 2010//2009 2009//2008
f 2026//2025 2011//2010 2010//2009
f 2027//2026 2012//2011 2011//2010
f 2028//2027 2013//2012 2012//2011
f 2029//2028 2014//2013 2013//2012
f 2030//2029 2015//2014 2014//2013
f 2031//2030 2016//2015 2015//2014
f 2032//2031 2017//2016 2016//2015
f 1118//1117 1103//1102 2017//2016
f 2034//2033 2019//2018 2018//2017
f 2035//2034 2020//2019 2019//2018
f 2036//2035 2021//2020 2020//2019
f 2037//2036 2022//2021 2021//2020
f 2038//2037 2023//2022 2022//2021
f 2039//2038 2024//2023 2023//2022
f 2040//2039 2025//2024 2024//2023
f 2041//2040 2026//2025 2025//2024
f 2042//2041 2027//2026 2026//2025
f 2043//2042 2028//2027 2027//2026
f 2044//2043 2029//2028 2028//2027
f 2045//2044 2030//2029 2029//2028
f 2046//2045 2031//2030 2030//2029
f 2047//2046 2032//2031 2031//2030
f 1133//1132 1118//1117 2032//2031
f 2049//2048 2034//2033 2033//2032
f 2050//2049 2035//2034 2034//2033
f 2051//2050 2036//2035 2035//2034
f 2052//2051 2037//2036 2036//2035
f 2053//2052 2038//2037 2037//2036
f 2054//2053 2039//2038 2038//2037
f 2055//2054 2040//2039 2039//2038
f 2056//2055 2041//2040 2040//2039
f 2057//2056 2042//2041 2041//2040
f 2058//2057 2043//2042 2042//2041
f 2059//2058 2044//2043 2043//2042
f 2060//2059 2045//2044 2044//2043
f 2061//2060 2046//2045 2045//2044
f 2062//2061 2047//2046 2046//2045
f 1148//1147 1133//1132 2047//2046
f 2064//2063 2049//2048 2048//2047
f 2065//2064 2050//2049 2049//2048
f 2066//2065 2051//2050 2050//2049
f 2067//2066 2052//2051 2051//2050
f 2068//2067 2053//2052 2052//2051
f 2069//2068 2054//2053 2053//2052
f 2070//2069 2055//2054 2054//2053
f 2071//2070 2056//2055 2055//2054
f 2072//2071 2057//2056 2056//2055
f 2073//2072 2058//2057 2057//2056
f 2074//2073 2059//2058 2058//2057
f 2075//2074 2060//2059 2059//2058
f 2076//2075 2061//2060 2060//2059
f 2077//2076 2062//2061 2061//2060
f 1163//1162 1148//1147 2062//2061
f 2079//2078 2064//2063 2063//2062
f 2080//2079 2065//2064 2064//2063
f 2081//2080 2066//2065 2065//2064
f 2082//2081 2067//2066 2066//2065
f 2083//2082 2068//2067 2067//2066
f 2084//2083 2069//2068 2068//2067
f 2085//2084 2070//2069 2069//2068
f 2086//2085 2071//2070 2070//2069
f 2087//2086 2072//2071 2071//2070
f 2088//2087 2073//2072 2072//2071
f 2089//2088 2074//2073 2073//2072
f 2090//2089 2075//2074 2074//2073
f 2091//2090 2076//2075 2075//2074
f 2092//2091 2077//2076 2076//2075
f 1178//1177 1163//1162 2077//2076
f 2094//2093 2095//2094 2096//2095
f 2097//2096 2098//2097 2095//2094
f 2099//2098 2100//2099 2098//2097
f 2101//2100 2102//2101 2100//2099
f 2103//2102 2104//2103 2102//2101
f 2105//2104 2106//2105 2104//2103
f 2107//2106 2108//2107 2106//2105
f 2109//2108 2110//2109 2108//2107
f 2111//2110 2112//2111 2110//2109
f 2113//2112 2114//2113 2112//2111
f 2115//2114 2116//2115 2114//2113
f 2117//2116 2118//2117 2116//2115
f 2119//2118 2120//2119 2118//2117
f 2121//2120 2122//2121 2120//2119
f 1193//1192 1196//1195 2122//2121
f 2123//2122 2124//2123 2094//2093
f 2125//2124 2097//2096 2094//2093
f 2126//2125 2099//2098 2097//2096
f 2127//2126 2101//2100 2099//2098
f 2128//2127 2103//2102 2101//2100
f 2129//2128 2105//2104 2103//2102
f 2130//2129 2107//2106 2105//2104
f 2131//2130 2109//2108 2107//2106
f 2132//2131 2111//2110 2109//2108
f 2133//2132 2113//2112 2111//2110
f 2134//2133 2115//2114 2113//2112
f 2135//2134 2117//2116 2115//2114
f 2136//2135 2119//2118 2117//2116
f 2137//2136 2121//2120 2119//2118
f 1223//1222 1193//1192 2121//2120
f 2138//2137 2139//2138 2124//2123
f 2139//2138 2140//2139 2125//2124
f 2140//2139 2141//2140 2126//2125
f 2141//2140 2142//2141 2127//2126
f 2142//2141 2143//2142 2128//2127
f 2143//2142 2144//2143 2129//2128
f 2144//2143 2145//2144 2130//2129
f 2145//2144 2146//2145 2131//2130
f 2146//2145 2147//2146 2132//2131
f 2148//2147 2133//2132 2132//2131
f 2149//2148 2134//2133 2133//2132
f 2150//2149 2135//2134 2134//2133
f 2151//2150 2136//2135 2135//2134
f 2152//2151 2137//2136 2136//2135
f 1238//1237 1223//1222 2137//2136
f 2153//2152 2154//2153 2139//2138
f 2154//2153 2155//2154 2140//2139
f 2155//2154 2156//2155 2141//2140
f 2156//2155 2157//2156 2142//2141
f 2157//2156 2158//2157 2143//2142
f 2158//2157 2159//2158 2144//2143
f 2159//2158 2160//2159 2145//2144
f 2160//2159 2161//2160 2146//2145
f 2161//2160 2162//2161 2147//2146
f 2162//2161 2163//2162 2148//2147
f 2164//2163 2149//2148 2148//2147
f 2165//2164 2150//2149 2149//2148
f 2166//2165 2151//2150 2150//2149
f 2167//2166 2152//2151 2151//2150
f 1253//1252 1238//1237 2152//2151
f 2168//2167 2169//2168 2154//2153
f 2169//2168 2170//2169 2155//2154
f 2170//2169 2171//2170 2156//2155
f 2171//2170 2172//2171 2157//2156
f 2172//2171 2173//2172 2158//2157
f 2173//2172 2174//2173 2159//2158
f 2174//2173 2175//2174 2160//2159
f 2175//2174 2176//2175 2161//2160
f 2176//2175 2177//2176 2162//2161
f 2177//2176 2178//2177 2163//2162
f 2178//2177 2179//2178 2164//2163
f 2180//2179 2165//2164 2164//2163
f 2181//2180 2166//2165 2165//2164
f 2182//2181 2167//2166 2166//2165
f 1268//1267 1253//1252 2167//2166
f 2183//2182 2184//2183 2169//2168
f 2184//2183 2185//2184 2170//2169
f 2185//2184 2186//2185 2171//2170
f 2186//2185 2187//2186 2172//2171
f 2187//2186 2188//2187 2173//2172
f 2188//2187 2189//2188 2174//2173
f 2189//2188 2190//2189 2175//2174
f 2190//2189 2191//2190 2176//2175
f 2191//2190 2192//2191 2177//2176
f 2192//2191 2193//2192 2178//2177
f 2193//2192 2194//2193 2179//2178
f 2195//2194 2180//2179 2179//2178
f 2196//2195 2181//2180 2180//2179
f 2197//2196 2182//2181 2181//2180
f 1283//1282 1268//1267 2182//2181
f 2198//2197 2199//2198 2184//2183
f 2199//2198 2200//2199 2185//2184
f 2200//2199 2201//2200 2186//2185
f 2201//2200 2202//2201 2187//2186
f 2202//2201 2203//2202 2188//2187
f 2203//2202 2204//2203 2189//2188
f 2204//2203 2205//2204 2190//2189
f 2205//2204 2206//2205 2191//2190
f 2206//2205 2207//2206 2192//2191
f 2207//2206 2208//2207 2193//2192
f 2208//2207 2209//2208 2194//2193
f 2210//2209 2195//2194 2194//2193
f 2211//2210 2196//2195 2195//2194
f 2212//2211 2197//2196 2196//2195
f 1298//1297 1283//1282 2197//2196
f 2213//2212 2214//2213 2199//2198
f 2214//2213 2215//2214 2200//2199
f 2215//2214 2216//2215 2201//2200
f 2216//2215 2217//2216 2202//2201
f 2217//2216 2218//2217 2203//2202
f 2218//2217 2219//2218 2204//2203
f 2219//2218 2220//2219 2205//2204
f 2220//2219 2221//2220 2206//2205
f 2221//2220 2222//2221 2207//2206
f 2222//2221 2223//2222 2208//2207
f 2223//2222 2224//2223 2209//2208
f 2225//2224 2210//2209 2209//2208
f 2226//2225 2211//2210 2210//2209
f 2227//2226 2212//2211 2211//2210
f 1313//1312 1298//1297 2212//2211
f 2228//2227 2229//2228 2214//2213
f 2229//2228 2230//2229 2215//2214
f 2230//2229 2231//2230 2216//2215
f 2231//2230 2232//2231 2217//2216
f 2232//2231 2233//2232 2218//2217
f 2233//2232 2234//2233 2219//2218
f 2234//2233 2235//2234 2220//2219
f 2235//2234 2236//2235 2221//2220
f 2236//2235 2237//2236 2222//2221
f 2237//2236 2238//2237 2223//2222
f 2238//2237 2239//2238 2224//2223
f 2240//2239 2225//2224 2224//2223
f 2241//2240 2226//2225 2225//2224
f 2242//2241 2227//2226 2226//2225
f 1328//1327 1313//1312 2227//2226
f 2243//2242 2244//2243 2229//2228
f 2244//2243 2245//2244 2230//2229
f 2245//2244 2246//2245 2231//2230
f 2246//2245 2247//2246 2232//2231
f 2247//2246 2248//2247 2233//2232
f 2248//2247 2249//2248 2234//2233
f 2249//2248 2250//2249 2235//2234
f 2250//2249 2251//2250 2236//2235
f 2251//2250 2252//2251 2237//2236
f 2252//2251 2253//2252 2238//2237
f 2253//2252 2254//2253 2239//2238
f 2255//2254 2240//2239 2239//2238
f 2256//2255 2241//2240 2240//2239
f 2257//2256 2242//2241 2241//2240
f 1343//1342 1328//1327 2242//2241
f 2258//2257 2259//2258 2244//2243
f 2259//2258 2260//2259 2245//2244
f 2260//2259 2261//2260 2246//2245
f 2261//2260 2262//2261 2247//2246
f 2262//2261 2263//2262 2248//2247
f 2263//2262 2264//2263 2249//2248
f 2264//2263 2265//2264 2250//2249
f 2265//2264 2266//2265 2251//2250
f 2266//2265 2267//2266 2252//2251
f 2267//2266 2268//2267 2253//2252
f 2268//2267 2269//2268 2254//2253
f 2269//2268 2270//2269 2255//2254
f 2271//2270 2256//2255 2255//2254
f 2272//2271 2257//2256 2256//2255
f 1358//1357 1343//1342 2257//2256
f 2273//2272 2274//2273 2259//2258
f 2274//2273 2275//2274 2260//2259
f 2275//2274 2276//2275 2261//2260
f 2276//2275 2277//2276 2262//2261
f 2277//2276 2278//2277 2263//2262
f 2278//2277 2279//2278 2264//2263
f 2279//2278 2280//2279 2265//2264
f 2280//2279 2281//2280 2266//2265
f 2281//2280 2282//2281 2267//2266
f 2282//2281 2283//2282 2268//2267
f 2283//2282 2284//2283 2269//2268
f 2284//2283 2285//2284 2270//2269
f 2286//2285 2271//2270 2270//2269
f 2287//2286 2272//2271 2271//2270
f 1373//1372 1358//1357 2272//2271
f 2288//2287 2289//2288 2274//2273
f 2289//2288 2290//2289 2275//2274
f 2290//2289 2291//2290 2276//2275
f 2291//2290 2292//2291 2277//2276
f 2292//2291 2293//2292 2278//2277
f 2293//2292 2294//2293 2279//2278
f 2294//2293 2295//2294 2280//2279
f 2295//2294 2296//2295 2281//2280
f 2296//2295 2297//2296 2282//2281
f 2297//2296 2298//2297 2283//2282
f 2298//2297 2299//2298 2284//2283
f 2299//2298 2300//2299 2285//2284
f 2301//2300 2286//2285 2285//2284
f 2302//2301 2287//2286 2286//2285
f 1388//1387 1373//1372 2287//2286
f 2303//2302 2304//2303 2289//2288
f 2304//2303 2305//2304 2290//2289
f 2305//2304 2306//2305 2291//2290
f 2306//2305 2307//2306 2292//2291
f 2307//2306 2308//2307 2293//2292
f 2308//2307 2309//2308 2294//2293
f 2309//2308 2310//2309 2295//2294
f 2310//2309 2311//2310 2296//2295
f 2311//2310 2312//2311 2297//2296
f 2312//2311 2313//2312 2298//2297
f 2313//2312 2314//2313 2299//2298
f 2314//2313 2315//2314 2300//2299
f 2315//2314 2316//2315 2301//2300
f 2317//2316 2302//2301 2301//2300
f 1403//1402 1388//1387 2302//2301
f 1856//1855 1855//1854 2304//2303
f 1855//1854 1858//1857 2305//2304
f 1858//1857 1860//1859 2306//2305
f 1860//1859 1862//1861 2307//2306
f 1862//1861 1864//1863 2308//2307
f 1864//1863 1866//1865 2309//2308
f 1866//1865 1868//1867 2310//2309
f 1868//1867 1870//1869 2311//2310
f 1870//1869 1872//1871 2312//2311
f 1872//1871 1874//1873 2313//2312
f 1874//1873 1876//1875 2314//2313
f 1876//1875 1878//1877 2315//2314
f 1878//1877 1880//1879 2316//2315
f 1880//1879 1882//1881 2317//2316
f 956//956 1403//1402 2317//2316
f 2318//2317 2319//2318 2320//2319
f 2319//2318 2322//2321 2323//2322
f 2322//2321 2324//2323 2325//2324
f 2324//2323 2326//2325 2327//2326
f 2326//2325 2328//2327 2329//2328
f 2328//2327 2330//2329 2331//2330
f 2330//2329 2332//2331 2333//2332
f 2332//2331 2334//2333 2335//2334
f 2334//2333 2336//2335 2337//2336
f 2336//2335 2338//2337 2339//2338
f 2338//2337 2340//2339 2341//2340
f 2340//2339 2342//2341 2343//2342
f 2342//2341 2344//2343 2345//2344
f 2344//2343 2346//2345 2347//2346
f 2346//2345 1418//1417 1421//1420
f 2348//2347 2349//2348 2319//2318
f 2349//2348 2350//2349 2322//2321
f 2350//2349 2351//2350 2324//2323
f 2351//2350 2352//2351 2326//2325
f 2352//2351 2353//2352 2328//2327
f 2353//2352 2354//2353 2330//2329
f 2354//2353 2355//2354 2332//2331
f 2355//2354 2356//2355 2334//2333
f 2356//2355 2357//2356 2336//2335
f 2357//2356 2358//2357 2338//2337
f 2358//2357 2359//2358 2340//2339
f 2359//2358 2360//2359 2342//2341
f 2360//2359 2361//2360 2344//2343
f 2361//2360 2362//2361 2346//2345
f 2362//2361 1448//1447 1418//1417
f 2363//2362 2364//2363 2349//2348
f 2364//2363 2365//2364 2350//2349
f 2365//2364 2366//2365 2351//2350
f 2366//2365 2367//2366 2352//2351
f 2367//2366 2368//2367 2353//2352
f 2368//2367 2369//2368 2354//2353
f 2369//2368 2370//2369 2355//2354
f 2370//2369 2371//2370 2356//2355
f 2371//2370 2372//2371 2357//2356
f 2372//2371 2373//2372 2358//2357
f 2373//2372 2374//2373 2359//2358
f 2374//2373 2375//2374 2360//2359
f 2375//2374 2376//2375 2361//2360
f 2376//2375 2377//2376 2362//2361
f 2377//2376 1463//1462 1448//1447
f 2378//2377 2379//2378 2364//2363
f 2379//2378 2380//2379 2365//2364
f 2380//2379 2381//2380 2366//2365
f 2381//2380 2382//2381 2367//2366
f 2382//2381 2383//2382 2368//2367
f 2383//2382 2384//2383 2369//2368
f 2384//2383 2385//2384 2370//2369
f 2385//2384 2386//2385 2371//2370
f 2386//2385 2387//2386 2372//2371
f 2387//2386 2388//2387 2373//2372
f 2388//2387 2389//2388 2374//2373
f 2389//2388 2390//2389 2375//2374
f 2390//2389 2391//2390 2376//2375
f 2391//2390 2392//2391 2377//2376
f 2392//2391 1478//1477 1463//1462
f 2393//2392 2394//2393 2379//2378
f 2394//2393 2395//2394 2380//2379
f 2395//2394 2396//2395 2381//2380
f 2396//2395 2397//2396 2382//2381
f 2397//2396 2398//2397 2383//2382
f 2398//2397 2399//2398 2384//2383
f 2399//2398 2400//2399 2385//2384
f 2400//2399 2401//2400 2386//2385
f 2401//2400 2402//2401 2387//2386
f 2402//2401 2403//2402 2388//2387
f 2403//2402 2404//2403 2389//2388
f 2404//2403 2405//2404 2390//2389
f 2405//2404 2406//2405 2391//2390
f 2406//2405 2407//2406 2392//2391
f 2407//2406 1493//1492 1478//1477
f 2408//2407 2409//2408 2394//2393
f 2409//2408 2410//2409 2395//2394
f 2410//2409 2411//2410 2396//2395
f 2411//2410 2412//2411 2397//2396
f 2412//2411 2413//2412 2398//2397
f 2413//2412 2414//2413 2399//2398
f 2414//2413 2415//2414 2400//2399
f 2415//2414 2416//2415 2401//2400
f 2416//2415 2417//2416 2402//2401
f 2417//2416 2418//2417 2403//2402
f 2418//2417 2419//2418 2404//2403
f 2419//2418 2420//2419 2405//2404
f 2420//2419 2421//2420 2406//2405
f 2421//2420 2422//2421 2407//2406
f 2422//2421 1508//1507 1493//1492
f 2423//2422 2424//2423 2409//2408
f 2424//2423 2425//2424 2410//2409
f 2425//2424 2426//2425 2411//2410
f 2426//2425 2427//2426 2412//2411
f 2427//2426 2428//2427 2413//2412
f 2428//2427 2429//2428 2414//2413
f 2429//2428 2430//2429 2415//2414
f 2430//2429 2431//2430 2416//2415
f 2431//2430 2432//2431 2417//2416
f 2432//2431 2433//2432 2418//2417
f 2433//2432 2434//2433 2419//2418
f 2434//2433 2435//2434 2420//2419
f 2435//2434 2436//2435 2421//2420
f 2436//2435 2437//2436 2422//2421
f 2437//2436 1523//1522 1508//1507
f 2439//2438 2424//2423 2423//2422
f 2440//2439 2425//2424 2424//2423
f 2441//2440 2426//2425 2425//2424
f 2442//2441 2427//2426 2426//2425
f 2443//2442 2428//2427 2427//2426
f 2444//2443 2429//2428 2428//2427
f 2445//2444 2430//2429 2429//2428
f 2446//2445 2431//2430 2430//2429
f 2447//2446 2432//2431 2431//2430
f 2448//2447 2433//2432 2432//2431
f 2449//2448 2434//2433 2433//2432
f 2450//2449 2435//2434 2434//2433
f 2451//2450 2436//2435 2435//2434
f 2452//2451 2437//2436 2436//2435
f 1538//1537 1523//1522 2437//2436
f 2454//2453 2439//2438 2438//2437
f 2455//2454 2440//2439 2439//2438
f 2456//2455 2441//2440 2440//2439
f 2457//2456 2442//2441 2441//2440
f 2458//2457 2443//2442 2442//2441
f 2459//2458 2444//2443 2443//2442
f 2460//2459 2445//2444 2444//2443
f 2461//2460 2446//2445 2445//2444
f 2462//2461 2447//2446 2446//2445
f 2463//2462 2448//2447 2447//2446
f 2464//2463 2449//2448 2448//2447
f 2465//2464 2450//2449 2449//2448
f 2466//2465 2451//2450 2450//2449
f 2467//2466 2452//2451 2451//2450
f 1553//1552 1538//1537 2452//2451
f 2469//2468 2454//2453 2453//2452
f 2470//2469 2455//2454 2454//2453
f 2471//2470 2456//2455 2455//2454
f 2472//2471 2457//2456 2456//2455
f 2473//2472 2458//2457 2457//2456
f 2474//2473 2459//2458 2458//2457
f 2475//2474 2460//2459 2459//2458
f 2476//2475 2461//2460 2460//2459
f 2477//2476 2462//2461 2461//2460
f 2478//2477 2463//2462 2462//2461
f 2479//2478 2464//2463 2463//2462
f 2480//2479 2465//2464 2464//2463
f 2481//2480 2466//2465 2465//2464
f 2482//2481 2467//2466 2466//2465
f 1568//1567 1553//1552 2467//2466
f 2484//2483 2469//2468 2468//2467
f 2485//2484 2470//2469 2469//2468
f 2486//2485 2471//2470 2470//2469
f 2487//2486 2472//2471 2471//2470
f 2488//2487 2473//2472 2472//2471
f 2489//2488 2474//2473 2473//2472
f 2490//2489 2475//2474 2474//2473
f 2491//2490 2476//2475 2475//2474
f 2492//2491 2477//2476 2476//2475
f 2493//2492 2478//2477 2477//2476
f 2494//2493 2479//2478 2478//2477
f 2495//2494 2480//2479 2479//2478
f 2496//2495 2481//2480 2480//2479
f 2497//2496 2482//2481 2481//2480
f 1583//1582 1568//1567 2482//2481
f 2499//2498 2484//2483 2483//2482
f 2500//2499 2485//2484 2484//2483
f 2501//2500 2486//2485 2485//2484
f 2502//2501 2487//2486 2486//2485
f 2503//2502 2488//2487 2487//2486
f 2504//2503 2489//2488 2488//2487
f 2505//2504 2490//2489 2489//2488
f 2506//2505 2491//2490 2490//2489
f 2507//2506 2492//2491 2491//2490
f 2508//2507 2493//2492 2492//2491
f 2509//2508 2494//2493 2493//2492
f 2510//2509 2495//2494 2494//2493
f 2511//2510 2496//2495 2495//2494
f 2512//2511 2497//2496 2496//2495
f 1598//1597 1583//1582 2497//2496
f 2514//2513 2499//2498 2498//2497
f 2515//2514 2500//2499 2499//2498
f 2516//2515 2501//2500 2500//2499
f 2517//2516 2502//2501 2501//2500
f 2518//2517 2503//2502 2502//2501
f 2519//2518 2504//2503 2503//2502
f 2520//2519 2505//2504 2504//2503
f 2521//2520 2506//2505 2505//2504
f 2522//2521 2507//2506 2506//2505
f 2523//2522 2508//2507 2507//2506
f 2524//2523 2509//2508 2508//2507
f 2525//2524 2510//2509 2509//2508
f 2526//2525 2511//2510 2510//2509
f 2527//2526 2512//2511 2511//2510
f 1613//1612 1598//1597 2512//2511
f 2529//2528 2514//2513 2513//2512
f 2530//2529 2515//2514 2514//2513
f 2531//2530 2516//2515 2515//2514
f 2532//2531 2517//2516 2516//2515
f 2533//2532 2518//2517 2517//2516
f 2534//2533 2519//2518 2518//2517
f 2535//2534 2520//2519 2519//2518
f 2536//2535 2521//2520 2520//2519
f 2537//2536 2522//2521 2521//2520
f 2538//2537 2523//2522 2522//2521
f 2539//2538 2524//2523 2523//2522
f 2540//2539 2525//2524 2524//2523
f 2541//2540 2526//2525 2525//2524
f 2542//2541 2527//2526 2526//2525
f 1628//1627 1613//1612 2527//2526
f 2095//2094 2529//2528 2528//2527
f 2098//2097 2530//2529 2529//2528
f 2100//2099 2531//2530 2530//2529
f 2102//2101 2532//2531 2531//2530
f 2104//2103 2533//2532 2532//2531
f 2106//2105 2534//2533 2533//2532
f 2108//2107 2535//2534 2534//2533
f 2110//2109 2536//2535 2535//2534
f 2112//2111 2537//2536 2536//2535
f 2114//2113 2538//2537 2537//2536
f 2116//2115 2539//2538 2538//2537
f 2118//2117 2540//2539 2539//2538
f 2120//2119 2541//2540 2540//2539
f 2122//2121 2542//2541 2541//2540
f 1196//1195 1628//1627 2542//2541
f 2544//2543 2079//2078 2078//2077
f 2545//2544 2080//2079 2079//2078
f 2546//2545 2081//2080 2080//2079
f 2547//2546 2082//2081 2081//2080
f 2548//2547 2083//2082 2082//2081
f 2549//2548 2084//2083 2083//2082
f 2550//2549 2085//2084 2084//2083
f 2551//2550 2086//2085 2085//2084
f 2552//2551 2087//2086 2086//2085
f 2553//2552 2088//2087 2087//2086
f 2554//2553 2089//2088 2088//2087
f 2555//2554 2090//2089 2089//2088
f 2556//2555 2091//2090 2090//2089
f 2557//2556 2092//2091 2091//2090
f 2557//2556 1643//1642 1178//1177
f 2559//2558 2544//2543 2543//2542
f 2560//2559 2545//2544 2544//2543
f 2561//2560 2546//2545 2545//2544
f 2562//2561 2547//2546 2546//2545
f 2563//2562 2548//2547 2547//2546
f 2564//2563 2549//2548 2548//2547
f 2565//2564 2550//2549 2549//2548
f 2566//2565 2551//2550 2550//2549
f 2567//2566 2552//2551 2551//2550
f 2568//2567 2553//2552 2552//2551
f 2569//2568 2554//2553 2553//2552
f 2570//2569 2555//2554 2554//2553
f 2571//2570 2556//2555 2555//2554
f 2571//2570 2572//2571 2557//2556
f 2572//2571 1658//1657 1643//1642
f 2574//2573 2559//2558 2558//2557
f 2575//2574 2560//2559 2559//2558
f 2576//2575 2561//2560 2560//2559
f 2577//2576 2562//2561 2561//2560
f 2578//2577 2563//2562 2562//2561
f 2579//2578 2564//2563 2563//2562
f 2580//2579 2565//2564 2564//2563
f 2581//2580 2566//2565 2565//2564
f 2582//2581 2567//2566 2566//2565
f 2583//2582 2568//2567 2567//2566
f 2584//2583 2569//2568 2568//2567
f 2585//2584 2570//2569 2569//2568
f 2585//2584 2586//2585 2571//2570
f 2586//2585 2587//2586 2572//2571
f 2587//2586 1673//1672 1658//1657
f 2589//2588 2574//2573 2573//2572
f 2590//2589 2575//2574 2574//2573
f 2591//2590 2576//2575 2575//2574
f 2592//2591 2577//2576 2576//2575
f 2593//2592 2578//2577 2577//2576
f 2594//2593 2579//2578 2578//2577
f 2595//2594 2580//2579 2579//2578
f 2596//2595 2581//2580 2580//2579
f 2597//2596 2582//2581 2581//2580
f 2598//2597 2583//2582 2582//2581
f 2599//2598 2584//2583 2583//2582
f 2600//2599 2585//2584 2584//2583
f 2600//2599 2601//2600 2586//2585
f 2601//2600 2602//2601 2587//2586
f 2602//2601 1688//1687 1673//1672
f 2604//2603 2589//2588 2588//2587
f 2605//2604 2590//2589 2589//2588
f 2606//2605 2591//2590 2590//2589
f 2607//2606 2592//2591 2591//2590
f 2608//2607 2593//2592 2592//2591
f 2609//2608 2594//2593 2593//2592
f 2610//2609 2595//2594 2594//2593
f 2611//2610 2596//2595 2595//2594
f 2612//2611 2597//2596 2596//2595
f 2613//2612 2598//2597 2597//2596
f 2614//2613 2599//2598 2598//2597
f 2615//2614 2600//2599 2599//2598
f 2615//2614 2616//2615 2601//2600
f 2616//2615 2617//2616 2602//2601
f 2617//2616 1703//1702 1688//1687
f 2619//2618 2604//2603 2603//2602
f 2620//2619 2605//2604 2604//2603
f 2621//2620 2606//2605 2605//2604
f 2622//2621 2607//2606 2606//2605
f 2623//2622 2608//2607 2607//2606
f 2624//2623 2609//2608 2608//2607
f 2625//2624 2610//2609 2609//2608
f 2626//2625 2611//2610 2610//2609
f 2627//2626 2612//2611 2611//2610
f 2628//2627 2613//2612 2612//2611
f 2629//2628 2614//2613 2613//2612
f 2629//2628 2630//2629 2615//2614
f 2630//2629 2631//2630 2616//2615
f 2631//2630 2632//2631 2617//2616
f 2632//2631 1718//1717 1703//1702
f 2634//2633 2619//2618 2618//2617
f 2635//2634 2620//2619 2619//2618
f 2636//2635 2621//2620 2620//2619
f 2637//2636 2622//2621 2621//2620
f 2638//2637 2623//2622 2622//2621
f 2639//2638 2624//2623 2623//2622
f 2640//2639 2625//2624 2624//2623
f 2641//2640 2626//2625 2625//2624
f 2642//2641 2627//2626 2626//2625
f 2643//2642 2628//2627 2627//2626
f 2644//2643 2629//2628 2628//2627
f 2644//2643 2645//2644 2630//2629
f 2645//2644 2646//2645 2631//2630
f 2646//2645 2647//2646 2632//2631
f 2647//2646 1733//1732 1718//1717
f 2649//2648 2634//2633 2633//2632
f 2650//2649 2635//2634 2634//2633
f 2651//2650 2636//2635 2635//2634
f 2652//2651 2637//2636 2636//2635
f 2653//2652 2638//2637 2637//2636
f 2654//2653 2639//2638 2638//2637
f 2655//2654 2640//2639 2639//2638
f 2656//2655 2641//2640 2640//2639
f 2657//2656 2642//2641 2641//2640
f 2658//2657 2643//2642 2642//2641
f 2659//2658 2644//2643 2643//2642
f 2659//2658 2660//2659 2645//2644
f 2660//2659 2661//2660 2646//2645
f 2661//2660 2662//2661 2647//2646
f 2662//2661 1748//1747 1733//1732
f 2664//2663 2649//2648 2648//2647
f 2665//2664 2650//2649 2649//2648
f 2666//2665 2651//2650 2650//2649
f 2667//2666 2652//2651 2651//2650
f 2668//2667 2653//2652 2652//2651
f 2669//2668 2654//2653 2653//2652
f 2670//2669 2655//2654 2654//2653
f 2671//2670 2656//2655 2655//2654
f 2672//2671 2657//2656 2656//2655
f 2673//2672 2658//2657 2657//2656
f 2674//2673 2659//2658 2658//2657
f 2674//2673 2675//2674 2660//2659
f 2675//2674 2676//2675 2661//2660
f 2676//2675 2677//2676 2662//2661
f 2677//2676 1763//1762 1748//1747
f 2679//2678 2664//2663 2663//2662
f 2680//2679 2665//2664 2664//2663
f 2681//2680 2666//2665 2665//2664
f 2682//2681 2667//2666 2666//2665
f 2683//2682 2668//2667 2667//2666
f 2684//2683 2669//2668 2668//2667
f 2685//2684 2670//2669 2669//2668
f 2686//2685 2671//2670 2670//2669
f 2687//2686 2672//2671 2671//2670
f 2688//2687 2673//2672 2672//2671
f 2689//2688 2674//2673 2673//2672
f 2689//2688 2690//2689 2675//2674
f 2690//2689 2691//2690 2676//2675
f 2691//2690 2692//2691 2677//2676
f 2692//2691 1778//1777 1763//1762
f 2694//2693 2679//2678 2678//2677
f 2695//2694 2680//2679 2679//2678
f 2696//2695 2681//2680 2680//2679
f 2697//2696 2682//2681 2681//2680
f 2698//2697 2683//2682 2682//2681
f 2699//2698 2684//2683 2683//2682
f 2700//2699 2685//2684 2684//2683
f 2701//2700 2686//2685 2685//2684
f 2702//2701 2687//2686 2686//2685
f 2703//2702 2688//2687 2687//2686
f 2704//2703 2689//2688 2688//2687
f 2704//2703 2705//2704 2690//2689
f 2705//2704 2706//2705 2691//2690
f 2706//2705 2707//2706 2692//2691
f 2707//2706 1793//1792 1778//1777
f 2709//2708 2694//2693 2693//2692
f 2710//2709 2695//2694 2694//2693
f 2711//2710 2696//2695 2695//2694
f 2712//2711 2697//2696 2696//2695
f 2713//2712 2698//2697 2697//2696
f 2714//2713 2699//2698 2698//2697
f 2715//2714 2700//2699 2699//2698
f 2716//2715 2701//2700 2700//2699
f 2717//2716 2702//2701 2701//2700
f 2718//2717 2703//2702 2702//2701
f 2718//2717 2719//2718 2704//2703
f 2719//2718 2720//2719 2705//2704
f 2720//2719 2721//2720 2706//2705
f 2721//2720 2722//2721 2707//2706
f 2722//2721 1808//1807 1793//1792
f 2724//2723 2709//2708 2708//2707
f 2725//2724 2710//2709 2709//2708
f 2726//2725 2711//2710 2710//2709
f 2727//2726 2712//2711 2711//2710
f 2728//2727 2713//2712 2712//2711
f 2729//2728 2714//2713 2713//2712
f 2730//2729 2715//2714 2714//2713
f 2731//2730 2716//2715 2715//2714
f 2732//2731 2717//2716 2716//2715
f 2732//2731 2733//2732 2718//2717
f 2733//2732 2734//2733 2719//2718
f 2734//2733 2735//2734 2720//2719
f 2735//2734 2736//2735 2721//2720
f 2736//2735 2737//2736 2722//2721
f 2737//2736 1823//1822 1808//1807
f 2739//2738 2724//2723 2723//2722
f 2739//2738 2740//2739 2725//2724
f 2740//2739 2741//2740 2726//2725
f 2741//2740 2742//2741 2727//2726
f 2742//2741 2743//2742 2728//2727
f 2743//2742 2744//2743 2729//2728
f 2744//2743 2745//2744 2730//2729
f 2745//2744 2746//2745 2731//2730
f 2746//2745 2747//2746 2732//2731
f 2747//2746 2748//2747 2733//2732
f 2748//2747 2749//2748 2734//2733
f 2749//2748 2750//2749 2735//2734
f 2750//2749 2751//2750 2736//2735
f 2751//2750 2752//2751 2737//2736
f 2752//2751 1838//1837 1823//1822
f 2321//2320 2320//2319 2739//2738
f 2320//2319 2323//2322 2740//2739
f 2323//2322 2325//2324 2741//2740
f 2325//2324 2327//2326 2742//2741
f 2327//2326 2329//2328 2743//2742
f 2329//2328 2331//2330 2744//2743
f 2331//2330 2333//2332 2745//2744
f 2333//2332 2335//2334 2746//2745
f 2335//2334 2337//2336 2747//2746
f 2337//2336 2339//2338 2748//2747
f 2339//2338 2341//2340 2749//2748
f 2341//2340 2343//2342 2750//2749
f 2343//2342 2345//2344 2751//2750
f 2345//2344 2347//2346 2752//2751
f 2347//2346 1421//1420 1838//1837
f 2755//2754 2756//2755 2754//2753
f 2757//2756 2758//2757 2756//2755
f 2759//2758 2760//2759 2758//2757
f 2761//2760 2762//2761 2760//2759
f 2763//2762 2764//2763 2762//2761
f 2765//2764 2766//2765 2764//2763
f 2767//2766 2768//2767 2766//2765
f 2769//2768 2770//2769 2768//2767
f 2771//2770 2772//2771 2770//2769
f 2771//2770 2773//2772 2774//2773
f 2773//2772 2775//2774 2776//2775
f 2775//2774 2777//2776 2778//2777
f 2777//2776 2779//2778 2780//2779
f 2779//2778 1853//1852 1856//1855
f 2782//2781 2755//2754 2753//2752
f 2783//2782 2757//2756 2755//2754
f 2784//2783 2759//2758 2757//2756
f 2785//2784 2761//2760 2759//2758
f 2786//2785 2763//2762 2761//2760
f 2787//2786 2765//2764 2763//2762
f 2788//2787 2767//2766 2765//2764
f 2789//2788 2769//2768 2767//2766
f 2790//2789 2771//2770 2769//2768
f 2791//2790 2773//2772 2771//2770
f 2791//2790 2792//2791 2775//2774
f 2792//2791 2793//2792 2777//2776
f 2793//2792 2794//2793 2779//2778
f 2794//2793 1883//1882 1853//1852
f 2796//2795 2782//2781 2781//2780
f 2797//2796 2783//2782 2782//2781
f 2798//2797 2784//2783 2783//2782
f 2799//2798 2785//2784 2784//2783
f 2800//2799 2786//2785 2785//2784
f 2801//2800 2787//2786 2786//2785
f 2802//2801 2788//2787 2787//2786
f 2803//2802 2789//2788 2788//2787
f 2804//2803 2790//2789 2789//2788
f 2805//2804 2791//2790 2790//2789
f 2805//2804 2806//2805 2792//2791
f 2806//2805 2807//2806 2793//2792
f 2807//2806 2808//2807 2794//2793
f 2808//2807 1898//1897 1883//1882
f 2811//2810 2796//2795 2795//2794
f 2812//2811 2797//2796 2796//2795
f 2813//2812 2798//2797 2797//2796
f 2814//2813 2799//2798 2798//2797
f 2815//2814 2800//2799 2799//2798
f 2816//2815 2801//2800 2800//2799
f 2817//2816 2802//2801 2801//2800
f 2818//2817 2803//2802 2802//2801
f 2819//2818 2804//2803 2803//2802
f 2820//2819 2805//2804 2804//2803
f 2820//2819 2821//2820 2806//2805
f 2821//2820 2822//2821 2807//2806
f 2822//2821 2823//2822 2808//2807
f 2823//2822 1913//1912 1898//1897
f 2825//2824 2811//2810 2810//2809
f 2826//2825 2812//2811 2811//2810
f 2827//2826 2813//2812 2812//2811
f 2828//2827 2814//2813 2813//2812
f 2829//2828 2815//2814 2814//2813
f 2830//2829 2816//2815 2815//2814
f 2831//2830 2817//2816 2816//2815
f 2832//2831 2818//2817 2817//2816
f 2833//2832 2819//2818 2818//2817
f 2834//2833 2820//2819 2819//2818
f 2834//2833 2835//2834 2821//2820
f 2835//2834 2836//2835 2822//2821
f 2836//2835 2837//2836 2823//2822
f 2837//2836 1928//1927 1913//1912
f 2839//2838 2825//2824 2824//2823
f 2840//2839 2826//2825 2825//2824
f 2841//2840 2827//2826 2826//2825
f 2842//2841 2828//2827 2827//2826
f 2843//2842 2829//2828 2828//2827
f 2844//2843 2830//2829 2829//2828
f 2845//2844 2831//2830 2830//2829
f 2846//2845 2832//2831 2831//2830
f 2847//2846 2833//2832 2832//2831
f 2848//2847 2834//2833 2833//2832
f 2848//2847 2849//2848 2835//2834
f 2849//2848 2850//2849 2836//2835
f 2850//2849 2851//2850 2837//2836
f 2851//2850 1943//1942 1928//1927
f 2853//2852 2839//2838 2838//2837
f 2854//2853 2840//2839 2839//2838
f 2855//2854 2841//2840 2840//2839
f 2856//2855 2842//2841 2841//2840
f 2857//2856 2843//2842 2842//2841
f 2858//2857 2844//2843 2843//2842
f 2859//2858 2845//2844 2844//2843
f 2860//2859 2846//2845 2845//2844
f 2861//2860 2847//2846 2846//2845
f 2862//2861 2848//2847 2847//2846
f 2862//2861 2863//2862 2849//2848
f 2863//2862 2864//2863 2850//2849
f 2864//2863 2865//2864 2851//2850
f 2865//2864 1958//1957 1943//1942
f 2866//2865 2867//2866 2853//2852
f 2867//2866 2868//2867 2854//2853
f 2868//2867 2869//2868 2855//2854
f 2869//2868 2870//2869 2856//2855
f 2870//2869 2871//2870 2857//2856
f 2871//2870 2872//2871 2858//2857
f 2872//2871 2873//2872 2859//2858
f 2873//2872 2874//2873 2860//2859
f 2874//2873 2875//2874 2861//2860
f 2875//2874 2876//2875 2862//2861
f 2876//2875 2877//2876 2863//2862
f 2877//2876 2878//2877 2864//2863
f 2878//2877 2879//2878 2865//2864
f 2879//2878 1973//1972 1958//1957
f 2880//2879 2881//2880 2867//2866
f 2881//2880 2882//2881 2868//2867
f 2882//2881 2883//2882 2869//2868
f 2883//2882 2884//2883 2870//2869
f 2884//2883 2885//2884 2871//2870
f 2885//2884 2886//2885 2872//2871
f 2886//2885 2887//2886 2873//2872
f 2887//2886 2888//2887 2874//2873
f 2888//2887 2889//2888 2875//2874
f 2889//2888 2890//2889 2876//2875
f 2891//2890 2877//2876 2876//2875
f 2892//2891 2878//2877 2877//2876
f 2893//2892 2879//2878 2878//2877
f 1988//1987 1973//1972 2879//2878
f 2894//2893 2895//2894 2881//2880
f 2895//2894 2896//2895 2882//2881
f 2896//2895 2897//2896 2883//2882
f 2897//2896 2898//2897 2884//2883
f 2898//2897 2899//2898 2885//2884
f 2899//2898 2900//2899 2886//2885
f 2900//2899 2901//2900 2887//2886
f 2901//2900 2902//2901 2888//2887
f 2902//2901 2903//2902 2889//2888
f 2903//2902 2904//2903 2890//2889
f 2905//2904 2891//2890 2890//2889
f 2906//2905 2892//2891 2891//2890
f 2907//2906 2893//2892 2892//2891
f 2003//2002 1988//1987 2893//2892
f 2908//2907 2909//2908 2895//2894
f 2909//2908 2910//2909 2896//2895
f 2910//2909 2911//2910 2897//2896
f 2911//2910 2912//2911 2898//2897
f 2912//2911 2913//2912 2899//2898
f 2913//2912 2914//2913 2900//2899
f 2914//2913 2915//2914 2901//2900
f 2915//2914 2916//2915 2902//2901
f 2916//2915 2917//2916 2903//2902
f 2917//2916 2918//2917 2904//2903
f 2919//2918 2905//2904 2904//2903
f 2920//2919 2906//2905 2905//2904
f 2921//2920 2907//2906 2906//2905
f 2018//2017 2003//2002 2907//2906
f 2936//2935 2922//2921 2908//2907
f 2922//2921 2923//2922 2909//2908
f 2923//2922 2924//2923 2910//2909
f 2924//2923 2925//2924 2911//2910
f 2925//2924 2926//2925 2912//2911
f 2926//2925 2927//2926 2913//2912
f 2927//2926 2928//2927 2914//2913
f 2928//2927 2929//2928 2915//2914
f 2929//2928 2930//2929 2916//2915
f 2930//2929 2931//2930 2917//2916
f 2931//2930 2932//2931 2918//2917
f 2933//2932 2919//2918 2918//2917
f 2934//2933 2920//2919 2919//2918
f 2935//2934 2921//2920 2920//2919
f 2033//2032 2018//2017 2921//2920
f 2937//2936 2938//2937 2923//2922
f 2938//2937 2939//2938 2924//2923
f 2939//2938 2940//2939 2925//2924
f 2940//2939 2941//2940 2926//2925
f 2941//2940 2942//2941 2927//2926
f 2942//2941 2943//2942 2928//2927
f 2943//2942 2944//2943 2929//2928
f 2944//2943 2945//2944 2930//2929
f 2945//2944 2946//2945 2931//2930
f 2946//2945 2947//2946 2932//2931
f 2948//2947 2933//2932 2932//2931
f 2949//2948 2934//2933 2933//2932
f 2950//2949 2935//2934 2934//2933
f 2048//2047 2033//2032 2935//2934
f 2951//2950 2952//2951 2937//2936
f 2952//2951 2953//2952 2938//2937
f 2953//2952 2954//2953 2939//2938
f 2954//2953 2955//2954 2940//2939
f 2955//2954 2956//2955 2941//2940
f 2956//2955 2957//2956 2942//2941
f 2957//2956 2958//2957 2943//2942
f 2958//2957 2959//2958 2944//2943
f 2959//2958 2960//2959 2945//2944
f 2960//2959 2961//2960 2946//2945
f 2961//2960 2962//2961 2947//2946
f 2963//2962 2948//2947 2947//2946
f 2964//2963 2949//2948 2948//2947
f 2965//2964 2950//2949 2949//2948
f 2063//2062 2048//2047 2950//2949
f 2966//2965 2967//2966 2952//2951
f 2967//2966 2968//2967 2953//2952
f 2968//2967 2969//2968 2954//2953
f 2969//2968 2970//2969 2955//2954
f 2970//2969 2971//2970 2956//2955
f 2971//2970 2972//2971 2957//2956
f 2972//2971 2973//2972 2958//2957
f 2973//2972 2974//2973 2959//2958
f 2974//2973 2975//2974 2960//2959
f 2975//2974 2976//2975 2961//2960
f 2977//2976 2962//2961 2961//2960
f 2978//2977 2963//2962 2962//2961
f 2979//2978 2964//2963 2963//2962
f 2980//2979 2965//2964 2964//2963
f 2078//2077 2063//2062 2965//2964
f 2981//2980 2982//2981 2983//2982
f 2982//2981 2984//2983 2985//2984
f 2984//2983 2986//2985 2987//2986
f 2986//2985 2988//2987 2989//2988
f 2988//2987 2990//2989 2991//2990
f 2990//2989 2992//2991 2993//2992
f 2992//2991 2994//2993 2995//2994
f 2994//2993 2996//2995 2997//2996
f 2996//2995 2998//2997 2999//2998
f 2998//2997 3000//2999 3001//3000
f 3000//2999 3002//3001 3003//3002
f 3004//3003 3005//3004 3003//3002
f 3006//3005 3007//3006 3005//3004
f 3008//3007 3009//3008 3007//3006
f 2093//2092 2096//2095 3009//3008
f 3010//3009 3011//3010 2982//2981
f 3011//3010 3012//3011 2984//2983
f 3012//3011 3013//3012 2986//2985
f 3013//3012 3014//3013 2988//2987
f 3014//3013 3015//3014 2990//2989
f 3015//3014 3016//3015 2992//2991
f 3016//3015 3017//3016 2994//2993
f 3017//3016 3018//3017 2996//2995
f 3018//3017 3019//3018 2998//2997
f 3019//3018 3020//3019 3000//2999
f 3020//3019 3021//3020 3002//3001
f 3021//3020 3022//3021 3004//3003
f 3022//3021 3023//3022 3006//3005
f 3023//3022 3024//3023 3008//3007
f 3024//3023 2123//2122 2093//2092
f 3025//3024 3026//3025 3011//3010
f 3026//3025 3027//3026 3012//3011
f 3027//3026 3028//3027 3013//3012
f 3028//3027 3029//3028 3014//3013
f 3029//3028 3030//3029 3015//3014
f 3030//3029 3031//3030 3016//3015
f 3031//3030 3032//3031 3017//3016
f 3032//3031 3033//3032 3018//3017
f 3033//3032 3034//3033 3019//3018
f 3034//3033 3035//3034 3020//3019
f 3035//3034 3036//3035 3021//3020
f 3036//3035 3037//3036 3022//3021
f 3037//3036 3038//3037 3023//3022
f 3038//3037 3039//3038 3024//3023
f 3039//3038 2138//2137 2123//2122
f 3040//3039 3041//3040 3026//3025
f 3041//3040 3042//3041 3027//3026
f 3042//3041 3043//3042 3028//3027
f 3043//3042 3044//3043 3029//3028
f 3044//3043 3045//3044 3030//3029
f 3045//3044 3046//3045 3031//3030
f 3046//3045 3047//3046 3032//3031
f 3047//3046 3048//3047 3033//3032
f 3048//3047 3049//3048 3034//3033
f 3049//3048 3050//3049 3035//3034
f 3050//3049 3051//3050 3036//3035
f 3051//3050 3052//3051 3037//3036
f 3052//3051 3053//3052 3038//3037
f 3053//3052 3054//3053 3039//3038
f 3054//3053 2153//2152 2138//2137
f 3055//3054 3056//3055 3041//3040
f 3056//3055 3057//3056 3042//3041
f 3057//3056 3058//3057 3043//3042
f 3058//3057 3059//3058 3044//3043
f 3059//3058 3060//3059 3045//3044
f 3060//3059 3061//3060 3046//3045
f 3061//3060 3062//3061 3047//3046
f 3062//3061 3063//3062 3048//3047
f 3063//3062 3064//3063 3049//3048
f 3064//3063 3065//3064 3050//3049
f 3065//3064 3066//3065 3051//3050
f 3066//3065 3067//3066 3052//3051
f 3067//3066 3068//3067 3053//3052
f 3068//3067 3069//3068 3054//3053
f 3069//3068 2168//2167 2153//2152
f 3070//3069 3071//3070 3056//3055
f 3071//3070 3072//3071 3057//3056
f 3072//3071 3073//3072 3058//3057
f 3073//3072 3074//3073 3059//3058
f 3074//3073 3075//3074 3060//3059
f 3075//3074 3076//3075 3061//3060
f 3076//3075 3077//3076 3062//3061
f 3077//3076 3078//3077 3063//3062
f 3078//3077 3079//3078 3064//3063
f 3079//3078 3080//3079 3065//3064
f 3080//3079 3081//3080 3066//3065
f 3081//3080 3082//3081 3067//3066
f 3082//3081 3083//3082 3068//3067
f 3083//3082 3084//3083 3069//3068
f 3084//3083 2183//2182 2168//2167
f 3085//3084 3086//3085 3071//3070
f 3086//3085 3087//3086 3072//3071
f 3087//3086 3088//3087 3073//3072
f 3088//3087 3089//3088 3074//3073
f 3089//3088 3090//3089 3075//3074
f 3090//3089 3091//3090 3076//3075
f 3091//3090 3092//3091 3077//3076
f 3092//3091 3093//3092 3078//3077
f 3093//3092 3094//3093 3079//3078
f 3094//3093 3095//3094 3080//3079
f 3095//3094 3096//3095 3081//3080
f 3096//3095 3097//3096 3082//3081
f 3097//3096 3098//3097 3083//3082
f 3098//3097 3099//3098 3084//3083
f 3099//3098 2198//2197 2183//2182
f 3101//3100 3086//3085 3085//3084
f 3101//3100 3102//3101 3087//3086
f 3102//3101 3103//3102 3088//3087
f 3103//3102 3104//3103 3089//3088
f 3104//3103 3105//3104 3090//3089
f 3105//3104 3106//3105 3091//3090
f 3106//3105 3107//3106 3092//3091
f 3107//3106 3108//3107 3093//3092
f 3108//3107 3109//3108 3094//3093
f 3109//3108 3110//3109 3095//3094
f 3110//3109 3111//3110 3096//3095
f 3111//3110 3112//3111 3097//3096
f 3112//3111 3113//3112 3098//3097
f 3113//3112 3114//3113 3099//3098
f 3114//3113 2213//2212 2198//2197
f 3116//3115 3101//3100 3100//3099
f 3117//3116 3102//3101 3101//3100
f 3118//3117 3103//3102 3102//3101
f 3119//3118 3104//3103 3103//3102
f 3119//3118 3120//3119 3105//3104
f 3120//3119 3121//3120 3106//3105
f 3121//3120 3122//3121 3107//3106
f 3122//3121 3123//3122 3108//3107
f 3123//3122 3124//3123 3109//3108
f 3124//3123 3125//3124 3110//3109
f 3125//3124 3126//3125 3111//3110
f 3126//3125 3127//3126 3112//3111
f 3127//3126 3128//3127 3113//3112
f 3128//3127 3129//3128 3114//3113
f 3129//3128 2228//2227 2213//2212
f 3131//3130 3116//3115 3115//3114
f 3132//3131 3117//3116 3116//3115
f 3133//3132 3118//3117 3117//3116
f 3134//3133 3119//3118 3118//3117
f 3135//3134 3120//3119 3119//3118
f 3136//3135 3121//3120 3120//3119
f 3136//3135 3137//3136 3122//3121
f 3137//3136 3138//3137 3123//3122
f 3138//3137 3139//3138 3124//3123
f 3139//3138 3140//3139 3125//3124
f 3140//3139 3141//3140 3126//3125
f 3141//3140 3142//3141 3127//3126
f 3142//3141 3143//3142 3128//3127
f 3143//3142 3144//3143 3129//3128
f 3144//3143 2243//2242 2228//2227
f 3146//3145 3131//3130 3130//3129
f 3147//3146 3132//3131 3131//3130
f 3148//3147 3133//3132 3132//3131
f 3149//3148 3134//3133 3133//3132
f 3150//3149 3135//3134 3134//3133
f 3151//3150 3136//3135 3135//3134
f 3152//3151 3137//3136 3136//3135
f 3152//3151 3153//3152 3138//3137
f 3153//3152 3154//3153 3139//3138
f 3154//3153 3155//3154 3140//3139
f 3155//3154 3156//3155 3141//3140
f 3156//3155 3157//3156 3142//3141
f 3157//3156 3158//3157 3143//3142
f 3158//3157 3159//3158 3144//3143
f 3159//3158 2258//2257 2243//2242
f 3161//3160 3146//3145 3145//3144
f 3162//3161 3147//3146 3146//3145
f 3163//3162 3148//3147 3147//3146
f 3164//3163 3149//3148 3148//3147
f 3165//3164 3150//3149 3149//3148
f 3166//3165 3151//3150 3150//3149
f 3167//3166 3152//3151 3151//3150
f 3168//3167 3153//3152 3152//3151
f 3168//3167 3169//3168 3154//3153
f 3169//3168 3170//3169 3155//3154
f 3170//3169 3171//3170 3156//3155
f 3171//3170 3172//3171 3157//3156
f 3172//3171 3173//3172 3158//3157
f 3173//3172 3174//3173 3159//3158
f 3174//3173 2273//2272 2258//2257
f 3176//3175 3161//3160 3160//3159
f 3177//3176 3162//3161 3161//3160
f 3178//3177 3163//3162 3162//3161
f 3179//3178 3164//3163 3163//3162
f 3180//3179 3165//3164 3164//3163
f 3181//3180 3166//3165 3165//3164
f 3182//3181 3167//3166 3166//3165
f 3183//3182 3168//3167 3167//3166
f 3183//3182 3184//3183 3169//3168
f 3184//3183 3185//3184 3170//3169
f 3185//3184 3186//3185 3171//3170
f 3186//3185 3187//3186 3172//3171
f 3187//3186 3188//3187 3173//3172
f 3188//3187 3189//3188 3174//3173
f 3189//3188 2288//2287 2273//2272
f 3191//3190 3176//3175 3175//3174
f 3192//3191 3177//3176 3176//3175
f 3193//3192 3178//3177 3177//3176
f 3194//3193 3179//3178 3178//3177
f 3195//3194 3180//3179 3179//3178
f 3196//3195 3181//3180 3180//3179
f 3197//3196 3182//3181 3181//3180
f 3198//3197 3183//3182 3182//3181
f 3199//3198 3184//3183 3183//3182
f 3199//3198 3200//3199 3185//3184
f 3200//3199 3201//3200 3186//3185
f 3201//3200 3202//3201 3187//3186
f 3202//3201 3203//3202 3188//3187
f 3203//3202 3204//3203 3189//3188
f 3204//3203 2303//2302 2288//2287
f 2754//2753 3191//3190 3190//3189
f 2756//2755 3192//3191 3191//3190
f 2758//2757 3193//3192 3192//3191
f 2760//2759 3194//3193 3193//3192
f 2762//2761 3195//3194 3194//3193
f 2764//2763 3196//3195 3195//3194
f 2766//2765 3197//3196 3196//3195
f 2768//2767 3198//3197 3197//3196
f 2770//2769 3199//3198 3198//3197
f 2772//2771 3200//3199 3199//3198
f 2772//2771 2774//2773 3201//3200
f 2774//2773 2776//2775 3202//3201
f 2776//2775 2778//2777 3203//3202
f 2778//2777 2780//2779 3204//3203
f 2780//2779 1856//1855 2303//2302
f 3207//3206 3208//3207 3206//3205
f 3209//3208 3210//3209 3208//3207
f 3211//3210 3212//3211 3210//3209
f 3213//3212 3214//3213 3212//3211
f 3215//3214 3216//3215 3214//3213
f 3217//3216 3218//3217 3216//3215
f 3219//3218 3220//3219 3218//3217
f 3221//3220 3222//3221 3220//3219
f 3223//3222 3224//3223 3222//3221
f 3223//3222 3225//3224 3226//3225
f 3225//3224 3227//3226 3228//3227
f 3227//3226 3229//3228 3230//3229
f 3229//3228 3231//3230 3232//3231
f 3231//3230 2318//2317 2321//2320
f 3235//3234 3207//3206 3205//3204
f 3236//3235 3209//3208 3207//3206
f 3237//3236 3211//3210 3209//3208
f 3238//3237 3213//3212 3211//3210
f 3239//3238 3215//3214 3213//3212
f 3240//3239 3217//3216 3215//3214
f 3241//3240 3219//3218 3217//3216
f 3242//3241 3221//3220 3219//3218
f 3243//3242 3223//3222 3221//3220
f 3243//3242 3244//3243 3225//3224
f 3244//3243 3245//3244 3227//3226
f 3245//3244 3246//3245 3229//3228
f 3246//3245 3247//3246 3231//3230
f 3247//3246 2348//2347 2318//2317
f 3249//3248 3235//3234 3234//3233
f 3250//3249 3236//3235 3235//3234
f 3251//3250 3237//3236 3236//3235
f 3252//3251 3238//3237 3237//3236
f 3253//3252 3239//3238 3238//3237
f 3254//3253 3240//3239 3239//3238
f 3255//3254 3241//3240 3240//3239
f 3256//3255 3242//3241 3241//3240
f 3257//3256 3243//3242 3242//3241
f 3258//3257 3244//3243 3243//3242
f 3258//3257 3259//3258 3245//3244
f 3259//3258 3260//3259 3246//3245
f 3260//3259 3261//3260 3247//3246
f 3261//3260 2363//2362 2348//2347
f 3263//3262 3248//3247 3233//3232
f 3264//3263 3249//3248 3248//3247
f 3265//3264 3250//3249 3249//3248
f 3266//3265 3251//3250 3250//3249
f 3267//3266 3252//3251 3251//3250
f 3268//3267 3253//3252 3252//3251
f 3269//3268 3254//3253 3253//3252
f 3270//3269 3255//3254 3254//3253
f 3271//3270 3256//3255 3255//3254
f 3272//3271 3257//3256 3256//3255
f 3273//3272 3258//3257 3257//3256
f 3273//3272 3274//3273 3259//3258
f 3274//3273 3275//3274 3260//3259
f 3275//3274 3276//3275 3261//3260
f 3276//3275 2378//2377 2363//2362
f 3277//3276 3263//3262 3262//3261
f 3278//3277 3264//3263 3263//3262
f 3279//3278 3265//3264 3264//3263
f 3280//3279 3266//3265 3265//3264
f 3281//3280 3267//3266 3266//3265
f 3282//3281 3268//3267 3267//3266
f 3283//3282 3269//3268 3268//3267
f 3284//3283 3270//3269 3269//3268
f 3285//3284 3271//3270 3270//3269
f 3286//3285 3272//3271 3271//3270
f 3287//3286 3273//3272 3272//3271
f 3287//3286 3288//3287 3274//3273
f 3288//3287 3289//3288 3275//3274
f 3289//3288 3290//3289 3276//3275
f 3290//3289 2393//2392 2378//2377
f 3293//3292 3278//3277 3277//3276
f 3294//3293 3279//3278 3278//3277
f 3295//3294 3280//3279 3279//3278
f 3296//3295 3281//3280 3280//3279
f 3297//3296 3282//3281 3281//3280
f 3298//3297 3283//3282 3282//3281
f 3299//3298 3284//3283 3283//3282
f 3300//3299 3285//3284 3284//3283
f 3301//3300 3286//3285 3285//3284
f 3302//3301 3287//3286 3286//3285
f 3302//3301 3303//3302 3288//3287
f 3303//3302 3304//3303 3289//3288
f 3304//3303 3305//3304 3290//3289
f 3305//3304 2408//2407 2393//2392
f 3307//3306 3293//3292 3292//3291
f 3308//3307 3294//3293 3293//3292
f 3309//3308 3295//3294 3294//3293
f 3310//3309 3296//3295 3295//3294
f 3311//3310 3297//3296 3296//3295
f 3312//3311 3298//3297 3297//3296
f 3313//3312 3299//3298 3298//3297
f 3314//3313 3300//3299 3299//3298
f 3315//3314 3301//3300 3300//3299
f 3316//3315 3302//3301 3301//3300
f 3316//3315 3317//3316 3303//3302
f 3317//3316 3318//3317 3304//3303
f 3318//3317 3319//3318 3305//3304
f 3319//3318 2423//2422 2408//2407
f 3320//3319 3306//3305 3291//3290
f 3321//3320 3307//3306 3306//3305
f 3322//3321 3308//3307 3307//3306
f 3323//3322 3309//3308 3308//3307
f 3324//3323 3310//3309 3309//3308
f 3325//3324 3311//3310 3310//3309
f 3326//3325 3312//3311 3311//3310
f 3327//3326 3313//3312 3312//3311
f 3327//3326 3328//3327 3314//3313
f 3329//3328 3315//3314 3314//3313
f 3330//3329 3316//3315 3315//3314
f 3331//3330 3317//3316 3316//3315
f 3332//3331 3318//3317 3317//3316
f 3333//3332 3319//3318 3318//3317
f 2438//2437 2423//2422 3319//3318
f 3335//3334 3336//3335 3321//3320
f 3336//3335 3337//3336 3322//3321
f 3337//3336 3338//3337 3323//3322
f 3338//3337 3339//3338 3324//3323
f 3339//3338 3340//3339 3325//3324
f 3340//3339 3341//3340 3326//3325
f 3341//3340 3342//3341 3327//3326
f 3342//3341 3343//3342 3328//3327
f 3343//3342 3344//3343 3329//3328
f 3344//3343 3345//3344 3330//3329
f 3346//3345 3331//3330 3330//3329
f 3347//3346 3332//3331 3331//3330
f 3348//3347 3333//3332 3332//3331
f 2453//2452 2438//2437 3333//3332
f 3349//3348 3350//3349 3336//3335
f 3350//3349 3351//3350 3337//3336
f 3351//3350 3352//3351 3338//3337
f 3352//3351 3353//3352 3339//3338
f 3353//3352 3354//3353 3340//3339
f 3354//3353 3355//3354 3341//3340
f 3355//3354 3356//3355 3342//3341
f 3356//3355 3357//3356 3343//3342
f 3357//3356 3358//3357 3344//3343
f 3358//3357 3359//3358 3345//3344
f 3360//3359 3346//3345 3345//3344
f 3361//3360 3347//3346 3346//3345
f 3362//3361 3348//3347 3347//3346
f 2468//2467 2453//2452 3348//3347
f 3377//3376 3363//3362 3349//3348
f 3363//3362 3364//3363 3350//3349
f 3364//3363 3365//3364 3351//3350
f 3365//3364 3366//3365 3352//3351
f 3366//3365 3367//3366 3353//3352
f 3367//3366 3368//3367 3354//3353
f 3368//3367 3369//3368 3355//3354
f 3369//3368 3370//3369 3356//3355
f 3370//3369 3371//3370 3357//3356
f 3371//3370 3372//3371 3358//3357
f 3372//3371 3373//3372 3359//3358
f 3374//3373 3360//3359 3359//3358
f 3375//3374 3361//3360 3360//3359
f 3376//3375 3362//3361 3361//3360
f 2483//2482 2468//2467 3362//3361
f 3378//3377 3379//3378 3364//3363
f 3379//3378 3380//3379 3365//3364
f 3380//3379 3381//3380 3366//3365
f 3381//3380 3382//3381 3367//3366
f 3382//3381 3383//3382 3368//3367
f 3383//3382 3384//3383 3369//3368
f 3384//3383 3385//3384 3370//3369
f 3385//3384 3386//3385 3371//3370
f 3386//3385 3387//3386 3372//3371
f 3387//3386 3388//3387 3373//3372
f 3389//3388 3374//3373 3373//3372
f 3390//3389 3375//3374 3374//3373
f 3391//3390 3376//3375 3375//3374
f 2498//2497 2483//2482 3376//3375
f 3392//3391 3393//3392 3379//3378
f 3393//3392 3394//3393 3380//3379
f 3394//3393 3395//3394 3381//3380
f 3395//3394 3396//3395 3382//3381
f 3396//3395 3397//3396 3383//3382
f 3397//3396 3398//3397 3384//3383
f 3398//3397 3399//3398 3385//3384
f 3399//3398 3400//3399 3386//3385
f 3400//3399 3401//3400 3387//3386
f 3401//3400 3402//3401 3388//3387
f 3403//3402 3389//3388 3388//3387
f 3404//3403 3390//3389 3389//3388
f 3405//3404 3391//3390 3390//3389
f 2513//2512 2498//2497 3391//3390
f 3406//3405 3407//3406 3392//3391
f 3407//3406 3408//3407 3393//3392
f 3408//3407 3409//3408 3394//3393
f 3409//3408 3410//3409 3395//3394
f 3410//3409 3411//3410 3396//3395
f 3411//3410 3412//3411 3397//3396
f 3412//3411 3413//3412 3398//3397
f 3413//3412 3414//3413 3399//3398
f 3414//3413 3415//3414 3400//3399
f 3415//3414 3416//3415 3401//3400
f 3417//3416 3402//3401 3401//3400
f 3418//3417 3403//3402 3402//3401
f 3419//3418 3404//3403 3403//3402
f 3420//3419 3405//3404 3404//3403
f 2528//2527 2513//2512 3405//3404
f 2983//2982 2985//2984 3408//3407
f 2985//2984 2987//2986 3409//3408
f 2987//2986 2989//2988 3410//3409
f 2989//2988 2991//2990 3411//3410
f 2991//2990 2993//2992 3412//3411
f 2993//2992 2995//2994 3413//3412
f 2995//2994 2997//2996 3414//3413
f 2997//2996 2999//2998 3415//3414
f 2999//2998 3001//3000 3416//3415
f 3003//3002 3417//3416 3416//3415
f 3005//3004 3418//3417 3417//3416
f 3007//3006 3419//3418 3418//3417
f 3009//3008 3420//3419 3419//3418
f 2096//2095 2528//2527 3420//3419
f 3421//3420 3422//3421 2967//2966
f 3422//3421 3423//3422 2968//2967
f 3423//3422 3424//3423 2969//2968
f 3424//3423 3425//3424 2970//2969
f 3425//3424 3426//3425 2971//2970
f 3426//3425 3427//3426 2972//2971
f 3427//3426 3428//3427 2973//2972
f 3428//3427 3429//3428 2974//2973
f 3429//3428 3430//3429 2975//2974
f 3430//3429 3431//3430 2976//2975
f 3432//3431 2977//2976 2976//2975
f 3433//3432 2978//2977 2977//2976
f 3434//3433 2979//2978 2978//2977
f 3435//3434 2980//2979 2979//2978
f 2543//2542 2078//2077 2980//2979
f 3436//3435 3437//3436 3422//3421
f 3437//3436 3438//3437 3423//3422
f 3438//3437 3439//3438 3424//3423
f 3439//3438 3440//3439 3425//3424
f 3440//3439 3441//3440 3426//3425
f 3441//3440 3442//3441 3427//3426
f 3442//3441 3443//3442 3428//3427
f 3443//3442 3444//3443 3429//3428
f 3444//3443 3445//3444 3430//3429
f 3446//3445 3431//3430 3430//3429
f 3447//3446 3432//3431 3431//3430
f 3448//3447 3433//3432 3432//3431
f 3449//3448 3434//3433 3433//3432
f 3450//3449 3435//3434 3434//3433
f 2558//2557 2543//2542 3435//3434
f 3451//3450 3452//3451 3437//3436
f 3452//3451 3453//3452 3438//3437
f 3453//3452 3454//3453 3439//3438
f 3454//3453 3455//3454 3440//3439
f 3455//3454 3456//3455 3441//3440
f 3456//3455 3457//3456 3442//3441
f 3457//3456 3458//3457 3443//3442
f 3458//3457 3459//3458 3444//3443
f 3460//3459 3445//3444 3444//3443
f 3461//3460 3446//3445 3445//3444
f 3462//3461 3447//3446 3446//3445
f 3463//3462 3448//3447 3447//3446
f 3464//3463 3449//3448 3448//3447
f 3465//3464 3450//3449 3449//3448
f 2573//2572 2558//2557 3450//3449
f 3466//3465 3467//3466 3452//3451
f 3467//3466 3468//3467 3453//3452
f 3468//3467 3469//3468 3454//3453
f 3469//3468 3470//3469 3455//3454
f 3470//3469 3471//3470 3456//3455
f 3471//3470 3472//3471 3457//3456
f 3472//3471 3473//3472 3458//3457
f 3473//3472 3474//3473 3459//3458
f 3475//3474 3460//3459 3459//3458
f 3476//3475 3461//3460 3460//3459
f 3477//3476 3462//3461 3461//3460
f 3478//3477 3463//3462 3462//3461
f 3479//3478 3464//3463 3463//3462
f 3480//3479 3465//3464 3464//3463
f 2588//2587 2573//2572 3465//3464
f 3481//3480 3482//3481 3467//3466
f 3482//3481 3483//3482 3468//3467
f 3483//3482 3484//3483 3469//3468
f 3484//3483 3485//3484 3470//3469
f 3485//3484 3486//3485 3471//3470
f 3486//3485 3487//3486 3472//3471
f 3487//3486 3488//3487 3473//3472
f 3489//3488 3474//3473 3473//3472
f 3490//3489 3475//3474 3474//3473
f 3491//3490 3476//3475 3475//3474
f 3492//3491 3477//3476 3476//3475
f 3493//3492 3478//3477 3477//3476
f 3494//3493 3479//3478 3478//3477
f 3495//3494 3480//3479 3479//3478
f 2603//2602 2588//2587 3480//3479
f 3496//3495 3497//3496 3482//3481
f 3497//3496 3498//3497 3483//3482
f 3498//3497 3499//3498 3484//3483
f 3499//3498 3500//3499 3485//3484
f 3500//3499 3501//3500 3486//3485
f 3501//3500 3502//3501 3487//3486
f 3503//3502 3488//3487 3487//3486
f 3504//3503 3489//3488 3488//3487
f 3505//3504 3490//3489 3489//3488
f 3506//3505 3491//3490 3490//3489
f 3507//3506 3492//3491 3491//3490
f 3508//3507 3493//3492 3492//3491
f 3509//3508 3494//3493 3493//3492
f 3510//3509 3495//3494 3494//3493
f 2618//2617 2603//2602 3495//3494
f 3511//3510 3512//3511 3497//3496
f 3512//3511 3513//3512 3498//3497
f 3513//3512 3514//3513 3499//3498
f 3515//3514 3500//3499 3499//3498
f 3516//3515 3501//3500 3500//3499
f 3517//3516 3502//3501 3501//3500
f 3518//3517 3503//3502 3502//3501
f 3519//3518 3504//3503 3503//3502
f 3520//3519 3505//3504 3504//3503
f 3521//3520 3506//3505 3505//3504
f 3522//3521 3507//3506 3506//3505
f 3523//3522 3508//3507 3507//3506
f 3524//3523 3509//3508 3508//3507
f 3525//3524 3510//3509 3509//3508
f 2633//2632 2618//2617 3510//3509
f 3527//3526 3512//3511 3511//3510
f 3528//3527 3513//3512 3512//3511
f 3529//3528 3514//3513 3513//3512
f 3530//3529 3515//3514 3514//3513
f 3531//3530 3516//3515 3515//3514
f 3532//3531 3517//3516 3516//3515
f 3533//3532 3518//3517 3517//3516
f 3534//3533 3519//3518 3518//3517
f 3535//3534 3520//3519 3519//3518
f 3536//3535 3521//3520 3520//3519
f 3537//3536 3522//3521 3521//3520
f 3538//3537 3523//3522 3522//3521
f 3539//3538 3524//3523 3523//3522
f 3540//3539 3525//3524 3524//3523
f 2648//2647 2633//2632 3525//3524
f 3542//3541 3527//3526 3526//3525
f 3543//3542 3528//3527 3527//3526
f 3544//3543 3529//3528 3528//3527
f 3545//3544 3530//3529 3529//3528
f 3546//3545 3531//3530 3530//3529
f 3547//3546 3532//3531 3531//3530
f 3548//3547 3533//3532 3532//3531
f 3549//3548 3534//3533 3533//3532
f 3550//3549 3535//3534 3534//3533
f 3551//3550 3536//3535 3535//3534
f 3552//3551 3537//3536 3536//3535
f 3553//3552 3538//3537 3537//3536
f 3554//3553 3539//3538 3538//3537
f 3555//3554 3540//3539 3539//3538
f 2663//2662 2648//2647 3540//3539
f 3557//3556 3542//3541 3541//3540
f 3558//3557 3543//3542 3542//3541
f 3559//3558 3544//3543 3543//3542
f 3560//3559 3545//3544 3544//3543
f 3561//3560 3546//3545 3545//3544
f 3562//3561 3547//3546 3546//3545
f 3563//3562 3548//3547 3547//3546
f 3564//3563 3549//3548 3548//3547
f 3565//3564 3550//3549 3549//3548
f 3566//3565 3551//3550 3550//3549
f 3567//3566 3552//3551 3551//3550
f 3568//3567 3553//3552 3552//3551
f 3569//3568 3554//3553 3553//3552
f 3570//3569 3555//3554 3554//3553
f 2678//2677 2663//2662 3555//3554
f 3572//3571 3557//3556 3556//3555
f 3573//3572 3558//3557 3557//3556
f 3574//3573 3559//3558 3558//3557
f 3575//3574 3560//3559 3559//3558
f 3576//3575 3561//3560 3560//3559
f 3577//3576 3562//3561 3561//3560
f 3578//3577 3563//3562 3562//3561
f 3579//3578 3564//3563 3563//3562
f 3580//3579 3565//3564 3564//3563
f 3581//3580 3566//3565 3565//3564
f 3582//3581 3567//3566 3566//3565
f 3583//3582 3568//3567 3567//3566
f 3584//3583 3569//3568 3568//3567
f 3585//3584 3570//3569 3569//3568
f 2693//2692 2678//2677 3570//3569
f 3587//3586 3572//3571 3571//3570
f 3588//3587 3573//3572 3572//3571
f 3589//3588 3574//3573 3573//3572
f 3590//3589 3575//3574 3574//3573
f 3591//3590 3576//3575 3575//3574
f 3592//3591 3577//3576 3576//3575
f 3593//3592 3578//3577 3577//3576
f 3594//3593 3579//3578 3578//3577
f 3595//3594 3580//3579 3579//3578
f 3596//3595 3581//3580 3580//3579
f 3597//3596 3582//3581 3581//3580
f 3598//3597 3583//3582 3582//3581
f 3599//3598 3584//3583 3583//3582
f 3600//3599 3585//3584 3584//3583
f 2708//2707 2693//2692 3585//3584
f 3602//3601 3587//3586 3586//3585
f 3603//3602 3588//3587 3587//3586
f 3604//3603 3589//3588 3588//3587
f 3605//3604 3590//3589 3589//3588
f 3606//3605 3591//3590 3590//3589
f 3607//3606 3592//3591 3591//3590
f 3608//3607 3593//3592 3592//3591
f 3609//3608 3594//3593 3593//3592
f 3610//3609 3595//3594 3594//3593
f 3611//3610 3596//3595 3595//3594
f 3612//3611 3597//3596 3596//3595
f 3613//3612 3598//3597 3597//3596
f 3614//3613 3599//3598 3598//3597
f 3615//3614 3600//3599 3599//3598
f 2723//2722 2708//2707 3600//3599
f 3617//3616 3602//3601 3601//3600
f 3618//3617 3603//3602 3602//3601
f 3619//3618 3604//3603 3603//3602
f 3620//3619 3605//3604 3604//3603
f 3621//3620 3606//3605 3605//3604
f 3622//3621 3607//3606 3606//3605
f 3623//3622 3608//3607 3607//3606
f 3624//3623 3609//3608 3608//3607
f 3625//3624 3610//3609 3609//3608
f 3626//3625 3611//3610 3610//3609
f 3627//3626 3612//3611 3611//3610
f 3628//3627 3613//3612 3612//3611
f 3629//3628 3614//3613 3613//3612
f 3630//3629 3615//3614 3614//3613
f 2738//2737 2723//2722 3615//3614
f 3206//3205 3617//3616 3616//3615
f 3208//3207 3618//3617 3617//3616
f 3210//3209 3619//3618 3618//3617
f 3212//3211 3620//3619 3619//3618
f 3214//3213 3621//3620 3620//3619
f 3216//3215 3622//3621 3621//3620
f 3218//3217 3623//3622 3622//3621
f 3220//3219 3624//3623 3623//3622
f 3222//3221 3625//3624 3624//3623
f 3224//3223 3626//3625 3625//3624
f 3226//3225 3627//3626 3626//3625
f 3226//3225 3228//3227 3628//3627
f 3228//3227 3230//3229 3629//3628
f 3230//3229 3232//3231 3630//3629
f 3232//3231 2321//2320 2738//2737
